монгол	16027	25755
монголын	12441	15759
оросын	7259	9185
америкийн	4823	6424
германы	4612	6089
өмнөд	4122	7511
францын	3703	5120
ардын	3433	5550
европын	3323	4394
бүгд	3008	4892
найрамдах	2833	3895
британийн	2827	3084
английн	2606	3709
алтан	2583	4996
улаанбаатар	2458	2951
хятадын	2437	3348
азийн	2413	2913
японы	2374	2980
солонгосын	2273	2496
зөвлөлтийн	2266	3065
монголчууд	2234	3256
италийн	1933	2729
хятад	1737	3035
герман	1658	2946
москва	1503	1680
польшийн	1433	1796
испанийн	1361	1961
зөвлөлт	1331	1620
энэтхэгийн	1315	1717
япон	1314	1855
ромын	1302	1772
хурлын	1268	2349
солонгос	1246	1562
жон	1229	1583
чингис	1189	1642
нобелийн	1139	1844
украины	1134	1364
канадын	1134	1360
умард	1133	2061
монголд	1125	1530
ази	1117	1291
ховд	1092	1328
москвагийн	1085	1258
академийн	1056	1735
австралийн	1035	1327
элчин	1034	1574
британи	1029	1074
дорнод	1027	1568
европ	1012	1318
ардчилсан	990	1791
ерөнхийлөгчийн	983	1900
богд	978	1387
америк	964	1349
сити	958	1036
америкчууд	916	1006
булган	891	1212
премьер	871	1146
африкийн	852	1035
коммунист	834	1365
хөвсгөл	813	1039
энэтхэг	807	1030
польш	795	1303
грекийн	790	1080
шведийн	787	994
юнайтед	771	776
өвөр	767	1124
александр	764	1101
завхан	758	950
чин	755	1342
австрийн	736	916
жорж	714	920
увс	692	911
итали	675	1050
лондон	671	782
халхын	669	1001
холбоот	668	749
нидерландын	658	938
архангай	646	919
сэлэнгэ	643	785
унгарын	639	793
гэгээн	613	1046
австрали	612	805
алтайн	602	770
парис	602	674
сүхбаатар	600	927
өвөрхангай	599	778
норвегийн	593	720
африк	592	729
гавьяаны	580	1115
манчестер	578	739
формула	574	702
хэнтий	569	676
номхон	561	727
израилын	557	661
владимир	549	708
николай	531	726
улаанбаатарын	530	603
оросууд	528	833
туркийн	527	740
бразилын	517	639
османы	511	635
атлантын	510	590
роберт	501	668
аваргуудын	499	611
вьетнамын	499	644
карл	498	686
москвад	497	533
мадрид	492	508
баянхонгор	491	599
христийн	491	724
казахстан	487	565
юань	486	627
манжийн	485	853
калифорни	479	526
канад	475	640
грек	474	943
украин	472	700
алтай	471	620
жеймс	468	603
вашингтон	462	550
арабын	459	615
парисын	450	547
ирландын	448	537
испани	442	860
шотландын	442	636
түшээт	440	554
зеландын	439	441
сибирийн	433	549
бельгийн	430	595
турк	429	646
чехийн	429	546
исламын	428	718
иван	423	588
финландын	423	492
ла	421	594
григорийн	416	456
өмнөговь	411	515
болгарын	411	500
буриад	405	753
мексикийн	405	529
оскарын	402	474
михаил	401	583
вьетнам	400	512
халх	399	713
чарльз	399	462
сербийн	396	504
мартин	390	500
европт	388	443
томас	385	496
вант	382	676
казахстаны	382	457
унгар	376	589
египетийн	374	443
ли	369	509
швейцарын	366	433
ираны	363	469
хятадад	362	459
гүржийн	361	444
лондоны	359	454
дундговь	358	525
германд	356	439
реал	355	472
сергей	355	513
иран	353	519
зүүнгарын	348	439
нью	347	407
германчууд	347	477
барселона	347	440
бээжин	346	403
португалын	344	480
аргентины	344	444
халимагийн	340	442
дорноговь	337	410
австри	337	433
мин	333	475
уильям	332	446
дорнодын	327	382
орост	322	400
солонгосчууд	322	348
лениний	320	389
данийн	318	453
британид	315	321
ричард	315	411
пол	314	459
майкл	314	449
эрхүү	305	342
берлин	304	356
америкт	304	360
ром	303	380
вест	303	362
милан	303	353
чикаго	303	336
румыны	300	344
тува	298	393
дэвид	297	435
калифорнийн	296	367
төвөдийн	295	359
орхон	294	398
боржигин	293	388
ким	288	450
халимаг	287	485
борис	287	413
румын	287	437
азид	286	319
сүхбаатарын	286	499
болгар	284	390
персийн	283	357
алс	282	486
ойрадын	280	352
азербайжаны	279	324
анна	278	367
хубилай	277	389
луи	273	366
өлзийт	271	356
израил	269	367
швед	268	438
азербайжан	266	367
бостон	266	301
ливерпүүл	266	316
чех	264	483
жан	262	364
парист	262	286
францчууд	261	308
японд	260	328
литвын	260	298
киевийн	260	310
египет	258	335
хенри	257	294
харри	255	367
жүдогийн	253	483
виктор	253	354
францад	252	311
вена	252	287
марк	252	487
тэргүүлэгчдийн	251	410
тамгын	251	375
кубын	251	311
буриадын	248	336
берлиний	246	318
зеланд	245	250
ленинград	243	260
киргиз	242	381
бразил	241	356
киев	237	270
чехословакийн	237	266
киргизийн	236	294
википедиа	235	312
монголыг	235	291
лос	235	268
ян	234	354
дмитрий	233	302
афганистаны	232	279
вилла	232	238
богдын	231	303
англичууд	231	279
түрэгийн	231	381
британичууд	230	262
жозеф	229	292
челси	229	318
улаанбаатарт	226	246
чойбалсан	226	363
чандмань	225	274
парк	225	325
гүрж	225	346
аргентин	223	335
кавказын	220	246
эдвард	220	285
сталин	220	315
мюнхен	220	232
оскар	220	313
хүннү	219	394
британий	219	263
югославын	219	265
арсенал	219	278
бээжингийн	218	260
афганистан	218	255
уиллиам	218	225
серби	216	306
хорватын	216	298
африкт	215	220
литва	215	275
тоттенхэм	215	255
иванович	214	214
токио	212	252
смит	211	239
пётр	211	297
арменийн	210	254
хьюстон	210	257
эрдэнэт	209	289
энэтхэгт	208	267
ленинградын	208	224
алексей	208	293
крис	208	296
хосе	206	247
пруссийн	204	263
чехословак	204	242
путин	204	284
эстонийн	202	267
беларусийн	202	236
хотспур	200	200
беларусь	199	250
майами	199	264
астон	199	241
жонсон	198	231
фридрих	197	272
эстони	197	275
опел	197	383
дон	196	267
павел	195	260
евразийн	194	229
артур	193	240
тан	193	258
тайландын	193	239
ойрад	192	279
дани	192	287
юрий	192	295
атлетик	192	268
узбекистаны	191	217
сөүл	190	228
нидерланд	190	298
солонгост	190	205
сталины	189	264
сибирь	189	221
уэльсийн	189	216
андрей	188	302
сүн	188	236
швейцарийн	187	279
норвеги	186	237
камбожийн	186	227
йорк	185	194
чан	184	234
буянт	184	263
конгресс	184	249
харвардын	183	222
адольф	183	222
либерал	183	354
анжелес	183	183
иосиф	182	250
пакистан	180	245
торонто	180	208
цагадайн	180	214
сири	180	226
лаос	179	250
фредерик	179	220
боруссиа	179	216
индиана	178	208
элизабет	178	205
николаевич	177	177
ирак	176	231
ши	176	300
лондонд	176	199
бельги	175	231
мария	175	195
конгрессын	174	231
василий	174	260
альфред	174	236
мексик	174	229
техас	174	194
крымын	172	237
филиппиний	172	227
билл	172	203
англид	171	225
саудын	171	227
мари	171	262
константин	171	257
галдан	169	317
саятан	168	236
дорж	168	282
тайланд	168	311
лаосын	168	215
антонио	167	204
лев	166	238
италичууд	166	179
хангайн	165	274
уралын	165	197
тайвань	165	210
бээжинд	165	175
варшавын	165	229
браун	165	185
индонезийн	165	208
куба	164	208
жэймс	164	226
динамо	164	189
словакийн	162	181
грэммийн	162	169
узбекистан	162	202
каролина	162	173
ньюкасл	162	188
ирланд	161	217
армени	161	268
венийн	160	224
иракийн	160	201
ассамблейн	160	191
чилийн	160	216
финланд	159	210
александрович	159	159
хэнтийн	158	188
афины	158	205
жаргалант	157	214
аюулгүйн	157	244
латви	157	217
петр	156	196
жонс	155	173
индонез	155	208
нил	155	243
филиппин	155	227
даллас	155	196
атланта	154	187
стэйт	154	156
ромео	153	185
албани	152	224
ховдын	151	191
форд	151	190
альберт	151	189
евгений	151	201
жавзандамба	150	159
колумбийн	150	170
питер	150	222
атлетико	150	186
финикс	150	205
сенатын	149	184
детройт	149	187
эвертон	149	187
варшав	148	179
япончууд	148	228
ювентус	148	201
мухаммед	147	175
лондонгийн	147	174
флорида	147	159
хуан	147	214
югослав	146	173
кливленд	146	169
олноо	145	273
фердинанд	145	183
тим	145	208
голландын	145	216
хамбург	145	162
хүннүгийн	144	218
сингапур	144	194
косовогийн	144	202
политехникийн	143	194
испаничууд	143	171
байгал	142	196
марсель	142	161
пакистаны	142	188
шри	142	203
миннесота	142	177
тони	142	175
лион	141	167
португал	141	246
ойрх	140	184
токиогийн	140	168
викториа	140	173
баянгол	139	173
адам	139	206
цогт	139	247
баянзүрх	138	162
али	138	170
төвдийн	138	176
словак	138	214
колумбын	138	160
италид	138	171
франкфурт	138	144
барон	137	269
теодор	137	174
сирийн	137	178
карибын	136	166
вэй	136	156
стив	136	173
уондерерс	136	136
хэрлэн	135	171
швейцар	135	181
шарль	135	180
монголоос	135	187
сөүлийн	135	167
бундеслигийн	135	175
жак	134	166
социал	134	187
георгий	134	178
ганди	134	174
наполеон	134	181
хорват	134	190
кристиан	134	173
отто	134	189
хүлэгү	134	182
никс	134	138
юта	134	164
октябрийн	133	179
латвийн	133	172
словенийн	133	148
альбион	133	135
трамп	132	143
макс	132	169
бромвич	132	132
васильевич	131	133
венецийн	131	166
эдуард	131	154
балканы	130	154
жо	130	181
малайз	130	169
конго	130	155
оксфордын	130	158
ассамблей	129	153
чингисийн	129	158
игорь	129	177
онон	128	189
франклин	128	146
петер	127	162
сидней	127	167
төмөрийн	127	187
энтони	127	172
хөгжимт	126	249
каспийн	126	152
холбоотны	126	252
санта	126	173
сакраменто	126	151
стивен	124	201
милуоки	124	148
голден	124	151
литвийн	123	137
эмми	123	135
селтикс	123	124
эрик	123	167
думын	123	130
шинжааны	122	135
сергеевич	122	122
ленин	122	184
франсуа	122	146
бавари	122	153
михайлович	121	121
будапешт	121	140
библийн	121	146
рейнжерс	120	129
шинжаан	119	136
босни	119	143
кинг	119	134
уругвайн	119	159
дортмунд	119	125
улиастай	118	136
эрдэнэс	118	216
перу	118	161
мэри	118	135
туул	117	166
паул	117	155
пьер	117	160
австралид	117	149
сток	117	131
балтын	116	144
ле	116	139
уорриорз	116	116
мэжик	116	121
афин	115	134
карлос	115	158
марко	115	183
буллз	115	120
анри	115	140
роверс	115	116
сэргэлэн	114	211
эрхүүгийн	114	131
охайо	114	127
мароккогийн	114	127
орландо	114	143
олимпик	113	127
хятадтай	113	127
камбож	113	153
македоны	113	131
косово	113	159
оросоос	112	132
мариа	112	147
казань	112	128
уйгурын	112	165
николас	112	168
чили	112	164
шарлотт	112	160
халк	112	129
рома	112	132
александрын	111	132
лорд	111	187
британы	111	128
гвиней	111	126
монголии	111	119
филадельфи	111	131
аюуш	110	176
шотланд	110	142
берлинд	110	125
тайванийн	110	132
доналд	110	131
ойрхи	110	142
халл	110	121
данзан	109	183
софи	109	127
дели	109	122
майк	109	138
венесуэлийн	109	151
михаэль	109	153
палестины	108	135
луис	108	147
новгород	108	114
польшид	108	135
валенсиа	108	137
вашингтоны	107	130
ангараг	107	164
чолла	107	110
кавказ	107	121
хиагт	107	126
фулхэм	107	137
франциско	106	110
византийн	106	141
цагаадайн	106	123
филипп	106	146
македон	106	124
праг	106	131
феррари	106	141
уильямс	106	121
зүчийн	105	126
давид	105	170
чаплин	105	130
эминэм	105	134
боб	105	145
кавальерс	105	110
байер	105	125
таун	105	107
куинз	105	113
краков	104	118
антон	104	138
рено	104	137
хужирт	103	136
монако	103	135
трэйл	103	105
денвер	102	134
хангал	102	183
леонид	102	150
петрович	102	102
бирмингем	102	132
портленд	102	161
дарви	101	117
бен	101	148
кастро	101	110
пистонс	101	103
ховард	101	119
хяргас	100	122
хятадыг	100	122
молдав	100	141
налайхын	100	130
рокетс	100	101
штутгарт	100	122
кристал	100	131
дуглас	99	121
испанид	99	119
форест	99	106
шальке	99	118
хатанбаатар	98	196
кенийн	98	108
польшууд	98	170
уйгур	97	186
тосонцэнгэл	97	113
давст	97	138
сарай	97	111
ромд	97	114
алжирын	97	113
баварийн	97	111
наполеоны	97	131
рузвельт	97	134
нетс	97	99
карлын	96	107
евклидийн	96	136
германыг	96	113
христ	96	167
крым	96	112
албанийн	96	117
нова	96	128
рэпторс	96	97
ярослав	95	111
людвиг	95	126
хайфа	95	137
мандухай	95	152
бакс	95	98
ямайкын	95	101
кёльн	95	108
дэвис	94	117
ахмед	94	109
маргарет	94	110
жава	94	151
су	94	124
екатерина	94	112
ред	94	158
этиопын	94	105
лейкерс	94	121
баянмонгол	93	96
сенат	93	135
филип	93	121
ханс	93	130
кот-д	93	119
украинд	93	117
дамдин	92	157
батцэнгэл	92	131
хархорин	92	116
бөртэ	92	133
холливудын	92	114
малайзын	92	112
виржини	92	101
патрик	92	145
рудольф	92	132
иллиной	92	96
жек	92	117
пари	92	102
шагдарсүрэн	91	134
фрэнсис	91	121
унгерн	91	97
иерусалим	91	121
елена	91	108
урианхайн	90	179
колумб	90	107
фёдор	90	139
бремен	90	96
өгэдэй	90	130
мюнхений	90	115
баку	90	172
григорий	90	122
бразилчууд	90	91
налайх	89	120
бугат	89	107
прага	89	92
александер	89	109
канадад	89	101
ганын	89	97
кристофер	89	127
маверикс	89	91
мемфис	89	138
лестер	89	106
хонконг	88	115
улаанбаатараас	88	108
урал	88	113
альпийн	88	107
демократ	88	157
манжуур	88	101
ажилчны	88	169
бразилийн	88	147
тавантолгой	88	109
никита	88	116
леон	88	110
саутхемптон	88	96
карпатын	88	105
кевин	88	139
айнтрахт	88	93
вольфсбург	88	113
балба	87	125
алжир	87	114
конрад	87	107
мандах	87	171
мао	87	117
миссури	87	96
блэйзерс	87	87
болтон	87	106
лувсан	86	127
оросыг	86	98
хо	86	144
чикагогийн	86	116
колумби	86	107
клипперс	86	92
сиэтл	86	105
суонси	86	98
уиган	86	112
чулуут	85	123
хорлоогийн	85	159
эмират	85	105
женев	85	95
эндрю	85	138
осло	85	107
мишель	85	120
византын	85	105
шанхай	85	100
чарли	85	126
рэй	85	120
чагдаржав	85	150
тувагийн	85	92
нигерийн	85	116
поло	84	96
библи	84	118
казахын	84	141
жоу	84	109
хитлер	84	111
кембрижийн	84	100
жексон	84	94
скотт	84	125
жим	84	134
хилл	84	90
севилья	84	104
оклахома	84	98
хашаат	83	92
алдархаан	83	86
жоржиа	83	93
онтарио	83	90
наггетс	83	84
белл	83	94
льюис	83	106
тимбервулвз	83	83
байгалын	82	113
кидан	82	145
нидерландчууд	82	85
дунай	82	97
эсэн	82	147
туркменистан	82	104
порше	82	115
гордон	82	97
стюарт	82	96
ростов	82	97
владислав	82	132
фрэнк	82	113
хятадаас	81	111
фишер	81	92
георг	81	120
картер	81	89
блэкберн	81	107
лигдэн	80	99
бангладеш	80	109
робин	80	108
сен	80	85
кларк	80	96
минск	80	86
анатолий	80	105
хиагтын	80	106
жульетта	80	86
форбс	80	106
петербург	80	83
молдавын	80	93
никсон	80	101
кёнсан	80	80
вердер	80	95
танос	80	122
чойбалсангийн	79	132
дулам	79	99
енисей	79	91
кеннеди	79	102
техасын	79	96
аллен	79	99
троцкий	79	95
будда	78	130
уэльс	78	94
хөвсгөлийн	78	106
британиас	78	79
клод	78	106
эрчис	78	87
эрнст	78	106
густав	78	104
уинстон	78	98
украйны	78	116
мануэль	78	90
дональд	78	92
интернационале	78	91
сэлэнгийн	77	97
умардын	77	145
рой	77	100
август	77	94
магсаржав	77	99
хорезмын	77	99
израилийн	77	104
сиднейн	77	104
тажикистан	77	104
москвагаас	77	80
красноярскийн	77	90
ташкент	77	90
адамс	77	90
украинчууд	77	101
хорнетс	77	78
луй	77	81
лиссабон	77	82
санчир	76	113
цэрэн	76	116
гүнт	76	114
сант	76	91
казанийн	76	97
өмнөдийн	76	123
намжил	76	108
перугийн	76	86
грекчүүд	76	95
брюс	76	94
жонни	76	109
диего	76	101
ханновер	76	91
стефан	76	119
камеруны	76	87
станислав	76	108
фиорентина	76	82
радиод	76	137
тариат	75	88
прусс	75	111
есүс	75	93
сон	75	133
чита	75	81
лайпциг	75	84
гималайн	75	88
онегин	75	81
миллер	75	90
ельцин	75	94
рерих	75	102
франк	74	124
барак	74	98
буш	74	117
алтанбулаг	74	88
дарьганга	74	104
папын	74	139
кипр	74	96
бордо	74	94
наполи	74	89
лацио	74	84
андре	74	109
шведүүд	74	110
голланд	74	119
афганистанд	74	97
днепр	74	87
морис	74	94
чүнчон	74	76
сандерленд	74	84
симон	73	94
балтийн	73	82
вильнюс	73	95
мичиган	73	85
сугар	73	114
паг	73	111
абу	73	103
поттэр	73	73
бухарын	73	94
ливан	73	111
хотонт	72	75
цахир	72	99
пүрэв	72	143
шилийн	72	123
нөмрөг	72	136
таймс	72	90
оростой	72	85
швейцарь	72	89
селтик	72	98
иохан	72	144
азиас	72	79
пак	72	110
сэргээш	72	97
зеландад	72	72
судан	72	93
девид	72	73
порто	72	96
поттер	72	72
рожер	72	88
илья	72	110
ливаны	72	92
бенжамин	72	98
гвинейн	72	84
боснийн	72	102
эмиль	72	96
чингэлтэй	71	89
эрдэнэдалай	71	82
википедиагийн	71	116
шарга	71	130
флоренц	71	82
хянганы	71	82
астрахань	71	78
этиоп	71	106
ванкувер	71	85
сент	71	92
балжинням	70	126
гомбосүрэн	70	138
сейм	70	80
вьетнамд	70	77
кан	70	108
ням	70	133
коста	70	93
дисней	70	74
тангуд	70	105
эдинбургийн	70	88
гарсиа	70	74
грант	70	81
александра	70	87
лоуренс	70	83
холбоодын	70	136
улаангом	69	85
палестин	69	107
словени	69	107
пеннсилвани	69	75
даниел	69	86
гана	69	103
интернэшнл	69	82
союз	69	85
ивуарын	69	71
донецк	69	74
саксоны	69	83
харанга	69	96
стэнфордын	69	89
тэшүүрийн	69	130
майнц	69	87
кингз	69	70
доржпалам	68	105
занабазар	68	91
улиастайн	68	74
томпсон	68	73
зүчи	68	92
русь	68	81
дин	68	112
рокфеллер	68	75
цэнд	68	109
никарагуа	68	98
морган	68	96
жузеппе	68	87
сингапурын	68	89
алекс	68	93
янг	68	78
монтенегро	68	81
аризона	68	75
европа	68	97
фолксваген	68	89
харчин	67	103
отгонтэнгэр	67	101
зүүнгар	67	90
обама	67	75
мельбурн	67	80
мадридын	67	88
лу	67	96
брюссель	67	81
фидель	67	105
доголон	67	94
жованни	67	88
яковлев	67	86
жа	67	120
ноттингем	67	99
расинг	67	69
райн	66	76
марокко	66	96
ларри	66	97
леонард	66	79
мухаммад	66	83
солонгосыг	66	70
аргентинчууд	66	68
сэргээшийн	66	91
европоос	66	81
жерси	66	71
хондурасын	66	91
канадчууд	66	71
бохемийн	66	78
сеймийн	66	96
сартуул	65	108
монголдоо	65	82
дэмбэрэл	65	122
ерөө	65	81
жимми	65	88
скандинавын	65	77
йордан	65	94
египетэд	65	75
петрийн	65	70
багдад	65	74
жерри	65	85
өмнөдэлгэр	65	69
марио	64	91
луизиана	64	72
рио-де	64	79
жи	64	92
тэмүжин	64	81
уругвай	64	112
свердловск	64	69
владимирович	64	64
виржиниа	64	72
санс	64	64
сочи	64	76
норвич	64	77
мюллер	64	76
хорчин	63	120
ачит	63	107
одесса	63	76
жефферсон	63	78
цог	63	116
иерусалимын	63	75
абрахам	63	90
хавайн	63	78
вермахтын	63	70
баянбулаг	63	68
мохаммед	63	81
самбуу	63	111
вилхелм	63	75
ногай	63	111
нигери	63	81
жордан	63	83
тандер	63	67
рио	63	85
робинсон	63	72
шумахер	63	65
каунти	63	65
кёнги	63	73
хокс	63	64
уэйд	63	74
алфа	63	117
хөхнуур	62	67
цахар	62	108
гуулин	62	103
юлий	62	74
ньютоны	62	77
ватикан	62	83
гүюг	62	105
леонардо	62	101
беркли	62	97
путины	62	96
исланд	62	95
иоханн	62	86
самбуугийн	62	100
колорадо	62	70
ольга	62	86
брайан	62	106
горбачёв	62	88
боинг	62	72
тбилиси	62	74
манжуурын	62	84
черчилль	62	88
лех	62	86
большой	62	75
теннесси	62	67
рига	62	67
жаз	62	77
астра	62	75
википедиад	61	90
түвдийн	61	70
элст	61	80
дашдоржийн	61	100
баянцагаан	61	77
тогоонтөмөр	61	88
эйнштейн	61	76
мьянмар	61	85
бенгал	61	99
шаравын	61	110
миланы	61	78
тимор	61	68
армстронг	61	80
хорезм	61	78
эрүүлийг	61	102
нюрнберг	61	67
хайнрих	61	73
йемен	61	81
краковын	61	75
константинополь	61	71
линукс	61	110
линкольн	61	66
бруклин	61	64
хамилтон	61	74
леброн	61	78
филадельфия	61	88
херта	61	63
уизардс	61	61
занабазарын	60	81
хархорум	60	73
халзан	60	117
гурванбулаг	60	71
шарав	60	119
эрдэнэбүрэн	60	66
францаас	60	66
дорнодод	60	74
исаак	60	76
рассел	60	85
аргун	60	93
вернер	60	87
бернард	60	74
лютер	60	61
виллиам	60	86
германаас	60	72
европыг	60	76
маркус	60	95
роналд	60	71
росс	60	71
абдул	60	66
амарсанаа	60	106
франко	60	74
бела	60	73
олимпиакос	60	74
төмөрбаатар	59	108
халхад	59	72
лхагва	59	111
дөрвөдийн	59	92
жавхлант	59	96
тагна	59	67
бодоо	59	108
жанейро	59	59
энэтхэгээс	59	72
олимпийн	59	83
иранд	59	79
гоминданы	59	80
эрвин	59	76
моцарт	59	90
херберт	59	85
наталья	59	71
олег	59	102
сагил	59	74
сэм	59	115
тбилисийн	59	70
красноярск	59	71
тринидад	59	76
курск	59	73
эль	59	86
моторс	59	66
спортинг	59	67
грэмми	59	65
байерн	59	65
ситид	59	60
пэлас	59	60
люксембург	58	91
говьсүмбэр	58	75
бөхмөрөн	58	65
сүмбэр	58	83
жамсрангийн	58	110
алабама	58	61
парагвайн	58	74
мельбурны	58	65
туркменистаны	58	60
загреб	58	64
бенито	58	70
түвд	58	87
уолтер	58	90
эмнести	58	71
испаний	58	92
фернандо	58	84
татьяна	58	72
ватиканы	58	76
пэйсерс	58	61
ибн	58	116
бенедикт	58	111
энрике	58	62
паркер	58	63
булл	58	58
норман	58	68
спёрс	58	59
чойнхор	57	64
нацагийн	57	82
сайншанд	57	70
ханой	57	67
ланка	57	57
массачусеттс	57	63
кувейт	57	87
муза	57	72
константинович	57	57
рашид	57	92
сара	57	70
сицилийн	57	64
харрисон	57	71
цюрих	57	64
сери	57	92
санкт	57	64
фиат	57	71
сибирьт	57	64
холл	57	67
таллин	57	65
сезар	57	68
нацистын	57	105
серб	57	104
рик	57	72
гриззлис	57	58
орхоны	56	77
львов	56	72
венец	56	68
валентин	56	80
махмуд	56	80
ирина	56	76
вольфганг	56	83
венесуэл	56	82
ивановна	56	58
вера	56	70
лео	56	95
петроград	56	61
марксын	56	84
женерал	56	65
саид	56	70
жаргалан	56	64
омск	56	66
виктория	56	66
франс	56	61
оливер	56	82
бобби	56	75
буха	56	76
интер	56	71
маркс	55	100
украйн	55	88
шейх	55	90
ромчууд	55	97
конгресст	55	61
ён	55	68
японоос	55	65
канзас	55	77
германтай	55	60
феликс	55	76
австраличууд	55	70
рон	55	69
люксембургийн	55	90
базель	55	75
мэй	55	59
ху	55	87
цинь	55	67
жү	55	69
ханддорж	55	75
осман	55	85
танзани	55	66
тейлор	55	67
каннын	55	67
вильхельм	55	78
бостоны	55	71
вильярреал	55	61
ордос	54	65
дамба	54	90
женевийн	54	66
банчин	54	60
лхас	54	57
манжид	54	87
баяннуур	54	67
ильич	54	55
дашбалбар	54	80
австричууд	54	66
белград	54	65
ливи	54	73
бархасбадь	54	69
хайду	54	76
туркестаны	54	58
степанович	54	54
парагвай	54	90
жэксон	54	65
самарканд	54	60
прагийн	54	76
франческо	54	65
панамын	54	76
гранд	54	87
сальвадор	54	71
поль	54	93
биатлоны	54	92
гандантэгчэнлин	53	61
билгэ	53	82
галуут	53	62
дэлгэрхангай	53	75
голль	53	53
ордосын	53	64
саймон	53	72
амстердам	53	66
андерсон	53	67
осака	53	57
дай	53	74
муссолини	53	58
курт	53	69
кармен	53	79
азийг	53	57
петербургийн	53	61
аполло	53	78
пабло	53	79
пруссын	53	63
арвайхээр	53	61
саксон	53	64
мур	53	59
чаплиний	53	70
сочийн	53	62
хоффенхайм	53	58
марвелийн	53	63
дамбын	52	95
фёдорович	52	52
киданы	52	77
хотгойдын	52	80
мамай	52	72
японтой	52	62
хавай	52	77
стокхольм	52	60
кубад	52	59
аякс	52	78
винсент	52	64
хасан	52	77
лаост	52	62
баннер	52	72
эрдэнэбулган	51	67
хөлөнбуйр	51	57
бонапарт	51	53
бямбын	51	81
коминтерний	51	66
гомбожавын	51	101
никола	51	93
ирландчууд	51	54
туркестан	51	54
псевдоним	51	51
йозеф	51	67
хамбургийн	51	58
портсмут	51	67
жэйн	51	60
ляо	51	55
самара	51	60
эрнест	51	64
бигэр	51	62
форт	51	55
пан	51	72
рязань	51	61
мартины	51	59
жао	51	68
спарта	51	65
жей	51	70
мери	51	54
спартак	51	69
өөлд	50	95
батцэцэг	50	77
мөнххайрхан	50	62
лилль	50	57
шолой	50	60
есүхэй	50	61
смоленск	50	55
бангладешийн	50	72
жеан	50	50
дэн	50	85
миссисипи	50	55
шекспирийн	50	74
мехико	50	57
турин	50	59
күүк	50	59
мерседес	50	62
кени	50	69
франкфуртын	50	54
суданы	50	60
терри	50	64
доминик	50	66
вилсон	50	54
лужники	50	50
родригес	50	54
канвонь	50	68
сампдориа	50	52
парма	50	59
мёнхенгладбах	50	50
зенит	50	83
новосибирск	49	62
тэсийн	49	70
монголбанкны	49	62
прадеш	49	49
жалханз	49	66
тоба	49	75
хубилайн	49	62
бямба	49	82
христэд	49	59
нелсон	49	59
японыг	49	58
луврын	49	57
цезарь	49	62
людмила	49	61
тохтамыш	49	71
андреевич	49	49
маккартни	49	57
бильбао	49	50
томск	49	71
тегеран	49	62
ивуар	49	50
киевт	49	53
йемений	49	62
бельгичүүд	49	51
клинт	49	90
эрих	49	92
сун	49	73
болонья	49	60
вулверхэмптон	49	63
линкин	49	67
к-поп	49	53
нирун	48	78
баяндэлгэр	48	59
цагааннуур	48	68
ойрадыг	48	55
бенгалын	48	56
марта	48	67
жефф	48	62
силези	48	52
грин	48	57
лиза	48	64
дэлгэрхаан	48	62
уилсон	48	58
эдгар	48	67
георгийн	48	50
карло	48	66
юн	48	65
жэ	48	50
андын	48	59
хасарын	48	61
боливи	48	67
бразилд	48	62
педро	48	58
силва	48	50
лидс	48	53
тоорил	48	60
валерий	48	69
хонконгийн	48	62
александриа	48	56
чен	48	53
тажикистаны	48	56
густаф	48	48
сенегалын	48	57
харьков	48	59
шанхайн	48	61
дува	48	73
хопкинс	48	51
билли	48	63
вилли	48	69
юнайтедийн	48	53
дипломатын	48	84
хд	48	52
гэрсэнз	47	64
чойр	47	66
цорос	47	66
тарагт	47	55
стамбул	47	59
коннектикут	47	54
саддам	47	60
версалийн	47	61
барселоны	47	52
грект	47	53
алтангадас	47	64
уитни	47	65
бухар	47	56
хадсон	47	55
бэгзийн	47	83
барри	47	67
хонгирад	47	80
саратов	47	54
шибаны	47	54
тюринг	47	53
цэвээнравдан	47	63
кардифф	47	55
шотландчууд	47	50
себастиан	47	59
кюри	47	56
мустафа	47	88
достоевский	47	67
женоа	47	52
фокс	47	51
лихтенштайны	47	77
вацлав	47	73
вүүдроу	47	47
бенфика	47	60
бобкэтс	47	47
оскарт	47	53
шиелд	47	47
санз	47	47
зуунмод	46	54
ньютон	46	59
түмэд	46	74
орлеан	46	49
гренландын	46	61
бутан	46	80
хинду	46	66
барбара	46	57
роберто	46	76
самуэль	46	56
киприйн	46	60
аляска	46	60
арканзас	46	51
гамлет	46	67
бонн	46	50
каир	46	52
мексикт	46	55
исландын	46	77
майн	46	51
юй	46	54
максим	46	81
кихот	46	63
тонхил	46	50
тайшир	46	66
померан	46	47
ки	46	62
израилд	46	53
хенрик	46	60
швейцарчууд	46	47
антони	46	58
карабах	46	47
аарон	46	64
торино	46	51
алексеевич	46	46
а-гийн	46	46
бернли	46	50
корниловын	46	55
багануур	45	65
хантайшир	45	49
суэцийн	45	57
еврази	45	49
францыг	45	57
антуан	45	61
михайл	45	52
мон	45	81
ока	45	66
арктикийн	45	59
бухарест	45	52
лихтенштайн	45	73
мехмед	45	67
буд	45	67
марианы	45	54
сахарын	45	78
чусонь	45	52
архангайн	45	50
хэнри	45	63
харрис	45	60
энн	45	54
сантос	45	52
вильгельм	45	54
кремлийн	45	55
туркууд	45	70
клинтон	45	55
лэйкерс	45	86
каренина	45	45
морави	45	49
рейган	45	48
медведев	45	49
воронеж	45	55
уайт	45	50
зүүнговь	45	49
хельсинки	45	58
висконсин	45	48
трумэн	45	62
норт	45	53
невада	45	48
чу	45	66
брүүклин	45	54
кэтрин	45	58
шеффилд	45	50
астана	44	66
хянган	44	54
биндэр	44	65
самдан	44	63
хабул	44	77
энэтхэгийг	44	46
иосеф	44	59
унгарт	44	53
йоркийн	44	49
дуайт	44	54
итгэмжлэх	44	59
иракт	44	51
павлович	44	44
донын	44	49
португалчууд	44	69
эдмунд	44	51
желал	44	59
ош	44	52
зундуйн	44	69
ник	44	71
тэтчер	44	52
аугсбург	44	50
ливийн	44	60
луйз	44	47
лукас	44	71
намсрайн	44	87
хельсинкийн	44	52
малага	44	49
цагадай	44	61
чеченийн	44	64
фрайбург	44	50
бундеслигт	44	58
серие	44	61
мутарджим	44	44
стрэнж	44	49
халхгол	43	48
эрдэнэбаатар	43	63
жигжид	43	68
тунис	43	63
гонгор	43	83
хиад	43	84
очирын	43	77
бирм	43	68
израиль	43	53
гитлер	43	66
цэрэндоржийн	43	81
баруунтуруун	43	49
неаполь	43	49
бартон	43	45
соломоны	43	54
гитлерийн	43	57
доминикан	43	62
бадам	43	86
венад	43	50
мобиком	43	63
жужан	43	68
хийт	43	47
цахарын	43	51
норвегичууд	43	43
спенсер	43	45
зимбабве	43	66
хонг	43	51
яков	43	54
кувейтийн	43	55
херцеговин	43	44
батиста	43	47
райт	43	48
украиныг	43	44
өлзийтийн	43	54
чэн	43	57
рональд	43	52
йохан	43	56
моравийн	43	45
алматы	43	60
чечений	43	71
жэй	43	56
севенти	43	43
корса	43	51
вектра	43	53
байтаг	42	69
найдан	42	70
анн	42	53
сумъяа	42	80
ногооннуур	42	53
массачусетс	42	46
яковлевич	42	42
лю	42	73
роттердам	42	46
рамон	42	47
палермо	42	54
трампын	42	54
мали	42	65
тэйлор	42	48
суматра	42	59
москваг	42	43
рид	42	53
херманн	42	53
деннис	42	59
майны	42	50
карабахын	42	46
казахстанд	42	50
сир	42	50
саха	42	71
францис	42	47
эквадорын	42	51
сталинградын	42	55
брест	42	47
чернигов	42	47
газын	42	61
аригбөхийн	42	45
макао	42	52
монтана	42	51
комсомолын	42	58
камертон	42	57
одооны	42	76
ванкуверын	42	53
уолт	42	66
сонгинохайрхан	41	48
өгийнуур	41	60
ихтамир	41	46
дөргөн	41	46
тэгшээ	41	53
гандан	41	65
энэтхэгчүүд	41	55
бекхэм	41	55
вашингтонд	41	51
чад	41	67
манжуурт	41	53
бруней	41	68
ральф	41	52
макбет	41	68
мамайн	41	51
хитлерийн	41	53
хакас	41	61
потсдамын	41	56
деи	41	43
линчеи	41	41
восток	41	47
гэри	41	57
цагаанхайрхан	41	50
вальтер	41	59
наранбулаг	41	47
казимир	41	60
эндрью	41	43
жюль	41	60
краснодар	41	50
сиксерс	41	41
жанрайсиг	41	52
арсеналын	41	49
хэнкс	41	57
чехүүд	41	63
стэнфорд	41	46
янь	41	50
россии	40	41
буддизм	40	79
майдар	40	64
дандар	40	64
номгон	40	50
мөст	40	50
микеланжело	40	56
соёны	40	51
улаанхус	40	44
чойрын	40	63
эргүнэ	40	58
аврагч	40	78
могол	40	60
катар	40	62
дарханы	40	73
сицили	40	49
миланд	40	45
рене	40	57
бээжингээс	40	44
хорчины	40	58
ялу	40	48
григорьевич	40	40
суворовын	40	45
клара	40	45
асгат	40	52
тарас	40	52
толстой	40	71
роллын	40	48
степан	40	52
тайландад	40	53
хөхнуурын	40	41
попов	40	50
хьюз	40	47
камерун	40	58
силезийн	40	45
тадеуш	40	50
монтенегрогийн	40	44
орегон	40	44
семёнов	40	50
моррис	40	46
сүбээдэй	40	47
сербичүүд	40	45
жинь	40	64
сөүлд	40	42
квебек	40	44
ллойд	40	41
лордын	40	46
андерлехт	40	53
эрдэнэцогт	39	49
найдангийн	39	62
ринчен	39	73
рашаант	39	53
сократ	39	71
истанбул	39	46
гданьск	39	50
екатеринбург	39	43
чон	39	61
кашмир	39	49
вьетнамыг	39	43
аристотель	39	65
фауст	39	51
енисейн	39	49
антарктид	39	60
матад	39	44
тогоон	39	73
жуан	39	51
арнольд	39	45
тифлис	39	39
эдди	39	50
цээл	39	70
баянхутаг	39	44
хирошима	39	43
кемал	39	44
монголия	39	51
владимирын	39	43
херцеговины	39	39
ярославль	39	44
бохеми	39	55
перес	39	41
викториагийн	39	43
клаус	39	54
маркос	39	45
алонсо	39	40
ханна	39	44
аргентиний	39	57
галатасарай	39	52
круз	39	42
месси	39	58
байден	39	43
чэмпион	39	44
ситигийн	39	39
сэнгэ	38	50
хануй	38	49
могод	38	44
дэлгэрцогт	38	47
чингүнжав	38	45
кант	38	65
эйлерийн	38	56
түдэвтэй	38	41
винчи	38	38
найманы	38	57
мэрилэнд	38	45
калифорнид	38	43
антверпен	38	44
сьерра	38	53
иванов	38	51
жонатан	38	65
швейцарт	38	43
аригбөх	38	61
бүрэнтогтох	38	40
хааг	38	47
маршаллын	38	59
жеффри	38	63
лин	38	49
нгуен	38	49
вьет	38	63
якут	38	64
маршалл	38	42
ангол	38	60
петровна	38	38
холбоотын	38	50
кентакки	38	48
флеминг	38	44
өндөрхангай	38	44
мозамбик	38	50
рей	38	38
сарагоса	38	45
ти	38	47
айова	38	41
владивосток	38	46
жоржийн	38	43
калифорниа	38	46
бош	38	45
фриц	38	63
грийн	38	41
мир	38	58
ривер	38	46
даймлер	38	48
райны	38	42
вилл	38	61
сосьедад	38	39
фергюсон	38	45
ашина	38	50
жужаны	38	66
депортиво	38	43
чио	38	46
опелын	38	53
гэсэр	37	56
булганы	37	46
цахиагийн	37	48
манзушир	37	67
бруно	37	50
кейт	37	42
ляонин	37	40
жангар	37	50
богдыг	37	43
ногайн	37	50
инд	37	50
моголын	37	50
хоккайдо	37	42
люблин	37	43
хужиртын	37	50
гоминдан	37	41
токиод	37	40
аляскын	37	47
бритиш	37	42
робертс	37	42
багдадын	37	43
хүлэгүгийн	37	48
диана	37	44
дмитриевич	37	37
рафаэль	37	52
клемент	37	73
битлз	37	58
осборн	37	41
армен	37	66
валентина	37	61
конг	37	39
челябинск	37	46
пентатоник	37	49
семён	37	54
платоны	37	50
сократын	37	49
остин	37	51
киевийг	37	41
познань	37	44
кай	37	41
киото	37	43
чак	37	45
брауны	37	41
хью	37	49
буда	37	43
киров	37	53
дакота	37	40
эдит	37	46
ладен	37	37
вьентьян	37	48
мормоны	37	61
уэйн	37	44
гленн	37	45
флоридагийн	37	43
коммунити	37	42
апертура	37	40
удинезе	37	40
торын	37	67
балбын	36	53
бангкок	36	57
бишкек	36	56
эрдэнэмандал	36	46
улз	36	50
жамсранжав	36	67
франкийн	36	55
сибирийг	36	38
дашдорж	36	69
пунцаг	36	70
цэгмид	36	69
батсүмбэр	36	45
егүзэр	36	56
амур	36	40
пуэрто	36	50
глазго	36	44
мальта	36	55
вавилоны	36	45
эдисон	36	43
мона	36	50
монреалийн	36	40
бо	36	71
чингийн	36	50
төвөдөд	36	42
египетийг	36	40
отелло	36	62
леопольд	36	38
йоханнес	36	37
өгөөдэй	36	49
жамуха	36	43
надежда	36	60
аюушийн	36	57
платон	36	52
эдвин	36	44
тула	36	46
иоанн	36	43
эмма	36	49
сорбонны	36	40
батлер	36	43
рок-н	36	62
дум	36	41
принстоны	36	45
уоррен	36	49
жастин	36	52
монро	36	46
гүржид	36	43
замби	36	48
молотов	36	60
реза	36	36
даниэл	36	50
альберто	36	51
мьянмарын	36	43
павлов	36	50
харт	36	39
карнеги	36	45
ана	36	45
виллагийн	36	39
кит	36	55
бэрримэн	36	40
верона	36	41
блэкпүүл	36	50
мидлсбро	36	39
есөнтөмөр	36	65
му	36	61
пеликанс	36	36
анкара	35	44
жамц	35	70
хулд	35	58
ангар	35	47
чахундорж	35	43
нина	35	57
магеллан	35	41
вавилон	35	49
африкаас	35	42
сена	35	39
бах	35	61
монакогийн	35	46
елюй	35	48
курё	35	44
пенсильвани	35	36
сантьяго	35	44
адриатын	35	42
уолл	35	45
флоренцийн	35	50
лхагвадорж	35	62
дугаржав	35	63
шведэд	35	47
польшийг	35	42
гүррагчаа	35	54
лайпцигийн	35	45
батмөнхийн	35	56
эгийн	35	51
кабул	35	53
фред	35	52
пушкин	35	57
мингийн	35	40
гүржүүд	35	46
эдип	35	61
хенрих	35	52
ливерпүүлийн	35	46
принстон	35	40
эминэмийн	35	39
лонг	35	42
иберийн	35	42
стэнли	35	48
александровна	35	35
баянхайрхан	35	46
төвөдийг	35	39
афинд	35	37
сономын	35	60
испаниас	35	39
дарвин	35	43
кингс	35	47
петров	35	46
варшавт	35	38
кнессетийн	35	44
копенхаген	35	41
балтимор	35	44
елизавета	35	41
панчо	35	37
ницца	35	37
найт	35	39
бэй	35	39
брайн	35	40
нородом	35	44
аугуст	35	35
уго	35	53
ирвинг	35	41
филармонийн	35	67
линда	35	41
ассамблейд	35	37
оспаны	35	50
луар	35	40
буйр	34	51
намжилын	34	47
сэврэй	34	42
жанна	34	40
др	34	61
бирмийн	34	50
эванс	34	44
галилео	34	47
каунас	34	39
кипчак	34	57
русийн	34	40
финландад	34	41
манила	34	40
дотоодыг	34	56
митчелл	34	41
кайши	34	34
сенегал	34	48
сахалин	34	43
климент	34	38
унгарчууд	34	48
хорасан	34	37
альберта	34	40
сычуань	34	37
хэрэйдийн	34	50
турины	34	39
кристина	34	52
финлянд	34	48
болеслав	34	46
фил	34	51
мигель	34	45
нейман	34	38
новгородын	34	37
висла	34	43
софия	34	45
титаник	34	47
гуанжоу	34	36
хусейн	34	36
бенин	34	59
ханзе	34	35
фелипе	34	42
томскийн	34	37
волгоград	34	43
известия	34	40
карелийн	34	44
осетийн	34	36
дерби	34	51
мандела	34	35
тангудын	34	51
роза	34	47
невилл	34	41
хүслэн	34	64
тайсун	34	55
хорватчууд	34	40
брахман	34	58
халкыг	34	36
намнансүрэн	33	50
ойдов	33	66
төвдөд	33	35
ги	33	49
эрдэнэсант	33	39
гранада	33	38
махал	33	34
когурё	33	45
израйлийн	33	52
иордан	33	37
америкаас	33	40
дугар	33	47
зэдун	33	33
илийн	33	35
йелийн	33	36
райдер	33	42
норов	33	55
зигмунд	33	39
хатгал	33	42
жейсон	33	56
годунов	33	35
жессика	33	53
эдинбург	33	46
ховдод	33	39
ухнаагийн	33	45
па	33	56
пикассо	33	43
дэнзэн	33	43
ци	33	41
мандуул	33	41
ереван	33	40
доминго	33	35
хажи	33	46
шаттл	33	51
луиза	33	41
рикардо	33	43
камчаткын	33	46
панам	33	52
мэн	33	48
сомалийн	33	41
сомали	33	64
жером	33	45
нагасаки	33	35
папуа	33	45
вячеслав	33	52
колин	33	49
болгарчууд	33	41
цэрэнчимэд	33	54
андреа	33	50
мөнххаан	33	35
жун	33	50
маори	33	54
рада	33	36
евровижн	33	41
арена	33	47
сенатад	33	39
хабсбургийн	33	40
сингапурт	33	37
торрес	33	38
монреаль	33	35
нагоя	33	38
уэст	33	38
майер	33	39
виталий	33	39
ричардсон	33	38
олдман	33	46
ву	33	38
вилья	33	37
компьютероор	33	42
мэдээлэлзүйн	33	37
падерборн	33	34
гомбодоржийн	32	40
туулын	32	43
сарантуяа	32	64
үенч	32	41
уйгарын	32	51
синайн	32	38
зая	32	42
лена	32	37
сталиныг	32	45
дэлүүн	32	42
зальцбург	32	37
пакистанд	32	36
генуя	32	35
жигжидийн	32	55
денис	32	52
леопольдинагийн	32	32
эйзенхауэр	32	40
хожа	32	50
камбожид	32	42
марти	32	32
аллан	32	38
шотландад	32	40
мён	32	35
эва	32	45
ялтын	32	53
фройд	32	37
нигер	32	47
моцартын	32	53
риголетто	32	44
бодь	32	63
спилберг	32	43
принс	32	35
италийг	32	32
лоренцо	32	41
арагоны	32	38
тигран	32	39
орлеаны	32	34
гагарин	32	45
сырдарья	32	43
грей	32	36
дэнни	32	42
ланкын	32	32
мэтт	32	40
жаббар	32	38
юньнань	32	36
нельсон	32	40
галшар	32	40
сирийг	32	35
мэдисон	32	40
кхмерийн	32	48
тэшиг	32	37
стоун	32	35
анастасия	32	42
оренбург	32	40
ипсвич	32	34
чечень	32	58
вермонт	32	35
ливерпүүлд	32	36
магнус	32	39
хайдугийн	32	37
хи	32	36
валенса	32	33
каролинагийн	32	32
викторович	32	32
стокхольмын	32	38
хоффман	32	37
тоорой	32	63
күүпер	32	36
киргизстан	32	34
лас	32	41
уолтон	32	37
ротари	32	43
пауло	32	37
шнайдер	32	42
хөмрөгийнхөн	32	32
намнаахайнхан	32	32
фейеноорд	32	40
а-д	32	35
баклэнд	32	33
шопены	32	39
очирт	31	46
буддагийн	31	48
цэрдийн	31	48
дэрэн	31	51
элжигэн	31	37
хунт	31	42
америкийг	31	36
лүн	31	42
вебер	31	42
хармөрөн	31	33
хрущёв	31	40
вроцлав	31	36
таж	31	43
харвард	31	38
ортодокс	31	43
америкын	31	39
горбачев	31	39
катарын	31	43
лима	31	41
чусоний	31	36
хавьер	31	59
намнан	31	35
вроцлавын	31	31
аида	31	46
иоганн	31	38
сенегалийн	31	33
гёте	31	43
осама	31	45
эмили	31	45
роулинг	31	48
аннагийн	31	32
доны	31	37
цезарийн	31	35
йорданы	31	42
коул	31	33
колумбиа	31	31
лопес	31	32
карим	31	48
баруунбүрэн	31	34
бадрахын	31	59
правда	31	48
мехикогийн	31	32
дамаск	31	40
увсын	31	35
барсболд	31	53
тобагогийн	31	31
кызыл	31	46
бисмарк	31	32
геннадий	31	41
винница	31	40
франсиско	31	45
кострома	31	41
рерихийн	31	43
лао	31	47
уфа	31	35
беверли	31	32
гүр	31	53
ковентри	31	40
френцис	31	31
бока	31	38
корнилов	31	45
шанкар	31	35
эспаньол	31	35
райан	31	57
ин	31	50
вагнер	31	38
венгер	31	45
чарльтон	31	45
ауди	31	47
манта	31	44
цэрэнгийн	30	48
бүрэгхангай	30	34
эсперанто	30	54
индианагийн	30	34
коперникийн	30	43
дамдинбазар	30	49
сагсай	30	36
шин	30	46
кемерово	30	40
эйлер	30	32
аюук	30	38
магсаржавын	30	40
хуссейн	30	31
гренланд	30	41
ведийн	30	43
лоренс	30	34
месопотами	30	32
манжаас	30	41
тэмүүжин	30	53
гиннесийн	30	38
франкогийн	30	35
ваймарын	30	40
скала	30	34
бадмаанямбуугийн	30	42
базар	30	50
пэрэнлэй	30	59
тулуйн	30	35
ланс	30	30
петербургт	30	33
омар	30	45
киотогийн	30	41
нацизмын	30	37
генри	30	35
изабелла	30	32
питтсбург	30	35
ломоносовын	30	59
антарктидын	30	40
азовын	30	37
жобс	30	32
андреевна	30	30
нямын	30	53
амадей	30	31
мексикчүүд	30	31
амазоны	30	46
крымд	30	35
уганда	30	41
тариатын	30	31
газан	30	47
оксфорд	30	44
томаш	30	51
гумилёв	30	40
пермь	30	33
федор	30	34
южин	30	34
жулиа	30	44
мухулай	30	38
жэки	30	46
фостер	30	31
ферраригийн	30	45
сараево	30	34
алессандро	30	47
галина	30	43
хуниорс	30	30
вудро	30	36
мадуро	30	35
киевээс	30	41
бундестагийн	30	30
энди	30	41
бродский	30	32
хумбольдт	30	35
ренн	30	34
хуухай	30	33
таллины	30	41
баарин	29	45
халимагт	29	34
ганжуур	29	39
жадамбаа	29	56
равдан	29	50
баянжаргалан	29	38
европийн	29	39
суринам	29	43
британитай	29	30
заамар	29	33
рэнчинлхүмбэ	29	35
галилей	29	33
эритрей	29	38
эндрюс	29	42
канарын	29	46
европд	29	41
дороти	29	33
марийн	29	30
иелийн	29	36
шилла	29	34
эмил	29	33
самуэл	29	35
анатоли	29	32
лон	29	36
чэжү	29	40
санжаагийн	29	40
цэнхэрийн	29	37
британийг	29	30
хессений	29	33
хаянхярваа	29	46
гунгаа	29	45
халхыг	29	45
горлос	29	44
горький	29	39
жоан	29	35
льеж	29	31
кэбэк	29	32
кастрогийн	29	35
хумбольдтын	29	30
эрдэнэтийн	29	42
ибрахим	29	39
гөттингений	29	29
тверь	29	39
себастьян	29	44
адриан	29	48
планкийн	29	40
алиев	29	31
дубай	29	40
оманы	29	49
зөвлөлтөд	29	37
осети	29	35
мэлоун	29	29
шаргын	29	52
дагва	29	49
ирландад	29	34
улаанбадрах	29	36
алтанширээ	29	34
баянтүмэн	29	35
евфрат	29	32
цогтцэций	29	35
нарийнтээл	29	31
бонапартын	29	30
эквадор	29	45
шенгений	29	39
юзеф	29	46
львовын	29	34
тюмень	29	36
звезда	29	34
шинода	29	35
хиллари	29	37
блэк	29	30
тереза	29	46
полтава	29	33
петро	29	32
свифт	29	37
карпини	29	30
өэлүн	29	38
даничууд	29	34
фрийдрих	29	32
газпром	29	40
виржинийн	29	34
кэйт	29	40
ань	29	55
огюст	29	37
инфант	29	29
оуэн	29	35
неру	29	31
херцогт	29	47
романов	29	33
бакиев	29	37
ло	29	35
локомотив	29	40
жеральд	29	36
шмидт	29	36
африкын	29	33
иракын	29	43
харцгайнхан	29	29
ален	29	39
моника	29	45
буффон	29	40
нурхач	29	36
борисович	29	29
пулитцер	29	48
робертсон	29	32
кайзерслаутерн	29	42
спектор	29	35
рави	29	32
алшаа	28	42
тарвагатайн	28	33
сосорбарам	28	56
онгийн	28	34
гончиг	28	54
гурвансайхан	28	33
онги	28	46
орёл	28	33
дамчаа	28	34
якоб	28	39
сиена	28	35
медичи	28	30
мэргид	28	55
азии	28	28
хэнань	28	29
калининград	28	36
бушийн	28	31
багдадыг	28	31
полинезийн	28	31
юнител	28	38
рауль	28	44
башкир	28	49
барселон	28	37
катерина	28	39
пномпень	28	32
бахрейн	28	49
халтмаагийн	28	33
ка	28	55
аргентинд	28	31
хесс	28	36
гватемал	28	41
андреас	28	42
келли	28	40
монте	28	40
хасар	28	34
дублин	28	34
паулын	28	28
ричмонд	28	30
паша	28	36
норвегид	28	35
түмэдийн	28	56
тоска	28	34
индонези	28	31
дре	28	31
хүн-аалз	28	47
манлайбаатар	28	40
христофер	28	43
зүүнгарууд	28	42
тобольск	28	32
азербайжанчууд	28	37
сутай	28	37
бунтар	28	46
баяндун	28	30
базарын	28	55
эрдэнэхайрхан	28	33
керр	28	30
доминиканы	28	34
арбулаг	28	33
бали	28	46
мадагаскар	28	44
больцманы	28	35
амазон	28	42
уоллес	28	33
паоло	28	34
вильсон	28	32
вилгельм	28	28
пиус	28	28
конгогийн	28	28
рубрук	28	33
сүбэдэй	28	31
пезешкиан	28	35
санчес	28	32
филиппинд	28	35
манхэттен	28	31
грег	28	39
торонтогийн	28	41
бернар	28	35
хабаровск	28	36
ламжавын	28	51
уиллис	28	30
симпсон	28	33
бранденбургийн	28	38
жулиус	28	36
шевченкогийн	28	39
хэ	28	48
жамцын	28	51
микки	28	32
плейт	28	28
френк	28	37
олд	28	36
петроградын	28	31
тугтөмөр	28	32
нюрнбергийн	28	38
лига	28	33
борнмут	28	30
кэйж	28	36
монголкино	28	29
внешней	28	30
заубер	28	38
таносыг	28	35
хартманн	28	38
инчон	27	29
цагаанчулуут	27	30
түргэний	27	30
элбэгдоржийн	27	48
пи	27	46
цэрэндондов	27	33
пифагорын	27	38
тюрингийн	27	33
агваан	27	33
амбагай	27	35
агын	27	29
өндөрхаан	27	28
дэвисийн	27	36
хавана	27	34
канберра	27	37
оман	27	46
зидан	27	32
өгэдэйн	27	31
батноров	27	34
сталинд	27	37
тайваньд	27	30
сок	27	29
ельциний	27	30
берингийн	27	36
рика	27	27
рейн	27	29
бетховен	27	47
лоренц	27	30
майкрософт	27	38
амударья	27	31
парфын	27	34
францтай	27	31
данзанравжаа	27	49
очирваань	27	35
смоленскийн	27	31
манн	27	31
ражив	27	35
женнифер	27	41
ройс	27	35
жэксоны	27	37
рэймонд	27	32
абдель	27	27
ленины	27	40
рихард	27	44
жамба	27	40
норовлин	27	47
жалайрын	27	46
хатанбулаг	27	32
рико	27	27
фордын	27	30
шахын	27	51
ассирийн	27	33
тагнын	27	36
гарри	27	32
иозеф	27	29
дортмундын	27	37
харьковын	27	35
харбин	27	33
рожерс	27	28
алтайд	27	33
табриз	27	30
панжаб	27	41
меконг	27	36
белгород	27	34
богдан	27	40
шевченко	27	34
республики	27	32
бетти	27	32
жу	27	47
бешикташ	27	29
ватт	27	41
тито	27	29
кун	27	34
чавес	27	33
берген	27	32
линдон	27	32
васильевна	27	27
блэйк	27	33
ку	27	38
марвел	27	30
рөүз	27	37
америка	27	29
монголжин	27	32
панатинаикос	27	34
юнайтедад	27	29
ленинградад	27	29
тип	27	35
бёрд	27	28
үнсгэлжин	27	42
лян	27	42
маны	27	30
чарганы	27	41
опелийн	27	33
хэрэйд	26	52
заяын	26	29
рагчаа	26	50
цэрмаа	26	33
сайнцагаан	26	28
чадраабалын	26	36
уттар	26	27
эрдэнэцагаан	26	29
монголбанк	26	46
хөлөнбуйрын	26	31
ананд	26	36
мумбай	26	33
гандийн	26	31
тунисын	26	35
флоренцын	26	28
шинжаанд	26	28
потын	26	27
братислав	26	29
курскийн	26	45
хессен	26	30
оттава	26	33
юрген	26	34
холланд	26	28
англиас	26	41
кавказад	26	31
дайду	26	28
хидан	26	27
сартр	26	33
медина	26	33
мадонна	26	31
перси	26	26
эдуардо	26	33
мюнхенд	26	27
лувсанданзан	26	36
аббас	26	33
птолемей	26	29
ферганы	26	39
батула	26	30
дарвийн	26	27
менделеев	26	32
тобаго	26	33
татарстан	26	33
кастилийн	26	30
зүүнхангай	26	30
норовын	26	41
унгерний	26	31
люк	26	42
израилчууд	26	38
пермийн	26	37
сөнөд	26	32
сюзан	26	32
жейн	26	29
мартинес	26	28
баянцогт	26	30
малайн	26	38
кир	26	30
палестиныг	26	35
хара	26	34
док	26	29
шарон	26	32
падма	26	26
волга	26	33
коламбиа	26	27
нисванис	26	37
марина	26	37
колчак	26	28
сулейман	26	30
тарту	26	30
анголын	26	32
каунасын	26	31
мосфильм	26	31
фүкүока	26	30
гилберт	26	32
сантандер	26	26
жерард	26	28
гриффин	26	28
хьюстоны	26	34
фенербахче	26	34
ханноверийн	26	32
бристоль	26	34
уотфорд	26	30
буллс	26	26
жанжаа	26	29
хендэл	26	35
третьяковын	26	30
жанрайсаг	26	32
китайской	26	31
област	26	31
баянлиг	25	32
баацагаан	25	29
хонгорын	25	42
лесли	25	30
эеэр	25	29
портер	25	30
бан	25	35
уокер	25	28
хархорины	25	29
политехник	25	39
бао	25	27
берия	25	35
балдан	25	48
делийн	25	40
тайбэй	25	31
сингх	25	28
дик	25	31
эйр	25	27
нидерландад	25	32
энержи	25	29
эгейн	25	34
крит	25	30
финландчууд	25	26
ганьсу	25	25
сандо	25	39
алексеевна	25	25
гомес	25	27
нэхийт	25	27
гиваан	25	38
жамбаа	25	38
романтизм	25	39
завханы	25	31
престон	25	30
ассемблейн	25	40
боливийн	25	38
хиагтыг	25	38
юлия	25	38
даниэль	25	47
аристотелийн	25	29
леннон	25	28
роллинг	25	30
тэмүжиний	25	27
бакугийн	25	32
николаев	25	44
натан	25	33
орлеанс	25	25
биг	25	35
фу	25	40
дагвын	25	39
николаевна	25	25
английг	25	32
янжмаа	25	40
лодонгийн	25	47
ворошилов	25	48
өвөрхангайн	25	27
намиби	25	38
одер	25	35
чернобылийн	25	36
амстердамын	25	33
россия	25	40
деникин	25	28
шу	25	43
иштван	25	26
наваррын	25	30
зимбабвегийн	25	27
аттила	25	38
черчиллийн	25	31
аскар	25	33
нэнси	25	42
жонсоны	25	36
нант	25	32
ликуд	25	30
европоор	25	28
мичиганы	25	31
холливудад	25	30
эммануэль	25	35
вольтер	25	32
жахан	25	27
массачусеттсын	25	29
коппола	25	27
манжуурыг	25	28
броз	25	25
ривера	25	28
каракас	25	28
театро	25	26
барселонад	25	26
бархасбадийн	25	32
сайтама	25	27
филлипс	25	26
льюс	25	27
гари	25	35
лейборист	25	33
лопез	25	29
миннеаполис	25	31
фридман	25	34
болгарт	25	28
шү	25	28
мануэл	25	33
оросод	25	31
йан	25	25
данкан	25	30
бенеш	25	28
харви	25	42
днестр	25	28
это	25	43
жереми	25	45
рики	25	28
бойз	25	25
валуа	25	32
лютеран	25	33
миклош	25	25
полански	25	29
сититэй	25	26
үгэчи	25	29
адай	25	33
клаусура	25	25
жэн	25	32
тэрхийн	24	31
гонгорын	24	48
цагаандэлгэр	24	29
шилүүстэй	24	28
ханбогд	24	28
чогдон	24	34
гвиана	24	25
тулуз	24	29
намбарын	24	32
цэрэнтогтох	24	46
коперник	24	33
доржиев	24	31
хиагтад	24	26
өвөрмонголын	24	43
христосын	24	45
абелийн	24	42
жаргалантын	24	26
витаутасын	24	24
өзбег	24	37
халдун	24	43
зевс	24	39
амос	24	28
эйнштейний	24	29
бусан	24	26
окинава	24	31
чэнь	24	32
чойжилын	24	34
андерс	24	32
дампил	24	30
виссарионович	24	24
узбекийн	24	39
өгөдэй	24	34
ойл	24	27
холмс	24	26
виллем	24	29
австралиас	24	27
руслан	24	34
тохтамышийн	24	26
ростовын	24	32
набоков	24	31
армений	24	41
санто	24	29
нора	24	37
рональдо	24	31
октябрын	24	31
кен	24	35
ампер	24	44
романовын	24	27
баргын	24	39
танзанийн	24	29
колумбичууд	24	24
мадридад	24	25
тюссо	24	24
дашинчилэн	24	28
генрих	24	33
будапештын	24	32
адаацаг	24	30
сантмаргац	24	27
угтаалцайдам	24	30
жакарта	24	28
стар	24	28
жуковын	24	47
бранденбург	24	26
юрийн	24	31
угандын	24	26
сербид	24	27
шикай	24	24
голлийн	24	24
буркина	24	34
чой	24	38
окленд	24	29
невийн	24	29
мөнхтөмөр	24	35
едигей	24	34
ежи	24	40
днепропетровск	24	28
запорожье	24	30
мубарак	24	35
ёндон	24	44
мозамбикийн	24	27
неро	24	33
плано	24	35
тайм	24	34
дуулгын	24	45
ханх	24	27
хамгён	24	25
стокгольм	24	29
акино	24	24
ставрополийн	24	30
грозный	24	33
кубань	24	25
олбани	24	36
олимпиа	24	28
солженицын	24	27
того	24	43
юан	24	30
буддистуудын	24	30
стефенсон	24	29
белградын	24	30
федорович	24	24
роммель	24	24
москвы	24	24
мстислав	24	31
купер	24	27
леви	24	32
монреал	24	32
страсбург	24	28
тесла	24	31
шаньдун	24	26
тафт	24	42
жозефин	24	28
троцкийн	24	33
софиа	24	32
чехословакчууд	24	24
харцагынхан	24	27
карен	24	31
самсунг	24	28
бужиргынхан	24	24
шахтёр	24	33
фрейзер	24	28
тайлер	24	30
бенц	24	27
бейкер	24	24
ливингстон	24	27
ефремов	24	36
сорос	24	28
рединг	24	28
брайтон	24	26
георгиевич	24	24
жамьянгийн	24	33
дуэйн	24	29
карлсруэ	24	27
чаны	24	30
пешт	24	29
дармштадт	24	31
штутгартын	24	29
брукнер	24	43
торыг	24	48
баннерын	24	26
покрышкин	24	38
сүмбэ	23	35
луус	23	38
ханхонгор	23	27
даланзадгад	23	34
хархираа	23	33
олзвой	23	27
рамсарын	23	26
аллах	23	28
бурбон	23	30
кеннедигийн	23	37
саяны	23	29
кембриж	23	34
африкийг	23	23
хималайн	23	40
муслим	23	46
туркт	23	28
дидье	23	38
израйль	23	35
берн	23	26
дэйв	23	37
гронинген	23	29
эверест	23	29
пүсань	23	27
билэгийн	23	31
сталинград	23	31
экей	23	26
дюссельдорф	23	25
таян	23	27
хувер	23	25
планк	23	28
руссо	23	26
хамид	23	25
данди	23	24
кингийн	23	26
сандагийн	23	45
ява	23	25
хархорумд	23	24
пит	23	29
венера	23	28
трой	23	25
вольф	23	28
персийг	23	23
кох	23	25
чо	23	29
калькутта	23	24
магелланы	23	38
төвдийг	23	26
тайсон	23	30
маркес	23	26
софья	23	37
хөхморьт	23	28
жэк	23	27
люси	23	33
баянтэс	23	25
хондурас	23	37
хомо	23	27
балкан	23	26
тартугийн	23	28
курилийн	23	28
дресден	23	27
колчакийн	23	27
блюхер	23	33
дарьгангын	23	32
хонгирадын	23	33
монсудар	23	32
жексоны	23	24
линкольны	23	29
сунь	23	34
помпиду	23	28
малийн	23	29
зүүнхараа	23	31
карол	23	29
стамбулын	23	31
баффало	23	26
нобель	23	29
назарбаев	23	27
гао	23	27
артанъян	23	25
портлэнд	23	24
моррисон	23	28
хайфагийн	23	31
жавахарлал	23	29
баавгайнхан	23	30
квантуны	23	29
крайслер	23	25
индианаполис	23	28
маргарита	23	25
чүлтэм	23	35
бородин	23	36
ситийн	23	23
мозес	23	27
пресс	23	36
албаничууд	23	43
расселл	23	27
индира	23	30
болт	23	26
маунт	23	36
антонов	23	30
хетафе	23	24
ковалевски	23	29
утрехт	23	30
бажо	23	37
тоёота	23	31
эрфурт	23	28
пирс	23	25
кармело	23	24
потсдам	23	30
сандерлэнд	23	27
челсигийн	23	43
бэрри	23	31
дерон	23	39
суперсоникс	23	24
торо	23	27
тамгагүй	23	42
паулюс	23	23
абтай	22	40
өөлдийн	22	34
тарвагатай	22	31
сумхүү	22	32
амарбаясгалант	22	31
цайдам	22	38
шиньжян	22	24
ганьсү	22	25
моголистан	22	34
луйс	22	23
мохаммад	22	23
любляна	22	26
валентины	22	25
махатма	22	35
энцо	22	28
балхаш	22	26
менделийн	22	43
вояжер	22	32
корнелл	22	27
комбилимузин	22	24
солонгосоос	22	25
тэлмэн	22	30
диас	22	22
ганачууд	22	23
крымыг	22	27
лувсанжамбын	22	28
леопольдын	22	23
вальхалла	22	22
хятан	22	30
асгатын	22	26
смитийн	22	31
алексеев	22	26
готфрид	22	31
брисбэн	22	27
современник	22	25
дюма	22	28
дулмаа	22	40
хюго	22	29
сю	22	25
крымийн	22	33
дали	22	30
гийом	22	30
милтон	22	33
хомейни	22	25
копли	22	22
тасманы	22	28
попович	22	25
сакс	22	26
баренцын	22	30
элтон	22	28
тегеранд	22	22
памирын	22	26
абдулла	22	30
арно	22	28
калуга	22	25
гурвантэс	22	24
зостын	22	32
томсон	22	28
месопотамийн	22	30
троцкийг	22	26
дэлгэрийн	22	33
рикагийн	22	22
флорес	22	24
анатолийн	22	26
конев	22	42
гудериан	22	31
рут	22	27
крик	22	24
тамбов	22	27
вернон	22	23
салют	22	34
любовь	22	44
женни	22	30
фердинандын	22	25
альбрехт	22	28
мец	22	22
күүкийн	22	29
абаха	22	37
тугатөмөрийн	22	23
жалал	22	31
нетаньяху	22	30
святослав	22	33
шакил	22	26
румынд	22	30
халле	22	35
мортон	22	30
талас	22	33
абэ	22	33
олафын	22	22
ставрополь	22	25
дрезден	22	28
интертото	22	42
төрбайх	22	26
данзанравжаагийн	22	36
уэльсчүүд	22	22
сталиний	22	24
минскийн	22	28
херман	22	29
баттута	22	22
каталоны	22	25
холокостын	22	25
цао	22	33
фан	22	29
элвис	22	26
перон	22	22
аун	22	26
фабио	22	33
хэрээдийн	22	27
акаев	22	22
дэлгэрмөрөн	22	34
пенн	22	26
ереваны	22	26
жонес	22	23
биллбордын	22	26
цэгмидийн	22	43
жое	22	24
диснейн	22	28
уорнер	22	24
шиндлер	22	34
йосеф	22	24
морзын	22	29
стравинский	22	29
лоу	22	23
вида	22	24
бүргэдүүд	22	24
нугасныхан	22	22
уилл	22	31
херст	22	24
капица	22	24
бэкхён	22	31
моди	22	29
примаков	22	35
вагнерын	22	26
стандард	22	32
кутлук	22	26
монголор	22	27
баяндалай	22	32
рюсселсхайм	22	30
аскона	22	32
комбо	22	24
мацуев	22	27
жигжидсүрэн	21	42
шийлэг	21	23
хүрээмарал	21	24
бугатын	21	22
мухаммедын	21	23
хаити	21	37
хэрлэнгийн	21	27
гама	21	21
зүрчидийн	21	42
буриадад	21	31
ринчино	21	31
брайант	21	26
копенгаген	21	23
ижилийн	21	25
лаврентий	21	27
догсомын	21	32
акбар	21	29
российской	21	24
канн	21	24
мийнхэн	21	32
библийг	21	23
эрмитаж	21	31
цэдэв	21	39
монрогийн	21	26
кубачууд	21	26
гомбодорж	21	38
гуандун	21	26
родриго	21	29
түмэнхэн	21	29
бадрал	21	41
бямбасүрэнгийн	21	38
ариг	21	29
малик	21	36
алтанбулагийн	21	22
моне	21	23
аргуны	21	30
афганы	21	39
вэльсийн	21	21
тиморын	21	26
квийнслэнд	21	24
уиллиамс	21	21
гайана	21	34
псков	21	26
клеопатра	21	28
дарвины	21	30
куликовын	21	29
васко	21	29
грегори	21	32
арменид	21	21
софийн	21	30
шанхайд	21	22
зондын	21	23
фергана	21	25
бууцагаан	21	24
дондог	21	40
санчирын	21	27
авзага	21	29
глен	21	31
чуваш	21	39
учралын	21	36
фасо	21	24
мохамед	21	30
раул	21	26
сандаг	21	34
гегель	21	32
каспаров	21	29
фрунзе	21	32
фарадей	21	23
алёша	21	24
эстонид	21	26
прусст	21	23
сами	21	27
рейганы	21	22
нева	21	32
христиан	21	25
луижи	21	28
беларусьчууд	21	25
онтариогийн	21	23
мариинскийн	21	24
григорьевна	21	21
мөнгөнморьт	21	25
рүүзвельт	21	30
таро	21	27
вологда	21	26
альфонсо	21	29
милош	21	30
египтийн	21	30
никколо	21	27
бакула	21	26
бениний	21	28
өлзийхутаг	21	34
вестминстерийн	21	31
катерин	21	21
мамлюкийн	21	34
иерусалимд	21	25
лидия	21	27
буг	21	39
севастополь	21	25
куала	21	23
эмилио	21	25
чехословакт	21	24
архангельск	21	30
орлов	21	29
бадма	21	29
чилид	21	25
либерийн	21	35
вонг	21	24
хиллс	21	23
сэнгүм	21	24
акира	21	21
кристи	21	27
роббен	21	32
сү	21	31
пресли	21	22
зэлмэ	21	28
ангкор	21	30
боди	21	30
массачусетсийн	21	24
курманбек	21	24
сикорски	21	25
чандманийн	21	22
нагано	21	27
ко	21	33
брешиа	21	26
гродно	21	24
жон-хи	21	23
улисс	21	26
сейнт	21	28
хулио	21	26
шариф	21	26
прокофьев	21	36
лавр	21	24
клемансо	21	22
нигеричүүд	21	22
берлины	21	26
хардинг	21	33
кэлвин	21	26
күүлиж	21	24
греммийн	21	30
штерн	21	30
честер	21	31
николаус	21	23
леверкузен	21	22
манхэттэн	21	25
рубин	21	26
леванте	21	21
монакод	21	22
сплит	21	22
кришнамурти	21	28
сенегалчууд	21	21
михаэлийн	21	30
аругтай	21	24
вермонтын	21	35
старт	21	40
поршегийн	21	28
китая	21	23
тх	21	30
шарик	21	25
скудериа	21	27
беллини	21	23
гүндэгмаа	20	23
бурмаа	20	24
никитон	20	25
олгой	20	40
тавантолгойн	20	29
улаангомд	20	20
улаангомын	20	22
хөхий	20	24
ромыг	20	25
макрон	20	28
бямбацогт	20	39
дуламсүрэн	20	29
авлигатай	20	36
пунсалмаагийн	20	31
кейп	20	24
есүсийн	20	26
абд	20	24
коран	20	27
тевтоны	20	22
беллийн	20	24
паскаль	20	38
сайгон	20	23
бахрейны	20	33
солийн	20	28
бадмаев	20	25
пологийн	20	37
руандагийн	20	26
делавэр	20	22
солонгостой	20	20
берлинийг	20	20
сиам	20	24
исса	20	24
адлер	20	24
орфей	20	23
шопен	20	27
жиримийн	20	25
намхай	20	27
ломоносов	20	27
афган	20	32
томми	20	31
руанда	20	30
жоанна	20	23
литл	20	26
модун	20	35
ницше	20	20
жиованни	20	32
пер	20	32
кристиано	20	26
хакасын	20	22
шаньси	20	23
бахадур	20	23
гурванзагал	20	23
уэмбли	20	30
абхаз	20	27
нассер	20	25
ом	20	39
чемберлен	20	21
никсийн	20	21
должин	20	24
никарагуагийн	20	22
хөхийн	20	33
бэсүд	20	36
рузвельтийн	20	29
эрл	20	25
самоа	20	32
ча	20	30
дамбийжанцан	20	24
идэрийн	20	36
мөрөнгийн	20	27
глазгогийн	20	23
тринити	20	25
эрхүүд	20	36
хайрхандулаан	20	23
богдхан	20	23
пунийн	20	26
серафимов	20	20
ватсон	20	26
кент	20	22
кэн	20	30
невскийн	20	21
женевт	20	20
батширээт	20	22
балдангийн	20	35
жанет	20	25
урус	20	30
калимантан	20	29
испанийг	20	22
куинс	20	25
хелен	20	30
ямайка	20	30
дэви	20	22
мөрөвч	20	26
хризантем	20	20
рокки	20	23
тата	20	24
дилав	20	26
николсон	20	21
лаура	20	27
энгельс	20	33
юсуф	20	25
монтгомери	20	24
маттиас	20	30
аркадий	20	30
дирк	20	29
хай	20	30
булгаков	20	27
небраска	20	21
миранда	20	25
дункан	20	23
страсбургийн	20	22
чонон	20	35
санж	20	37
ива	20	26
жуниор	20	21
марс	20	26
эллен	20	24
эпирийн	20	23
шэн	20	31
дэжидийн	20	25
тимошенко	20	24
радын	20	21
хейс	20	26
ден	20	30
федерико	20	32
чаушеску	20	23
хамильтон	20	27
парисаас	20	23
андерсен	20	25
монголтой	20	36
питт	20	23
роб	20	26
сардинийн	20	24
севилийн	20	24
иглесиас	20	23
туре	20	25
рахманинов	20	38
бродвейн	20	22
цогзолмаа	20	38
серж	20	31
руперт	20	26
хмельницкий	20	27
отрар	20	23
кальяри	20	25
сошо	20	22
вива	20	24
эллас	20	20
востока	20	20
пүрэвжавын	20	29
артаньян	20	20
галдангийн	20	26
лорьян	20	22
комиссаруудын	20	34
ганцмод	20	27
леман	20	22
брестийн	20	35
веданта	20	33
макаревич	20	21
дуров	20	25
шанкара	20	32
асгардын	20	22
лхам	19	33
автай	19	26
төрбат	19	37
баянчандмань	19	23
карын	19	21
арк	19	28
пунцагдорж	19	21
шишгэд	19	24
даваадоржийн	19	37
агийн	19	25
хэбэй	19	20
төмөрбаатарын	19	31
иххэт	19	21
васильев	19	32
индиа	19	20
бангалор	19	22
родос	19	22
стрит	19	26
юнион	19	23
пот	19	19
кампучийн	19	22
түвшинбаяр	19	32
клинтоны	19	19
ягеллоны	19	23
либери	19	35
италитай	19	19
жанчхүүгийн	19	22
ефремович	19	19
лист	19	32
ференц	19	27
хамбургт	19	20
травиата	19	24
айрес	19	19
конгрессийн	19	32
кассини	19	22
вильям	19	28
ринчин	19	32
синатра	19	20
атлантик	19	19
парана	19	25
вэльс	19	19
тасмани	19	21
саскачеван	19	20
росарио	19	20
луна	19	20
абердин	19	22
ховдыг	19	33
тэрэлж	19	24
генуягийн	19	20
селевк	19	21
корнеллийн	19	25
мекка	19	25
боорчи	19	24
амстердамд	19	20
никол	19	22
пашинян	19	22
королёв	19	23
мэрилин	19	28
рианна	19	21
мавереннахр	19	21
башкортостан	19	23
грэйс	19	20
гүш	19	27
клеменс	19	23
соном	19	28
алехин	19	27
хоокс	19	20
гаусс	19	23
мөрөнгөөс	19	19
юникс	19	34
хөхнуурт	19	19
семёновын	19	27
союза	19	21
михайловна	19	19
бхутто	19	21
бельгид	19	22
семёнович	19	19
багратион	19	28
триполи	19	30
сиамын	19	32
дэжид	19	22
макиавелли	19	24
чун	19	22
оспан	19	33
цогтын	19	32
зеландчууд	19	19
сулавеси	19	25
үндсэний	19	28
валенси	19	29
абага	19	20
херсон	19	20
бронкс	19	19
ливанд	19	22
махараштра	19	24
хаус	19	36
универсиад	19	28
хайд	19	20
аблай	19	26
кристин	19	28
сид	19	26
ацтекийн	19	20
шажин	19	25
анатольевич	19	19
галданцэрэн	19	29
краснодарын	19	26
турандот	19	23
скопье	19	20
сталинизмын	19	22
бернардо	19	22
кастилья	19	19
харольд	19	26
сото	19	20
австрид	19	22
аполлон	19	23
сатурн	19	29
спартын	19	22
калка	19	19
кэмпбелл	19	20
лий	19	34
рамос	19	20
баязид	19	27
вьетнамчууд	19	28
аохан	19	29
брянск	19	29
вильнюсийн	19	23
шуша	19	20
нанзад	19	33
николя	19	27
косовог	19	20
конгийн	19	20
меркури	19	24
бахамын	19	22
мики	19	21
тэ	19	36
шеварднадзе	19	19
андрес	19	26
коль	19	19
гастон	19	25
конан	19	21
хосеп	19	23
пен	19	21
копа	19	28
гибсон	19	22
хитийн	19	20
марин	19	27
даллес	19	21
лионель	19	29
наташа	19	30
каспер	19	27
гог	19	19
брэдбури	19	24
аденауэр	19	21
гамсахурдиа	19	20
эллиот	19	21
кот	19	33
дудаев	19	25
сенна	19	22
сидни	19	30
малуда	19	25
шаамар	19	22
егүзэрийн	19	25
каприо	19	19
дюрант	19	25
кэрриган	19	26
орхонтуул	19	22
неста	19	29
пиано	19	26
порошенко	19	20
стэн	19	24
бастиа	19	23
бендер	19	22
козлов	19	34
монпелье	19	25
чусон	19	22
күтүз	19	23
золжаргал	19	30
нижний	19	22
чезена	19	19
кадетт	19	25
капетин	19	22
өгий	18	35
хүнүй	18	23
онохуй	18	25
нансалмаа	18	34
куран	18	26
габриел	18	18
лариса	18	24
антилын	18	20
бахай	18	27
ишдорж	18	28
дашцэрэн	18	29
норовсамбуу	18	33
ринчиндорж	18	19
бихар	18	23
аргалант	18	25
гирин	18	20
нармай	18	28
рахман	18	20
кашмирын	18	27
бомбей	18	19
харчины	18	21
хонконгод	18	20
витебск	18	22
скайтел	18	28
булгар	18	26
дагестан	18	27
рокфеллерийн	18	20
оранж	18	21
вавилонийн	18	19
шерман	18	22
португалд	18	20
цэдэвийн	18	35
сиднейд	18	19
саппоро	18	19
аккра	18	28
мурад	18	34
уэсли	18	26
гуам	18	26
анжелина	18	24
марино	18	19
ломбард	18	24
визант	18	20
альп	18	20
пүё	18	23
холландын	18	20
гэлэгбаатар	18	20
нянтайсүрэн	18	23
веллингтон	18	24
хадаан	18	25
хавт	18	25
гэрсэнзийн	18	20
жинст	18	30
улаанхад	18	20
арвайхээрийн	18	23
эйфелийн	18	23
берта	18	22
тимур	18	21
перт	18	21
бразилыг	18	23
баскийн	18	24
орегоны	18	22
эрнесто	18	21
буэнос	18	21
ро	18	22
ираныг	18	18
тверийн	18	20
светлана	18	33
тулуй	18	25
бөгжний	18	36
робер	18	24
марион	18	23
нильс	18	31
стенли	18	19
гейдар	18	23
дубайн	18	19
баргужин	18	19
ванчиг	18	25
макаогийн	18	21
гамаль	18	22
ташкентын	18	26
габриэль	18	33
ив	18	28
лорен	18	20
галданы	18	28
уилт	18	23
азар	18	21
байдраг	18	31
аварзэд	18	35
бүрэнхаан	18	19
маркони	18	19
брэдфорд	18	18
зүрчид	18	33
есөнзүйл	18	24
лийдс	18	26
цэрэндулам	18	35
италиас	18	20
бейрут	18	22
сирид	18	20
магсар	18	25
мосс	18	20
төмөрбулаг	18	25
чингүнжавын	18	22
дауны	18	31
палестинд	18	19
андропов	18	23
ярославын	18	20
байбагас	18	23
нийгата	18	20
брэд	18	27
удай	18	24
жаклин	18	24
гомель	18	23
сүрэн	18	31
боохой	18	22
соломон	18	27
тигр	18	27
гранде	18	18
виндзор	18	29
гарден	18	18
днеприйн	18	19
луганск	18	19
гогийн	18	20
адамсын	18	20
филлип	18	23
жош	18	27
тайландчууд	18	19
фернандес	18	18
мароккочууд	18	18
рафаэл	18	24
нурсултан	18	24
брижит	18	26
омаха	18	23
айдахо	18	26
кама	18	26
ульяновск	18	23
мэрилэндийн	18	18
александрыг	18	20
алберт	18	21
мальорка	18	22
лори	18	21
камп	18	23
ромчуудын	18	24
раш	18	23
карнатака	18	21
маккаби	18	22
когурёгийн	18	22
чампа	18	23
иваново	18	24
сандра	18	28
цүшима	18	23
ся	18	25
суздаль	18	25
фа	18	35
скандинав	18	26
итон	18	23
жиньпин	18	18
кеннет	18	24
литвачууд	18	27
алтаргана	18	21
йоханн	18	22
лок	18	20
кристоф	18	25
бёрнс	18	23
рита	18	21
оролмаа	18	36
миттеран	18	22
фритц	18	18
жесси	18	22
акита	18	36
ламберт	18	19
кара	18	26
райли	18	21
лувсанжамцын	18	31
гюнтер	18	24
гэй	18	22
югославчууд	18	18
имре	18	20
грэм	18	22
максвелл	18	23
ажай	18	21
ниссан	18	28
райо	18	22
пасифик	18	19
суарес	18	24
карлыг	18	21
милк	18	26
юндэн	18	24
конкорд	18	20
юлиан	18	26
норманди	18	19
готтлиб	18	20
биллбоард	18	21
пойнт	18	18
яшин	18	19
островский	18	22
морзе	18	20
ханноверын	18	24
глинка	18	24
пенс	18	21
эшли	18	29
надь	18	21
юнайтедтай	18	18
гоблин	18	20
рубио	18	21
жэйк	18	20
твенте	18	20
эвертоны	18	34
сельта	18	22
нико	18	32
гавр	18	20
ефимович	18	18
егоров	18	34
босничууд	18	30
агваржин	18	23
сүвонь	18	21
селтикст	18	18
павлодар	18	31
китай	18	19
брюгге	18	22
мальмё	18	19
эвиан	18	21
укра	18	28
тартюф	18	20
мундаа	18	23
даманы	18	21
берклигийн	18	29
дазай	18	24
мельес	18	27
пирр	18	23
вебстер	17	20
зэн	17	26
орог	17	29
нямхүү	17	28
шивээт	17	27
лхагважав	17	33
андорра	17	31
пагва	17	23
колорадогийн	17	18
жанцан	17	31
оюутолгой	17	20
литвад	17	18
федерации	17	18
лора	17	19
эйрвэйз	17	19
цэвэлмаа	17	29
абел	17	29
яик	17	17
сардини	17	18
эдисоны	17	22
хендрик	17	19
хантер	17	23
хён	17	18
мицүбиши	17	20
өрөмч	17	22
якуб	17	19
арагон	17	20
эжен	17	21
тегераны	17	27
ёндонгийн	17	32
тайваний	17	28
грекийг	17	19
данзанваанчиг	17	22
андриян	17	17
дүүдэй	17	21
паули	17	19
гётегийн	17	30
опера	17	31
чикагод	17	21
бартольд	17	30
мане	17	21
августус	17	19
омын	17	22
кэбэкийн	17	21
роял	17	23
эдвардын	17	23
манитоба	17	17
юлийн	17	17
есенин	17	21
багануурын	17	21
долгорсүрэнгийн	17	28
будшир	17	24
ялта	17	20
аббасидын	17	25
анжело	17	20
виржиниагийн	17	20
дублины	17	19
цюрихийн	17	19
нилийн	17	17
мурманск	17	25
самур	17	21
борнео	17	20
карсон	17	18
намибийн	17	23
чавчавадзе	17	23
исмаил	17	25
кокандын	17	24
баянговь	17	19
халиуны	17	30
соросын	17	19
литв	17	33
красная	17	25
коннор	17	19
жеймсийн	17	20
лордуудын	17	24
кэмерон	17	20
сүрэнгийн	17	24
австриас	17	17
тэмүжинг	17	17
гайдн	17	25
линь	17	21
регбигийн	17	31
райхстагийн	17	20
микоян	17	18
америкад	17	21
хушаат	17	22
сюзанна	17	19
пунцагцэрэн	17	19
аслан	17	21
домини	17	17
одиссей	17	19
сүхээ	17	31
манба	17	30
дүнжингарав	17	18
те	17	29
фижи	17	28
тонга	17	26
абдуллах	17	27
салоники	17	20
рухолла	17	20
басра	17	20
буянтын	17	21
шведтэй	17	19
иерусалимыг	17	18
арпад	17	20
сана	17	29
дөргэнэ	17	24
ферри	17	18
михал	17	23
иллинойн	17	18
меркель	17	23
ригагийн	17	20
фернан	17	22
ники	17	27
иаковын	17	17
баха	17	18
алатау	17	19
блю	17	20
донровын	17	27
хоан	17	17
кингстон	17	18
дэниел	17	32
чаплинийг	17	22
жеки	17	20
роланд	17	20
инээмсэглэл	17	34
гужарат	17	18
андра	17	19
данилович	17	19
помераны	17	17
хау	17	18
тран	17	19
бон	17	21
борохул	17	24
баллон	17	23
асуд	17	23
охайогийн	17	18
лагос	17	21
чүй	17	23
луанг	17	23
садат	17	18
сэмюэл	17	31
гаспар	17	26
вердигийн	17	21
дагдан	17	27
гармаа	17	29
бавуугийн	17	25
путинийг	17	27
эстоний	17	25
нарышкин	17	17
лхаст	17	18
пиночет	17	19
венеци	17	20
форрест	17	20
росси	17	22
шепард	17	18
альфредо	17	21
кошта	17	18
керим	17	24
вилсоны	17	20
керенский	17	26
витторио	17	17
линч	17	20
берри	17	18
вюртембергийн	17	19
октябрь	17	28
хоки	17	19
хорхе	17	30
ёкохама	17	19
реймс	17	18
коринтианс	17	22
вернадский	17	24
агата	17	25
палас	17	21
разак	17	17
эми	17	23
кеннедийн	17	25
жизель	17	26
аомори	17	22
берг	17	25
эван	17	27
качински	17	22
жерар	17	22
саркисян	17	17
ассамблейгаас	17	21
шостакович	17	21
электроникс	17	23
карр	17	20
арсеналд	17	22
тьерри	17	26
миллуолл	17	20
сян	17	21
пашутин	17	17
баркер	17	17
жарууд	17	31
бохум	17	20
коби	17	20
чингим	17	20
нарүто	17	24
узбекчүүд	17	26
гүрёогийн	17	21
раднаа	17	29
зеленский	17	21
приштина	17	27
банчэн	17	18
люмьер	17	17
матвей	17	21
валансьен	17	19
хондурасчууд	17	19
баффет	17	20
сорхон	17	23
фанжио	17	21
эксо-н	17	21
бумбат	16	21
баянцагааны	16	25
вестерн	16	23
норовбанзад	16	25
завханмандал	16	19
ёлын	16	22
картье	16	21
сөнид	16	19
будала	16	19
мүн	16	19
миеэгомбын	16	20
ройтерс	16	20
мөнхцэцэг	16	24
лувсангомбо	16	24
вавилони	16	22
төмөрт	16	27
шилка	16	19
коэн	16	18
смирнов	16	30
польштой	16	19
польшоос	16	19
оросуудтай	16	30
александрт	16	16
цэвэгжав	16	32
фрайбургийн	16	18
босфорын	16	20
тэжон	16	18
чиба	16	23
википедиаг	16	27
ви	16	27
египетээс	16	23
тогогийн	16	18
лука	16	23
булак	16	16
гибралтарын	16	24
пьеро	16	16
трумэний	16	21
халифа	16	18
пэлжидийн	16	25
миронов	16	18
пеннсилванийн	16	18
дарьсүрэн	16	30
ниязов	16	20
ата	16	18
жоли	16	17
филиппины	16	19
курилын	16	16
хироши	16	17
троицкосавск	16	18
зигфрид	16	21
данте	16	26
лазарын	16	17
хашаатын	16	20
улиастайд	16	19
ларсон	16	24
свен	16	27
галилейн	16	28
либерти	16	18
францискогийн	16	16
баба	16	21
херат	16	19
австралийг	16	17
британичуудын	16	21
кабрал	16	16
нормандийн	16	18
че	16	25
одесс	16	16
гэсэрийн	16	21
харригийн	16	16
хархорумыг	16	16
цагаадай	16	20
цэвээнжав	16	22
дюмагийн	16	17
евгения	16	18
толстойн	16	20
суздалийн	16	18
жойс	16	18
кафка	16	19
карнегийн	16	18
халифат	16	22
гент	16	18
адидас	16	26
зүүнгарт	16	18
бээжинг	16	18
олхонууд	16	25
батмөнхийг	16	22
горбачёвын	16	26
азербайжанд	16	26
непал	16	21
модена	16	17
матвеевич	16	16
узбекистанд	16	25
монголиа	16	18
чукоткын	16	17
новосибирскийн	16	20
разин	16	17
чонг	16	17
тамара	16	30
спутник	16	17
андижан	16	20
салхит	16	23
герц	16	25
португали	16	23
владимировна	16	16
сайхандулаан	16	18
варна	16	20
дондогийн	16	31
занзибар	16	18
куэльяр	16	16
фульхенсио	16	20
тосонцэнгэлийн	16	19
ванчин	16	22
бэрхийн	16	20
шүжан	16	16
род	16	32
гватемалын	16	20
хотогойдын	16	21
рокоссовский	16	27
гудерианы	16	19
удмурт	16	29
пенза	16	19
миха	16	19
достоевскийн	16	28
оливье	16	21
камерон	16	22
цэнхэрмандал	16	18
тангудыг	16	21
гүржийг	16	19
шевролет	16	19
леоне	16	18
бурунди	16	27
маоричууд	16	25
муссолинигийн	16	21
лодзь	16	21
янукович	16	18
косовод	16	17
истанбулын	16	17
помпей	16	20
эрос	16	19
лааган	16	19
кейптаун	16	22
дефо	16	16
брно	16	22
эдмонтон	16	17
иллинойс	16	16
плейбой	16	17
моро	16	17
васэда	16	18
лхасын	16	16
сахагийн	16	16
атос	16	16
хэмчиг	16	16
тайн	16	17
чеченьд	16	18
долли	16	19
ойрдын	16	28
пусан	16	18
висенте	16	19
боливар	16	17
алис	16	21
коллинс	16	19
папаар	16	26
шерлок	16	23
наду	16	16
манчестерийн	16	20
атга	16	29
бек	16	28
йоркшир	16	18
румынчууд	16	25
бак	16	23
турктэй	16	16
мата	16	23
эхо	16	31
юншээбүү	16	25
гүнбилэг	16	19
элиза	16	25
атамбаев	16	18
жогорку	16	17
керчийн	16	26
жанни	16	19
рубенс	16	17
уяхан	16	30
баяны	16	29
дуламжавын	16	28
дейв	16	23
цой	16	19
гон	16	19
урадын	16	32
чиличүүд	16	17
вучич	16	19
врайт	16	16
жоэл	16	20
дойче	16	18
умберто	16	21
эберт	16	16
уольтер	16	16
хайнц	16	29
преториа	16	25
флойд	16	20
кириленко	16	16
италиа	16	16
альваро	16	23
бриан	16	19
беннетт	16	16
хельмут	16	25
дорнодыг	16	20
царицын	16	17
шампань	16	18
нирвана	16	22
хабсбург	16	20
пулитцерын	16	22
герд	16	30
гамала	16	19
вадим	16	18
крэйг	16	20
никсоны	16	25
анни	16	25
безос	16	19
тяньжин	16	18
литвинов	16	23
николае	16	19
гриссом	16	21
марат	16	19
хитлерийг	16	19
брукнерийн	16	22
эдуар	16	19
баркли	16	20
сианук	16	20
вивальди	16	19
карри	16	18
дилан	16	19
петровис	16	29
шанду	16	20
бжезински	16	22
саманта	16	20
стоктон	16	22
войцех	16	23
дастин	16	28
эрнандес	16	18
кшиштоф	16	26
хорти	16	21
толкунова	16	19
шукшин	16	19
индепендьенте	16	18
лоран	16	23
эвертонд	16	17
неаполийн	16	24
словеничүүд	16	17
хайдук	16	19
камерунчууд	16	16
удын	16	19
мэриленд	16	17
монца	16	20
аятолла	16	21
немцов	16	18
байдар	16	24
пёнъань	16	16
живзундамба	16	16
вальекано	16	16
сычуаны	16	19
фөрт	16	28
анжей	16	30
зорге	16	18
витаутас	16	20
унион	16	16
монсон	16	26
данциг	16	22
саритай	16	23
осорын	16	25
хоншугийн	16	18
алжирчууд	16	17
харгайтын	16	20
трейд	16	27
бенеттон	16	18
брукс	16	17
мёрдок	16	18
грицевец	16	28
элон	16	32
ромеогийн	16	17
кидс	16	17
песталоцци	16	19
ротаракт	16	17
мамен	16	21
кларемонт	16	18
райкин	16	20
васи	16	21
усманов	16	18
ноа	15	19
данжуур	15	18
зава	15	17
скай	15	17
дэмид	15	29
булнайн	15	18
батцэнгэлийн	15	22
цамбагарав	15	19
оюунбилэг	15	18
ийгл	15	18
ньюс	15	21
эй	15	24
бадамжав	15	23
онгуд	15	21
русский	15	24
клавдий	15	19
хайдарабад	15	17
пеле	15	24
ширак	15	16
винчигийн	15	15
мичид	15	28
кэсон	15	19
таримын	15	18
шиньжяны	15	17
лебедев	15	22
жискар	15	15
малави	15	28
кайшигийн	15	15
ну	15	30
маслоу	15	27
маврикий	15	20
лайпцигт	15	21
урианхан	15	27
сандуйжав	15	26
баянголын	15	16
хьюм	15	20
кабулд	15	16
энэтхэгтэй	15	17
тасманийн	15	21
науру	15	30
эверестийн	15	17
монголынхоо	15	22
алдархааны	15	16
бристол	15	16
данн	15	18
кирк	15	18
потанины	15	21
харанхуйн	15	30
октавиан	15	16
хомер	15	17
санжаасүрэнгийн	15	24
роуд	15	15
тувад	15	16
ритчи	15	15
дагестаны	15	18
хазара	15	30
шаарийбуу	15	24
хайлаар	15	19
тед	15	21
вьетнамтай	15	15
халифатын	15	19
диор	15	18
тэмз	15	24
мадам	15	22
поляна	15	15
шульц	15	18
тангадын	15	25
иваны	15	15
харди	15	16
аргентинтай	15	17
хамарын	15	22
микронезийн	15	27
тогтохын	15	30
хасын	15	27
фрай	15	17
голаны	15	16
дилов	15	25
чонос	15	28
бодончар	15	21
птоломейн	15	15
түнэл	15	19
мика	15	26
баграмян	15	19
пикассогийн	15	16
максимович	15	16
белгийн	15	15
кутузовын	15	20
диаз	15	15
калвин	15	16
сартаг	15	27
фракийн	15	16
едигейн	15	15
баден	15	16
баптист	15	22
европтой	15	21
кувейтийг	15	16
вальдхайм	15	15
рама	15	17
мальтын	15	19
украинаас	15	20
алонзо	15	20
венецид	15	16
османчууд	15	22
нетания	15	27
огул	15	28
каймиш	15	15
бундесверийн	15	22
ричардс	15	18
мадридыг	15	15
масарик	15	18
воеводина	15	16
орбан	15	25
пастернак	15	17
харлуг	15	21
абулхайр	15	22
испанитай	15	15
туринд	15	15
грэхэм	15	16
чөлөөлөгч	15	24
зэд	15	24
лейбор	15	17
кэйо	15	16
карфагены	15	17
мэйжи	15	19
варвара	15	19
чит	15	20
мирослав	15	24
брандо	15	17
реймонд	15	17
хаусдорфын	15	18
фултон	15	17
паулус	15	17
рабин	15	15
абхазын	15	18
иорданы	15	17
зөвлөлтөөс	15	20
ирвин	15	16
омскийн	15	19
хучар	15	17
кириенко	15	17
сумы	15	22
ямагүчи	15	15
спасский	15	17
царигийн	15	23
галицийн	15	16
чингүнжавыг	15	18
өндөрширээт	15	18
бодров	15	15
лужков	15	16
оле	15	25
тедди	15	23
комаров	15	20
крамер	15	19
нарва	15	17
киссинжер	15	22
йон	15	17
уругвайд	15	20
хатгалын	15	25
эммигийн	15	18
ламбугайн	15	23
венесуэлд	15	15
туполев	15	24
эриксон	15	17
стэнлийн	15	18
влади	15	23
беларус	15	19
салли	15	20
спрингс	15	15
прайс	15	17
харолд	15	21
йоханнесбург	15	19
балканын	15	17
нефертити	15	19
бухарестын	15	18
ланг	15	17
швейцарьт	15	18
сем	15	16
эллис	15	15
холден	15	17
дерек	15	22
оренбургийн	15	15
гуччи	15	20
ослогийн	15	22
лунд	15	19
приднестрийн	15	28
осер	15	18
клерк	15	15
мэйсон	15	20
андрэ	15	28
будапештийн	15	21
лейк	15	17
леннарт	15	24
голда	15	22
муса	15	23
беларусын	15	18
кайпин	15	16
коменский	15	15
барбадосын	15	18
спөрс	15	15
мерц	15	18
кирби	15	24
норгай	15	16
тамсагийн	15	17
эллисон	15	20
ухань	15	17
брин	15	16
галакси	15	17
бернуллийн	15	23
ивуарчууд	15	15
новости	15	19
херенвен	15	21
валентинович	15	15
сталлоне	15	16
айверсон	15	18
менгеле	15	16
ургенч	15	15
бадминтоны	15	24
мбит	15	20
росток	15	20
хива	15	19
хамилтоны	15	18
наху	15	23
өвөрбайгалийн	15	17
хавличек	15	15
алага	15	21
мэлиг	15	19
ханжоу	15	16
пужа	15	15
бачка	15	15
кёнгийн	15	15
даймлерын	15	18
химмлер	15	15
гильермо	15	23
кировоград	15	16
эксо	15	27
чанёол	15	26
сүху	15	20
вердерийн	15	15
тигра	15	18
пирелли	15	21
феттел	15	15
солонгос-ын	15	16
адвайта	15	18
сунак	15	16
оошима	15	20
рокфеллерын	15	29
стрэнжийн	15	15
ковпак	15	17
ашока	14	26
ямаат	14	20
лхагваа	14	20
цэрэндондог	14	20
эрээнцав	14	16
баттөр	14	20
жагварал	14	21
мандалговь	14	19
нэмэгт	14	17
тэрбиш	14	25
энхээ	14	25
алигийн	14	15
пиренейн	14	23
цоросын	14	17
жр	14	16
борхүү	14	17
наваан	14	26
риттер	14	20
кеплер	14	19
тэрэлжийн	14	21
фейнман	14	15
пифагор	14	24
женова	14	19
чагдаржавын	14	18
хаек	14	16
бабур	14	17
жаната	14	15
христийг	14	18
библид	14	22
түркийн	14	19
дешам	14	16
хөлөн	14	20
орда	14	17
этна	14	19
артемисийн	14	21
матиас	14	17
тритон	14	21
перри	14	15
сын	14	22
сталинтай	14	19
сын-ман	14	15
хами	14	15
очиров	14	17
цагаанбаатар	14	27
баатаржав	14	23
маркосын	14	15
кофи	14	20
азиар	14	15
лара	14	21
москватай	14	15
египетчүүд	14	24
поппер	14	18
мендель	14	16
алжирт	14	19
штраусын	14	25
максимилианы	14	14
берлинээс	14	16
горлосын	14	20
хөгнө	14	19
тожоо	14	22
верхнеудинск	14	15
ренуар	14	15
гегелийн	14	23
талибан	14	23
афганистанаас	14	16
гевара	14	15
ганнибал	14	24
львович	14	14
карамзин	14	22
роулингийн	14	26
марли	14	18
бэлгүтэй	14	20
прагад	14	14
харвардад	14	17
парисыг	14	15
людовик	14	19
ватиканд	14	18
лизаг	14	14
клайв	14	15
флоренс	14	18
штернберг	14	15
хаас	14	27
диксон	14	17
питтсбургийн	14	19
даниил	14	19
кремльд	14	15
ангарагийн	14	24
баргажин	14	21
казакстан	14	18
терек	14	15
негев	14	15
бразилтай	14	15
бэйли	14	18
зи	14	18
саша	14	19
кид	14	16
тоби	14	24
нго	14	15
самаркандад	14	16
богота	14	16
вестминстер	14	24
шагдаржав	14	23
биндэръяа	14	26
цэрэндолгор	14	23
калинин	14	17
зөвлөлтийг	14	17
белфаст	14	15
номт	14	27
жүд	14	19
леоны	14	14
ботсвана	14	23
принсипи	14	15
элен	14	15
арцах	14	15
алеппо	14	20
персэд	14	17
банзрагчийн	14	26
мокша	14	19
аляскад	14	14
сахалины	14	15
линус	14	20
янжин	14	20
халхаас	14	25
белорусийн	14	16
дмитриевна	14	14
паула	14	17
парисийн	14	20
португаль	14	25
жаргалтхаан	14	17
гаврило	14	22
кайзер	14	22
гданьскийн	14	18
аристид	14	15
луйжи	14	15
порту	14	18
райс	14	15
густаво	14	20
тобиас	14	22
юндэндорж	14	18
хараагийн	14	15
грейс	14	15
углич	14	15
кнессет	14	22
биньямин	14	18
туск	14	19
лешек	14	23
атлантагийн	14	15
спартагийн	14	15
муаммар	14	17
кёото	14	17
исфахан	14	15
тэмүгэ	14	16
квийнслэндийн	14	16
кэмбрижийн	14	16
калгари	14	22
уимблдон	14	15
филатова	14	19
австритай	14	14
гарднер	14	14
данитай	14	14
туваг	14	16
хендерсон	14	17
малый	14	15
абакан	14	21
алун	14	17
расселийн	14	18
доменико	14	17
дюк	14	14
веракруз	14	15
маяагийн	14	15
годдард	14	18
хүүвер	14	14
корнелиус	14	14
мэригийн	14	14
томасын	14	15
винс	14	15
хаким	14	19
моголистаны	14	22
хүчүлүг	14	21
лапу	14	16
курган	14	26
худуга	14	15
ват	14	17
дорноговийн	14	18
филиппийн	14	19
фёдоровна	14	14
мариинский	14	14
козак	14	21
чуй	14	19
жапаров	14	15
ливоны	14	17
анвар	14	22
рийд	14	17
булганыхан	14	14
такэши	14	14
кац	14	18
хабаровскийн	14	19
оксана	14	18
дашжав	14	15
березовский	14	15
думд	14	16
линн	14	15
беназир	14	22
эстоничууд	14	16
гамп	14	14
вьетнамаас	14	14
россини	14	25
жибзундамба	14	16
монтевидео	14	21
юнь	14	24
флора	14	20
лиу	14	15
даниель	14	18
куинси	14	15
холливүүдийн	14	14
шарай	14	23
тяньаньмэний	14	21
рахманиновын	14	19
хоншу	14	20
зола	14	15
эли	14	18
сокс	14	14
ларс	14	24
антонин	14	17
гайти	14	23
ида	14	15
жошуа	14	20
анхель	14	19
брага	14	14
мексико	14	14
виториа	14	16
гуантанамо	14	20
гинзбург	14	14
перейра	14	14
царское	14	14
максимилиан	14	20
барни	14	17
калашников	14	16
роббинс	14	14
руди	14	20
карлес	14	16
дубна	14	17
кубрик	14	17
рекордс	14	20
монгольской	14	20
шиндлерийн	14	27
зэдуны	14	14
диоклетиан	14	16
вестфалийн	14	21
харбор	14	15
барретт	14	14
шадбал	14	23
рубинштейн	14	21
минейро	14	15
мадридтай	14	14
вэйн	14	15
данеброг	14	14
дино	14	16
чезаре	14	19
морз	14	23
стрийт	14	14
фиш	14	18
ньюарк	14	18
тэтчерийн	14	15
янош	14	21
пиерпонт	14	14
головин	14	18
гибб	14	14
ахматова	14	16
володимир	14	21
нара	14	18
рамирес	14	17
пембертон	14	22
дауни	14	17
уотсон	14	20
бирмингемийн	14	19
зян	14	22
богдод	14	22
хичкок	14	16
пилсудски	14	20
сабха	14	14
даль	14	28
шойгу	14	17
барселонагийн	14	16
саут	14	15
артек	14	21
синди	14	17
сухой	14	17
айвазовский	14	15
плимут	14	16
ноттс	14	15
насьональ	14	16
трофи	14	16
люцерн	14	14
аугсбургийн	14	17
кэрролл	14	18
уэнсдей	14	14
киган	14	15
крус	14	14
найжел	14	17
райхын	14	16
мадрас	14	15
теософийн	14	17
англитай	14	16
онниуд	14	28
ойрадтай	14	16
брондбю	14	16
душанбе	14	20
зонхов	14	19
ботсванын	14	14
в-ийн	14	15
репин	14	22
щелкунчик	14	20
солонгостоо	14	14
третьяков	14	16
клээ	14	14
шигүшидэй	14	16
эно	14	15
олдманыг	14	14
калининградын	14	23
упанишад	14	16
атман	14	26
сарайг	14	14
дашдондогийн	14	19
ади	14	22
сэжун	14	21
сөүлээс	14	18
гир	14	14
хаддерсфилд	14	14
грассхоппер	14	16
бэхбаяр	14	17
жерсигийн	14	14
аталанта	14	18
рамзай	14	14
роснефть	14	16
мерива	14	16
тахарын	14	21
важпи	14	16
бя	14	14
пушкиний	14	26
яблоко	14	15
феллини	14	14
стрэнжийг	14	14
ягеллонка	14	14
клаф	14	24
занабазарыг	13	14
сэлбэ	13	23
доржготов	13	23
юра	13	22
чулуунхороот	13	16
өндөршил	13	22
шаравжамц	13	21
тээл	13	23
рамадан	13	18
карлд	13	13
ландау	13	13
цэрэндаш	13	19
лийдсийн	13	13
бенцийн	13	24
сибири	13	15
тао	13	15
клайпеда	13	16
рабиндранат	13	15
чандра	13	17
катрина	13	18
вайоминг	13	14
тайип	13	13
лилиан	13	16
фарерын	13	16
туркэд	13	17
цислейтанийн	13	13
а-г	13	14
родстер	13	23
кабриолет	13	16
пэн	13	14
лоб	13	15
сяопин	13	13
турфан	13	19
кашгар	13	15
коминтерны	13	18
жанейрогийн	13	13
төвийнхөн	13	18
баяндэлгэрийн	13	14
алехандро	13	24
аннан	13	18
мун	13	14
валери	13	20
нелсоны	13	15
кутаиси	13	14
куанжү	13	15
каннам	13	14
кадлец	13	16
архимед	13	25
харлем	13	13
дондогдулам	13	18
иоханнес	13	16
хайдельбергийн	13	16
долоннуурын	13	19
чулуутын	13	26
тютчев	13	19
тяньжинь	13	21
бакуд	13	13
бурбоны	13	18
локк	13	15
иракийг	13	18
нолан	13	21
франклины	13	18
лес	13	14
нелли	13	17
алеко	13	13
скотиа	13	13
ньюфаундленд	13	14
рыцарийн	13	26
биндэрийн	13	14
завханыхан	13	13
поттэрийн	13	13
шихихутуг	13	16
шиллер	13	22
бэлгүтэйн	13	14
мансур	13	18
бакунин	13	16
санти	13	14
винченцо	13	23
марсел	13	17
кака	13	19
сибирээс	13	14
иммануэл	13	16
кантын	13	20
конгрессоос	13	19
вильхелм	13	15
пеллио	13	17
америго	13	15
арменийг	13	13
адель	13	25
кейнсийн	13	18
хьюндай	13	15
овоот	13	23
америкаар	13	17
скайлер	13	13
розенберг	13	13
ламар	13	17
нанг	13	13
батуми	13	20
ксения	13	16
чонжу	13	14
байдрагийн	13	16
рубен	13	18
банзар	13	20
хангарьд	13	23
хасагт	13	19
наро	13	20
мижидийн	13	21
төвөдөөс	13	19
унгерны	13	15
даланжаргалан	13	15
ашихай	13	20
изабель	13	21
реногийн	13	18
гүржав	13	23
жангарын	13	14
моисей	13	19
штернбергийн	13	13
гриззлийз	13	13
тимберволвес	13	14
визардс	13	13
цицерон	13	17
вальядолид	13	15
сальвадорын	13	15
бахын	13	19
магдебургийн	13	19
индонезид	13	16
фрида	13	18
калдерон	13	13
гринвич	13	14
одессын	13	14
барух	13	20
вилкинс	13	13
ятганд	13	17
магна	13	13
жефферсоны	13	15
фердинандыг	13	13
брянскийн	13	15
врангелийн	13	15
дейли	13	14
кампанелла	13	13
элизабетын	13	16
казакстаны	13	13
чадын	13	25
маврикийн	13	17
сейшелийн	13	22
кей	13	15
кипчакийн	13	20
жоны	13	15
наурызын	13	20
хаменеи	13	15
мазовецки	13	13
буддист	13	20
мельбурнд	13	14
афонсо	13	15
лионы	13	24
карпат	13	13
хмельницкийн	13	16
лумпур	13	13
чёрч	13	13
нестор	13	18
юстиниан	13	23
юинг	13	14
налайхад	13	15
ударник	13	15
финийн	13	25
иоланта	13	14
карель	13	22
оломоуц	13	17
жижка	13	13
дамбадаржаа	13	19
ке	13	16
токаев	13	15
конгын	13	17
кекконен	13	16
приморийн	13	18
атлантад	13	17
рейкьявик	13	17
цөх	13	19
владикавказ	13	15
денни	13	15
интернационалын	13	18
жонсын	13	16
бертран	13	20
филипе	13	15
герхард	13	23
паттерсон	13	13
гургуулынхан	13	13
миллс	13	19
хорезмыг	13	14
артемис	13	19
гүүгл	13	15
финляндын	13	15
петра	13	16
бейбарс	13	14
мэйжийн	13	17
пётрын	13	14
искра	13	14
никатор	13	13
кромвелл	13	13
брэдли	13	19
старк	13	13
фрайбергийн	13	16
ягелло	13	15
брэндон	13	21
токүгава	13	17
крючков	13	19
михайль	13	14
ганаа	13	21
асколи	13	13
хоншү	13	16
барнаул	13	22
сандерс	13	15
түвдэндорж	13	15
ладога	13	16
абижан	13	13
йонас	13	20
андерссон	13	13
вязьма	13	13
стокхольмд	13	13
тонг	13	14
делон	13	14
роуз	13	15
аюурзанын	13	24
сэргэлэний	13	13
хотонтын	13	13
наганогийн	13	14
жоржтауны	13	20
алгуй	13	21
греф	13	16
саакашвили	13	16
уолкер	13	13
милошевич	13	14
инсбрукийн	13	13
шведын	13	25
дэнсмаа	13	22
лукашенко	13	21
камбожийг	13	15
эдо	13	18
катарина	13	16
крейг	13	23
ромеро	13	13
мюзик	13	16
саксони	13	13
пальма	13	13
пулитцерийн	13	16
стивенсон	13	17
луиз	13	13
белградад	13	14
стивенс	13	15
деррик	13	17
киплинг	13	17
хуберт	13	14
нанжин	13	16
синг	13	17
крафт	13	13
кон	13	17
ямайкийн	13	15
ямайкачууд	13	13
лозанн	13	16
штуттгарт	13	13
неолитын	13	24
савой	13	16
фурье	13	20
ме	13	18
уотерс	13	13
оно	13	23
казиногийн	13	26
робсон	13	14
тейлорын	13	15
гиггз	13	19
уотергейтийн	13	19
мальдини	13	13
марсельд	13	13
центр	13	25
суринамын	13	16
звиад	13	17
барбаросса	13	18
иосип	13	18
мишлен	13	15
стокгольмын	13	20
флетчер	13	17
саратовын	13	14
каролин	13	15
вү	13	16
мүүн	13	19
кенни	13	16
тревор	13	18
дрогба	13	14
малколм	13	15
лавров	13	16
кроуфорд	13	17
руж	13	13
одом	13	18
регби	13	26
райхстаг	13	18
морено	13	15
сигизмунд	13	23
бадахшан	13	17
меттерних	13	14
болдуин	13	13
собиески	13	15
бронислав	13	18
сузуки	13	13
окуджава	13	14
брауныг	13	13
виейра	13	14
комиксоос	13	15
хоув	13	13
генгам	13	14
астраханий	13	13
трабзонспор	13	15
альцхаймерын	13	18
ойрд	13	24
тенерифе	13	15
эркулес	13	13
райкконен	13	15
сухарев	13	13
захар	13	13
питерборо	13	16
черногорийн	13	15
ала	13	25
герасимов	13	19
хүлэгийн	13	18
рэйчел	13	21
транссибирийн	13	16
авирмэдийн	13	25
клуж	13	18
юанийн	13	23
насри	13	17
виг	13	13
жанейрын	13	13
ляодун	13	14
лэе	13	17
куйбышев	13	17
кларксон	13	14
севильяд	13	15
феррейра	13	13
майнз	13	14
айвенхоу	13	17
шоугийн	13	14
добун	13	21
руан	13	16
гластонбури	13	14
дэгү	13	15
айчи	13	16
цогзол	13	20
чосон	13	20
гонсалес	13	14
клименко	13	15
аризонагийн	13	22
феттель	13	13
ханддоржийн	13	17
гарина	13	16
сеймд	13	14
вэн	13	15
борхардт	13	15
гуно	13	21
фау	13	14
манхайм	13	15
улаанцавын	13	17
хунан	13	20
шэньян	13	15
каи	13	20
лувсанцэвээн	13	16
дарья	13	23
банат	13	13
осип	13	22
скоша	13	13
данцигийн	13	16
черниговын	13	16
шушкевич	13	17
вауксхалл	13	14
россо	13	13
ууба	13	20
антонович	13	13
монтевердийн	13	21
фокин	13	18
вайда	13	15
потоцки	13	16
капет	13	13
абдуллахыг	13	13
кеннан	13	21
каннеман	13	19
ромерисын	13	13
ковалевская	13	13
носсрат	13	17
шадавын	12	22
хори	12	24
луут	12	18
сартуулын	12	19
шоовдор	12	24
сүүж	12	18
мухаммедийн	12	15
уэйлс	12	15
богдоос	12	19
насантогтох	12	20
сосор	12	18
маяа	12	20
борнуур	12	14
сибир	12	16
риманы	12	20
өрөнгө	12	14
лхүмбийн	12	24
намнансүрэнгийн	12	18
балингийн	12	17
плата	12	12
мальдив	12	23
памир	12	19
персээс	12	14
делид	12	12
сониа	12	17
гор	12	21
давидын	12	19
сион	12	12
сааб	12	13
изинис	12	23
эрзурум	12	12
измир	12	18
режеп	12	16
эрдоан	12	16
астраханийн	12	17
финик	12	20
геродот	12	14
фишерийн	12	16
церера	12	14
шэньси	12	12
югославт	12	12
зүүнбаян	12	14
сумъяабазар	12	20
гилбэрийн	12	18
баруунтурууны	12	13
өпсала	12	15
ашхабад	12	16
тайванийг	12	16
унгараас	12	13
арабт	12	13
мариана	12	20
малер	12	14
беллен	12	12
грегор	12	20
мазепа	12	15
бетховены	12	20
гауссын	12	16
мажиг	12	13
мопассан	12	14
юлиус	12	18
плато	12	15
талибаны	12	19
норфолк	12	15
хайделбергийн	12	12
бүүкер	12	13
бретон	12	14
батистагийн	12	17
гавриил	12	15
равжаа	12	24
бэгзсүрэнгийн	12	18
викторийн	12	14
альфонс	12	15
муулихай	12	17
төмөрийг	12	19
августин	12	14
фэй	12	13
жонн	12	13
бароккогийн	12	18
солон	12	24
стоунз	12	16
нируны	12	16
алтайгаас	12	13
жамухын	12	13
сеута	12	14
цейлон	12	16
эстрада	12	12
даруссалам	12	12
сабах	12	14
детройтын	12	13
эминэмийг	12	13
белая	12	13
конкордиа	12	18
гималай	12	12
даунинг	12	15
зонховын	12	13
вудсын	12	12
шинэжинст	12	17
түйн	12	21
ясная	12	14
ингэт	12	14
бигэрийн	12	15
цэдэндорж	12	19
цүлтэм	12	21
большевикийн	12	17
дарамын	12	20
британника	12	24
ромтой	12	13
шамбалын	12	15
афганчууд	12	14
бурса	12	15
барбуда	12	14
гексагональ	12	17
хрущёвын	12	14
левант	12	16
санжжав	12	16
дондовдорж	12	13
марз	12	21
батист	12	12
наушки	12	20
фрайберг	12	14
бахайн	12	18
спарс	12	12
пиппен	12	12
харпер	12	15
клиффорд	12	15
режжи	12	12
сиракуз	12	14
резерфорд	12	16
рай	12	16
антоновын	12	16
василевский	12	18
брюссельд	12	14
эльбрус	12	17
гриффит	12	20
ваймар	12	16
екатеринагийн	12	12
геббельс	12	12
зүчийг	12	12
ширнэндамдин	12	19
кларенс	12	17
тимофеевич	12	12
висбаден	12	13
хаббл	12	20
францийн	12	19
лайн	12	15
сүзүки	12	15
бернхард	12	14
дюрер	12	14
дарлигин	12	20
ханхөхий	12	15
айсингиоро	12	15
жя	12	13
хайлааст	12	16
танганьика	12	18
занзибарын	12	17
тасман	12	14
константины	12	13
жалутын	12	12
калита	12	14
цион	12	13
мисир	12	12
фарс	12	14
манфред	12	14
каирт	12	12
балучистан	12	12
ромоос	12	15
сауд	12	13
копенгагены	12	14
андаманы	12	19
наварра	12	15
кортес	12	13
туркестанд	12	14
саума	12	14
илюмжинов	12	14
афродита	12	18
иль-де	12	15
галлийн	12	17
хименес	12	12
крузо	12	12
карачи	12	21
найроби	12	23
сербийг	12	15
бегин	12	13
виллиамс	12	14
картерын	12	13
луо	12	13
ийст	12	12
венус	12	17
чехословакийг	12	13
шкода	12	14
печ	12	17
англикан	12	15
меган	12	18
кэти	12	22
бердымухамедов	12	12
альбертын	12	13
канберрагийн	12	19
нассаугийн	12	13
тара	12	19
эдмонд	12	12
позднеев	12	23
канзасын	12	16
кеннел	12	12
батсүмбэрийн	12	12
доу	12	17
добу	12	13
сахаров	12	13
ханай	12	17
одри	12	15
отчигин	12	24
финикийн	12	16
грантын	12	15
этүгэн	12	22
ариел	12	18
азиз	12	17
абрамович	12	14
итцагийн	12	12
стефано	12	13
чаплинд	12	12
ататүрк	12	13
пий	12	12
миссиссиппи	12	15
каганович	12	16
наполеонд	12	13
замбийн	12	21
канны	12	13
иствүүд	12	12
родригез	12	12
ханнибал	12	19
ромчуудыг	12	14
спортс	12	15
симбирск	12	13
плеханов	12	15
стара	12	12
африкчууд	12	14
куан	12	13
мариус	12	13
чуйков	12	20
пауэлл	12	15
карлтон	12	14
макаод	12	12
доржханд	12	17
хороогоор	12	19
мохандас	12	15
гандиг	12	15
харангын	12	15
энрико	12	17
цинциннати	12	14
романович	12	12
монж	12	16
аясын	12	14
фредди	12	16
чойбалсаны	12	14
могодын	12	12
дорнодынхон	12	12
подстамын	12	12
мишел	12	17
сато	12	14
дьюк	12	17
булгаковын	12	18
сергеевна	12	12
жанчхүү	12	12
туран	12	13
блэр	12	15
мишустин	12	12
николайн	12	15
фрост	12	14
смоктуновский	12	13
слободан	12	14
алина	12	18
алиевын	12	12
баттиста	12	12
луанда	12	17
гандантэгчинлэн	12	14
пил	12	13
распутин	12	13
сатурны	12	12
боткин	12	17
тургенев	12	14
гранпри	12	23
моор	12	13
капитолын	12	12
шейн	12	17
пейж	12	14
стефани	12	12
хьюс	12	13
бинг	12	12
сантиаго	12	12
македонийн	12	12
деметриус	12	15
аляск	12	20
эскобар	12	15
венустиано	12	12
арлингтон	12	12
уолкотт	12	14
брандт	12	12
эмилиано	12	13
дойл	12	12
блаттер	12	12
кейн	12	13
брагг	12	14
берти	12	21
форбес	12	14
фүкүшима	12	13
воронежийн	12	14
йоан	12	14
браво	12	24
мюррей	12	15
каталонийн	12	15
айовагийн	12	14
юнайтедын	12	13
уппсала	12	15
натали	12	16
коломбо	12	17
мистер	12	19
вадуц	12	17
мюнстер	12	15
кеничүүд	12	12
хайнань	12	14
буллок	12	12
пловдив	12	15
шави	12	13
цэгцгийнхэн	12	12
режина	12	13
ливерпуль	12	14
амеркийн	12	21
эньлай	12	12
юри	12	13
бугатти	12	17
симмонс	12	16
меригийн	12	14
цукерберг	12	14
маастрихт	12	13
артурын	12	15
вега	12	12
аманда	12	16
карпентер	12	13
леланд	12	20
байдены	12	12
рояал	12	14
леонов	12	13
наньжин	12	17
корк	12	14
пехлеви	12	12
левада	12	14
тинто	12	13
гётеборг	12	18
жарвис	12	12
ицхак	12	22
пател	12	16
монтеверди	12	24
далтон	12	13
готье	12	12
арсен	12	20
нэш	12	16
харден	12	15
соломин	12	12
ришар	12	13
кусто	12	16
зингер	12	16
украинка	12	12
бетис	12	12
ширер	12	13
тайлор	12	15
бил	12	23
аллисон	12	17
кроу	12	14
пэт	12	13
магуайр	12	13
фристайлийн	12	16
тунляо	12	14
рао	12	16
баллак	12	14
мёнхенгладбахын	12	17
анжи	12	15
словакчууд	12	15
нанси	12	12
вуд	12	14
папыг	12	13
равжир	12	24
ука	12	14
барнсли	12	13
эмполи	12	12
витесс	12	12
эльдар	12	18
лейкерсийн	12	13
лухан	12	15
крузейро	12	17
славиа	12	15
уллевол	12	13
гүржавын	12	23
жумаг	12	15
уиллисийн	12	12
молон	12	17
ренцо	12	22
а-ийн	12	13
хужанд	12	14
эрдэнэдалайн	12	12
карлсен	12	13
базелийн	12	17
аламосын	12	12
мандарин	12	19
дэвисон	12	12
караганда	12	12
юаний	12	15
янгон	12	21
борисовна	12	12
эсэхү	12	13
амарсанаагийн	12	16
юрьевич	12	12
шиньжү	12	15
хельсингборг	12	14
трусевич	12	16
балакин	12	14
мандана	12	19
ладены	12	12
сталинградыг	12	14
дубчек	12	16
галуагийн	12	16
сеймын	12	15
дао	12	15
жагаа	12	12
бохай	12	13
хөвөөт	12	22
нилл	12	16
гумилёвын	12	16
кпоп	12	13
цэдэнсоном	12	15
крафтын	12	14
реап	12	12
сием	12	17
всеволод	12	22
мандельштам	12	13
эминэм-ийн	12	12
нэшнлз	12	12
хантингтон	12	16
трансфермаркт	12	12
шалькегийн	12	12
фресно	12	14
леонора	12	17
даманский	12	15
рэндалл	12	16
иериг	12	18
чобаны	12	17
фомвихан	12	18
кожон	12	16
павловна	12	12
гудын	12	13
хайфад	12	18
дазайн	12	13
каляев	12	12
амати	12	12
ваалсын	12	12
гончаров	12	16
герцен	12	18
пирогов	12	14
хилбертийн	12	17
халкийн	12	14
всесоюзного	12	12
сидор	12	23
майклын	12	15
пезешкианы	12	21
леся	12	20
фрийдланд	12	15
ямал	12	15
уранцэцэг	11	18
чимгээ	11	19
адилбишийн	11	19
будын	11	22
жигмэд	11	16
чингэл	11	13
өмнөговийн	11	17
хяргасын	11	11
хануйн	11	12
адамын	11	16
галл	11	18
эмманюэл	11	13
викимедиа	11	17
түвдэд	11	14
ерөөгийн	11	11
найралт	11	14
өвөрхангайнхан	11	11
элбэгдоржийг	11	12
аюур	11	20
боржигины	11	16
веспуччи	11	11
кейнс	11	13
хөхөчү	11	12
евразии	11	11
тататунга	11	13
хөлөнбуйрт	11	11
фильдсийн	11	16
казахстанаас	11	12
фабиан	11	19
нордикийн	11	13
марвин	11	17
нагар	11	14
пэгжэ	11	16
ювентуст	11	11
бишоп	11	19
сикстиний	11	14
сет	11	19
легницийн	11	17
куман	11	20
сарайд	11	12
тохта	11	17
тора	11	17
родосын	11	15
каролины	11	16
сений	11	11
ладакх	11	16
евроазийн	11	16
толуйн	11	11
могул	11	17
нол	11	11
тани	11	12
константинос	11	17
пүрэвбаатар	11	13
пагмадулам	11	22
дресдений	11	12
лиссабоны	11	14
наранцацралт	11	15
берт	11	14
виржиний	11	13
эри	11	12
сараевогийн	11	12
сын-мань	11	11
самсон	11	15
лха	11	17
элба	11	12
уэлсийн	11	11
чойбалсанд	11	15
шуберт	11	19
алфред	11	20
гюго	11	16
арман	11	14
лагранжийн	11	17
наяа	11	17
чорос	11	13
вашингтоныг	11	13
алтанцөгц	11	17
рабфак	11	17
дорны	11	20
ренчин	11	21
филадельфид	11	13
герберт	11	14
канадаас	11	13
жуковский	11	16
бахчисарайн	11	14
чойжи	11	12
матадын	11	11
шэлүнь	11	17
дайдуг	11	11
аюушридар	11	17
галданд	11	11
электорат	11	13
сэмбийн	11	16
сикким	11	17
литовын	11	12
симеон	11	11
ирландыг	11	11
сүхийн	11	14
ихирэс	11	13
фредрик	11	19
коэнзим	11	19
толкины	11	16
орду	11	13
хүлэгүг	11	11
ульм	11	12
гвинейд	11	11
кавказыг	11	13
нино	11	16
пласидо	11	17
жосеф	11	11
ронни	11	15
парф	11	12
оклэндийн	11	15
анжелесийн	11	11
хемингуэй	11	12
сервантес	11	21
чахундоржийн	11	11
селтиксийг	11	11
жорданы	11	12
бреттон	11	14
пүрвээ	11	21
леонидович	11	11
маастрихтын	11	14
зиновьев	11	14
биллбоардын	11	12
сократыг	11	19
афинчууд	11	22
невис	11	12
международная	11	15
зээгийн	11	14
дамдинжавын	11	20
гэлэгсэнгэ	11	17
селфриж	11	13
этиопийн	11	13
египеттэй	11	13
майдарын	11	14
белосток	11	17
сорокин	11	14
кармел	11	17
манзуширын	11	16
скотти	11	14
зальцбургийн	11	13
болонийн	11	15
птолемейн	11	18
мекленбургийн	11	13
карно	11	13
чао	11	15
ленинградаас	11	13
хрущев	11	18
беловежийн	11	12
ричи	11	15
славуудын	11	13
шведийг	11	11
освальд	11	14
милл	11	15
тухачевский	11	18
бериягийн	11	22
түвшинширээ	11	15
уэтерфорд	11	13
плехановын	11	15
жен	11	12
семипалатинск	11	13
патрисио	11	13
сава	11	13
сартуулыг	11	12
пу	11	19
уорд	11	12
ятсен	11	11
черненко	11	15
молом	11	18
германчуудад	11	22
елисейн	11	12
хойдын	11	21
лавран	11	12
габоны	11	13
зүүнбүрэн	11	14
полинез	11	14
элиас	11	16
глеб	11	16
мамлюкуудтай	11	13
с-ийн	11	20
хятаны	11	14
байжу	11	17
курдистан	11	12
моше	11	16
миешко	11	17
кор	11	12
перикл	11	19
абель	11	21
таиланд	11	12
каталони	11	16
абахагийн	11	16
транснистр	11	12
закарпат	11	12
ющенко	11	12
евромайдан	11	13
донбасс	11	15
раббан	11	19
амман	11	18
франциск	11	12
франсын	11	11
каирын	11	13
аден	11	13
тосканагийн	11	11
виндзорын	11	12
жанейрод	11	11
авив	11	11
айленд	11	12
беллами	11	17
петтит	11	12
жавагийн	11	16
флавиус	11	13
толедо	11	14
дамбийн	11	22
печора	11	12
таймырын	11	13
эльба	11	13
хавел	11	14
пёньян	11	12
турку	11	20
урхо	11	15
вила	11	11
гэйтс	11	12
ермак	11	14
самаранч	11	15
пальмов	11	11
республика	11	20
вилхельм	11	11
блү	11	11
хоакин	11	14
полгар	11	11
громыко	11	20
каддафи	11	13
арафат	11	13
оппенхаймер	11	11
яллагдсан	11	16
юкатан	11	12
унгернийг	11	12
сержио	11	13
ахеменидын	11	14
уэбб	11	15
кистоун	11	16
жиоржиа	11	14
марлон	11	17
брайен	11	11
прабанг	11	11
ен	11	14
мүгдэн	11	12
мони	11	11
падуа	11	18
агра	11	19
ямамото	11	18
квентин	11	14
оттогийн	11	14
жимснүүд	11	18
бхарат	11	12
ратна	11	11
селевкийн	11	11
тайзун	11	12
максимус	11	11
монаш	11	17
батори	11	11
мэгжид	11	16
тэмүжинийг	11	13
макаог	11	14
гоа	11	16
жозе	11	17
дундговийн	11	15
гандигийн	11	13
филармони	11	17
исмайл	11	12
афганистаныг	11	15
ферми	11	17
брауншвайг	11	15
гёттингений	11	11
агваансамдангийн	11	14
гректэй	11	11
агнес	11	14
ломе	11	15
жералд	11	14
нгум	11	11
могилёв	11	15
донг	11	13
архангайнхан	11	11
халхголын	11	17
баянбараат	11	11
айтматов	11	18
пиза	11	13
кубыг	11	12
аддис	11	13
киевын	11	14
пугачёв	11	14
глория	11	11
путинд	11	11
литвиненко	11	12
чарльзын	11	12
пугачёва	11	12
чарльзыг	11	12
прасад	11	13
ушаандар	11	15
греноблийн	11	13
пац	11	12
улаанцав	11	12
могилев	11	11
цыши	11	12
монтини	11	11
пьерр	11	11
гашуунсухайт	11	13
чулуунбаатарын	11	22
биллборд	11	16
конт	11	13
есүнгэ	11	15
шрёдингерийн	11	12
дейвис	11	11
экспресс	11	18
нилс	11	13
лоди	11	17
маус	11	12
алойс	11	11
ньюман	11	12
мариано	11	13
фромм	11	17
линдберг	11	13
мау	11	12
мирза	11	19
казан	11	15
бутрос	11	14
йонг	11	11
ориноко	11	18
уланова	11	12
адольфо	11	11
фредерикийн	11	12
худини	11	12
гаррос	11	11
суарез	11	11
викториано	11	12
ят	11	12
вердунийн	11	11
шварц	11	13
чехословакын	11	16
жулиан	11	18
донбассын	11	11
виннипег	11	12
квебекийн	11	15
дарби	11	12
клаудио	11	18
висконсины	11	11
нерчийн	11	15
мессигийн	11	11
дахомей	11	16
элла	11	12
гвадалахара	11	13
бовуар	11	11
аюурбарбад	11	18
төгстөмөр	11	12
евгеньевич	11	11
никитич	11	11
алунгоо	11	15
парсонс	11	15
ноу	11	12
марадона	11	13
гуардиола	11	13
неймар	11	13
сиро	11	12
осасуна	11	12
транснистрийн	11	15
бессараби	11	12
ямагата	11	13
арктик	11	16
поляков	11	15
миддлтон	11	11
пэйн	11	12
маттео	11	14
кабо	11	14
бюрен	11	11
гровер	11	13
хосни	11	12
хиггинс	11	12
кендалл	11	11
ребекка	11	12
жермейн	11	22
вале	11	15
кавендиш	11	12
ушинский	11	15
кассиус	11	13
бата	11	13
бирмын	11	17
нейт	11	13
мигел	11	13
бергер	11	12
маркосыг	11	11
барбера	11	11
ватерлоо	11	16
левинсон	11	11
камилла	11	12
живаго	11	15
агасси	11	11
иоахим	11	14
данст	11	11
таль	11	16
паттинсон	11	18
кадар	11	13
надя	11	11
депп	11	11
борисов	11	13
ченнай	11	13
лампард	11	13
януш	11	18
холливуд	11	14
ассанж	11	14
блан	11	11
тажикстан	11	12
валенсиад	11	11
йена	11	11
лү	11	11
луиш	11	15
уругвайчууд	11	11
хошимин	11	13
спилбергийн	11	15
интернасьонал	11	16
уэмблийн	11	11
яго	11	16
скоулз	11	19
челсид	11	11
сильвестр	11	14
олажьювон	11	12
пэйтон	11	14
хамилтоныг	11	11
бенни	11	18
швейцари	11	15
йога	11	21
дуйсбург	11	12
дорлигжав	11	18
уинслет	11	11
болоньягийн	11	12
гетта	11	12
хатунхай	11	11
үүшин	11	15
о-де	11	17
баттогтох	11	21
росберг	11	13
рокетст	11	12
трубадур	11	13
иосифович	11	11
гафт	11	12
ньепс	11	13
пэгсан	11	11
жэйми	11	22
чимбай	11	15
тобагийн	11	21
капаган	11	17
оспаныг	11	13
хөхтөмөр	11	15
нэлсон	11	13
девон	11	12
хэмпшир	11	12
мазови	11	13
клэптон	11	14
котов	11	15
амдо	11	11
кэйжийн	11	16
лагерфелд	11	13
пальмас	11	11
хурлатын	11	13
путистин	11	15
свиридовский	11	13
гончаренко	11	15
рух	11	13
бордогийн	11	12
чонжү	11	15
саутхемптонд	11	11
блэйзерсийн	11	11
караян	11	11
даянбүүвэй	11	12
берголио	11	13
мэрсээ	11	20
алайн	11	13
түндэвийн	11	15
цвейг	11	13
китаем	11	11
загарай	11	14
адмон	11	15
эллингтон	11	11
никст	11	12
спрингфилд	11	11
бине	11	13
лечче	11	11
ийд	11	21
лазан	11	11
сиракьюс	11	14
уоттс	11	11
комсомол	11	17
магомаев	11	22
саприсса	11	16
рюсселсхаймд	11	11
ситроэн	11	15
антара	11	15
агила	11	13
алтани	11	13
михаэлийг	11	11
феррарид	11	12
юйвэнь	11	22
трожанууд	11	12
филдсийн	11	11
айбек	11	16
алти	11	11
мазерати	11	19
форс	11	11
хиро	11	13
тайр	11	11
штайнвег	11	12
зюсмайер	11	11
миколас	11	17
анжэй	11	19
нетанияд	11	11
каллас	11	11
рустад	11	11
стармер	11	12
манегийн	11	12
херцль	11	12
мигжэд	11	19
ильф	11	16
газпромын	11	13
сеченов	11	12
ухтомский	11	12
корнуолл	11	11
зименс	11	12
один	11	20
асгард	11	11
таносын	11	15
центрального	11	12
кум	11	13
бускареллус	11	12
форестууд	11	15
кийосаки	11	15
сэрдамба	10	11
сэгс	10	13
лувсанбалдан	10	15
цэвэл	10	19
адьяа	10	19
мөнхчулуун	10	19
жүгдэрнамжил	10	14
ловон	10	18
харлаг	10	11
мянгадын	10	16
бодонч	10	10
тээлийн	10	17
халзангийн	10	12
нидерландтай	10	10
бастилийн	10	15
антантын	10	11
бумбын	10	20
монголоо	10	15
важраяна	10	12
суданд	10	15
брүүк	10	12
таацын	10	11
янжинлхам	10	17
сумьяа	10	19
заамарын	10	10
түвдэн	10	13
бортал	10	14
мангуд	10	15
улзын	10	10
буриадыг	10	15
восточной	10	19
архимедын	10	20
мэндсайханы	10	16
люблины	10	12
рикогийн	10	10
гупта	10	14
манмохан	10	13
филипс	10	12
чейни	10	10
амбагян	10	13
ганжуурын	10	16
намхайжамц	10	10
мефодий	10	10
матай	10	14
лук	10	14
американ	10	11
роналдо	10	13
иудей	10	20
эдигугийн	10	10
литваас	10	10
карфаген	10	14
балеарын	10	13
корсика	10	15
гизагийн	10	19
декарт	10	18
лейбниц	10	12
фридманы	10	14
стейт	10	11
пе	10	17
тогоонтөмөрийг	10	11
зүүнгарыг	10	12
ойрадуудыг	10	19
мюнхены	10	13
коминтерн	10	17
читад	10	10
марков	10	13
пагма	10	16
вильгелм	10	10
хоккайдогийн	10	11
мексиктэй	10	10
няцаагч	10	14
апеннины	10	13
вануату	10	19
цин	10	11
мара	10	10
шиллагийн	10	10
курёгийн	10	14
хёньдэ	10	10
хунам	10	10
лиз	10	13
шуман	10	17
шуманы	10	12
хотула	10	13
эрдэнэзуу	10	15
жарантайн	10	18
эвэртэн	10	10
байрон	10	16
камиль	10	13
вүүд	10	10
талибанчууд	10	16
аргентинийн	10	18
кирибати	10	18
брабант	10	10
францчуудын	10	20
ассемблейд	10	16
канадыг	10	11
модест	10	16
чойном	10	20
кэтлин	10	13
поттерийн	10	10
хогвартс	10	17
гуд	10	13
атеизмын	10	11
гали	10	18
вертерийн	10	10
рязанийн	10	13
васнецов	10	13
кришна	10	15
эрлэг	10	20
эней	10	11
лермонтов	10	18
лейден	10	11
жоржио	10	13
бест	10	13
иранчууд	10	16
ляодуны	10	10
тайчуудын	10	18
киншаса	10	13
вермахт	10	15
кавказаас	10	10
ильхам	10	14
хачатурян	10	17
спирит	10	12
паваротти	10	11
таксин	10	12
глориа	10	13
брунейн	10	12
энни	10	12
жэйд	10	10
клейр	10	10
слим	10	11
дэйли	10	13
левин	10	12
гага	10	11
ортиз	10	10
дык	10	10
мирзиёев	10	11
хивын	10	14
паркт	10	19
магдалена	10	14
клинтоныг	10	10
бостонд	10	11
мурын	10	13
казаний	10	12
байконур	10	15
хамил	10	16
ойрадуудын	10	20
сэнгийн	10	17
даблин	10	10
балжир	10	14
баянбулагийн	10	12
баянхошуу	10	13
ганимед	10	11
твен	10	10
флоридад	10	10
азаргын	10	13
сономпил	10	11
бавуужав	10	17
инк	10	11
сталинизм	10	12
антверпений	10	14
грекээс	10	12
түркмен	10	16
абуху	10	15
челленжер	10	13
трент	10	11
гильбертийн	10	11
овоотын	10	12
ононгийн	10	15
базарсад	10	17
баянхангай	10	17
готын	10	11
мальдивын	10	16
кубаас	10	11
рус	10	12
шумер	10	18
дамаскийг	10	10
дамбий	10	16
номгоны	10	12
загастайн	10	13
галданцэрэнгийн	10	12
жейкоб	10	13
эммануэл	10	11
линней	10	17
карпов	10	10
ботвинник	10	16
хархорумын	10	11
севентисиксерс	10	10
централ	10	12
антикийн	10	14
гринвичийн	10	12
реквием	10	18
элбэ	10	10
хотогойд	10	11
зеландыг	10	10
евразид	10	13
будённый	10	16
жуковыг	10	12
брежневийн	10	13
төгсбуянтын	10	14
зулу	10	14
маклеод	10	15
айзенах	10	20
лексингтон	10	10
жаха	10	13
сорхагтани	10	14
быков	10	16
азов	10	11
и-гийн	10	11
гертруда	10	10
соколов	10	14
маха	10	20
даунс	10	11
принцип	10	12
арчер	10	12
сириус	10	10
галапагосын	10	17
эксон	10	10
больщевик	10	13
болл	10	10
тициан	10	13
магдебург	10	13
эйзенхауэрын	10	10
жиан	10	13
манал	10	13
хаянхирваа	10	14
фасогийн	10	10
түнхэл	10	17
маоригийн	10	15
шибан	10	17
хызр	10	13
жанибек	10	16
мавераннахр	10	15
хорезмд	10	11
тэкүдэр	10	14
сицилид	10	11
сефевийн	10	12
эсфахан	10	19
ассирын	10	11
македони	10	11
саул	10	12
мицкевичийн	10	13
ананда	10	19
виши	10	14
приднестр	10	15
кравчук	10	12
кучма	10	13
винер	10	11
эдвардс	10	10
аляскийн	10	10
бишкекийн	10	10
аригбөхтэй	10	10
ориент	10	10
манхаттан	10	10
ласло	10	16
робинзон	10	14
хитэд	10	11
ховардын	10	11
вайсс	10	13
венето	10	10
евангелийн	10	13
алтайг	10	10
римини	10	10
коузи	10	10
лүнгийн	10	10
жаггер	10	10
брайнт	10	10
степановна	10	10
баренц	10	10
эйндховен	10	12
ангела	10	16
корасон	10	11
озава	10	15
хельсинкид	10	10
катунь	10	12
шонхрын	10	14
калгарийн	10	12
харальд	10	12
исландад	10	15
мексикээс	10	10
кирсан	10	13
якутск	10	14
кадыров	10	10
мишигийн	10	18
фигарогийн	10	14
робби	10	17
хачиун	10	12
аугусто	10	15
украинтай	10	11
тэйлорын	10	15
ясир	10	13
вита	10	12
уэллс	10	10
эхуд	10	12
гондурас	10	14
гонзало	10	10
клайд	10	12
смитсоны	10	16
резухин	10	10
чичэн	10	20
селевкидийн	10	11
лидийн	10	16
хэсүүлч	10	15
форман	10	11
эдна	10	12
гитлерийг	10	12
нат	10	16
станбул	10	11
касьянов	10	17
докуз	10	16
агустин	10	12
андоррын	10	11
тарзан	10	19
лукасын	10	10
мэйжигийн	10	13
ниро	10	10
трэйси	10	10
жэйсон	10	19
каплан	10	12
македоныг	10	12
акко	10	14
македончууд	10	16
брук	10	11
норрис	10	12
ролан	10	15
плоцк	10	11
үлүг	10	15
ниагара	10	20
хубилайд	10	12
шизүока	10	10
чонынхон	10	11
константинополийн	10	15
язов	10	13
ельцины	10	15
камертоны	10	10
исмэл	10	13
гүдэн	10	16
тирана	10	13
теодосий	10	10
тронхейм	10	12
липецк	10	15
булсара	10	19
сантын	10	10
нельсоны	10	10
өнөболд	10	15
ихтамирын	10	10
тулгаа	10	18
батноровын	10	10
баттон	10	15
дайана	10	11
жиньтао	10	10
нямбуу	10	19
чингэс	10	13
алимаа	10	18
красный	10	10
фрадков	10	11
шрёдер	10	11
рибери	10	14
марианна	10	12
гиорг	10	10
рохас	10	14
алек	10	15
сөнөдийн	10	12
лиллехаммерын	10	10
гренобль	10	15
инсбрук	10	13
черчиль	10	15
берни	10	11
руссос	10	10
патрис	10	13
информатикч	10	10
лотус	10	12
финиксийн	10	11
тянь	10	16
ёо	10	15
войт	10	10
иоханы	10	13
бэкон	10	13
аврелий	10	10
датун	10	10
мори	10	19
медисон	10	10
скүэр	10	11
кребс	10	12
нури	10	11
доусон	10	10
олаф	10	15
саксонийн	10	11
вегас	10	10
везуви	10	16
брентфорд	10	10
трубецкой	10	10
кадиллак	10	11
плутон	10	14
сельма	10	10
пауль	10	16
траффорд	10	10
норд	10	13
лашло	10	10
каннингем	10	13
призрен	10	14
бей	10	11
жонстон	10	14
сикорский	10	11
бланко	10	10
йенс	10	16
моралес	10	10
ливорно	10	11
ингрид	10	15
бергман	10	12
пиаф	10	10
альдо	10	15
эллиотт	10	10
лисийн	10	10
хессийн	10	12
братислава	10	10
хенсон	10	10
алмейда	10	10
лессинг	10	11
мендоза	10	15
хашек	10	11
житомир	10	14
дидро	10	14
арканзасын	10	11
дион	10	13
канагава	10	12
жоржиагийн	10	13
дрю	10	15
неругийн	10	12
хаджи	10	15
боливарын	10	11
мадурогийн	10	12
гиннессийн	10	12
саундерс	10	12
иден	10	10
дакар	10	11
нямгаваа	10	14
лхасүрэн	10	20
өрөвтасынхан	10	10
шварценеггер	10	11
симона	10	16
хархуцаг	10	12
гас	10	19
стокпорт	10	10
түнжүүрийнхэн	10	10
вероника	10	10
гоген	10	11
ниццагийн	10	10
барселонаг	10	11
озборн	10	10
карлсруэгийн	10	11
керри	10	13
макаров	10	11
дулдуйтын	10	13
сильва	10	12
мендес	10	10
верде	10	10
костнер	10	12
туркийг	10	11
голги	10	13
холли	10	14
космос	10	14
бернулли	10	13
бернийн	10	11
тиффани	10	18
вей	10	10
беатрис	10	11
лобачевский	10	10
сонг	10	11
терешкова	10	11
бэн	10	11
рязанов	10	10
рейна	10	11
жой	10	10
рэнэ	10	14
спайк	10	15
лотар	10	12
альба	10	10
гутьеррес	10	11
марсын	10	15
лиан	10	14
рүүни	10	12
гречко	10	11
тим-ийн	10	20
армандо	10	13
палмер	10	10
гера	10	13
жакомо	10	17
сабонис	10	12
хепбёрн	10	12
соннам	10	13
нарендра	10	16
фримен	10	11
лорка	10	13
корчной	10	12
булат	10	17
манханы	10	17
фицжеральд	10	11
оракл	10	20
кэрол	10	14
димитров	10	11
аджани	10	13
фидес	10	13
кастильо	10	10
чарлз	10	12
крайский	10	11
фибоначчийн	10	13
туан	10	12
краковыг	10	10
чарити	10	12
касильяс	10	11
армстронгийн	10	11
бабуша	10	14
яньтөмөр	10	14
говоров	10	13
мерецков	10	18
мелани	10	16
малиновский	10	14
виолетта	10	16
осборны	10	12
ильюшин	10	14
сэнт	10	11
харбины	10	11
дайан	10	20
словений	10	12
уивер	10	10
айви	10	10
хубилайг	10	11
барулас	10	18
чендлер	10	13
рэд	10	12
конгочууд	10	10
панов	10	12
шарлотта	10	11
дирак	10	15
суиндон	10	11
бавариа	10	16
гельзенкирхен	10	10
црвена	10	15
уруд	10	13
кэхилл	10	12
гвинет	10	12
соня	10	13
пьяченца	10	10
снукерийн	10	12
хван	10	11
русенборг	10	13
смитийг	10	10
балган	10	20
примаковын	10	16
тулаантай	10	16
рочестер	10	10
монгуш	10	15
гун	10	17
семенов	10	13
цайс	10	10
баччан	10	10
костюшко	10	10
масхадов	10	12
египт	10	18
кори	10	16
жирардо	10	12
мөнххааны	10	10
ланд	10	19
аллений	10	10
жолоодлогот	10	15
улаанхүүгийн	10	12
абахай	10	10
тэнгэризм	10	20
киргизүүдийн	10	18
норвег	10	17
сянь	10	13
илл	10	13
утай	10	14
сыма	10	18
чечен	10	13
серов	10	13
уандер	10	10
кокто	10	11
роттердамын	10	13
чарлес	10	13
күин	10	11
смайлэй	10	13
митя	10	14
понти	10	10
ежов	10	15
барилгачдын	10	20
тэгү	10	16
шэньжэнь	10	14
кенешийн	10	10
кузьменко	10	12
коротких	10	10
цвикау	10	10
делсон	10	11
хянганд	10	12
канвонийн	10	11
шиань	10	11
валле	10	12
эвклидийн	10	17
сантус	10	10
агнесса	10	12
цогийн	10	14
дожоодорж	10	18
гэрлээ	10	14
галуа	10	13
шуйский	10	13
иньжу	10	13
моссад	10	16
баянхонгорынхон	10	10
хендэлийн	10	15
симферополь	10	12
рубик	10	15
риу	10	10
сэндберг	10	13
гэрэлмаа	10	16
урге	10	10
тёрнер	10	11
иллинойсын	10	12
форестийн	10	14
шиүмин	10	17
латтис	10	16
алексе	10	15
ярыгин	10	10
кишинёв	10	16
энри	10	17
айзея	10	19
монкриф	10	10
коуэнс	10	10
лейкерст	10	11
монк	10	14
импекс	10	15
льюисийн	10	12
боруссиад	10	10
халкын	10	12
вольфсбургт	10	15
аустриа	10	11
чемпионат	10	10
ярославлийн	10	11
ламин	10	13
гройтер	10	10
баяндуны	10	10
шагдаржавын	10	18
уссури	10	13
раббер	10	10
алалтун	10	13
хартман	10	12
шаргалжуут	10	16
аяако	10	11
таванхан	10	10
увснуур	10	10
сорбон	10	10
күүпэр	10	13
палладий	10	18
күчек	10	10
хутулун	10	19
хорьдол	10	14
гуру	10	17
нажиб	10	13
блинкен	10	11
нортхэмптон	10	10
любимов	10	10
казимирын	10	11
шилоах	10	13
ринбүүчий	10	11
фулбрайтын	10	13
вэнс	10	11
зурабишвили	10	13
кернберг	10	15
вьетминий	10	10
маделунгийн	10	11
раимон	10	11
спекторыг	10	10
мефисто	10	11
латин-хэл	10	10
буршик	10	11
цэнгүүнжав	10	10
цээгий	10	10
арагчи	10	10
меерсон	10	10
стубб	10	12
санжеев	9	17
мөнхзул	9	14
тауэр	9	13
тэрх	9	12
дарма	9	13
сономбалжирын	9	11
баянзаг	9	11
загдсүрэн	9	16
дамиран	9	16
анкарагийн	9	10
прованс	9	10
нормандын	9	12
туркээс	9	11
цэрэнжав	9	14
зоргол	9	15
евклид	9	13
нинтендо	9	10
харгол	9	14
цинхай	9	10
маккензи	9	14
ист	9	10
хашим	9	10
ромчуудад	9	12
триест	9	14
шунхлай	9	16
пёнъян	9	14
ульрих	9	12
громов	9	14
пуанкарегийн	9	11
алтанзул	9	18
сүнжидмаа	9	14
үйтүмэн	9	16
жаргаагүй	9	10
сапармурат	9	16
с-д	9	15
ленни	9	10
лай	9	17
мүнь	9	13
грекүүд	9	14
австрийг	9	10
дорнодоос	9	12
иво	9	10
карлосын	9	10
брамс	9	11
пьетро	9	12
веберийн	9	13
гочоо	9	12
хоолт	9	11
феодор	9	10
керей	9	16
сэрэлт	9	16
мадейра	9	12
менделеевийн	9	11
сасаны	9	12
ирантай	9	12
узбекистантай	9	10
хорасаны	9	10
захир	9	11
масуд	9	13
кидман	9	11
пугачёвын	9	14
лувсаннамсрайн	9	12
егор	9	15
интеркосмос	9	14
голдман	9	11
тройн	9	14
микеланжело-гийн	9	11
рафаэлийн	9	14
моюнчур	9	15
хубилайтай	9	10
вин	9	13
гиббс	9	10
дашчойлин	9	18
арбатын	9	12
антарктидад	9	10
россын	9	14
эмиратын	9	11
колката	9	10
шваб	9	11
бохем	9	11
салам	9	11
туркмений	9	14
кура	9	18
кэйн	9	11
миссуригийн	9	10
стиви	9	18
гвен	9	10
трампыг	9	11
уорлд	9	11
гуревич	9	10
као	9	12
азидаа	9	11
норма	9	11
бардо	9	14
нерчинск	9	10
ша	9	17
нейманы	9	10
зодов	9	14
чемберлэн	9	12
чагатай	9	10
туба	9	18
бөөрөг	9	13
тэквондогийн	9	12
цэмбэл	9	14
мишиг	9	10
арбат	9	13
фридрихийн	9	10
нанзадын	9	18
скорцени	9	10
катыний	9	11
гренадын	9	11
тайгер	9	14
экспо	9	16
рамстедт	9	14
лайхур	9	15
бабу	9	10
цээлийн	9	10
рашаантын	9	15
доной	9	14
дугарсүрэн	9	16
сэвжид	9	16
микронез	9	10
аким	9	15
гурванбаян	9	10
хандын	9	14
балганы	9	15
эдирне	9	10
дарлинг	9	10
аккад	9	16
багдадад	9	11
баас	9	18
адены	9	13
улиастайгаас	9	10
ойгон	9	10
жав	9	18
довдон	9	12
фройдын	9	11
диний	9	12
никитин	9	11
монреалын	9	12
нэргүйн	9	18
египтэд	9	12
австралазийн	9	10
сэлтикс	9	10
родман	9	11
сиракузын	9	14
балбар	9	12
баварын	9	16
торунь	9	13
баварид	9	11
бүүвээ	9	14
гондурасын	9	13
хелена	9	14
липпи	9	10
самарын	9	12
можайн	9	13
брюсселийн	9	11
коми	9	17
дамдинбазарын	9	12
чичерин	9	12
болгарыг	9	10
маккарти	9	18
бадамдоржийн	9	14
цэ	9	10
село	9	14
флоренцид	9	11
старая	9	11
македоний	9	14
дадли	9	15
пармад	9	10
цэцээ	9	12
ялгуулсан	9	12
дарамсала	9	14
цянь	9	11
цамба	9	13
гүнчин	9	11
тамсагбулаг	9	13
равжаагийн	9	16
солонгын	9	18
нур	9	10
коломна	9	10
данило	9	13
унгарыг	9	11
бохемийг	9	10
пештийн	9	12
иса	9	10
сфинкс	9	13
альборзын	9	10
израилыг	9	10
израилтай	9	10
холокост	9	12
синд	9	10
сиенкевич	9	10
сириэс	9	10
паркерийн	9	10
черновцы	9	14
луханск	9	12
аргуныг	9	10
рабат	9	13
константинопольд	9	10
норманы	9	11
кэмп	9	12
салливан	9	12
исламабад	9	13
гутенберг	9	13
делигийн	9	12
хөххот	9	11
интернациональ	9	10
волтер	9	10
кубертэн	9	10
кар	9	13
ванкуверт	9	10
димитровын	9	11
родези	9	10
полинг	9	11
филиппинийг	9	10
барнс	9	11
кайли	9	13
мары	9	10
путиний	9	17
сост	9	15
бийч	9	11
женнингс	9	10
голландад	9	13
хорилардай	9	10
курчатов	9	10
этиопчууд	9	10
дижон	9	10
ефим	9	13
эрнан	9	13
страбо	9	10
белостокийн	9	11
банг	9	11
сванети	9	13
хитлертэй	9	10
молотовын	9	17
лазарь	9	11
копенхагены	9	16
вагнерийн	9	10
милетийн	9	10
вэстерн	9	10
фонда	9	11
кэвин	9	10
таргудай	9	15
гуо	9	13
хуай	9	14
эвита	9	11
елизабет	9	10
азорын	9	10
хоа	9	10
шихэр	9	13
урад	9	17
жаруудын	9	11
вито	9	10
эберхард	9	15
далласын	9	12
керман	9	10
котян	9	11
ысык	9	12
садыр	9	18
кувейтэд	9	11
керчь	9	18
бремений	9	12
лансанг	9	10
континентал	9	12
ундраа	9	18
загдын	9	13
эрдэнэбатхаан	9	15
гандангийн	9	14
нихон	9	13
антарктидаас	9	11
шер	9	10
манжийг	9	15
вятка	9	12
егоровын	9	14
путинтай	9	12
бессон	9	10
уитакер	9	13
ханойн	9	11
штайнмайер	9	10
ода	9	13
высоцкий	9	10
берримор	9	10
дельта	9	17
премиер	9	10
невский	9	11
халид	9	11
аллилуева	9	11
стифен	9	14
овен	9	11
жаксоны	9	10
жаксон	9	10
сони	9	10
спарт	9	14
бирваагийн	9	17
торнтон	9	10
малкольм	9	12
золтан	9	13
харрисоны	9	10
байши	9	10
ито	9	14
шо	9	10
констанс	9	11
рихтер	9	10
арам	9	13
миннесотагийн	9	11
тодд	9	14
поллок	9	10
рафаел	9	10
бала	9	11
нефертитигийн	9	16
жоел	9	11
хейли	9	10
оливиа	9	10
прохоров	9	13
белла	9	13
пригожин	9	16
днипро	9	13
чү	9	12
брокхаус	9	14
бойер	9	12
жохар	9	13
мел	9	15
веймарын	9	11
сюй	9	16
ванден	9	10
абдалла	9	13
мартиник	9	11
весна	9	14
хилтон	9	10
версаче	9	12
миссиссипи	9	12
можайскийн	9	10
камала	9	14
мадридаас	9	10
будапештэд	9	11
тогорууныхан	9	10
байтагийн	9	11
гросс	9	10
народной	9	13
ломбардын	9	10
фигаро	9	14
мадагаскарт	9	10
грэй	9	10
райх	9	10
урсула	9	17
васкес	9	10
бэгэрсэн	9	12
клайн	9	13
ваттын	9	15
гарет	9	17
дүүрэнтөмөр	9	13
мангус	9	13
зинедин	9	15
брейгель	9	10
брит	9	10
фортуна	9	10
роналдиньо	9	14
фабрегас	9	14
леверкузений	9	16
малайзад	9	12
трэш	9	13
комет	9	14
легница	9	13
лейпциг	9	10
бурж	9	18
сиссе	9	11
пийрс	9	10
аткинсон	9	10
преслигийн	9	10
нэйсмит	9	12
клауд	9	12
тело	9	11
бадди	9	10
мадлен	9	13
рандольф	9	10
эстен	9	10
келдыш	9	13
полын	9	11
хенрийн	9	10
квон	9	13
лахор	9	13
иванишвили	9	13
курдистаны	9	12
элли	9	12
икс	9	12
уиггинс	9	10
лейтон	9	10
зак	9	13
саргсян	9	10
кхмерын	9	13
фү	9	13
тарковский	9	13
ману	9	15
сарьдагийн	9	16
черномырдин	9	12
селена	9	12
шлесвиг	9	11
кардашиан	9	10
пиаст	9	15
люфтваффын	9	10
донни	9	13
арчибалд	9	10
трансформерс	9	10
георгиев	9	11
пирло	9	11
ньюэллс	9	11
ювентусийн	9	11
поллак	9	11
мартина	9	16
телангана	9	11
булгарчууд	9	10
руис	9	10
герек	9	12
власов	9	15
форлан	9	15
гьян	9	12
риверсайд	9	13
мег	9	10
суррей	9	10
венгерийн	9	10
карлайл	9	11
фрунзийн	9	17
фулхэмийн	9	13
кин	9	13
петерийн	9	12
ливерпүүлтэй	9	10
төвөдөөр	9	16
булгарын	9	12
жөн	9	11
альбионд	9	10
саутхэмптон	9	17
михайлов	9	13
агнета	9	12
освенцим	9	13
спекторын	9	10
безант	9	10
ньюпорт	9	10
хутагтай	9	14
корниловыг	9	11
авиньон	9	10
мёрфи	9	13
уваш	9	12
анахайм	9	16
монголбанкнаас	9	10
карью	9	11
жадаран	9	13
лувсанхайдав	9	10
ойрадад	9	10
всемирная	9	11
тельма	9	10
бүри	9	11
андраш	9	10
дэйл	9	13
питерс	9	11
шмайссер	9	10
морли	9	12
кипиани	9	12
крылов	9	10
хуа	9	16
элеонор	9	12
лейпцигийн	9	10
арчибальд	9	11
филадельфийн	9	14
доминиканчууд	9	10
яунде	9	12
оскарыг	9	10
донкастер	9	10
тоньюкук	9	12
басмыл	9	10
ривз	9	12
сюань	9	10
нэшийн	9	10
меркатор	9	11
бабухан	9	13
пенсильванийн	9	16
карла	9	14
хабаан	9	13
чандигарх	9	10
ралли	9	16
одвогийн	9	14
заале	9	10
дармштадтын	9	14
лигурийн	9	12
чернега	9	10
ткаченко	9	10
селтиксийн	9	10
израильд	9	10
холливүүд	9	10
катовице	9	13
иоанна	9	11
ысыккөл	9	14
кур	9	11
эрзин	9	13
кейсон	9	12
парето	9	10
желал-ад	9	11
дүгэржавын	9	14
кашива	9	10
екатеринослав	9	10
аюурын	9	14
батламжилсан	9	14
сухомлинов	9	11
бакич	9	13
торновский	9	13
лүна	9	13
пескара	9	11
лэнс	9	17
маркизын	9	13
кайгородов	9	11
локи	9	11
страсбур	9	12
чуулалт	9	11
рейхийн	9	11
эттли	9	14
дудаевын	9	12
дашдовдон	9	11
монполимет	9	10
мотагуа	9	16
айю	9	10
новагийн	9	13
коннектикутын	9	11
жуди	9	10
тернополь	9	12
черн	9	14
десна	9	11
капитен	9	12
сигнум	9	11
мельников	9	13
дэмчигдоржийн	9	10
бруклины	9	14
айка	9	10
ивана	9	10
нама	9	13
калиш	9	13
фарина	9	13
даюу	9	10
субудай	9	11
хиагтаас	9	15
рахули	9	13
солонгосд	9	10
иером	9	10
тоулмен	9	12
диоген	9	10
дэгэн	9	10
моторола	9	14
афанасьевийн	9	15
хэмцэгийн	9	13
буддарь	9	18
финтек	9	13
ирвайн	9	11
кребсийн	9	13
ахмат	9	13
сужа	9	10
муром	9	15
монтекорвино	9	10
жульеттагийн	9	10
махорн	9	13
сваровски	9	15
хлестаков	9	14
розалин	9	12
або	9	16
горчаков	9	13
ладакхын	9	13
мейер	9	10
магнитогорскийн	9	10
наянтайн	9	17
щаранский	9	10
ливади	9	10
этвөш	9	11
шведүүдийг	9	12
хилер	9	10
эрзя	9	12
вуду	9	10
селжүүк	9	11
черняховский	9	15
гаврилов	9	13
пиджин	9	11
теравада	8	12
хорум	8	10
өргөөгийн	8	12
багахангай	8	11
чунчин	8	11
мөнхзаяа	8	15
шижээ	8	11
хүрэмт	8	10
чанрав	8	10
үнэгт	8	11
гажид	8	10
цахиурт	8	13
отгонтэнгэрийн	8	11
тост	8	12
цэрэнчимэдийн	8	13
википедиатай	8	11
төвхөн	8	15
партнерс	8	11
олбрайт	8	10
зэрэгийн	8	13
дамдиншарав	8	14
гаутама	8	11
батхаан	8	16
гэлэнхүү	8	16
шивээговь	8	14
макинтош	8	10
тэв	8	16
центральной	8	10
линц	8	13
эстер	8	11
керала	8	15
пентагон	8	13
танака	8	13
меккагийн	8	11
мосе	8	10
терра	8	11
аксу	8	13
кек	8	11
пүсан	8	12
лувсанчүлтэм	8	11
погийн	8	10
дамын	8	11
юаны	8	12
шива	8	12
германий	8	14
сандагдоржийн	8	11
лайош	8	10
набукко	8	10
тэмүүжиний	8	11
цэдэн	8	15
дойтын	8	10
ахмет	8	13
пино	8	10
микеланжелогийн	8	11
индийн	8	10
балх	8	10
кабулын	8	11
сафавын	8	10
аконкагуа	8	13
тувалу	8	16
акадиа	8	11
ошанин	8	10
волдеморт	8	11
камю	8	11
ваня	8	12
беккет	8	13
гу	8	13
эрика	8	10
алашаа	8	15
мантуа	8	10
энейн	8	13
олхонуд	8	12
тажикийн	8	14
жокондагийн	8	11
салман	8	11
кельтийн	8	14
августа	8	12
мелилья	8	13
антарктик	8	13
ормузын	8	15
маскат	8	13
балбад	8	15
кимберли	8	10
дү	8	16
гори	8	10
шота	8	11
каримов	8	10
мемориал	8	12
габриель	8	16
лондоноос	8	11
уимблдоны	8	10
сайрам	8	10
данжила	8	12
магваны	8	10
дулаанхаан	8	12
лувсанжамба	8	11
есөнбулаг	8	11
жасрай	8	15
ленинийг	8	14
марлен	8	10
баянхонгорын	8	11
буяндэлгэр	8	13
нарангийн	8	13
түмэндэлгэр	8	11
реюньон	8	10
тристан	8	12
сомалиланд	8	12
аббасын	8	11
дагийранз	8	15
баянжаргал	8	16
баянзүрхийн	8	11
тарбозавр	8	11
лазар	8	13
түвшинтөгсийн	8	14
төмөрхүлэг	8	13
диракийн	8	12
бундестаг	8	10
бенилюксийн	8	16
омбо	8	10
роскосмос	8	11
мехикод	8	10
тухачевскийн	8	14
тайфун	8	16
шапошников	8	13
гагарины	8	10
горбачёвыг	8	11
антант	8	10
деникиний	8	11
братиславын	8	10
уулбаян	8	10
арпа	8	14
дөргөнэ	8	13
советского	8	10
роке	8	13
антонина	8	12
сесил	8	11
харриет	8	12
чеслав	8	14
филиппо	8	12
түмэнбаярын	8	16
мадагаскарын	8	10
суварган	8	16
оорцог	8	12
веллингтоны	8	15
синай	8	10
мөнхтөмөрийн	8	11
хуагчин	8	10
богданов	8	10
сүлдүс	8	11
авиценна	8	10
антониу	8	15
гутерреш	8	11
дюнан	8	10
версаль	8	13
коморос	8	16
хиллийн	8	10
хоншүү	8	10
мехмет	8	11
имам	8	14
ашдод	8	10
лабрадор	8	14
валлес	8	10
обамагийн	8	12
фүкүда	8	12
франсис	8	12
хандмаа	8	10
володя	8	11
жавзан	8	15
замбези	8	14
хонолулу	8	12
ишим	8	14
чимкент	8	11
руй	8	12
тура	8	14
сердар	8	13
ватерлоогийн	8	15
эдмон	8	11
бату	8	15
советская	8	11
волков	8	14
нальчик	8	11
үржингийн	8	15
момо	8	10
амьен	8	10
шор	8	15
юкатаны	8	11
кирене	8	13
лиди	8	11
пергамон	8	10
хорватад	8	12
лили	8	10
энвер	8	10
познанийн	8	11
маленков	8	12
бори	8	16
газни	8	13
апостол	8	16
галапагос	8	16
морриконе	8	10
дэмон	8	11
кэй	8	14
чжао	8	11
акра	8	10
суворов	8	12
ушаков	8	11
трансильванийн	8	10
туркын	8	10
берклид	8	10
толуй	8	16
чампагийн	8	11
негевийн	8	11
пүрэвдаш	8	12
төрболдын	8	11
неман	8	11
вольта	8	10
костанай	8	15
сарык	8	13
клас	8	11
опава	8	10
коноэ	8	10
луангпрабанг	8	12
лхагваагийн	8	11
дүгэрсүрэнгийн	8	12
кавендишийн	8	10
новый	8	11
жулио	8	10
магадан	8	13
хардал	8	10
монголросцветмет	8	10
крымийг	8	10
тю	8	10
атакама	8	11
дьем	8	13
ортер	8	12
чингиз	8	15
портсмутын	8	12
инфантино	8	10
янгийн	8	10
рич	8	10
алберто	8	10
гейл	8	10
жиакомо	8	10
логан	8	10
кузнецов	8	14
авраам	8	10
марсело	8	10
артуро	8	13
санчо	8	10
гуанши	8	10
мора	8	11
жесс	8	10
электрик	8	12
кейта	8	10
родни	8	13
реннер	8	10
салерно	8	10
даррен	8	15
сангижавын	8	11
кентаккийн	8	10
хорст	8	11
дагдангийн	8	16
дахомейн	8	10
конгрессыг	8	14
ковач	8	12
дэли	8	10
эссен	8	10
системс	8	11
пинк	8	12
бе	8	16
өрөгтөмөр	8	13
дарайсүн	8	15
буянбаатар	8	10
асунсион	8	11
соларис	8	10
кёльны	8	14
хавтаг	8	10
барселоначууд	8	11
кройфф	8	10
ац	8	14
монреальд	8	10
хайзенберг	8	10
лерой	8	14
некрасов	8	12
жейми	8	13
грибоедов	8	12
морганы	8	11
женко	8	11
эрмитажийн	8	10
манагуа	8	12
назарет	8	12
рондо	8	12
фүүдс	8	11
менахем	8	11
онассис	8	11
белоусов	8	14
гестапогийн	8	15
мусоргский	8	14
коллер	8	11
уолпол	8	10
солт	8	12
провиденс	8	10
фелпс	8	10
пауэрс	8	10
лила	8	13
азнавур	8	10
новак	8	11
эстудиантес	8	12
гекас	8	10
гэйт	8	11
фатих	8	10
лоррейн	8	10
озеров	8	11
касым	8	13
пентагоны	8	10
самора	8	12
меньшов	8	10
виола	8	16
ягеллон	8	12
тоттенхэмийн	8	10
маалайдай	8	13
припять	8	14
жэйкоб	8	11
давлет	8	14
родион	8	13
яя	8	10
болтоны	8	10
эндрюсийн	8	13
лэнг	8	10
пондекстер	8	13
тохтоа	8	12
бьорн	8	15
бэтмэн	8	12
белов	8	11
лионд	8	11
баы	8	10
каяан	8	10
сионизмын	8	13
мар	8	14
харачар	8	13
жовани	8	15
благовещенск	8	11
миланаас	8	10
селтикт	8	10
зэлмийн	8	11
түнхэн	8	15
саскачеваны	8	11
лувсанданзангийн	8	14
слован	8	10
борохулын	8	12
ханноверт	8	11
пэ	8	13
уилкс	8	10
кук	8	10
буковский	8	11
хитийг	8	14
чормаган	8	13
лайбницын	8	11
хайберниан	8	15
люфтваффе	8	10
хувилай	8	13
тангийн	8	12
хуань	8	11
элтэрэс	8	11
тэнгри	8	14
алп	8	11
маралжингоо	8	12
расизм	8	11
ивановын	8	11
ашинагийн	8	10
авид	8	10
наймантай	8	10
гаогюй	8	10
жэнийг	8	12
шихихутаг	8	14
хоббс	8	11
мариан	8	11
олдманы	8	12
упанишадад	8	11
комиссариат	8	14
инчоны	8	11
бристолийн	8	13
сонжун	8	12
майнинг	8	10
манден	8	11
сяньян	8	11
египтын	8	10
юна	8	12
патриарх	8	15
алталун	8	11
өвөрмонгол	8	12
өлзийбатын	8	14
бретань	8	11
приус	8	11
өлзийбаярын	8	15
дуламжав	8	11
невадагийн	8	11
студио	8	16
шань	8	12
торвардс	8	12
бийск	8	11
метрополитен	8	14
косовогоос	8	11
вандермондын	8	12
кастили	8	12
алашаагийн	8	10
флуминенсе	8	10
дирихлегийн	8	13
катаниа	8	12
тайпингийн	8	11
фри	8	11
бадабарын	8	15
штутгартад	8	11
генк	8	12
портод	8	16
аяччо	8	10
валенсиагийн	8	10
бадамжавын	8	12
урууд	8	11
дуда	8	10
ганнибалын	8	12
ломбарди	8	10
дота	8	16
ганнам	8	13
тв-н	8	15
минамото	8	12
аригийн	8	11
даваацэрэн	8	15
бүрни	8	10
шагалын	8	11
второй	8	13
чарушин	8	12
тогмидын	8	12
каменка	8	10
люлли	8	11
бенуа	8	13
калхун	8	11
ипполит	8	10
юлиуш	8	14
гомулка	8	11
суан	8	11
хялар	8	10
дворкович	8	10
мольерийн	8	10
цветаева	8	10
мурид	8	13
көчөм	8	12
грушевский	8	14
алесь	8	14
беляцкий	8	10
клинтийг	8	10
бергений	8	16
кортланд	8	10
песталоццийн	8	12
гольфстримийн	8	12
руднев	7	10
буряад	7	14
санжид	7	10
шагж	7	14
маамын	7	14
блүмингтон	7	11
элбэгд	7	13
цэвэгмидийн	7	10
рэнцэндорж	7	11
чулуундорж	7	10
түмэннаст	7	12
баянтал	7	11
зүлгэ	7	13
перельман	7	11
цэрэндоржийг	7	14
азитай	7	10
морозов	7	13
ононы	7	12
кориолисын	7	12
сикх	7	10
чэйн	7	11
гирей	7	10
золотая	7	11
хажжи	7	10
александрия	7	10
паскалийн	7	14
доха	7	10
хашбаатарын	7	14
дорнот	7	12
пэлжээгийн	7	13
мохийн	7	10
гутенбергийн	7	13
хомерын	7	10
убаш	7	11
лувсандагва	7	13
дөрвөлжингийн	7	10
хөшөөтийн	7	10
сэрээнэнгийн	7	14
хатуугийн	7	12
фолклендийн	7	10
майлс	7	11
декабристуудын	7	13
нууцат	7	10
асралт	7	14
таганрог	7	11
алиса	7	10
гванак	7	10
баялун	7	10
жоконда	7	10
электра	7	11
афина	7	10
клаудиа	7	11
барсболдын	7	10
цагадайд	7	12
цэдэнбалд	7	13
буве	7	12
антарктидыг	7	11
левон	7	14
катманду	7	10
пуччинигийн	7	14
байд	7	14
галдмаа	7	11
гэцэл	7	14
люмино	7	12
норманд	7	11
чогчин	7	10
жавзандулам	7	10
өгөөмөрийн	7	13
бэсүдийн	7	10
гибралтар	7	12
банн	7	10
эрээний	7	10
зандраа	7	14
иранаас	7	10
мишигдорж	7	11
дашпунцаг	7	12
адарсүрэн	7	12
бодоог	7	11
мижиддоржийн	7	10
франкын	7	11
боден	7	13
цочроогч	7	11
лоренцын	7	10
белоруссын	7	10
булганин	7	10
коневын	7	10
гёттинген	7	12
каталон	7	12
ленинтэй	7	13
аранжин	7	11
викинг	7	14
боннын	7	12
новая	7	14
алёна	7	11
чернышевский	7	11
мышкин	7	10
мадеро	7	11
сименс	7	12
тодор	7	12
монтень	7	11
цэдэнсономын	7	11
мезозойн	7	11
раднаагийн	7	13
кларкийн	7	10
сукарно	7	11
дариус	7	12
гази	7	12
донец	7	10
норберт	7	14
серге	7	14
бангкокийн	7	11
гүрёо	7	11
оргихын	7	12
аренад	7	10
самбын	7	10
суматрын	7	10
лувр	7	11
лаптевын	7	10
острава	7	10
коизүми	7	12
төвдөөр	7	13
городовиков	7	10
даваач	7	12
ширхтэн	7	11
ингушет	7	10
рамзан	7	10
пүрэвсүрэнгийн	7	13
самандын	7	10
аналитикийн	7	11
анубис	7	10
маклин	7	11
майягийн	7	14
майячуудын	7	11
испаничуудын	7	11
ольмекийн	7	13
хаммурапи	7	12
готуудын	7	11
симоне	7	11
орисса	7	12
бамиан	7	10
дунайн	7	13
артём	7	12
спартакийн	7	11
пероны	7	11
хонхотан	7	11
есүй	7	10
хуту	7	10
арабаас	7	10
микений	7	12
баатар-хот	7	13
тоёода	7	11
батнасангийн	7	13
миязаки	7	10
ватанабэ	7	11
галтын	7	10
мелодия	7	10
штауффенберг	7	11
мишкутёнок	7	10
батцоож	7	11
мөнххайрханы	7	13
оюутолгойн	7	10
жанчивлан	7	10
собчак	7	10
кристен	7	11
кхмерууд	7	14
ихт	7	10
шакира	7	11
улоф	7	10
кэри	7	10
цэнгүнжав	7	10
икер	7	14
тиаго	7	11
штайниц	7	10
тунисийн	7	11
кароли	7	10
жидда	7	11
багамын	7	13
хайти	7	12
ново	7	11
гваделуп	7	10
ньерере	7	11
биёонсэ	7	10
лопахин	7	10
латераны	7	13
лихтенштайнд	7	14
алчуболд	7	10
инсигниа	7	10
баянчор	7	10
парагвайд	7	10
реалын	7	11
манчэстэр	7	11
навратилова	7	10
тирасполь	7	11
сасаки	7	10
принштайн	7	10
дюваль	7	11
муту	7	11
жейк	7	14
геринг	7	11
чианг	7	12
горан	7	13
арьен	7	11
хави	7	11
пеннсильванийн	7	10
снайдер	7	11
вал	7	11
бишопын	7	14
дана	7	10
най	7	12
тим-ийг	7	10
кирстен	7	13
наоми	7	11
конфедерацийн	7	11
аккорд	7	13
этьен	7	11
валентино	7	11
чоу	7	11
вүүди	7	12
коморовски	7	11
каспар	7	13
шарлийн	7	11
зои	7	12
хунъү	7	10
лайбниц	7	11
маршак	7	11
жуи	7	10
клавдия	7	10
гонсало	7	10
ливэрпүүл	7	12
толбухин	7	11
манхэттэний	7	11
мер	7	10
гиббсийн	7	13
пандора	7	10
раневская	7	10
пэйж	7	11
бриж	7	14
виченца	7	10
мичел	7	12
седрик	7	10
жамал	7	11
дэмчиг	7	10
орион	7	11
арсеналийн	7	10
шигихутуг	7	10
арад	7	10
тажикистанд	7	11
леонтьев	7	13
богема	7	10
хусак	7	10
доргон	7	12
ровер	7	10
күнз	7	11
сэрчмаа	7	10
эрээхий	7	10
нэгдэлчдийн	7	13
отгонцэцэг	7	12
ойрадай	7	10
онниудын	7	12
гуччигийн	7	10
жэсс	7	10
авро	7	12
захаамин	7	13
нана	7	12
химки	7	11
ведийг	7	12
черкасова	7	13
инь	7	14
яанни	7	10
цанид	7	10
жүмун	7	11
папп	7	10
юпитер	7	11
настасья	7	10
бельмондо	7	10
панкратов	7	14
кундуз	7	11
кра	7	10
аркаде	7	10
мила	7	10
окситани	7	13
батбилэг	7	14
легран	7	11
фарм	7	10
панда	7	11
ца	7	13
раббани	7	13
надмид	7	11
шеффилдийн	7	10
норжмаа	7	11
дуань	7	10
загалмайтан	7	13
лира	7	11
кантабрийн	7	12
субадай	7	11
сноубордын	7	12
радченко	7	14
фүжи	7	10
балданлхам	7	10
казакевич	7	13
кам	7	10
матьё	7	12
адтай	7	12
риши	7	14
людвик	7	12
нойрсож	7	14
мяасүрэн	7	14
хадаа	7	14
байбарс	7	10
мамлюкын	7	13
жаланашколь	7	10
кировыг	7	13
мерседесийн	7	13
нюрбургринг	7	10
гань-су	7	11
меткальфийн	7	11
виваро	7	10
коламбия	7	12
кашмер	7	11
лордыг	7	10
анхмаа	7	11
сэмуэл	7	13
хольштайн	7	10
родсын	7	10
кадыр	7	13
бруксын	7	11
агамоттогийн	7	12
хулк	7	12
ёшико	7	11
бурр	7	13
антиок	7	10
пиррус	7	11
цогбадрах	6	10
чуваамэд	6	10
дэлгэрдалай	6	10
бизъяа	6	10
цэрэнжавын	6	12
чулуунцэцэг	6	12
данзанг	6	10
лонжид	6	10
ёндонжамц	6	12
хутула	6	12
жамъянжав	6	10
логийн	6	12
өүлэн	6	12
дакка	6	10
адамыг	6	10
пасха	6	11
апостолын	6	10
иштар	6	11
ульяновскийн	6	10
иаков	6	10
баттөгс	6	10
батхүү	6	12
минас	6	10
унгартай	6	10
бербер	6	10
менделсон	6	10
няндагийн	6	11
өлийн	6	10
блез	6	10
люсьен	6	11
петрологи	6	11
атолл	6	11
чэ	6	10
молцог	6	12
ада	6	10
антигона	6	10
хомерийн	6	12
суриков	6	10
шавкат	6	10
сельжук	6	11
ума	6	12
төвдөөс	6	11
колон	6	12
дарио	6	12
лодойхүү	6	10
авхиа	6	11
чойбалсангаас	6	10
додийн	6	10
дарьзавын	6	11
плаза	6	10
оманд	6	10
заир	6	11
насангийн	6	12
махгалын	6	10
дүйнхорын	6	12
цонж	6	12
хазарын	6	10
баянжаргалын	6	11
советских	6	11
лоохууз	6	12
буянаа	6	11
анаксимандр	6	11
белорусын	6	11
карамазовын	6	11
баастын	6	12
амарбаярын	6	10
лувсангомбын	6	11
тулунбег	6	11
эдигу	6	11
мамлюкуудын	6	12
исан	6	12
михаэл	6	11
мусса	6	11
бушхүүгийн	6	10
скаймедиа	6	10
спартакиад	6	12
оксфордод	6	10
дуулгад	6	11
анкориж	6	10
шееле	6	10
харганат	6	11
тампере	6	12
цыбиков	6	11
гомбожаб	6	10
тыва	6	11
жамбалсүрэн	6	10
вэнь	6	11
инкийн	6	11
нижер	6	12
папад	6	11
версингеторикс	6	12
чичен	6	11
цзи	6	11
эллиний	6	12
мэтью	6	12
жеймсон	6	10
самуил	6	11
дзержинскийн	6	10
дост	6	10
тел	6	10
баяндара	6	12
дашцэрэнгийн	6	12
баярхүүгийн	6	11
дагвацэрэнгийн	6	11
амгаа	6	10
кими	6	12
камакурагийн	6	10
мягмарсүрэнгийн	6	12
степпе	6	10
дины	6	12
нода	6	11
йенсен	6	11
чейз	6	10
бет	6	10
германийн	6	10
гадинбалын	6	10
банко	6	10
перссон	6	10
рахул	6	10
освенцимийн	6	10
ужгород	6	11
голди	6	11
миа	6	10
фюрер	6	12
замба	6	12
дифлимпийн	6	12
чойжид	6	10
японоор	6	10
черкас	6	11
золотой	6	11
элвин	6	11
коко	6	12
эштон	6	11
анита	6	10
кеш	6	10
очи	6	11
самюэль	6	12
артета	6	10
аксель	6	10
аннэ	6	12
наранбаатарын	6	11
глоб	6	10
тайпин	6	12
евробаскет	6	11
аригбуха	6	11
констанца	6	11
оннигуд	6	12
киданчуудын	6	12
дольф	6	10
коне	6	10
дуучин-дуу	6	12
арис	6	10
эмлиг	6	10
вацлавын	6	11
нейсмит	6	11
форстер	6	11
бренда	6	11
түмдийн	6	11
бао-и	6	10
эрдни	6	11
сали	6	11
модуны	6	12
жужанд	6	11
усун	6	10
онтологи	6	10
юнлө	6	10
хада	6	10
асен	6	10
түвдүүд	6	10
утомлённые	6	10
савва	6	10
эрдэмбилэг	6	10
хат	6	10
маракана	6	10
сетон	6	10
рун	6	11
тараз	6	10
буяндэлгэрийн	6	11
цэлмүүн	6	12
спа	6	11
хишигдалай	6	10
гэсэржавын	6	12
ононбат	6	10
жанго	6	11
төгсжаргал	6	10
дамирангийн	6	11
луугийн	6	12
лэнд	6	10
бодлогот	6	10
башкирууд	6	10
пизагийн	6	10
йелловстоун	6	11
ришон-ле	6	10
воксхолл	6	10
цэрэнлхам	6	11
лэгшидийн	6	12
чимэдрэгзэнгийн	6	12
гильд	6	10
бана	6	10
гаадан	6	10
вода	6	10
слово	6	12
шамба	6	11
бичурин	6	10
найдандорж	6	12
стегонаграфик	6	10
кая	6	10
золбоот	6	12
вэнди	6	10
айсмарк	6	12
путинтэй	6	11
бэррон	6	12
сати	6	11
хүйнчи	6	12
кашкай	6	12
боксстер	6	10
иналчи	6	10
эрдоган	6	10
цэнддоо	6	10
ямаха	6	10
переяслав	6	10
францискан	6	12
энагурэ	6	12
манугийн	6	10
игуасу	6	11
санхүү-эдийн	6	11
рамштайн	6	10
кампоманес	6	10
цанхийн	6	10
вишневский	6	11
гомбоев	6	12
ядвига	6	10
академии	6	10
эразмус	6	11
каган	6	11
витольд	6	11
кутб	6	12
нганасан	6	11
оркус	6	10
вундт	6	10
доёд	6	10
савитиа	6	11
боржоми	6	11
номингийн	5	10
чагнаа	5	10
сэнгэцохио	5	10
энхсайханы	5	10
методист	5	10
жоржтаун	5	10
даваанямын	5	10
плутарх	5	10
чеченьчүүд	5	10
ширван	5	10
цэвлээ	5	10
нанжидын	5	10
советский	5	10
гален	5	10
томмазо	5	10
бердибег	5	10
күчүк	5	10
самари	5	10
европынхон	5	10
синт	5	10
парамаунт	5	10
дансранбилэгийн	5	10
үгүйлэн	5	10
кардиналын	5	10
уда	5	10
санжсүрэн	5	10
минжүүр	5	10
цэгмэд	5	10
эден	5	10
балкар	5	10
пепе	5	10
беккариа	5	10
шопенхауэр	5	10
курдын	5	10
бизегийн	5	10
саладин	5	10
германын	5	10
бодо	5	10
гульелмо	5	10
олав	5	10
киль	5	10
төвтөмөр	5	10
маркын	5	10
думаагийн	5	10
саламанка	5	10
юэ	5	10
үбүнтү	5	10
соронзонгомбо	5	10
хашин	5	10
колдплей	5	10
саманид	5	10
мадурай	5	10
тооройн	5	10
эмоци	5	10
чинзоригийн	5	10
бужгар	5	10
арулад	5	10
симоновын	5	10
шейбани	5	10
майбахын	5	10
чагдаржавыг	5	10
херо	5	10
шумяцкий	5	10
дервиш	5	10
рийгикогу	5	10
мелания	5	10
тартини	5	10
маша	5	10
чэкрэ	5	10
констракшн	5	10
нармандахын	5	10
