нь	169341
ангилал	105344
онд	79696
оны	61347
юм	49219
байна	41534
улсын	41132
болон	39433
сарын	39326
байсан	34909
бөгөөд	34193
их	33354
энэ	31446
монгол	25755
олон	24785
гэж	24079
ба	24039
нд	22646
хүн	21247
байдаг	21152
улс	20987
нэг	20821
төрсөн	19525
мөн	18048
болсон	16902
дахь	16547
монголын	15759
тус	15679
аймгийн	15233
байв	15172
газар	15167
дараа	15036
зэрэг	14667
хамгийн	14501
хоёр	14401
тэрээр	14205
үед	14136
түүний	14121
бол	14060
дэлхийн	13458
он	13209
буюу	13164
дээр	12477
гэсэн	11874
төрийн	11755
багийн	11722
анхны	11704
байжээ	11116
засгийн	11006
үйл	10931
болох	10831
нас	10300
хотод	10209
төв	10128
холбоос	10094
гол	10060
болж	9772
гэдэг	9547
болно	9487
эх	9314
байгаа	9238
цэргийн	9194
оросын	9185
хаан	9131
аварга	9074
жилийн	9015
уран	8984
шинэ	8907
тоглогч	8896
хот	8854
сургууль	8737
ану-ын	8701
бусад	8623
албан	8590
газрын	8486
дээд	8422
эсвэл	8421
хүртэл	8411
кино	8404
хотын	8368
оноос	8101
бүх	8023
ерөнхий	8020
нэр	7969
тэр	7954
байх	7934
үндэсний	7827
үеийн	7801
сард	7763
гэх	7655
бага	7613
өмнөд	7511
анх	7390
эрх	7329
зураг	7255
өндөр	7189
файл	7145
эдийн	7139
бий	7113
нар	7023
цахим	7015
сургуулийн	6985
зууны	6958
гишүүн	6920
үндсэн	6889
сайд	6883
аж	6869
тухай	6860
том	6827
сумын	6780
нутаг	6717
орон	6701
ийн	6689
ажиллаж	6671
жил	6602
зохион	6550
баруун	6513
өдөр	6481
ухааны	6478
буй	6470
шинжлэх	6442
хүний	6431
зүүн	6429
америкийн	6424
өөрийн	6417
өөр	6410
дарга	6386
авч	6220
руу	6217
үр	6192
боловч	6190
түүнийг	6186
хэсэг	6150
удаа	6128
германы	6089
хэл	6055
тухайн	6036
болжээ	6007
өмнө	5953
түүх	5931
дунд	5869
барсан	5799
нэгэн	5763
хувьд	5750
зарим	5707
энэхүү	5664
гадаад	5644
сая	5608
ардын	5550
олимпын	5508
мужийн	5405
бүхий	5392
уг	5388
хойш	5356
жүжигчин	5356
км	5354
эшлэл	5340
харин	5316
дугаар	5303
тул	5296
хөгжмийн	5259
маш	5224
гурван	5218
нийт	5185
ерөнхийлөгч	5174
эсрэг	5132
холбооны	5124
францын	5120
сайн	5085
гаруй	5084
хэдэн	5058
хойд	5049
алтан	4996
илүү	4989
хэмээн	4904
арга	4895
засаг	4894
бүгд	4892
хааны	4887
нутгийн	4876
авсан	4854
дайн	4845
хийсэн	4838
байгуулагдсан	4805
эхэлсэн	4799
цагаан	4790
хөлбөмбөгийн	4771
нарын	4770
англи	4754
шилдэг	4751
дахин	4747
үе	4697
орос	4696
улсад	4696
ирсэн	4659
хувь	4604
шагналтан	4590
мэт	4559
цаг	4553
хооронд	4487
бүрэн	4479
хамт	4472
хэмээх	4464
шигшээ	4455
зохиолч	4441
эдгээр	4433
хийж	4429
бие	4429
дайны	4419
одон	4399
европын	4394
зху-ын	4381
гэр	4371
байдал	4354
хууль	4343
сум	4343
хүү	4303
дэх	4284
тулд	4280
байдлаар	4194
оролцогч	4192
гадна	4165
улаан	4146
чухал	4089
байлаа	4087
бус	4084
дуу	4076
багш	4063
орчим	4056
ёсны	4048
болгон	4035
тэд	4023
үздэг	4016
сургуульд	4012
төрлийн	3976
эзэн	3972
өргөн	3909
билээ	3904
найрамдах	3895
боломжтой	3857
хоёрдугаар	3833
хүлээн	3833
нийгмийн	3826
зөвхөн	3810
талаар	3805
нарийн	3796
хөлбөмбөгчин	3790
зүйн	3781
дэд	3757
орчин	3755
сар	3736
баг	3729
учир	3720
эртний	3718
ямар	3712
английн	3709
амжилт	3692
байгуулсан	3685
гарч	3670
ажиллагаа	3663
намын	3650
зүй	3648
далайн	3641
ард	3637
байр	3610
зүйл	3598
төрөл	3593
өнгөрсөн	3592
хар	3582
тодорхой	3548
бүр	3546
хүчний	3540
урт	3536
шагнал	3499
гарсан	3470
нэгдүгээр	3464
хан	3458
холбоотой	3445
үг	3429
орж	3423
хэд	3407
бүрийн	3391
орны	3386
хувийн	3373
санал	3355
ихэвчлэн	3351
хятадын	3348
эцэг	3313
байгууллага	3284
шинж	3281
хийх	3275
лигийн	3273
монголчууд	3256
дотор	3252
ам	3250
байж	3246
цэрэг	3240
хэсэгт	3237
нэгдсэн	3233
бөх	3227
холбоо	3226
хүчин	3226
ажил	3226
соёлын	3224
муж	3220
урлагийн	3212
нутагт	3210
ухаан	3204
бүтээл	3197
бүс	3195
нийслэл	3193
наадмын	3182
цахилгаан	3178
ын	3170
хэлний	3167
дагуу	3167
болдог	3161
хүмүүс	3148
авах	3138
систем	3113
мэдээлэл	3111
үүний	3107
намтар	3103
тал	3102
жижиг	3092
ажээ	3089
британийн	3084
зөвлөлтийн	3065
дөрвөн	3061
үеэр	3047
эзэнт	3041
хятад	3035
цол	3030
тоо	3010
эхний	2985
тэдний	2984
ны	2980
японы	2980
бичиг	2973
улмаар	2966
улаанбаатар	2951
аймаг	2951
явдал	2948
герман	2946
үүрэг	2946
хүч	2934
ном	2924
азийн	2913
хэмжээний	2905
орсон	2900
гаргасан	2899
мэргэжлийн	2873
томоохон	2871
олимпод	2867
мэдээллийн	2852
бичгийн	2837
зам	2836
гаралтай	2822
төмөр	2804
нийтийн	2800
ус	2799
зуны	2798
франц	2792
байгалийн	2789
гүн	2783
шууд	2782
хүнд	2776
хүртсэн	2775
дуучин	2772
түүхэн	2766
голын	2756
хугацаанд	2754
сан	2754
ёсоор	2748
уул	2746
оршин	2745
аль	2744
багт	2744
усны	2737
медаль	2736
италийн	2729
бас	2727
ихэнх	2722
мянган	2713
ашигладаг	2706
утга	2704
хамгаалах	2704
харьяат	2700
одоогийн	2696
биш	2675
нам	2671
хэмжээ	2665
хамтран	2658
гавьяат	2655
хагас	2655
тусгай	2653
хаант	2643
суурин	2634
шашны	2632
хатан	2625
сагсан	2616
ийг	2611
жишээ	2595
мөнгөн	2594
дараах	2594
тусгаар	2590
уулын	2577
хошуу	2573
төр	2558
баатар	2550
профайл	2536
арслан	2520
аад	2516
оролцож	2511
солонгосын	2496
харилцаа	2488
химийн	2487
дээрх	2483
үүнд	2473
үзэл	2467
агаарын	2455
орших	2452
хорооны	2449
нэртэй	2444
хуудас	2443
нэрлэдэг	2441
алдартай	2432
ажилласан	2431
одоо	2429
төлөө	2422
таван	2404
компани	2390
зах	2382
үүнийг	2381
рүү	2379
ёстой	2379
оролцсон	2376
аюулгүй	2374
гаргаж	2370
төгссөн	2361
хэлээр	2360
байгуулж	2358
ван	2356
янз	2353
хурлын	2349
дор	2345
болов	2340
соёл	2338
замын	2329
зохиол	2322
ахуйн	2316
салбар	2314
бөхийн	2309
судалгааны	2292
амын	2274
гэрээ	2269
гэвч	2259
номын	2254
тэргүүн	2254
өмнөх	2250
захиргааны	2244
ижил	2238
боловсролын	2238
ийм	2233
дэлхий	2230
хөдөлмөрийн	2229
зүтгэлтэн	2224
сэтгэл	2214
оруулсан	2206
дотоод	2199
үүнээс	2198
эрүүл	2190
бичсэн	2184
эмэгтэй	2181
үүсгэн	2173
эхлэн	2163
цомын	2162
хүрэл	2159
сүүлийн	2151
ургамал	2151
цомог	2142
байдлыг	2139
зөвлөлийн	2136
залуу	2133
хэдий	2114
боловсрол	2113
адил	2113
усан	2111
киноны	2107
улмаас	2105
зуунд	2095
бнмау-ын	2087
улсыг	2080
оронд	2076
сурвалж	2075
бүтэц	2064
умард	2061
ашиглан	2060
тохиолдолд	2059
сайхны	2056
шаардлагатай	2049
ганц	2048
гарын	2048
тооны	2041
бүлэг	2038
өгсөн	2036
олж	2026
ашиглаж	2022
газарт	2022
үзэх	2003
үл	1998
хэрэг	1998
байдлын	1996
чөлөөт	1991
зориулсан	1986
гүрний	1975
арван	1967
барилгын	1967
хуулийн	1964
лавлах	1963
ажиллагааны	1963
испанийн	1961
байгууллагын	1958
болгож	1953
даргаар	1949
ашиглах	1944
амжилттай	1941
нэрэмжит	1938
доктор	1936
нисэх	1932
зохиолын	1928
ирж	1927
хөгжлийн	1926
зэвсэгт	1922
охин	1919
гар	1908
иргэний	1906
ажлын	1900
ерөнхийлөгчийн	1900
хүндэт	1898
шар	1897
дүгээр	1897
сэтгүүл	1897
байгаад	1893
армийн	1893
байгаль	1893
алдарт	1887
талд	1885
болгосон	1885
начин	1883
би	1876
эд	1868
байрладаг	1867
япон	1855
найруулагч	1852
түүнд	1845
нобелийн	1844
нуур	1842
хүрээнд	1840
хуучин	1830
ану	1823
дүнд	1822
оху-ын	1817
ач	1816
байхдаа	1816
тоглолт	1814
гэхдээ	1812
нэгж	1810
спортын	1810
хэрэгтэй	1807
ихээхэн	1804
онгоц	1800
тээврийн	1798
өөрөө	1797
цагийн	1796
польшийн	1796
зорилгоор	1793
хүчтэй	1792
ардчилсан	1791
гуравдугаар	1790
хоорондын	1790
ромын	1772
хөгжим	1771
загвар	1764
түүнчлэн	1762
тамирчин	1762
яруу	1762
үсэг	1759
хамтлаг	1758
үүссэн	1754
системийн	1753
биеийн	1750
лам	1750
ноён	1750
талын	1748
нууц	1746
бүтээсэн	1741
жишээлбэл	1739
тоглож	1739
тэрбээр	1738
байгуулах	1735
академийн	1735
ойн	1734
шагналт	1732
суурь	1731
учраас	1724
үйлдвэрийн	1724
түүхийн	1724
энэтхэгийн	1717
мэө	1715
хүүхэд	1715
чанар	1711
хожим	1710
барилга	1705
үеэс	1703
хамтлагийн	1703
сургуулийг	1703
хөрөнгө	1700
тэнгисийн	1700
судалгаа	1696
хамтын	1696
гадны	1694
эрчим	1692
хүмүүсийн	1690
хотыг	1689
бараг	1688
асуудал	1684
хүрээлэн	1684
энд	1683
ажиллагааг	1682
москва	1680
хилийн	1679
урлаг	1677
замаар	1674
манай	1673
хамгаалагч	1672
заан	1670
богино	1670
яамны	1670
генерал	1670
хатуу	1670
эрдэмтэн	1669
түүнээс	1667
наймдугаар	1666
см	1662
үлдсэн	1659
цолтой	1659
дэвжээнд	1658
энгийн	1652
түүхэнд	1650
гэхэд	1650
чингис	1642
ажилтан	1642
нөлөө	1642
дээш	1635
шашин	1632
хэргийн	1632
алба	1630
оршдог	1622
зөвлөлт	1620
баримт	1618
нэрээр	1616
мэдээллийг	1612
хэлбэр	1610
харилцан	1607
сүлжээний	1601
нэрт	1600
ой	1599
тоглодог	1593
далай	1590
дууны	1588
технологийн	1587
удаагийн	1586
сангийн	1585
онуудад	1583
дүр	1583
ажиллах	1583
жон	1583
толгой	1582
техникийн	1581
хүүхдийн	1581
уур	1579
чиглэлээр	1578
өвлийн	1576
судлалын	1575
элчин	1574
радио	1571
турш	1571
дорнод	1568
солонгос	1562
иргэн	1554
арми	1553
зуун	1551
ялангуяа	1546
бодлого	1546
эрдэм	1545
өдрийн	1542
хувьсгалын	1542
гэнэ	1541
бөмбөгийн	1541
нэрийг	1540
ах	1540
ажлыг	1537
амьд	1534
сараас	1531
монголд	1530
мөрөн	1528
талбай	1526
туслах	1524
үзэж	1522
гүйцэтгэх	1520
нөхцөл	1515
удирдлага	1514
салбарт	1511
авчээ	1498
бүл	1491
наадамд	1490
тоглолтонд	1488
талаараа	1487
явуулж	1487
онцгой	1481
удирдах	1480
хил	1476
тэмдэг	1475
шинжилгээний	1473
тэмцээнд	1472
тоглосон	1468
ажилладаг	1466
өөрчлөлт	1463
ургамлын	1463
шиг	1463
тэмцээн	1463
хэсгийг	1460
худалдааны	1458
хурал	1456
удирдагч	1453
судлаач	1453
метрийн	1451
амьдарч	1450
сайхан	1449
үнэн	1447
даасан	1447
оноо	1444
санхүүгийн	1441
болгох	1437
жилд	1436
бичиж	1436
ялгаатай	1434
хөнгөн	1431
захирал	1430
түүхтэй	1429
үнэ	1427
долоодугаар	1425
бодит	1422
анги	1416
хөдөө	1416
хэвлэл	1416
мөнгө	1415
доод	1415
тэрбум	1414
үйлчилгээ	1412
нэмэлт	1410
баяр	1408
метр	1406
үйлдвэр	1402
арал	1402
ёс	1401
гурав	1400
хэрэв	1399
санаа	1398
амиа	1398
эрхийг	1397
өөрөөр	1396
хугацааны	1395
кг	1393
суралцаж	1391
байгуулжээ	1390
телевизийн	1390
амьдрал	1388
хийдэг	1388
богд	1387
мал	1385
дүү	1382
галт	1382
эмч	1381
боломжийг	1378
эсийн	1376
өгөгдлийн	1376
тойрог	1375
профессор	1373
хурдан	1372
хэрэгсэл	1370
сүм	1365
барьж	1365
коммунист	1365
украины	1364
ахлах	1363
тавдугаар	1363
даяар	1361
хугацаа	1361
дүн	1360
канадын	1360
сонин	1355
шинээр	1354
байхад	1353
аас	1352
онол	1352
цом	1350
америк	1349
шалгаруулах	1349
ийнхүү	1348
зургийн	1346
хэт	1346
ний	1345
харилцааны	1343
чин	1342
бүтээгдэхүүн	1341
настай	1333
мэдээ	1332
өнөөгийн	1331
онцлог	1329
ховд	1328
австралийн	1327
цэргүүд	1324
оюун	1320
амьдралын	1319
европ	1318
дайнд	1315
хэрхэн	1312
суманд	1311
бид	1309
хэрэглэдэг	1307
даваа	1307
тогтмол	1307
физик	1304
польш	1303
ордог	1301
эхэн	1299
ази	1291
удалгүй	1290
зураач	1289
гэрэл	1288
театрын	1287
компанийн	1287
хэлбэрээр	1285
олгодог	1285
замнал	1283
ойролцоогоор	1281
програм	1279
удаан	1278
хотноо	1277
судлал	1276
эргэн	1272
өөртөө	1271
түмэн	1271
овог	1267
де	1267
эхлээд	1265
давж	1264
үедээ	1263
хэрэглэж	1262
долоо	1262
онгоцны	1261
зургаан	1260
жанжин	1259
сансрын	1259
машин	1259
орлогч	1259
москвагийн	1258
үндэс	1254
зайд	1253
ногоон	1253
зөв	1251
хөх	1251
дөрөвдүгээр	1250
эхэлжээ	1249
ахуй	1247
сайдын	1247
дараагийн	1244
дундаж	1242
зорилго	1242
оруулж	1239
төрч	1239
өөрийгөө	1238
хэсгийн	1238
есдүгээр	1235
сонгодог	1234
утгатай	1233
бодис	1233
эрэгтэй	1233
бүрэлдэхүүнд	1232
гэдгийг	1230
сургалтын	1229
зургаадугаар	1227
латин	1225
өгч	1224
эзлэн	1224
сүүлд	1223
уламжлалт	1222
удирдлагын	1222
техник	1222
хороо	1221
хөдөлгөөн	1221
орох	1220
газрыг	1218
материал	1216
цөмийн	1216
тухайлбал	1215
төвийн	1215
хэлбэл	1214
мөрний	1214
мод	1213
булган	1212
шийдвэр	1210
боловсруулах	1207
эрэг	1207
наадам	1206
хэмжээнд	1205
түмний	1205
нуруу	1203
идэвхтэй	1203
нарыг	1202
цуврал	1201
насны	1200
өнгө	1199
өгөх	1197
эхнэр	1194
хоол	1193
тэгш	1192
төстэй	1192
асуудлыг	1191
бүрэлдэхүүн	1190
төхөөрөмж	1190
эрхийн	1188
амьдардаг	1187
үйлдлийн	1187
хүрсэн	1185
явсан	1185
болоод	1183
эцэст	1183
амь	1183
улам	1182
нью-йорк	1181
урд	1179
тогтвортой	1179
гаргах	1175
бөмбөг	1175
анагаах	1173
ялалт	1172
та	1170
тогтоох	1170
улиралд	1169
ыг	1168
чулуун	1167
үйлдвэрлэлийн	1165
салбарын	1165
технологи	1164
авдаг	1164
дундад	1163
түр	1161
батлан	1157
ашиг	1157
музей	1155
сонгогдсон	1155
аравдугаар	1154
хэв	1152
хүртэлх	1152
талаас	1151
элсэн	1151
дипломат	1151
хэлбэртэй	1149
байрлах	1147
нөгөө	1146
премьер	1146
болохыг	1144
уу	1141
хэрэглэх	1141
халуун	1141
алт	1141
буцаж	1141
зан	1140
орнуудын	1139
хоорондоо	1138
цагт	1137
театр	1137
амьтан	1136
байхгүй	1135
хувилбар	1132
нийгэм	1129
түгээмэл	1127
явцад	1127
өвөр	1124
банк	1124
өвчин	1123
хүнийг	1121
орно	1120
давхар	1118
иржээ	1118
хошууны	1115
байлдааны	1115
гавьяаны	1115
худалдаа	1115
эхээр	1114
орчны	1111
сөрөг	1111
үндэстний	1109
кинонд	1109
өгдөг	1109
өөрсдийн	1107
дархан	1106
мянга	1103
тогтоосон	1103
дэлхийд	1101
александр	1101
хүнтэй	1100
болгодог	1100
хүрч	1099
жинхэнэ	1099
боломж	1097
төгөлдөр	1097
монголчуудын	1096
түрүү	1095
бүтээлүүд	1095
зүгт	1091
нутгийг	1089
үзүүлэлт	1082
чадвар	1082
зэргийг	1080
грекийн	1080
спорт	1077
байгааг	1077
биологийн	1076
тайлбар	1074
британи	1074
байнгын	1073
долоон	1072
төрөлд	1070
бизнесийн	1068
тиймээс	1068
нба-гийн	1068
явж	1067
хувийг	1066
парламентын	1062
зорилготой	1060
аливаа	1058
хөлөг	1058
шигшээд	1057
оюутан	1056
эр	1055
ашигласан	1053
төлөөлөгч	1050
итали	1050
нуурын	1049
аялал	1049
хүнсний	1048
сүлжээ	1046
худалдан	1046
гэгээн	1046
боломжгүй	1046
сайдаар	1045
эс	1045
тэмцээний	1044
төдийгүй	1044
зөвлөл	1043
сууж	1041
чадсан	1041
өвөрмөц	1039
хөвсгөл	1039
нөөц	1039
хэн	1038
давуу	1037
гарах	1036
мэндийн	1036
сити	1036
африкийн	1035
дасгалжуулагч	1034
уугуул	1034
хөрсний	1033
энэтхэг	1030
хоног	1029
аргаар	1029
эрдэс	1028
тэнд	1027
ил	1027
зээлийн	1025
ажилд	1022
шүүх	1022
клуб	1022
сонгуульд	1021
агаар	1020
санах	1020
зэрэгцээ	1019
социалист	1019
эрт	1018
тийм	1018
хэвээр	1017
хотоос	1015
харьцангуй	1013
ар	1012
хуурай	1011
тавьсан	1009
шүлэг	1009
мэргэн	1008
хийн	1006
америкчууд	1006
зүйлийн	1003
явц	1002
түвшинд	1001
халхын	1001
эхлэв	997
нарны	996
агуулсан	995
яг	994
шведийн	994
үндэстэн	993
юу	993
бүлгийн	993
супер	993
багтдаг	992
тэнгис	991
дашт-д	990
тэднийг	989
бүтэн	987
гүрэн	987
эм	985
сурч	985
ану-д	985
суурилсан	984
өнгөтэй	984
стандарт	983
хөтөлбөр	982
хэлнэ	981
вэ	978
гал	977
нүб-ын	975
хувьсгал	975
хэрэглэгчийн	973
найрагч	972
тойргийн	972
хоногийн	972
хэмжээгээр	970
тэдгээрийн	969
миний	968
чулуу	966
ховор	963
заримдаа	961
зэргийн	961
усанд	961
бөмбөгчин	961
инженер	957
жүжгийн	955
хөгжил	955
үзүүлэх	955
тэргүүний	954
настайдаа	954
шагналыг	954
дэвсгэр	952
арванхоёрдугаар	951
завхан	950
цөөн	950
арваннэгдүгээр	950
удаагаа	949
жагсаалт	946
нийтэд	946
үзүүлсэн	946
хиймэл	944
грек	943
ойролцоо	942
асар	941
ангид	939
зху	938
нидерландын	938
үйлдвэрлэл	937
бүтээлийн	937
ингэснээр	935
дамжуулан	933
хариу	933
тод	930
төвд	929
хэвлэлийн	929
чанартай	929
үүсгэдэг	928
сүхбаатар	927
ойр	926
мэргэжлээр	925
сав	924
ангийн	924
овгийн	924
сүүлчийн	923
чадвартай	923
эзэлж	921
гишүүнээр	921
шинжилгээ	920
байдалд	920
жорж	920
лиг	920
нээлттэй	919
архангай	919
түрүүлсэн	919
хэмжээг	918
австрийн	916
урьдчилан	915
ойлголт	915
төсөл	915
бор	914
ахмад	914
найман	913
увс	911
барьсан	909
үнэт	909
бурхан	906
уб	906
оршино	906
гоол	904
довтлогч	904
байранд	902
тос	901
ариун	900
коллеж	900
морин	899
ажиллагаагаа	896
судлаачид	895
эмэгтэйчүүдийн	895
нийслэлийн	894
ханы	893
иргэд	893
хамтарсан	893
хангах	892
төлөв	892
тай	892
нөхөн	892
эрс	891
улсаас	891
од	890
ажиллагаанд	890
элссэн	890
сургалт	889
ирээд	888
гүйцэтгэдэг	888
буддын	887
багтай	887
чанарыг	887
сэтгүүлч	887
газраас	885
шалтгаан	883
тархсан	883
зөвлөх	882
орчинд	881
гадаадын	879
компьютер	879
хөгжиж	877
улирлын	875
зүйлийг	875
иргэдийн	874
доллар	874
системийг	873
хүчийг	872
цэг	871
сонгуулийн	871
нэлээд	870
төржээ	870
медальт	869
хангамж	869
насандаа	868
гэмт	868
амтай	867
тоглоом	867
хөшөө	866
удирдаж	865
нэгдэл	865
хоёрын	865
улирал	864
бүсийн	864
үүрэгтэй	863
тавьж	861
толь	860
испани	860
тоглолтод	859
хүйтэн	855
хүрээ	855
мужид	855
дууг	855
га	855
гийн	854
ордны	854
манжийн	853
харцага	853
ерөнхийдөө	853
гардаг	852
барих	851
гарган	851
урсгал	850
тодорхойлсон	850
процесс	850
минь	849
амьдрах	849
шувуу	849
хэрэглээ	848
бүлийн	848
хэрэглэгддэг	847
өв	844
эцсийн	844
хадгалах	844
гишүүд	844
цэвэр	843
явуулдаг	842
захирагч	841
хурд	840
нурууны	839
хэдийгээр	839
байнга	838
тагнуулын	837
чадаагүй	836
нэмэр	836
дуурийн	835
жин	835
асан	834
зэвсэг	834
оросууд	833
тоглолтын	833
оруулах	832
залуучуудын	831
дамжин	831
өдгөө	830
засах	829
үргэлжилсэн	829
хүртэж	829
даргын	828
төрж	828
хөгжүүлэх	827
байгуулагдаж	826
улсууд	826
зохиогч	825
дүрэм	824
докторын	824
код	824
эрхтэй	823
ерөнхийлөгчөөр	823
нэмж	822
холбогдох	822
үүргийг	822
бослого	821
автомашины	821
хэлж	820
цомгийн	820
математикийн	819
хоорондох	819
нөхцөлд	818
загварын	818
бодлогын	817
уих-ын	817
онолын	817
дамжуулах	817
үйлдэл	816
системд	816
багшийн	815
үгүй	813
гээд	813
дээрээ	813
муу	813
дорно	812
танхим	812
орнууд	811
тэдгээр	809
түрэг	809
хэмжээтэй	807
өгөгдөл	807
үйлчилгээний	806
австрали	805
эрдэнэ	805
үзсэн	805
тосны	805
хос	804
талбайд	803
хэрэглээний	801
зай	801
тогтсон	800
загалмай	800
одоогоор	799
агуулдаг	799
хөл	798
дүүргийн	798
ан	797
үгийн	796
зарласан	795
тодорхойлох	794
вангийн	794
очиж	794
араб	794
олгох	793
хүчил	793
унгарын	793
бат	792
оржээ	792
байгууламж	791
судлах	788
яам	786
говь-алтай	785
сэлэнгэ	785
бодисын	785
хяналт	785
түрүүлж	785
үзүүлж	784
хоолой	784
нэрийн	783
уралдааны	783
нэрлэсэн	782
тусламж	782
лондон	782
электрон	782
дулаан	781
гэжээ	780
зээл	780
өвөрхангай	778
ээс	777
талаарх	776
мэдлэг	776
юнайтед	776
доор	774
тохиолдол	773
хийжээ	773
элемент	773
амьтны	772
олгосон	772
түвшин	772
бүрдсэн	771
багтсан	771
алтайн	770
дөрөв	768
сүмийн	768
ашигтай	767
температур	766
бизнес	765
хөдөлгөөний	765
товч	764
хий	764
арлын	763
банкны	763
жилүүдэд	762
буудал	762
тэмдэглэл	762
хөрөнгийн	762
хүрээлэнгийн	762
хүчирхэг	762
татан	761
механик	761
үүсдэг	761
нийгэмлэгийн	761
өнөөдөр	758
манж	758
академи	757
дотоодын	755
органик	755
цорын	754
буриад	753
байгаагүй	753
байвал	751
эрхлэгч	751
загас	750
дэмжиж	749
холбоот	749
олсон	748
ихээр	748
нартай	747
хүлээж	744
нисгэгч	744
гарчээ	743
долларын	743
шингэн	741
туркийн	740
ингээд	739
эхэлж	739
манчестер	739
байгуулагч	737
баян	737
нээсэн	735
эрхт	735
бидний	735
гүйцэтгэсэн	733
байгуулав	733
нэрлэгддэг	733
чиг	732
татвар	730
харуулсан	729
үгийг	729
африк	729
түвшний	729
байсныг	728
улстай	728
номхон	727
николай	726
зэргээр	726
төгсөгч	726
захиргаа	725
бүтээлч	725
хунтайж	725
тулалдаанд	725
бүтээгч	724
христийн	724
жүжиг	724
тун	723
аймагт	722
гэрийн	721
дүрд	720
норвегийн	720
сул	719
холбогдолтой	718
исламын	718
аав	718
эзэлдэг	717
барилдааны	717
чадахгүй	716
баталсан	714
нийтлэг	714
хүртжээ	714
халх	713
шүүхийн	713
бараа	712
хүчээр	712
төгсөөд	712
бүсэд	711
зэвсгийн	711
онц	711
атомын	711
олимп	711
өгүүлэл	709
хэлбэрийн	709
владимир	708
эрдэмтэд	707
дотроо	704
олны	704
цэнхэр	704
мастер	703
туршид	703
зун	702
математик	702
формула	702
ширээнд	701
дугуй	701
замыг	700
өвөг	700
украин	700
бичигдсэн	698
командлагч	698
тэй	697
хөрс	697
шатанд	697
удирдсан	697
физикийн	696
оролцох	696
гүйгч	696
үндэслэн	695
зайн	695
хээрийн	694
үүсэх	693
яриа	692
төлөөх	692
хүрэн	692
махн-ын	692
бүрддэг	692
физикч	692
өгчээ	692
холбогдсон	691
цэргийг	691
зориулж	690
хэлтсийн	690
еврей	690
албаны	689
хамтаар	689
амьсгал	688
тугийн	688
уурхайн	688
чаддаг	688
медальтан	688
эмийн	687
сургуулиа	687
дэмжих	687
тоог	686
шат	686
карл	686
соронзон	686
эзэлсэн	685
компьютерийн	685
засагт	684
алдсан	684
ээж	684
зохиосон	683
үүсгэх	683
баялаг	682
хайр	682
орнуудад	681
тооллын	681
хэлсэн	679
хүргэсэн	679
аян	679
элбэг	678
ирэх	678
амжилтыг	678
нэн	677
хурц	677
вант	676
орчимд	676
хэнтий	676
инженерийн	676
компьютерын	676
сонгууль	675
гараагаа	675
парис	674
хуулийг	673
орд	672
домог	669
бууж	668
роберт	668
хэрэглэгч	667
тохиромжтой	667
гүйлтийн	667
нягт	666
тасралтгүй	665
амин	665
тоног	665
цолыг	665
сонирхолтой	664
зориулан	664
тусламжтайгаар	664
гоцлол	664
сэргээн	663
мэдэлд	663
мөнх	662
шугам	662
хүмүүсийг	661
израилын	661
хэзээ	660
сүлжээнд	660
хошой	660
бүлд	659
бүлэгт	659
ордон	659
тогтоож	658
дунджаар	656
гадас	656
үлдэж	656
тэргүүтэй	656
насанд	656
дуртай	656
лигт	656
агуулга	655
гарал	655
дэргэдэх	655
давсан	655
намар	654
явуулах	654
морь	654
онцлох	653
сэцэн	653
гаргажээ	653
дүрс	653
сонины	653
тусдаа	651
суваг	650
болохоор	650
харж	649
хэм	649
роман	649
тулаан	649
нэвтрүүлэг	649
нэрлэж	648
малчин	648
хамгаалсан	648
хэрэгжүүлэх	648
хүссэн	648
тодорхойлдог	648
тоглолтоо	648
хүрээний	647
мөсөн	647
хүндтэй	647
үндэслэгч	646
тайж	646
хувцас	646
шатны	646
турк	646
бүтцийн	645
гаргадаг	645
бүжгийн	645
тав	644
вьетнамын	644
тооцогддог	643
тэнгэрийн	643
бичих	643
автомашин	642
үзвэл	641
харьцуулахад	641
канад	640
тэнгэр	640
ихэд	640
хийхэд	639
бразилын	639
оргил	638
хаяг	637
улсуудын	637
хөгжсөн	637
ашиглагддаг	637
шотландын	636
дөрвөлжин	635
хүрэх	635
боомт	635
зүйлс	635
явах	635
османы	635
ур	633
тийш	633
санааг	633
худалдаанд	633
эхлэл	632
зөвшөөрсөн	632
дуурь	632
найрал	632
тушаал	631
фон	631
энх	630
бүтсэн	630
оюутны	630
хийд	629
вэб	629
урьд	628
мм	628
байгууллагууд	628
үнэлгээ	628
юань	627
сүүл	627
нүүж	627
шаардлага	627
ихтэй	626
нэртэйгээр	626
оюуны	626
бүрт	626
цус	626
хамгаалалтын	625
мэдэх	623
хэлдэг	623
шавь	622
элч	622
хялбар	622
программ	622
голчлон	621
тогтнолын	621
алтай	620
алдар	620
дэргэд	620
зарлигаар	619
зааж	619
эргэлт	619
орлого	618
угсаатан	618
магадгүй	618
гүйцэтгэж	616
бэлэн	616
цаашид	616
тоон	616
алдаа	615
арабын	615
эхийн	615
явуулсан	614
эхлүүлсэн	614
ердийн	614
хэргийг	613
хязгаар	612
дүнтэй	612
төслийн	612
сайт	612
найз	611
аваргуудын	611
хамааран	610
хэвлэгдсэн	610
татаж	610
устгах	609
алдаршсан	609
хамгаалахын	609
багийг	609
төлөөлөгчдийн	608
хавар	608
хохирол	608
ххк	608
ашигт	607
томилогдсон	607
католик	607
болохгүй	606
зүг	606
нэрээ	606
үүднээс	606
заасан	606
багтаж	605
ирээдүйн	604
засагч	604
ээд	604
дэмжлэг	603
улаанбаатарын	603
жеймс	603
эзлэх	602
хүмүүст	602
үйлдвэрлэгч	602
хөгжимчин	602
шалгарсан	602
продюсер	601
пап	601
цэнгэлдэх	601
нэрлэх	600
мөр	599
баянхонгор	599
гэгддэг	599
үү	597
дан	597
суусан	597
уурын	596
ингэж	595
орчмын	595
бельгийн	595
хуваагддаг	594
бүтээгдэхүүний	594
замд	594
ла	594
хэрэгт	594
явдлын	593
тээвэр	592
тутмын	592
өссөн	592
хэлийг	591
шударга	591
бнхау-ын	591
тулалдаан	591
бэлтгэл	590
чиглэсэн	590
тодорхойлж	590
мөнгөний	590
атлантын	590
жилдээ	590
бүтээж	590
үгнээс	589
драмын	589
унгар	589
үүсэл	588
модон	588
үзүүлдэг	588
эмнэлгийн	588
иван	588
энерги	587
тонн	585
хурандаа	583
хэцүү	583
зурсан	583
михаил	583
рок	583
тивийн	582
дундуур	582
оддын	582
харьцаагаар	582
шалтгаалан	581
иймээс	581
тоглоомын	580
боловсруулсан	580
хичээл	580
молекул	579
авто	578
цэцэг	578
хувьсгалт	577
аргыг	576
өвчний	576
гавьяа	576
заавал	575
зээлд	575
гэвэл	575
доторх	574
уралдаан	574
өндөрт	573
дундын	573
баржээ	573
доорх	572
анхдагч	571
есөн	571
явган	571
хавтгай	570
удам	570
суугаа	570
байгуулалт	570
хорт	569
бүтээх	569
цэцэрлэг	569
ширхэг	569
өсөлт	568
сүүлээр	568
гайхалтай	568
танхимын	568
дүүрэг	567
ер	567
мэргэжил	567
үзэсгэлэн	567
талбайн	567
тэрэг	567
нэмэгдэж	566
оролцдог	565
цагдаагийн	565
казахстан	565
гоо	564
удирдан	562
говь	562
дараалан	562
хангалттай	562
үйлчилгээг	561
шийдвэрлэх	561
бут	561
таны	560
металл	560
өнгийн	560
суурийг	560
тогтоолоор	559
маршал	559
цааш	559
судалж	559
санааны	559
зарчим	559
өгөгдлийг	559
болгожээ	558
зургийг	558
хийгдсэн	558
сургуулиудын	557
ухаанд	556
хөндий	555
хамаарах	555
гэрээний	555
театрт	555
түшээт	554
видео	554
ял	554
ярьдаг	553
хяналтын	553
судалдаг	553
мэргэжилтэн	553
дашт-ий	553
тогтолцоо	552
итгэл	552
сэргийлэх	552
хэвийн	551
үнэтэй	551
бэлтгэх	551
вашингтон	550
тоглох	550
тодорхойгүй	549
бөхчүүд	549
нөөцийн	549
сибирийн	549
ертөнцийн	548
сэтгүүлийн	548
сонгон	547
шөнө	547
боть	547
парисын	547
жилээр	546
чехийн	546
угсаатны	545
хэрвээ	544
туршилтын	544
зохиогдсон	544
дэвсгэрт	543
стратегийн	543
аар	543
чанарын	543
аялан	543
дүрийг	542
түвшнээс	541
цусны	541
ноёд	540
философийн	540
булан	540
сервер	540
бодлогыг	540
дижитал	540
эерэг	540
зайтай	539
чөлөөний	539
голдуу	538
илэрхийлдэг	538
сурах	538
ердөө	538
утас	538
барсны	538
уефа	538
нээгдсэн	537
эрдмийн	537
агуу	537
ирландын	537
аваргын	536
бакалаврын	536
арлууд	536
гэрээнд	536
хүрээлэнд	535
өнөө	534
онцлогтой	534
үйлдвэрлэх	534
сайжруулах	533
эвлэлийн	533
хуралд	533
хамгаалж	533
москвад	533
байлдан	532
бүхэл	532
уралдаанд	532
гэтэл	531
биет	530
бөмбөрцөг	530
төсвийн	529
хамааралтай	529
мексикийн	529
телевиз	528
түүхий	528
очсон	527
магистрын	527
орчуулагч	526
жинтэй	526
калифорни	526
хурдны	525
алдартнууд	525
дундговь	525
тодорхойлолт	525
арилжааны	524
багтаасан	524
уураг	523
малын	522
нүүрс	522
багатай	521
чиглэл	521
наас	521
иран	519
унших	519
хангамжийн	519
урсгалын	518
хол	518
уламжлал	517
зэрэгт	517
ойд	517
зориулалттай	517
хянах	517
нийгэмлэг	517
дулааны	516
тэдгээрийг	516
вэбсайт	516
олдсон	515
хуур	515
өмнөговь	515
байрлал	515
даралт	515
эргийн	514
загварыг	514
дурдсан	513
нутагтай	513
мэдрэлийн	513
модны	513
ухаалаг	513
сергей	513
багтана	512
вьетнам	512
түүхч	511
хүнс	511
шатрын	511
ээр	511
бодол	510
тэмцэл	510
толгойн	510
үүсвэр	509
орой	509
хүсэл	509
бичлэг	509
тосгонд	509
мэнд	509
ли	509
сонгох	508
мадрид	508
аман	507
түүнтэй	507
нутгаар	506
ууган	506
мэс	505
парламент	505
нүүр	505
хөдөлмөр	505
байгуулагджээ	504
цөм	504
байдаггүй	504
сербийн	504
цогцолбор	503
дэвсгэрийн	503
чөлөөлөх	503
аргагүй	503
холимог	502
гэрлийн	502
болоход	502
буруу	501
газрууд	501
тоогоор	501
бичигт	501
танин	501
тэргүүлэх	501
нэрлэгдсэн	501
төслийг	500
аваад	500
хамарсан	500
захирч	500
шилжин	500
болгарын	500
мартин	500
байснаас	499
сүхбаатарын	499
ая	499
үеийг	498
нарт	497
нээж	497
чөлөө	496
томас	496
хаанд	496
чимэг	495
уртын	495
үлгэр	495
зарлав	495
баригдсан	494
байгуулагдав	494
талыг	494
үргэлж	494
саарал	493
дүрслэх	493
боловсруулж	493
төвөөс	492
байдалтай	492
хүргэж	492
финландын	492
бүтээлийг	491
хэсгээс	491
дагаж	490
үхэр	490
харуулж	490
чөлөөтэй	490
сонгогдож	490
хааныг	490
тэмдэглэсэн	489
дээгүүр	489
элсэж	489
музейн	489
чиглэлд	488
байршил	488
цацраг	488
арьс	487
станц	487
найдвартай	487
марк	487
алс	486
дэлгэцийн	486
явдлууд	486
халимаг	485
дурсгал	485
байхыг	485
байгуулан	485
өөрчилсөн	485
хийгээд	484
нислэг	484
үзэгдэл	484
ургадаг	484
нэршил	484
чадварыг	484
жүдогийн	483
явдлыг	483
бүтэцтэй	483
чех	483
бүрдүүлдэг	481
сүлд	481
ирэв	481
бүтцийг	481
алджээ	481
дийлэнх	480
хур	480
хими	480
машины	480
португалын	480
төвөгтэй	479
компаниуд	479
эрхлэх	479
хааж	479
барууны	479
ойролцоох	479
хичээлийн	478
үндсэндээ	477
өөрийнхөө	477
бичжээ	477
германчууд	477
төгс	476
нэгдэж	476
дэвшсэн	476
авалт	476
хүртлээ	475
анхдугаар	475
мин	475
хамаарна	475
өөд	475
зүгээс	475
хэрэгжүүлж	474
оху	474
тэжээл	474
тайван	474
өндөртэй	474
явдаг	474
халдлага	474
оскарын	474
хамаарч	473
уурхай	473
өнөөг	473
дайсны	473
өөрчлөх	472
түргэн	472
төлөвлөгөө	472
уян	472
реал	472
өмнөөс	471
төгсгөл	471
хорих	471
амьдралд	470
томьёо	470
мах	470
хүснэгт	470
бүрдэнэ	469
зөөлөн	469
хуульд	469
ираны	469
ахлагч	468
хутагт	468
мэддэг	468
дүнг	468
гэрээг	468
амьтад	467
тэмээ	467
ёслол	467
тулаанд	467
тойрон	467
дамжуулалт	466
хант	466
дундаа	465
янзын	464
өртөө	464
ноос	464
тэрхүү	464
байгууллагад	464
буу	464
тариалан	463
угсааны	463
үлджээ	463
хөгжилд	462
нөлөөлсөн	462
тэнцүү	462
чи	462
зохиолыг	462
чарльз	462
гүүр	461
нэрлэжээ	461
ертөнц	461
бэлгийн	461
санд	460
муис-ийн	460
хятадад	459
чуулган	459
түүхийг	459
пол	459
багаас	459
дүүрэгт	458
ажиллажээ	458
сэдвээр	458
алга	458
төлөөлөгчид	458
зохицуулах	457
казахстаны	457
авав	457
протокол	457
мэндэлсэн	456
ихэнхдээ	456
урттай	456
григорийн	456
олох	455
хүргэдэг	455
төрх	454
аюул	454
ялж	454
дурын	454
лондоны	454
хуулиар	453
суух	453
тойм	453
данийн	453
аюултай	453
цогц	452
дуустал	452
хэвлүүлсэн	452
хүүхдүүд	451
байгууллагуудын	451
арай	451
нийтлэл	451
жингийн	450
говийн	450
усыг	450
үүсгэж	450
эрэгт	450
нөлөөлдөг	450
ким	450
өргөгдсөн	449
шалгарч	449
зайлшгүй	449
бичлэгийн	449
тоонд	449
майкл	449
амьтдын	448
баян-өлгий	448
амьсгалын	448
хүүхэдтэй	447
татварын	447
минут	447
генийн	447
долгионы	447
дуулсан	447
утасгүй	447
өөрчилж	446
зориулагдсан	446
цэрэгт	446
маань	446
уильям	446
байхаар	445
татах	445
худалдаж	445
факультет	445
ялгаа	444
чиглэлийн	444
мандал	444
утгыг	444
хэлэлцээр	444
талтай	444
аргентины	444
гүржийн	444
дахины	443
илгээсэн	443
европт	443
хандах	443
дайчин	443
хөрш	443
симфони	443
сурагч	443
египетийн	443
зүйлсийг	442
хийдийн	442
судалгаагаар	442
шинжтэй	442
чадал	442
тэргүүлж	442
зохиолчдын	442
гэрлэсэн	442
халимагийн	442
ягаан	441
явцыг	441
ёслолын	441
зеландын	441
жагсаалтад	441
бурханы	440
далайд	440
үйлдвэрт	440
танхимд	440
алдаж	440
барселона	440
хэсгээр	439
зүүнгарын	439
германд	439
хугацаагаар	439
үргэлжлүүлэн	439
туршлага	439
зуунаас	438
жимс	438
нийгэмд	438
төлбөр	438
швед	438
зургаа	438
хамгаалагчаар	438
километр	437
суралцсан	437
харъяат	437
румын	437
гүнж	437
нэгдлийн	436
сэтгэлийн	436
нөлөөгөөр	435
нийтдээ	435
шинэчлэл	435
магистр	435
дэвид	435
ажлаа	435
хуульч	435
философи	435
шаарддаг	435
хүчлийн	435
сэргээх	435
хөлбөмбөгч	435
сурган	434
байрлаж	434
шингэний	434
нутагтаа	434
багц	434
гэрт	434
төвлөрсөн	433
баримтат	433
швейцарын	433
австри	433
харьяа	432
байгуулалтын	432
нэгтгэн	432
тохиолддог	432
гэдгээ	431
газарзүйн	431
эрин	430
салхи	430
тойрогт	430
олгож	430
ордонд	429
өвөл	429
нэмэгдүүлэх	429
тавих	429
харгалзан	429
үсгээр	428
оршиж	428
өрх	428
холбоог	428
эгч	428
оновчтой	428
эмчилгээ	428
үүдэлтэй	427
хотууд	427
хээр	427
археологийн	427
хошууч	427
ангилалд	427
хийнэ	427
тогтносон	427
компанийг	427
төрөгсөд	427
тариалангийн	426
авчирсан	426
фронтын	426
бүтээжээ	425
хор	425
дивиз	425
эгшиг	424
онлайн	424
чадна	424
зэрлэг	424
ирдэг	424
тэгээд	424
радиогийн	424
даян	423
оныг	423
офицер	423
далан	423
номыг	422
албыг	422
саад	422
шуа-ийн	422
нөхөр	422
менежмент	422
түлхүүр	422
дараалал	420
доош	420
санхүү	420
хөдөлгөөнийг	420
хангаж	420
огт	420
хөвгүүн	419
санкт-петербургийн	419
хувааж	419
шалгах	419
тогтнолоо	419
гүний	419
зүрхний	418
перс	418
инженерчлэл	418
онгоцыг	418
тэмдэглэлт	418
хашиж	417
явагддаг	417
молекулын	417
өглөө	417
чадах	417
төрлөөр	417
сонгосон	417
кинонууд	417
хортой	416
дэслэгч	416
мэдэл	416
зүйлд	416
нилээд	416
мэдэгдсэн	416
зху-д	416
шоронд	416
үзнэ	415
голд	415
үнэлж	415
домогт	415
сэдэв	415
асуудлаар	415
эсэхийг	415
график	415
мэдэгдэж	414
зурагт	414
албанд	414
борис	413
хэлнээс	413
хадгалж	413
нүүрстөрөгчийн	413
нээлтээ	413
нохой	413
мөргөлдөөн	413
эхэнд	412
тогтоожээ	412
тэсвэртэй	412
талбайг	412
байшин	412
зардал	412
гишүүдийн	412
тэнхим	412
үүсч	411
эмэгтэйчүүд	411
мэдлийг	411
ричард	411
тоглоход	411
дорноговь	410
тэргүүлэгчдийн	410
хөтөлбөрийн	410
зайг	410
да	409
ламын	409
шувууд	409
зүйч	409
тэмдэгт	409
уншиж	409
нутгаас	408
давхарга	408
суралцах	408
арын	408
гадаргуу	408
нүүрсний	407
ган	407
нэгжийн	407
хязгаарлагдмал	407
зөвшөөрч	407
нью	407
хамгаалалт	407
зүрх	407
чинь	407
бөөрний	407
дүрээр	407
харилцааг	406
тэс	406
тив	406
дүрсэлсэн	406
дараагаар	406
цэргээ	406
оролдлого	405
олноор	405
хурлаар	405
штабын	405
дэмждэг	405
бичгийг	404
гавъяат	404
төвөд	404
ордын	404
багшаар	404
журам	403
бээжин	403
жуулчлалын	403
чадалтай	403
тэргүүлэгч	403
жагсаал	403
хариуцсан	403
нэгтгэсэн	402
материалын	402
хөдөлгүүр	402
поп	402
харах	401
алхам	401
орост	400
хөндлөн	400
баталж	400
томилогдон	400
шагналын	400
хэвлэх	399
орхон	398
зочид	398
хамаардаг	398
дэвшиж	398
бодож	398
бололтой	398
даван	398
бүтээлээ	398
ашиглалтад	398
инээдмийн	398
эзэмшсэн	397
өөрчлөн	397
биед	397
бодох	397
захидал	397
тушаалд	397
дөнгөж	397
төхөөрөмжийн	397
байрт	397
хэлэнд	396
авна	396
академид	396
хэлтэй	395
суудаг	395
холбогдол	395
хугацааг	395
тулааны	395
эхэлдэг	395
оюутнууд	395
үүсгэсэн	395
хүннү	394
дотроос	394
иймд	394
менежментийн	394
эрүүгийн	394
бичил	394
автономит	394
тува	393
өдөрт	393
хязгаарын	393
төгсгөлд	393
вирус	393
коллежийн	393
цомд	393
дуудлага	392
хамба	392
нүд	392
тархины	392
болзошгүй	391
цэцэрлэгт	391
технологийг	391
химич	391
үйлдвэрлэж	390
хонь	390
хувиар	390
улсынхаа	390
хойг	390
нээлт	390
нөлөөлж	390
шөнийн	390
болгар	390
баярын	390
сайтай	389
шилжиж	389
ид	389
дэлгэрэнгүй	389
хубилай	389
лениний	389
яаж	388
дүгнэлт	388
боржигин	388
танк	388
армид	388
үзүүр	387
уулс	387
төвийг	387
босоо	387
тайлан	387
бүсгүй	387
дуунууд	387
хагаст	386
одонгоор	386
хэрэглэгчид	386
цар	386
нөөцийг	386
үйлдвэрлэсэн	386
захирлаар	386
академич	385
эмнэлэг	385
урсгалыг	385
өнцөг	385
эрхэм	385
сөнөөгч	385
зэрэгтэй	385
армийг	385
зөвшөөрөгдсөн	384
багаж	384
адилхан	384
бэлэг	384
уулзалт	384
идэр	383
мэдэж	383
ширүүн	383
опел	383
үйлдлийг	382
дорнодын	382
хандлага	382
эрхэлсэн	382
бүхэлд	382
эв	382
мэндэлжээ	381
киргиз	381
холбон	381
гитар	381
түрэгийн	381
бүтээн	380
казах	380
яс	380
ойлголтыг	380
ром	380
ачаар	380
хүргэх	380
барагсад	380
төрөлх	379
суудал	379
илэрхийлэх	379
бяцхан	379
комиссын	379
таних	379
шилжүүлэн	378
үнэхээр	378
интернэт	377
тосгон	377
тулалдаж	377
сүлжээг	377
болсноор	376
хаадын	376
дууссан	376
аажмаар	376
төвтэй	376
англиар	376
тоглогчид	376
оруулжээ	376
үзэхэд	375
тамгын	375
адуу	375
хөтөлбөрийг	375
цагаас	375
зогсоох	375
харагдах	374
уруу	374
жирийн	374
авахад	374
батлагдсан	374
даан	374
унаж	374
анхаарал	374
яагаад	373
статистик	373
дундаас	373
ангийг	373
шилжсэн	373
угсаа	373
үзүүрлэсэн	373
овогт	372
үржил	372
аялгуу	372
хөвүүн	372
нэгтгэж	372
сэргэн	372
хурдтай	372
бүртгэгдсэн	372
хаад	372
тунгалаг	371
ноёны	371
тэжээлийн	371
энергийн	371
боллоо	371
бичдэг	371
байгуулдаг	370
эрчимтэй	370
жүдо	370
хүчээ	370
евро	370
эмчилгээний	370
долдугаар	370
өөрчлөлтийг	369
зүүлт	369
зэс	369
гэдэгт	369
нэвтрүүлсэн	369
логик	369
ядуу	369
зүгээр	368
мэтээр	368
харилцах	368
хошин	368
цайвар	368
гэрээгээр	368
өөх	368
харагддаг	368
байдлаас	368
урлагт	368
сингл	368
оросоор	367
магадлалтай	367
математикч	367
гарт	367
эргэж	367
байгаагаа	367
хэрэгцээ	367
чаджээ	367
израил	367
калифорнийн	367
азербайжан	367
анна	367
харри	367
үсгийн	366
тэмцэх	366
цагаар	366
луи	366
шилжих	366
аугаа	366
хүүхэлдэйн	365
олонд	365
санкт-петербург	365
хит	365
хаалгач	365
жан	364
товчооны	364
хэлбэрт	364
холбоонд	364
нислэгийн	364
хайрхан	363
чойбалсан	363
засаглалын	363
маягийн	363
суурьшсан	362
вест	362
явжээ	361
урьдчилсан	361
уулзаж	361
төгсөж	361
саналыг	360
бүрдүүлж	360
хад	360
дурсгалт	360
тулгуурлан	360
далбаа	360
америкт	360
амар	360
тулалдааны	360
хэрэглээнд	359
төвөдийн	359
төмрийн	358
шүүгч	358
ойрын	358
шугаман	358
зодог	358
бакалавр	358
агентлаг	357
персийн	357
бүтээгдсэн	357
өлзийт	356
берлин	356
хэлбэрийг	356
бразил	356
үлдээсэн	356
ялсан	356
хэргээр	356
функц	356
эзэмшиж	356
тэргүүлсэн	356
гараг	356
тэмдэглэдэг	355
дамжуулагч	355
тайзны	355
илгээж	355
султан	355
байсны	355
хана	355
гитарчин	355
өдрийг	354
либерал	354
томилсон	354
ян	354
насан	354
үнэнч	354
намайг	354
виктор	354
зэргээс	353
бүрд	353
бнхау	353
үүнтэй	353
солилцооны	353
аялагч	353
татгалзсан	353
еашт-д	353
милан	353
нэгийг	352
хэрэглэсэн	352
эсэх	352
явагдаж	352
рашаан	352
томъёо	352
ойрадын	352
эргэлтийн	352
хараат	352
илрүүлэх	352
талт	352
нэгдмэл	351
дурсгалын	351
дохио	351
хэсгүүд	351
амархан	351
цайз	351
хүсэлт	351
төлөөлөн	351
нэвтрүүлгийн	351
гэгдэх	350
зарлаж	350
галын	350
тушаалаар	350
талст	350
холбосон	350
дашт	350
хиллэдэг	349
талбар	349
урагш	349
байгуулахад	349
зохих	349
киног	349
товчоо	348
байсаар	348
солонгосчууд	348
зохиогчийн	347
сонгож	347
оос	347
утасны	347
бүжиг	347
атлетикийн	347
туйлын	347
хог	347
харьцаа	347
биеэ	347
ажилчин	347
удмын	347
боломжит	347
групп	347
тутамд	346
чоно	346
гэгч	346
хүмүүнлэгийн	346
дүрийн	346
багууд	346
гүрж	346
чуулга	345
айлын	345
энхтайвны	345
сурсан	345
олимпоос	345
багтах	344
утгаар	344
на	344
хамаагүй	344
уургийн	344
ярьж	344
гараа	344
бууруулах	344
хэрэгслийн	344
румыны	344
салхины	343
шадар	343
дипломатч	343
өвс	343
институт	343
зориг	343
англ	343
тэдэнд	343
редактор	343
тунадас	342
эрхүү	342
хуваарь	342
квант	342
хүндэтгэлийн	342
өсвөр	342
алсын	342
хороонд	341
уулархаг	341
урианхай	341
орчныг	341
татсан	341
тогтнож	341
хх	341
холбоотон	340
жүдоч	340
концерт	340
дуулж	340
эзэмшдэг	339
хугацаандаа	339
гэртээ	339
өрсөлдөгч	339
үлдэгдэл	339
чуулганы	338
хөхтөн	338
найрамдлын	338
ууланд	337
хэрэглэгдэж	337
төгрөг	337
бүтээгдэхүүнийг	337
хэрэглэнэ	336
эгэл	336
буриадын	336
гүнзгий	336
оролдсон	336
хүрээг	336
хаана	336
ойг	336
хоолны	336
хатагтай	336
сэтгүүлд	336
фунт	336
чикаго	336
эл	335
ухааныг	335
зориулалтаар	335
бүрхүүл	335
булаг	335
египет	335
ойлгож	335
аргентин	335
орноо	335
эмнэлэгт	335
мэ	334
судар	334
наран	334
маяг	334
тоглолтыг	334
ертөнцөд	333
хөгжүүлж	333
айл	333
амьдралынхаа	333
төлөөлөгчийн	333
яаманд	333
сонинд	333
хэлэх	333
тушаалыг	333
хойно	333
метроны	333
нэрлэгдэх	332
хадны	332
хэр	332
дээрээс	332
шийдвэрээр	332
хайртай	332
метро	332
ирэхэд	331
эндээс	331
хүлээсэн	331
хоногт	331
клубийн	331
бичгээр	330
өндөрлөг	330
төдий	330
хоолойн	330
хоёулаа	330
шилжүүлэх	330
санг	330
шулуун	329
долгион	329
холбогдож	329
атом	329
орондоо	329
мөрдөн	329
өмчийн	329
найруулсан	329
еврогоор	329
ангиллын	328
японд	328
нэмэгдсэн	328
холын	328
дайныг	328
зузаан	328
тогтолцоог	327
амьдралыг	327
илэрхийлж	327
тусам	327
морьт	327
днх	327
ялагдсан	327
архитектур	327
дүрмийн	327
гэдгээрээ	327
хийв	327
алдрын	327
нийлж	326
алтны	326
мэдлийн	326
хүчит	325
хөрөг	325
өсвөрийн	325
парк	325
хүчинд	325
заслын	325
медалийн	325
цагдаа	325
өндөг	325
хөтөлбөрт	324
ястан	324
нөлөөлөх	324
сэрүүн	324
азербайжаны	324
нэвтрэх	324
хүрдэг	323
хотуудад	323
илтгэл	323
хүрээтэй	323
нэгтгэх	323
удирдуулсан	323
зөрчилдөөн	323
эмгэг	323
шилжүүлсэн	323
шигшээн	323
энхийн	322
эхлэх	322
аз	322
төрлүүд	322
адал	322
танкийн	322
навч	322
британид	321
ноёдын	321
эцэс	321
сонгогдон	321
ярилцлага	321
хойт	321
талдаа	321
этгээд	321
хотуудын	321
бизнесмен	321
газраар	320
дэг	320
зэрэгцэн	320
тамга	320
таалал	320
бэлтгэж	320
дээ	320
үүдэн	319
дүрмийг	319
азид	319
ангилдаг	319
харуулдаг	319
хамтдаа	319
хоосон	319
хамаг	319
маргаантай	319
салаа	318
дагуул	318
төрөлхтний	318
лалын	318
холбох	318
мэргэжилтэй	318
дах	318
зөвшөөрөл	318
үзэн	318
берлиний	318
унасан	318
цомгоо	318
челси	318
кампус	318
галдан	317
хугацаатай	317
экологийн	317
нэгдэн	317
дизайн	317
сэдэвт	317
дэвшүүлсэн	316
тархалт	316
менежер	316
оролцжээ	316
ливерпүүл	316
хожуу	315
геологийн	315
сталин	315
цаазаар	315
хуурч	314
эрдэнийн	314
шинэчлэн	314
онолыг	314
дуугаа	314
бай	314
цанын	314
ногоо	313
хүлэг	313
ойлгох	313
төрийг	313
масс	313
сансар	313
практик	313
дайсан	313
хэдхэн	313
оскар	313
засвар	312
википедиа	312
урсдаг	312
өөрчлөгдөж	312
араас	312
өөрчлөлтийн	312
тэрэгний	312
удирддаг	312
улсаа	312
бүрдэх	312
тооцоо	312
хөгжүүлэхэд	312
тэнхимийн	312
засал	312
өргөө	311
дамдинсүрэн	311
францад	311
нийлбэр	311
тайланд	311
шилжилтийн	311
танилцуулга	311
текст	311
далд	311
кубын	311
му-ын	310
тангараг	310
салбарыг	310
довтолж	310
сүү	310
бусаар	310
киевийн	310
цувралын	310
бичнэ	309
холбоосууд	309
аймгийг	309
чулууны	309
ухаантан	309
илэрхийлсэн	309
туршилт	309
танигдсан	309
туяа	309
анхлан	308
иргэдийг	308
францчууд	308
ажилчдын	308
тэмдэглэгээ	307
хэмжээст	307
сүүлчээр	307
төгрөгийн	306
хийц	306
ширээний	306
харахад	306
сонгуулиар	306
цэргүүдийн	306
цохилт	306
хорин	306
халдвар	306
хэлээрх	306
серби	306
гадаадад	305
шуурхай	305
шилэн	305
шим	305
тавьжээ	305
отгон	304
төлөвлөж	304
болгоход	304
өсч	304
ангит	304
барилдаан	304
хуурын	304
ашиглагдаж	303
богдын	303
төлөвлөлт	303
хаалга	303
ээлжит	303
хэрэглэгчдэд	303
дарж	302
андрей	302
хөгжилтэй	302
гадаргын	302
орныг	302
талууд	302
дмитрий	302
байрлалд	302
бодисыг	302
кодыг	302
хүрчээ	301
засгийг	301
байгууллагыг	301
хадгалагдаж	301
намаас	301
хөдлөх	301
тэндээ	301
амбан	301
цэрэгтэй	301
бостон	301
ул	300
луу	300
тариа	300
зүйлүүд	300
ши	300
бүртгэл	299
нисдэг	299
устгаж	299
нимгэн	299
хээ	299
геологи	299
урвал	299
нэвтрүүлэх	299
захиргаанд	298
байлдаж	298
си	298
литвын	298
нидерланд	298
гарамгай	298
хорватын	298
холболт	297
тогтолцооны	297
пётр	297
шөвгийн	297
орхин	296
гэнэт	296
сүмд	296
үнэгүй	296
явагдсан	296
мэдээний	296
хөшөөг	296
крис	296
бит	296
сургуулиуд	295
дайран	295
ажиллагаатай	295
эвсэл	295
заадаг	295
бүргэд	295
өгнө	295
хавтан	295
харьяалагддаг	295
шагналууд	295
залгамжлагч	295
боловсон	295
дивизийн	295
юрий	295
оруулалтын	294
хувилбарыг	294
манлай	294
дүүрэн	294
биологи	294
самбар	294
суугчтай	294
хаяж	294
даруй	294
үйлдвэрлэдэг	294
хангадаг	294
киргизийн	294
лос-анжелес	294
хенри	294
шоу	294
бууч	294
хаврын	293
хөдөлгөөнт	293
түшмэл	293
морины	293
тусгайлан	293
нэмэх	293
өгүүлсэн	293
алексей	293
нэвтэрч	292
уудам	292
жигд	292
суртал	292
өөрчлөгдсөн	292
эсэргүүцсэн	292
удирдлаган	292
нөлөөг	292
шүү	292
объект	292
жозеф	292
буцаан	292
сонирхол	292
гудамж	292
даваанд	292
бирж	292
үзэсгэлэнт	291
нутгаа	291
хянан	291
харсан	291
монголыг	291
зарлиг	291
болгов	291
оролт	291
тооллогоор	290
учиртай	290
маягаар	290
нөлөөтэй	290
саналаар	290
стратеги	290
үхлийн	290
эзэмшил	290
цомогт	290
хөндийд	289
хүдэр	289
бүтээлчид	289
захын	289
эрдэнэт	289
оруулалт	289
дотно	289
хямд	289
барж	289
эсэргүүцэл	289
фронт	289
орлогын	288
нацист	288
маргаан	288
зохиож	288
орхисон	288
суудалтай	288
гарна	288
гаргав	288
тутам	288
багуудад	288
төхөөрөмжүүд	288
сайтар	287
тамир	287
шийдвэрийг	287
зоригт	287
системүүд	287
булаан	287
вена	287
дани	287
шийдсэн	287
хөрсөнд	287
харилцаатай	286
ачаа	286
нээлтийн	286
устөрөгчийн	286
нүдний	286
хэрэглэгчдийн	286
гэрлэж	286
парист	286
урвалын	286
цуглуулга	286
цолоор	286
алаг	286
хамардаг	285
тэмцэж	285
динамик	285
өрөө	285
байгуулагдсаны	285
эдвард	285
найргийн	285
ивээн	285
тайзнаа	285
шороон	284
хямрал	284
ээ	284
биеэр	284
өртсөн	284
хоёрыг	284
илэрсэн	284
хүсэлтээр	284
орхиж	284
багтаа	284
чадварлаг	284
гэмтэл	284
драфтын	284
путин	284
элдэв	283
тайз	283
тамирын	283
балгас	283
системтэй	283
иад	283
аргын	283
ардчилал	283
хэлтэс	283
шаардлагагүй	283
цалин	283
цаас	283
иш	283
хөгжимд	283
дорж	282
өнгөт	282
засаглал	282
өнгөөр	282
эсэргүүцэж	282
оруулдаг	282
үсгийг	281
үндэслэсэн	281
шашныг	281
бүхэн	281
хөгжлийг	281
байрлана	281
баавгай	281
өгүүллэг	281
тохирсон	281
буулган	281
авагч	281
хандаж	281
унадаг	281
сарны	281
оронч	280
анхаарлаа	280
зургадугаар	280
тухайд	280
танилцуулсан	280
ноёрхогч	280
ойрад	279
бүтээлд	279
колони	279
олонх	279
мэдэхүйн	279
чухам	279
нэрлэнэ	279
швейцарийн	279
дамжуулдаг	279
афганистаны	279
англичууд	279
ертөнцийг	278
тавигдсан	278
утгаараа	278
аргууд	278
эхэндээ	278
урьдын	278
ярианы	278
арсенал	278
шарын	277
шашинд	277
асуудалд	277
шалтгаанаар	277
малтмалын	277
ганцхан	277
хийхээр	277
тэмцэгч	277
тоглогчийн	277
цаасан	276
цуглуулах	276
эсэргүүцлийн	276
веб	276
сонирхлыг	276
архитектурын	276
эрхээ	276
эртнээс	276
хошуунд	276
мэдэгджээ	276
эрхтэн	275
нүүдлийн	275
тогтоол	275
овоо	275
дагаар	275
судалгааг	275
болсны	275
эргүүлэн	275
төлөөлөгчөөр	275
комисс	275
литва	275
эстони	275
хангайн	274
чандмань	274
оршуулгын	274
генетикийн	274
ашгийн	274
автомат	274
ялгаж	274
компанид	274
дүрүүд	274
соёлыг	274
задгай	274
хэлснээр	274
ашиглана	273
тэмдэглэж	273
хориглосон	273
биетэй	273
олноо	273
хөрөнгийг	273
шахам	273
амьсгалтай	273
бэ	273
захирах	273
эрхлэн	273
үлэмж	273
магадлал	273
хариуцлага	273
коллежид	273
өрнө	272
удирдаач	272
хангай	272
таамаглал	272
идэвхитэй	272
харьяанд	272
хурдацтай	272
судалгаанд	272
сонголт	272
фридрих	272
азотын	272
эрхэлдэг	272
зурж	272
баатрын	272
татар	272
салшгүй	272
студийн	272
жагсаалтыг	271
нүүдэлчин	271
статустай	271
гүнд	271
хаанаас	270
өрнөд	270
оруулан	270
температурын	270
нью-йоркийн	270
хэлэлцээ	270
цөл	270
киев	270
авга	270
карт	270
цас	269
хүндийн	269
статистикийн	269
зүүний	269
хянаж	269
босгосон	269
өдрөөс	269
барон	269
амжилтын	269
консулын	268
туг	268
дэлхийг	268
дайрч	268
хэмжих	268
бүрийг	268
дүүргэсэн	268
холбож	268
өргөнөөр	268
атлетик	268
армени	268
лос	268
холбогддог	267
буулгаж	267
хязгаарыг	267
нийлмэл	267
бүгдийг	267
татгалзаж	267
өөрсдөө	267
өсөх	267
энэтхэгт	267
бүрэлдэхүүнтэй	267
хөгжмийг	267
эстонийн	267
дон	267
тогложээ	266
дугуйн	266
эрхэнд	266
үйлчлэх	266
днх-ийн	266
усаар	266
хайж	266
тайлбарласан	266
алан	266
язгууртан	266
бослогыг	266
санамсаргүй	266
програмын	266
чехословакийн	266
сэтгэцийн	266
клубын	266
хамтлагт	266
газруудад	265
шилжүүлж	265
ирээдүй	265
стандартын	265
хажуу	265
ялагдал	265
гишүүнтэй	265
суудлын	265
батлах	265
яваа	265
бууны	265
чихрийн	265
югославын	265
бааз	264
бэлгэ	264
одонгийн	264
хариуд	264
бэрхшээлтэй	264
сталины	264
цуглуулж	264
тусалдаг	264
майами	264
онооны	264
наст	264
виртуал	264
буянт	263
өвгөн	263
пруссийн	263
дэмжсэн	263
эмзэг	263
зүйтэй	263
өмч	263
британий	263
байт	263
өндрийн	263
үүсэж	262
орчуулга	262
бэлгэдэл	262
намрын	262
хэрэгцээг	262
хуваан	262
авахыг	262
зөвлөгөө	262
үйлдсэн	262
британичууд	262
нараас	262
мари	262
үзүүлэлтүүд	261
тодорхойлогддог	261
хадгалдаг	261
тн	261
баригчид	261
ноцтой	261
найруулагчаар	261
хуучнаар	260
тусгасан	260
бүхэлдээ	260
сургуультай	260
бээжингийн	260
василий	260
иод	260
үүсгэнэ	260
иргэншил	260
ленинград	260
тайш	260
насаа	260
павел	260
эдүгээ	259
мөнхийн	259
гахай	259
оролцон	259
уулсын	259
оройн	259
ай	259
адилгүй	259
амгалан	259
тархан	259
оптик	259
жолооч	259
доллараар	259
ургамлыг	259
болор	258
хийхийг	258
анхаарлыг	258
хараа	258
цэцэн	258
зохиолд	258
газраа	258
нөхцөлийг	258
тан	258
төлөвлөгөөг	257
хүрнэ	257
аймгууд	257
зөвшөөрдөг	257
эрхлэгчээр	257
эзэмших	257
хүүгийн	257
үзжээ	257
дараахан	257
тамирчид	257
багуудын	257
гитарын	257
хьюстон	257
константин	257
нацагдорж	256
гайхамшигт	256
заах	256
тулгуур	256
мэдээг	256
бодвол	256
оров	256
мэргэшсэн	256
устгасан	256
бурхны	255
гаргана	255
ялалтын	255
хөдөлж	255
хөндийн	255
афганистан	255
илэрдэг	255
баригч	255
хангасан	255
алгоритм	255
материалыг	255
хөтлөгч	255
дэвшилтэт	255
анд	255
ажиллуулах	255
замдаа	255
боловсруулалт	255
бэлгэдлийн	255
тоттенхэм	255
үүсэн	254
хэргэм	254
хүмүүжүүлэх	254
нэвтэрхий	254
аа	254
хүүтэй	254
ажиллуулж	254
дамжуулж	254
хүртээл	254
цэргүүдийг	254
гарав	254
арменийн	254
дууссаны	253
сольж	253
шаардлагыг	253
төрд	253
дарь	253
хамтарч	253
тоот	253
суурьтай	253
эцгийнхээ	253
хасагдах	253
томъёог	252
токио	252
байрыг	252
ойрхон	252
төсөв	252
доогуур	252
довтолгоо	252
холбоотны	252
өргөж	252
гаргахад	252
дэмжигч	252
шилжилт	252
хэсгүүдийг	252
музейд	252
бороо	252
хэвлэн	251
бүхнийг	251
тансаг	251
нүүлгэн	251
шүтлэг	251
аван	251
солилцоо	251
шавар	251
хүүхэн	251
өрсөлдөж	251
дээшлүүлэх	251
хэрэгжүүлсэн	251
агаарт	251
монголоор	250
зеланд	250
булш	250
оролцов	250
лаос	250
агуулж	250
иосиф	250
зогсоож	250
маркетингийн	250
авахаар	250
беларусь	250
гэргий	250
португалийн	250
тодорхойлоход	249
орчуулсан	249
чулуулаг	249
хөгжимт	249
элементүүд	249
шаардсан	249
тоотой	249
огцом	249
өөрсдийгөө	249
конгресс	249
онгоцоор	249
өргөх	249
дүнгээр	248
өрхийн	248
үнийн	248
байснаа	248
явцын	248
тайлбарлах	248
эсүүд	248
иж	248
сонирхож	248
төрүүлсэн	248
сурвалжлагч	248
аюулаас	248
файлын	247
загварууд	247
тэмдэглэх	247
номонд	247
шугамын	247
аймгаас	247
цутгадаг	247
дүрслэл	247
сурталчилгаа	247
асуудлууд	247
үргэлжилж	247
өртөж	247
гэрээгээ	247
гаднах	247
цаашдын	247
тогтворгүй	247
цогт	247
хосе	247
уянгын	247
хоёрдогч	246
баригдаж	246
улаанбаатарт	246
компаниудын	246
кавказын	246
португал	246
сургуулиас	246
агуулах	246
даатгалын	246
суралцан	246
надад	246
хэдийн	246
нөхөрсөг	246
район	246
кирилл	245
батмөнх	245
өлгий	245
дасан	245
пакистан	245
нээс	245
биетийн	245
холбогдуулан	245
хуурамч	245
дүрүүдэд	245
ороод	245
барааны	245
бөмбөгдөгч	245
нэгээр	245
дагавар	244
буурч	244
үйлчилдэг	244
мугж	244
хошууг	244
авчирч	244
тайвны	244
найм	244
аюулгүйн	244
авахын	244
газартай	244
гишүүний	244
кампанит	244
гараар	244
зөгнөлт	244
компаний	244
хэрэгжүүлдэг	244
цахилгааны	244
буцааж	244
нтө	243
дэлгэрсэн	243
хутагтын	243
жуулчлал	243
эхлүүлж	243
мэтийн	243
хэрэм	243
зангилаа	243
цагийг	243
болд	243
арлуудын	243
нил	243
тэнгист	243
порт	243
төрөн	242
суулгах	242
эвслийн	242
баримтлал	242
намыг	242
гаралтын	242
үймээн	242
шалгалт	242
тагнуул	242
улсуудад	242
судалсан	242
бар	242
түлш	242
чехословак	242
жүжигчний	242
тулгуурласан	241
эрхэлж	241
зар	241
тогтнолыг	241
эдгээрийг	241
мэдэхгүй	241
хувьцаа	241
үзэлтэй	241
зурвас	241
тосгоны	241
компьютерт	241
астон	241
гурвалжин	240
идэвхгүй	240
баталгаа	240
артур	240
нутаглаж	240
эзлэв	240
сурвалжид	240
багаа	240
ий	239
буухиа	239
адилаар	239
дэлгэц	239
смит	239
элементийн	239
довтолгооны	239
битүү	239
сурталчилгааны	239
тайландын	239
авьяас	239
дурсамж	239
ашиглалтын	238
хун	238
хувцасны	238
гадаргуугийн	238
лев	238
үүргээ	238
тогтох	238
интернет	238
үндсэрхэг	238
бэрх	238
тууж	238
вилла	238
нэрлэгдэж	237
хөгжүүлсэн	237
ххк-ийн	237
чулууг	237
тууштай	237
норвеги	237
зогсохгүй	237
өртөг	237
дайралт	237
биеийг	237
крымын	237
жинд	237
төхөөрөмжийг	237
нба	237
хандлагатай	236
саятан	236
хань	236
альфред	236
мотор	236
пуужин	236
төрлийг	236
зоос	236
дутуу	236
нийцсэн	236
үүгээр	236
түүн	236
муутай	236
беларусийн	236
солонгосоор	236
байрласан	236
сүн	236
гр	236
судасны	236
үйлчилж	235
идэш	235
харилцаанд	235
нэмрээ	235
шинэчлэлийн	235
суугчид	235
хэрэгслийг	235
ди	235
очоод	235
даа	235
элэгний	235
чан	234
зүгийн	234
км-т	234
клубт	234
бөө	233
нүх	233
нөлөөнд	233
өрсөлдөх	233
довтлох	233
цөлийн	232
км-ийн	232
өгөгдсөн	232
салбарууд	232
механизм	232
боловсронгуй	232
тор	232
үүснэ	232
секунд	232
үйлдвэрлэлд	232
авснаар	232
цуваа	232
австри-унгарын	232
хайрын	232
мюнхен	232
түүнийгээ	231
ирак	231
бүлгүүд	231
яваад	231
бельги	231
бүрээс	231
конгрессын	231
тархи	231
туршлагатай	231
даган	231
бидэнд	231
хөлбөмбөг	231
дахинд	231
жонсон	231
өсөж	230
зааг	230
зөрчил	230
үгээр	230
иргэдэд	230
үүсгэгч	230
танил	230
үс	230
хөдөлгөөнд	230
температурт	230
фунтээр	230
зуу	229
үргэлжлэх	229
боксын	229
евразийн	229
тивд	229
төгсгөлийн	229
туурвисан	229
дэглэм	229
консерватив	229
цай	229
гаран	229
хятадууд	229
төлбөрийн	229
мексик	229
варшавын	229
жонон	229
сөүл	228
шийдэж	228
давс	228
дэвсгэрийг	228
тооцвол	228
үндэстнүүдийн	228
зорилт	228
заншил	228
шалгаж	228
нууцаар	228
процессыг	228
эрдэмтдийн	228
буйг	228
зочин	228
судлаачдын	228
япончууд	228
цамхаг	228
үхэл	228
өгөв	228
өшөө	228
диск	228
анхаарч	227
голлон	227
зөвлөхөөр	227
саудын	227
эрсдэл	227
урвалд	227
бараан	227
шинэчилсэн	227
толгойг	227
хөлгийн	227
филиппин	227
камбожийн	227
филиппиний	227
долоогийн	227
дэлгэцнээ	227
гинжин	227
залаа	227
бусдын	226
сууцны	226
эмх	226
асуулт	226
хавдар	226
жэймс	226
мэдээж	226
байлгах	226
хүүхдийг	226
сэр	226
зэрэглэлийн	226
лхагвасүрэн	226
сири	226
ялагдаж	226
үзээд	225
завсрын	225
хуваагдана	225
англид	225
ажилчид	225
гутал	225
айраг	225
сууц	225
цаашлаад	225
нягтлан	225
үгэнд	225
багадаа	225
одоог	225
анхан	225
ачааны	225
өгөхийг	225
зугтаж	225
уиллиам	225
чийглэг	224
тайлбарлаж	224
хаалттай	224
асуудлуудыг	224
түмэнд	224
ленинградын	224
венийн	224
албани	224
дүйз	224
сургах	223
хаа	223
байгуулахаар	223
устай	223
бүдүүн	223
нэгдэх	223
зүйлээс	223
гаалийн	223
хариуцлагатай	223
гарц	223
шийдэл	223
той	223
өдрүүдэд	223
гаригийн	223
студи	223
хажуугийн	223
хичээллэж	223
бригадын	222
өнцөгт	222
цөөхөн	222
харвардын	222
сонгогджээ	222
хэлхээ	222
философич	222
догшин	222
илгээх	222
адольф	222
питер	222
барилдаанд	222
хийгдэж	221
гуай	221
болгоно	221
төлөөлж	221
зориулалтын	221
сибирь	221
сууринд	221
авлага	221
алдартны	221
жигүүрийн	221
дарах	221
ашт-ий	221
нэгэнт	220
барил	220
үүсэлтэй	220
төрөөс	220
тогтоон	220
өвдөг	220
түгээх	220
бичигдэж	220
африкт	220
гурвын	220
зарлажээ	220
фредерик	220
буудлын	220
тавын	220
эхлүүлжээ	219
аймгуудын	219
эрэлт	219
юуны	219
түрүүнд	219
үндсийг	219
ирээдүйд	219
сансарт	219
тэмдэглэжээ	219
нөлөөлөл	219
томьёог	219
сонгогдов	219
төлөөлөл	219
легионы	219
алдав	219
хуягт	219
хүннүгийн	218
бат-эрдэнэ	218
байгууламжийн	218
язгуур	218
зүйлсийн	218
зарчмыг	218
хойгийн	218
булангийн	218
томилжээ	218
ирланд	217
элс	217
мандлын	217
эдлэл	217
чөлөөг	217
үүр	217
арав	217
барилгыг	217
эргэх	217
латви	217
хаалт	217
тоглогчоор	217
байгаагаар	217
хөөж	217
блок	217
узбекистаны	217
эрдэнэс	216
наймын	216
энергийг	216
шийджээ	216
өрнөж	216
нэгээс	216
нөхөрлөлийн	216
хэвлүүлжээ	216
голландын	216
шугамыг	216
исэл	216
холбооноос	216
боомттой	216
уэльсийн	216
чилийн	216
элэг	216
баярууд	216
боруссиа	216
алдааг	215
ширээ	215
татдаг	215
баримал	215
хэлэхдээ	215
борлуулалт	215
түүхчид	215
арьсны	215
шил	215
хожмын	215
архитектор	215
задралын	215
медальтай	215
дээл	215
сувгийн	215
кодын	215
мэдрэгч	215
лаосын	215
эзэмшигч	214
хэлнээ	214
хүүг	214
хурлаас	214
жаргалант	214
таслан	214
тодорсон	214
үүд	214
иванович	214
харуулах	214
бослогын	214
минутанд	214
өвчтэй	214
словак	214
хуан	214
цагадайн	214
харайлтын	214
гартаа	214
програмыг	214
салж	213
аяллын	213
сумаас	213
дотуур	213
талбайтай	213
мэдрэмж	213
ялгарах	213
гүйцсэн	213
оор	213
уефа-гийн	213
гоолдсон	213
бнмау	212
үйлийн	212
хажуугаар	212
гүйцэтгэгч	212
сайжруулсан	212
эцгийн	212
товчилсон	212
хөөн	212
айлчлал	212
тэмцээнийг	212
арлыг	212
сэргэлэн	211
буга	211
загасны	211
мэдлэгийн	211
төдийлөн	211
ашгийг	211
тойронд	211
бодлыг	211
цусан	211
хүчингүй	211
үнэндээ	211
цэцгийн	211
зэмсэг	211
танилцаж	211
болтол	211
дарааллын	211
зургаагийн	211
ор	210
үхрийн	210
томилогдож	210
суут	210
ямаа	210
авсны	210
цэнгэг	210
аргуудыг	210
нэмэгдүүлж	210
зөвшөөрөх	210
төлөх	210
тоглохдоо	210
харагдаж	210
тайвань	210
финланд	210
эмэгчин	210
зохиолчийн	210
сэлэгч	210
хаасан	209
хилийг	209
шинжийг	209
тооцох	209
тэлж	209
хийхдээ	209
шүтээн	209
жагсаалтын	209
өглөөний	209
дэлгүүр	209
байгуулалттай	209
хэрэглээг	209
ганцаарчилсан	209
шөвгөрсөн	209
хөтөлбөрүүдийг	209
сонсох	208
валютын	208
маркетинг	208
индиана	208
алдан	208
үрэгдсэн	208
гэрчилгээ	208
тим	208
хулгана	208
холбоотойгоор	208
нум	208
автоматаар	208
куба	208
торонто	208
охинтой	208
индонез	208
индонезийн	208
ундаа	207
гэнэтийн	207
шагнагджээ	207
орныхоо	207
бүү	207
бэхжүүлэх	207
нээжээ	207
цагираг	207
эдгээрийн	207
тэмдгийн	207
бэлтгэсэн	207
үнэмлэхүй	207
үзлийг	207
бусын	207
даалгавар	207
суужээ	207
жижигхэн	207
эзэлжээ	207
баримталж	207
будаа	207
урлагийг	207
ганцаараа	207
хувилбарууд	207
үйлдвэрчний	207
минутын	207
шагналд	207
охидын	207
баримтууд	206
ургац	206
дэвшил	206
эрэгтэйчүүдийн	206
хотгор	206
бохир	206
хязгааргүй	206
адам	206
тогтнол	206
мэдлэгийг	206
суртахууны	206
мөрдөх	206
иддэг	206
төрөлхтөн	206
бүтээлүүдийг	206
хэрэгжиж	206
шан	206
найраг	206
бүлгийг	206
протоколын	206
сургуулиудад	205
тамхи	205
рт	205
бүрдүүлэх	205
хөдөлгүүрт	205
афины	205
дадлага	205
малгай	205
солонгост	205
намд	205
зөвлөлд	205
ургах	205
элизабет	205
финикс	205
уламжлалтай	204
шинжлэлийн	204
довтлон	204
хамрах	204
газарзүй	204
байрлуулсан	204
хориг	204
академийг	204
мэдэгдэхүйц	204
өгүүлдэг	204
тодорхойлно	204
антонио	204
ингэхдээ	203
хоёрдугаарт	203
гхя-ны	203
баталжээ	203
найрлага	203
боловсролтой	203
шри	203
өсөн	203
билл	203
тохируулах	203
камер	203
ангилж	202
тэмцлийн	202
ургийн	202
үлдэх	202
ялган	202
дуусгасан	202
сүүн	202
түүвэр	202
хяналтаа	202
магадлан	202
мэдэгдэх	202
узбекистан	202
дизайны	202
косовогийн	202
хэллэг	201
архи	201
таатай	201
байгаагаас	201
зорчигч	201
голлох	201
тэмээн	201
гудамжны	201
оролцоо	201
дутагдал	201
ясны	201
өөрт	201
зардлыг	201
стивен	201
гариг	201
гэрлэжээ	201
ювентус	201
иракийн	201
эмчийн	201
евгений	201
тавьдаг	200
улсдаа	200
дуулал	200
мандалтын	200
нотлох	200
давтамж	200
илэрхийлэл	200
удирдлагад	200
ямагт	200
хотспур	200
зохицох	199
авиа	199
тэмдэглэгдсэн	199
бусдад	199
онгон	199
засаж	199
өтгөн	199
тогтоогдсон	199
өсөлтийн	199
захирагчийн	199
олгожээ	199
харанхуй	199
лондонд	199
уншигч	199
байлдаан	199
үзэгчдийн	199
хийл	199
харайгч	199
урсах	198
нисэхийн	198
хэрээр	198
засварлах	198
дэхь	198
коммун	198
харамсалтай	198
ханыг	198
амралтын	198
маргааш	198
чихэр	198
больсон	198
үхсэн	198
сүнс	198
номд	198
хаалганд	198
үржлийн	198
хэвлэгдэж	198
уралын	197
тэгвэл	197
хуваадаг	197
явагдах	197
илэрч	197
хурлыг	197
захирагчаар	197
зохистой	197
аваагүй	197
түүгээр	197
өрнөсөн	197
багтжээ	197
дохионы	197
оролдож	196
хк	196
жаргалсайхан	196
талаасаа	196
горхи	196
байгал	196
удирдагчид	196
ажилдаа	196
дэвшигч	196
петр	196
тооцоолох	196
хийгддэг	196
солих	196
хатанбаатар	196
наадмыг	196
түлхэн	196
гардуулах	196
атлетикч	196
шүлгийн	196
даллас	196
гоолоо	196
дуган	195
хуучны	195
станцын	195
малтай	195
үнээр	195
багагүй	195
амны	195
бүрдэл	195
цогцолборт	195
шашинтай	195
сэргээж	195
байгальд	195
журмыг	195
байсангүй	195
багасгах	195
геометр	195
хэлэлцэж	195
дарааллыг	195
мария	195
сахиулах	195
алж	195
яаралтай	195
програмчлалын	195
байлдаанд	195
ураг	195
шуурга	194
давхаргын	194
даралтын	194
болоогүй	194
хэсэгтээ	194
товчоор	194
тайлбарладаг	194
энхийг	194
хуваах	194
йорк	194
харилцаагаа	194
ажилтнууд	194
хүлээх	194
дээдэс	194
буудан	194
хоёрт	194
сингапур	194
техас	194
илрүүлсэн	194
хурдыг	194
политехникийн	194
салан	194
брэнд	194
суралцжээ	194
элсүүлсэн	194
сургаал	193
шуудангийн	193
цэрэндорж	193
хэвтээ	193
могой	193
хувирсан	193
тооцдог	193
хийсвэр	193
шүүмж	193
ялгах	193
мэдээллээр	193
танилцсан	193
настайгаасаа	193
нэвтрүүлж	193
нөлөөллийн	193
тэсрэх	193
корпораци	193
тэмээний	192
гэрэлт	192
жаргал	192
өвчнийг	192
болохын	192
санаачлан	192
хатны	192
шавьж	192
зорьж	192
эсэргүүцэн	192
хүйс	192
дуулах	192
амжилтгүй	192
ховдын	191
зүтгэж	191
томилогдов	191
ургана	191
ялагч	191
олжээ	191
хөшөөний	191
хадгалсан	191
үйлчлэл	191
хязгаарт	191
эдгээрээс	191
теорем	191
ген	191
туслахаар	191
фермент	191
устөрөгч	191
системээр	191
тооцооллын	191
хүсч	191
суув	191
хүүгээ	191
удаад	191
багаасаа	191
шах	191
эрэгчин	191
хэлтэст	191
агентлагийн	191
ассамблейн	191
байгууллагуудад	191
кибер	191
пакет	191
гараанд	191
ашиглалтанд	190
нэгт	190
ислам	190
стандартыг	190
оюутнуудын	190
барималч	190
хуваагдаж	190
сууриа	190
мянганы	190
гүйцэтгэнэ	190
очжээ	190
хүчнийг	190
форд	190
цэргээс	190
эгнээнд	190
хорват	190
шаргал	190
халдварт	190
тогтоно	189
сумтай	189
онон	189
зарлан	189
туулж	189
нээн	189
тэнгэрт	189
альберт	189
очих	189
үзүүлжээ	189
хүйсийн	189
ашиглахад	189
тэгшитгэл	189
зуурын	189
хэтэрхий	189
багшилж	189
наснаасаа	189
зүйд	189
отто	189
динамо	189
баатарсүх	189
марафон	189
хэнтийн	188
цасан	188
хосолсон	188
бүрдэж	188
туулай	188
загварт	188
эзлэгдсэн	188
ферментийн	188
хөрсийг	188
байхын	188
мужийг	188
мэдсэн	188
пакистаны	188
явсаар	188
ялгардаг	188
дурсгалд	188
зуур	188
сек	188
дэмжлэгтэйгээр	188
хамгаалалттай	188
тогтнох	188
горим	188
идэвхт	188
хаягдал	188
довтлогчоор	188
ньюкасл	188
хүрээлэгдсэн	187
төмөрийн	187
буурсан	187
шатарчин	187
өөрийнх	187
бал	187
хүнээс	187
бүртгэлтэй	187
социал	187
улиран	187
хүчилтөрөгч	187
болохоос	187
болгохын	187
ажиллана	187
тэтгэлэг	187
хандлагыг	187
удирдагчдын	187
монголоос	187
өнгөрөх	187
аралд	187
идэж	187
лорд	187
бригад	187
хожсон	187
атланта	187
налуу	187
пуужингийн	187
өвөө	187
детройт	187
эвертон	187
уйгур	186
дөрвөд	186
бүртгэлийн	186
үнэг	186
өргөжин	186
төлөвлөсөн	186
зохицуулдаг	186
нэгд	186
гадуур	186
явна	186
үнэлэх	186
солилцох	186
байтугай	186
онгоцууд	186
бүжигчин	186
булчингийн	186
дүрсийг	186
атлетико	186
тэргүүнээр	185
зовлон	185
харуул	185
хөгшин	185
нүүдэлчдийн	185
ихэнхи	185
лого	185
ёсыг	185
механикийн	185
багана	185
тэтгэвэрт	185
эрч	185
чинээлэг	185
задрал	185
агууламж	185
өвчнөөр	185
хаагч	185
браун	185
фронтод	185
цэнэг	185
ромео	185
дасгалжуулагчаар	185
идээ	184
батбаяр	184
эриний	184
макро	184
ардчиллын	184
хийдэд	184
организмын	184
юмуу	184
үнэлгээг	184
хариуцдаг	184
хуванцар	184
сурагчдын	184
сенатын	184
топ	184
хүрээгүй	184
цацрагийн	184
ойрх	184
сүрэг	184
ленин	184
самбараас	184
дэвтэр	183
олддог	183
тохиолдоно	183
данзан	183
ойлгомжтой	183
нөөс	183
хангал	183
тогтдог	183
фердинанд	183
маягийг	183
санаачилгаар	183
руугаа	183
марко	183
залуус	183
элементүүдийг	183
байгууллагаас	183
хослуулан	183
тэндээс	183
шүүхэд	183
эсхүл	183
хаягийг	183
нүүсэн	183
командын	183
тэг	183
улбар	183
анжелес	183
тоглолтууд	183
зургууд	182
очир	182
урсаж	182
бэлчээрийн	182
малтмал	182
хөдөөгийн	182
үйлдэж	182
нэвтрэн	182
удамшлын	182
дуудаж	182
чаддаггүй	182
гуравдагч	182
гүйлгээнд	182
хөлийн	182
канцлер	182
хүлэгү	182
моторт	182
товчлол	181
швейцар	181
отог	181
наполеон	181
боловсролыг	181
дагуулж	181
хорхой	181
агнуурын	181
шагнасан	181
лаборатори	181
нүүжээ	181
словакийн	181
мэргэжилтнүүд	181
зогсож	181
бодисууд	181
лабораторийн	181
жо	181
цохиж	181
төлөвт	181
бүтээлчдийн	181
гран	181
дараалсан	180
газруудын	180
цэдэнбал	180
комиссар	180
шалтгаалж	180
дагалдан	180
шарль	180
хэсгүүдийн	180
нээх	180
бактерийн	180
толбо	180
түлшний	180
булчин	180
хэлэхэд	180
аих-ын	180
оруулав	180
илгээжээ	180
гарааны	180
хэрэглэгдэх	179
багтаадаг	179
тусламжийн	179
шог	179
урианхайн	179
сонирхлын	179
генетик	179
өнгөний	179
дэмжигчид	179
ургаж	179
тооцож	179
гүрэнд	179
хуваагдсан	179
нүдэнд	179
хаах	179
италичууд	179
болтлоо	179
тогтоов	179
варшав	179
чанга	179
одны	179
итгэмжлэгдсэн	179
октябрийн	179
шийдэх	179
хэвлэлд	179
олныг	178
болсноос	178
дэлгэр	178
байгуулагдахад	178
натрийн	178
гүрнийг	178
хүчирхийлэл	178
дэвшин	178
гуравны	178
миль	178
зохицуулалт	178
хүртээмжтэй	178
эсрэгээр	178
дэмжин	178
нөхцлийг	178
хамгаалдаг	178
георгий	178
холбодог	178
дууддаг	178
номоо	178
ойгоор	178
нүб	178
махчин	178
тустай	178
гарсны	178
инженерчлэлийн	178
шинэлэг	178
зху-аас	178
цэгийн	178
үйлдвэрийг	178
ашт-д	178
сирийн	178
холболтын	177
борооны	177
галуу	177
үүсчээ	177
гудамжинд	177
байрны	177
хонгор	177
металлын	177
ургамалд	177
курс	177
николаевич	177
түмнийг	177
нэмсэн	177
борлуулалтын	177
суугчдын	177
орчуулгын	177
зөгийн	177
барилдаж	177
миннесота	177
өрөөнд	177
игорь	177
бодитой	176
худал	176
бэлчээр	176
ман-ын	176
аюуш	176
найруулга	176
агаад	176
харагдана	176
төвдийн	176
төгсчээ	176
сумыг	176
нийгмийг	176
нарийвчлан	176
мөрөнд	176
хөдлөлт	176
слав	176
суртлын	176
бнхау-д	176
цээж	176
мужаас	176
төрөлхийн	176
цомгийг	176
хайх	175
дугаарт	175
нацагдоржийн	175
шагнагдсан	175
мухаммед	175
хэлбэрүүд	175
талаархи	175
гэм	175
огторгуйн	175
мэдээлснээр	175
эсийг	175
бээжинд	175
бүлэглэл	175
байтал	175
явагдана	175
чадваргүй	175
анхандаа	175
гараад	175
суулгаж	175
дархлааны	175
үрийн	175
тони	175
бундеслигийн	175
нэвтэрсэн	174
мэдээгээр	174
мэлхий	174
микро	174
арилжаа	174
анагаахын	174
чимээ	174
дурдвал	174
монголчуудыг	174
хэсэгчлэн	174
лондонгийн	174
өмнөхөн	174
ганди	174
барах	174
теодор	174
үелэх	174
дуулдаг	174
мэдэгдэв	174
соло	174
судрын	173
баянгол	173
үйлдвэрүүд	173
язгууртны	173
ирнэ	173
дараахь	173
засаглалыг	173
харьцуулсан	173
харь	173
чадварын	173
ерөнхийд	173
бүрээр	173
стив	173
хажууд	173
баримтыг	173
хүмүүжүүлэгч	173
жонс	173
зсбнху-ын	173
наадмаас	173
югослав	173
санта	173
эмир	173
монголч	173
ион	173
хэрэглэхэд	173
тийрэлтэт	173
амжилтаар	173
дуунд	173
кристиан	173
овогтой	173
цэнэтэй	173
викториа	173
каролина	173
цуглуулсан	172
тойрсон	172
гаднын	172
илэрхийлнэ	172
өргөсөн	172
орноос	172
хэрэглэн	172
алагдсан	172
явдалт	172
дагуулан	172
лекц	172
нью-жерси	172
баку	172
энтони	172
латвийн	172
хэрлэн	171
сайжруулж	171
голууд	171
бүрдүүлсэн	171
гарьд	171
тасгийн	171
нэрний	171
ишлэл	171
мандах	171
үзэгдлийг	171
геометрийн	171
засаглалтай	171
хойших	171
тэнцэх	171
хүлэмжийн	171
эргээд	171
тусалсан	171
уусмал	171
чадвараа	171
унах	171
практикт	171
сонсож	171
хийсний	171
хоригдож	171
нэгэнд	171
хүсэлтийг	171
сольсон	171
мэдлээ	171
одод	171
үгс	171
адууны	171
хотуудыг	171
босогчид	171
дарангуйлагч	171
харааны	171
италид	171
испаничууд	171
гэрээлсэн	171
халж	170
аялж	170
батжаргал	170
чимэглэл	170
урам	170
али	170
хавийн	170
материаллаг	170
сангаас	170
хүрээд	170
замбараагүй	170
зэсийн	170
давид	170
польшууд	170
байцаагч	170
багахан	170
багтан	170
илт	170
өмсөгч	170
баталгаажуулах	170
амжилтаа	170
колумбийн	170
буцах	170
хаягийн	170
зураглаач	169
ажилчны	169
дагуух	169
гоёл	169
үлэг	169
амыг	169
орчлон	169
малайз	169
харьцаатай	169
зурах	169
жилийг	169
гэдэсний	169
хэрэгцээнд	169
буяны	169
төрхийг	169
цаасны	169
жилээс	169
учирсан	169
сүмийг	169
грэммийн	169
шалтгааны	169
гүйж	169
бөөр	169
процессын	169
макс	169
шархадсан	169
кливленд	169
адаг	168
түүхэндээ	168
өмчит	168
хязгаарлах	168
зохиомол	168
тусламжтай	168
байгуулагчдын	168
гадарга	168
галерей	168
явдалд	168
асуудлын	168
тайлсан	168
тасаг	168
сэтгэгдэл	168
урчуудын	168
суурийн	168
хүзүү	168
токиогийн	168
хүртэв	168
николас	168
алдагдсан	168
дарааллаар	167
үндэслэл	167
циркийн	167
чуулганд	167
христ	167
хадан	167
лион	167
тавцанд	167
томилж	167
зөрчсөн	167
ханлиг	167
хүргэн	167
парламентад	167
оронтой	167
сүр	167
ороогүй	167
өнөөдрийн	167
сөүлийн	167
тусгаарлах	167
балетын	167
эрик	167
цогцолборын	167
сидней	167
харуулын	167
хуудсыг	166
карибын	166
туул	166
дангаараа	166
зогссон	166
удирдлагыг	166
чимэглэлийн	166
хулан	166
орсноор	166
хүчинтэй	166
тэмдэглэн	166
байдгаас	166
жак	166
мужууд	166
загварчлал	166
корпусын	166
академик	166
цэвэрлэх	166
хэвлүүлж	166
зогсоосон	166
үүрэгт	166
ашиглахыг	166
телевизээр	166
вирусийн	166
бетон	166
бүрдүүлэгч	166
хөтөлбөрүүд	166
миг	166
ажиллуулдаг	166
платформ	166
венецийн	166
гүнгийн	166
түрүүлэн	166
хашсан	166
хөгжих	165
орноор	165
нэгдлийг	165
хэмжээнээс	165
эвлэл	165
шинэчлэх	165
нягтрал	165
учруулсан	165
тэнцвэрт	165
дайнаас	165
төрөх	165
бүтцэд	165
наймаа	165
тушаалаас	165
төрөлтийн	165
гоолыг	165
сургалтыг	165
уйгурын	165
задлан	165
эрдсийн	165
бөмбөрчин	165
оюутнуудад	165
цаначин	165
арвин	164
корпус	164
хүүхдэд	164
чадсангүй	164
дарс	164
номин	164
дугаарыг	164
шаардаж	164
цаана	164
анхаарах	164
тодорч	164
до	164
хамгаалан	164
эсэргүү	164
нуруунд	164
маркийн	164
нэгдүгээрт	164
ангараг	164
юта	164
сүлжээгээр	164
клип	164
чили	164
бүтээлүүдийн	164
замналаа	164
командлагчаар	164
санскрит	163
үргэлжилдэг	163
буулгасан	163
бүсийг	163
ондоо	163
бэлтгэлийн	163
ангиуд	163
заяа	163
эхэлнэ	163
тушаалын	163
жилүүд	163
буугдсан	163
хадгалагдан	163
тавин	163
чиглэлтэй	163
өргөтгөсөн	163
чиглэлийг	163
компанитай	163
хямралын	163
хүүхдүүдийн	163
хоккейн	163
оноогоор	163
тэнхимд	163
хамтлагийг	163
баянзүрх	162
нуурт	162
үргэлжлэл	162
ганхуяг	162
төвүүд	162
илрүүлж	162
загалмайтны	162
нүүдэл	162
номондоо	162
сэргийлж	162
петер	162
дорнын	162
оноог	162
үлдээжээ	162
амжилтанд	162
шувууны	162
сургаж	162
довтолсон	162
загалмайн	162
хөгжөөн	162
хамбург	162
эхтэй	161
баттулга	161
бүст	161
хөвгүүдийн	161
амьдралаа	161
ангилна	161
марсель	161
толгод	161
хэсгээрээ	161
иргэншлийн	161
байгуулахыг	161
буланд	161
нийлүүлэлтийн	161
хөвөн	161
соён	161
м-ийн	161
ионы	161
буудалд	161
амжилтад	161
зөгий	161
домэйн	161
тооцоолол	161
перу	161
нийтлэлийн	161
портленд	161
тоолол	160
шуудан	160
жүжигчид	160
унаган	160
алдагдал	160
хоолойгоор	160
горимд	160
мембран	160
нөхөд	160
бүрэлдэн	160
тушаалаа	160
гишүүдийг	160
алдааны	160
үйлдвэрлэлийг	160
пьер	160
хуралдаж	160
эхлэхэд	160
өргөдөл	160
ширээг	160
рнх	160
худалдаачин	160
үзлийн	160
багийнхаа	160
гүйдэл	160
оху-д	160
эсэргүүцэх	160
баянмөнх	160
интернэтийн	160
колумбын	160
хэвлийн	160
туурвиж	160
үйлдвэрлэхэд	160
уск	160
шарлотт	160
сэтгэлийг	159
хуяг	159
хорлоогийн	159
хуралдаанаар	159
кальцийн	159
итгэж	159
шүрэн	159
машиныг	159
жавзандамба	159
болгохыг	159
уулыг	159
ороход	159
боксчин	159
хүмүүстэй	159
мэднэ	159
хөдөлгүүрийн	159
ололт	159
хурааж	159
зуржээ	159
александрович	159
флорида	159
эцэстээ	159
хүүхдүүдэд	159
аврах	159
баривчилж	159
тэмцээнүүдэд	159
урвуу	159
косово	159
онууд	159
уругвайн	159
улстөрч	159
ачаалал	158
цогчин	158
хүндэтгэл	158
чадалгүй	158
нээгдэж	158
ажлаас	158
үнэлгээний	158
тээвэрлэх	158
олонлог	158
агуулгыг	158
үзүүлэн	158
мэндэд	158
хасагдсан	158
по	158
чингисийн	158
төрөлт	158
өөрчлөлтүүд	158
үзүүрт	158
салсан	158
карлос	158
гурвалсан	158
програмууд	158
хэрэггүй	158
гэдэс	158
багтаамжтай	158
оксфордын	158
ред	158
босогчдын	158
соёмбо	157
дамдин	157
цэндийн	157
уяач	157
хооллодог	157
шүтдэг	157
колонийн	157
суудалд	157
фут	157
хэсгүүдэд	157
тоос	157
билэг	157
тунхагласан	157
демократ	157
мөрийн	157
хэрэгжүүлэхэд	157
анализ	157
хөвгүүд	157
шаардагдах	157
ирэн	157
урилгаар	157
бусдыг	157
мөргөлдөөний	157
шавж	157
сүүлдээ	157
байхаас	157
сацуу	157
осол	157
нэгдлүүд	157
эмгэнэлт	157
суурьшиж	156
пүрэвдорж	156
байгуулснаар	156
уянга	156
дөчин	156
эрэн	156
гайхамшигтай	156
бусдаас	156
вэй	156
захад	156
тодорхойлогдсон	156
зорилтот	156
харгис	156
хатнаас	156
суулгасан	156
рыцарь	156
жүжгийг	156
стэйт	156
зөвлөмж	155
чуулгын	155
нүүдэллэн	155
индекс	155
ирлээ	155
амралт	155
элбэгдорж	155
зайлуулах	155
цөөнгүй	155
нэмэгдэх	155
тэмдгийг	155
агуулагддаг	155
дэс	155
паул	155
хүндрэлтэй	155
үзүүлэлтээр	155
гучин	155
барилгууд	155
сэргээсэн	155
тушаалаасаа	155
ес	155
бнсу-ын	155
баатарлаг	155
судас	155
процессор	155
конго	155
туурь	154
депутат	154
сумдын	154
очирбат	154
наяд	154
амьдарна	154
дундах	154
шүүмжлэгч	154
организм	154
тулж	154
боловсруулан	154
уусдаг	154
тэмцэлд	154
хамаарал	154
хүсэж	154
түлхүү	154
түвшинг	154
элементүүдийн	154
хүрэхэд	154
удирдлагаар	154
санхүүжилт	154
тэмдэгтийн	154
нотолгоо	154
хөлсний	154
сувгаар	154
балканы	154
зөөврийн	154
буудаж	154
тактик	154
эдуард	154
адмирал	154
консул	154
бохирдол	154
цоо	153
хүндэтгэн	153
хураан	153
бүрмөсөн	153
мөнхбат	153
чийг	153
ад-дин	153
харьцах	153
эн	153
ассамблей	153
онцлон	153
нэвтрүүлэгт	153
шатар	153
сонголтоор	153
хороог	153
тулгарсан	153
зарчмын	153
зэргэлдээ	153
шүдний	153
албадан	153
брэндийн	153
айлчилсан	153
тамирчны	153
ашт	153
захирсан	153
эхлүүлэв	153
дайсныг	153
дэглэмийн	153
камбож	153
шээсний	153
дурдахад	153
хэлэлцээрийн	153
бавари	153
зурвасын	153
хоёртын	153
михаэль	153
төмс	152
ганзориг	152
тэргүүлдэг	152
сурагчид	152
өнгөрдөг	152
каспийн	152
жич	152
иар	152
хойшхи	152
бодлоо	152
хүчилтөрөгчийн	152
банди	152
өнгөрүүлсэн	152
сэтгэлгээний	152
за	152
амьтдыг	152
хоёроос	152
байгуулсны	152
хаанчлалын	152
батлав	152
тулалдсан	152
үрэвсэл	152
хувиргах	152
гарцгүй	152
мандухай	152
найзууд	152
алтангэрэл	151
квадрат	151
танд	151
бодлын	151
тусгаарлагдсан	151
хбнгу-ын	151
оролцоогүй	151
тарих	151
баталгаажуулсан	151
биелүүлж	151
хэвлэгдэн	151
санаанд	151
алдах	151
нэмэгдүүлдэг	151
ярих	151
амьдарсан	151
буян	151
архивын	151
дүүс	151
бүслэн	151
найрсаг	151
эзэд	151
бөмбөгийг	151
хувьсгалч	151
тухайгаа	151
жава	151
нутгийнхаа	151
мг	151
эрийн	151
голден	151
венесуэлийн	151
сакраменто	151
хэлнүүд	150
довтолгоонд	150
залуучууд	150
голыг	150
албат	150
бичээс	150
сүүлт	150
үйлдэх	150
өсөлтийг	150
мөсний	150
урсан	150
хамгаалалтад	150
итгэдэг	150
шүтэн	150
далбааны	150
дүрслэн	150
нано	150
дифференциал	150
хааяа	150
байрын	150
байсантай	150
аяга	150
задарч	150
нүүрстөрөгч	150
хүрэхгүй	150
илтгэх	150
харьяалагдах	150
олгоно	150
ханын	150
леонид	150
сэтгэлд	150
команд	150
өргөмжлөл	150
чагдаржав	150
улирлыг	150
хэрэгслээр	150
тогтож	149
дамдины	149
бадарч	149
цонх	149
ахуйд	149
намсрай	149
нийлүүлж	149
олонхын	149
нарийвчилсан	149
орнуудтай	149
хандсан	149
сэтгүүлчдийн	149
мэдэгдэл	149
дээрхи	149
оруулагч	149
гардан	149
бууруулж	149
үзэгдэх	149
хараахан	149
хэлжээ	149
сурталчлах	149
зул	149
зөвшөөрчээ	149
хожиж	149
гоолын	149
эзэмшилд	149
олзлогдсон	149
сургагч	149
километрийн	149
боловсруулахад	149
австралид	149
при	149
ханхүү	149
найруулж	149
тоглогчдын	149
саналаа	148
тогоо	148
саран	148
эхнийх	148
уулзсан	148
мэдээлэлд	148
чадлыг	148
битийн	148
гагцхүү	148
бен	148
цагаасаа	148
байдлаа	148
узбек	148
сонгомол	148
витамин	148
элсүүлж	148
явахад	148
жүжигчнээр	148
цахиур	148
халим	148
архаг	148
модыг	148
арьст	148
био	148
милуоки	148
словенийн	148
залгаа	147
дэвшүүлж	147
сүрлэг	147
янзаар	147
шинжлэл	147
өвийн	147
сэтгүүлийг	147
салгаж	147
улсуудыг	147
залуусын	147
салбартай	147
илрэл	147
хөдөлгүүртэй	147
хайрцаг	147
тархаж	147
фото	147
алинд	147
экспортын	147
төрүүлж	147
элсэх	147
мариа	147
учруулж	147
эсэн	147
чулуугаар	147
арилгах	147
зайнаас	147
нүцгэн	147
тарьж	147
ажилтантай	147
бразилийн	147
найруулагчийн	147
басс	147
гэрлийг	147
луис	147
төлөвлөлтийн	147
файлыг	146
гэгээрлийн	146
хариуцаж	146
шохойн	146
саяхан	146
цайзыг	146
тогтоодог	146
төлөвлөгөөний	146
дарамт	146
зүйг	146
хувьцаат	146
илүүтэй	146
сонирхогчдын	146
нулимс	146
дураараа	146
тамхины	146
захиалга	146
корпорацийн	146
библийн	146
зоригтой	146
довтолгооноос	146
биечлэн	146
сэдэвлэсэн	146
мэдээлсэн	146
физиологийн	146
франсуа	146
франклин	146
филипп	146
умардын	145
агсан	145
дуусгавар	145
кв	145
доорхи	145
таталцлын	145
ёслолд	145
өргөжиж	145
хайгуул	145
нөхөрлөл	145
эрдэмтний	145
кидан	145
олборлолт	145
асуулга	145
дутагдалтай	145
олимпиад	145
муис	145
бичмэл	145
сүүлч	145
илүүдэл	145
хольж	145
молекулууд	145
метал	145
үнэлэн	145
амжилтууд	145
хангамжийг	145
студид	145
аялсан	145
патрик	145
спортоор	145
боб	145
зарцуулсан	144
гантулга	144
партизан	144
хүдрийн	144
үйлийг	144
орнуудаас	144
титэм	144
цагаач	144
эрсдэлтэй	144
тооцогдох	144
багаар	144
илүүд	144
бууруулдаг	144
бэх	144
балтын	144
задран	144
хо	144
иохан	144
агуулагдах	144
хүсэлтэй	144
гарахад	144
тосон	144
ээлжлэн	144
цувралд	144
франкфурт	144
ниссэн	144
хүснэгтийн	144
мессеж	144
ашиглагдах	143
орчуулж	143
тулгарч	143
алслагдсан	143
зохиолчид	143
ургамлууд	143
пүрэв	143
замтай	143
хамгаалжээ	143
мөргөл	143
бүлгүүдийн	143
нэрд	143
ялгааг	143
туйл	143
дэлгэрүүлэх	143
нийтийг	143
чармайлт	143
барьжээ	143
вектор	143
буулгах	143
загваруудыг	143
медалийг	143
ханддаг	143
хүндийг	143
шүүмжилж	143
еашт-ий	143
гарагийн	143
товчоон	143
багтаамж	143
цомыг	143
босни	143
хамар	143
илгээдэг	143
трамп	143
байшинд	143
цолоо	143
хэмжилтийн	143
суралцдаг	143
орландо	143
бафта	143
хувирдаг	142
зонхилох	142
буудлагын	142
нэгжүүд	142
сээр	142
агуй	142
хэмжээгээрээ	142
дурсгалыг	142
хараад	142
хэсэгтэй	142
дамнасан	142
хаантай	142
ойрхи	142
тохиолдох	142
цагааны	142
тохирох	142
хийцтэй	142
хавсран	142
соёлд	142
үйлсэд	142
шотланд	142
үргэлжлүүлж	142
фифа	142
биетүүд	142
гай	142
хэрэгслүүд	142
хоолойг	142
экосистемийн	142
бета	142
борлуулалттай	142
авьяаслаг	142
дебют	142
автобус	141
нууруудын	141
үнийг	141
тогтолцоонд	141
аргачлал	141
түлхэц	141
өргөтгөл	141
удирдлагууд	141
нийлэг	141
онцлогийг	141
дизель	141
огторгуй	141
ажиллав	141
хэвшлийн	141
хойноос	141
залгамжлах	141
византийн	141
казахын	141
идэх	141
тэмцээнээс	141
халдлагын	141
молдав	141
сэдэвлэн	141
тохиргоо	141
улиралын	141
феррари	141
гэрээлэв	141
гийгүүлэгч	140
суварга	140
үйлчилгээнд	140
энхбаяр	140
хамарч	140
болгосноор	140
хөрстэй	140
торгууд	140
зээлийг	140
мөс	140
массын	140
найр	140
ажиглаж	140
хавдрын	140
эсэд	140
тэгэхээр	140
зорьсон	140
эхийг	140
дурьдсан	140
судлалд	140
өрсөлдөөн	140
дугаарын	140
шүтэх	140
барьдаг	140
тавцан	140
будапешт	140
өндрөөр	140
буудай	140
найраглал	140
сэргээгдэх	140
шилжүүлжээ	140
концертын	140
анри	140
саруул	139
самар	139
хүлээлгэн	139
шинжээч	139
засварын	139
бэлтгэн	139
шашинтан	139
дархан-уул	139
цор	139
фёдор	139
түнш	139
талуудын	139
хост	139
ерөнхийлөгчид	139
папын	139
өчүүхэн	139
таамаглаж	139
явахдаа	139
заана	139
тархац	139
модоор	139
ле	139
жүн	139
сэтгүүлчийн	139
кевин	139
аялга	138
жуулчдын	138
улаан-үд	138
батчулуун	138
цолтон	138
давст	138
гомбосүрэн	138
гадагш	138
төлбөргүй	138
экологи	138
үүргийн	138
холбогдон	138
элсэв	138
хүрэгчдийн	138
зугаа	138
тодруулбал	138
дуугаар	138
эндрю	138
дурлал	138
зурав	138
болсныг	138
дархлаа	138
хандив	138
явуулжээ	138
дугаартай	138
ууж	138
хөтөч	138
чанарууд	138
дамждаг	138
шээс	138
нарийвчлалтай	138
эзэмшлийн	138
антон	138
шонхор	138
майк	138
хав	138
мемфис	138
никс	138
үгсийн	137
драм	137
медалиудаар	137
баялгийн	137
нийтээр	137
санаатай	137
улсуудтай	137
хадгалан	137
хуудасны	137
торгон	137
хунтайжийн	137
гаднаас	137
хувьцааны	137
насыг	137
литвийн	137
хайфа	137
аудио	137
өнчин	137
торгоны	137
хоригдол	137
амт	137
жагссан	137
цацагдсан	137
радиод	137
фулхэм	137
валенсиа	137
рено	137
хандалтын	137
умар	136
хийдийг	136
хужирт	136
холбогдоно	136
метрт	136
улиастай	136
нөмрөг	136
нугас	136
үер	136
баримталдаг	136
агуулгатай	136
ирснээр	136
эхэлснээр	136
харьцааг	136
судлан	136
монголчуудад	136
аппарат	136
өргөжсөн	136
евклидийн	136
юнеско-гийн	136
дуун	136
шинжаан	136
эрхгүй	136
ихэр	136
үүгээрээ	136
гэхээсээ	136
огноо	136
холбоодын	136
жанжны	136
амийг	136
кали	136
суралцахаар	136
хангахын	136
хүрээлэнг	136
уондерерс	136
язгуурын	135
шинжааны	135
социализмын	135
ойт	135
залгаж	135
пунцагийн	135
ногдох	135
хувьтай	135
хүнээр	135
төвлөрч	135
палестины	135
гаргахыг	135
ихэнхийг	135
монако	135
сенат	135
ихсэх	135
таньж	135
шагнажээ	135
ажиллахдаа	135
шуугиан	135
хангахад	135
тусад	135
сяньби	135
сүүний	135
гарагт	135
талх	135
вакцин	135
өнгийг	135
оршуулжээ	135
уриа	135
эрүү	135
таримал	135
яамнаас	135
тарианы	135
цомгууд	135
хүчдэл	135
шархаджээ	135
мэри	135
эмми	135
польшид	135
альбион	135
денвер	134
шагдарсүрэн	134
мянгад	134
хуруу	134
секундэд	134
бөмбөрцгийн	134
казак	134
зохиох	134
нийлээд	134
болохуйц	134
нэгтэй	134
цэнгэл	134
нийлүүлэх	134
тоглоомыг	134
тулгар	134
тын	134
нэрнээс	134
гараагүй	134
афин	134
буцсан	134
нэмэгддэг	134
дөрөвт	134
байдгийг	134
бунхан	134
гэгдэж	134
хаалганы	134
захирлын	134
нугасны	134
дагуулын	134
боомтын	134
үеэл	134
урын	134
жим	134
рузвельт	134
эминэм	134
кинг	134
техникийг	134
гидравлик	134
гараалсан	134
иймэрхүү	133
үсэгтэй	133
нийслэлд	133
соёрхолт	133
хайгуулын	133
зохицсон	133
цутгал	133
бүхний	133
сурвалжууд	133
хэлэлцүүлэг	133
уих	133
найрамдал	133
хүчлийг	133
бөртэ	133
васильевич	133
элементийг	133
дэлгэрч	133
татварыг	133
торгуулийн	133
цуг	133
чөлөөлж	133
журмын	133
төлөөлөгчдийг	133
өвд	133
гавъяа	133
сон	133
нандин	133
жимсний	133
ням	133
дуусах	133
авалтын	133
ажилтны	133
шахаж	133
тайлж	133
таарч	133
дайчид	133
өрнөдийн	132
туулсан	132
казахууд	132
нэрс	132
бат-өлзий	132
чойбалсангийн	132
цемент	132
гүрвэл	132
хуваарилалт	132
александрын	132
самуун	132
явуулахад	132
мэдлэгтэй	132
тайлах	132
ганбаатар	132
хэмээжээ	132
таамаг	132
нийцүүлэн	132
өр	132
хэрэгцээтэй	132
бодлогод	132
оросоос	132
итгэлтэй	132
шалгуур	132
холбогч	132
хураах	132
тайванийн	132
тэнхлэг	132
инженерүүд	132
хортон	132
рудольф	132
туяаны	132
гялалзсан	132
шидэлтийн	132
бирмингем	132
олдворт	132
владислав	132
бромвич	132
рома	132
дэмжлэгийг	131
батцэнгэл	131
цоохор	131
мөхсөн	131
хэмээсэн	131
худалдаачид	131
мэдээд	131
үсэгт	131
шалгалтын	131
мөрийг	131
азот	131
боломжийн	131
дангаар	131
хуваарилах	131
эрхүүгийн	131
боол	131
нэхэн	131
хойч	131
үүнийгээ	131
уншигчдын	131
аврага	131
дарсан	131
цэгт	131
жад	131
хайлтын	131
дамдинсүрэнгийн	131
доналд	131
дурссан	131
тайзан	131
наполеоны	131
македоны	131
төхөөрөмжүүдийг	131
хувиргадаг	131
мөчид	131
филадельфи	131
праг	131
үдэш	131
кристал	131
сток	131
бодолтой	130
будда	130
гөрөөс	130
уст	130
давсны	130
нуруунаас	130
гарцаагүй	130
ялгаварлан	130
эзний	130
хянадаг	130
хамгаалахад	130
чиний	130
судлахад	130
туслалцаа	130
шийдвэрийн	130
буух	130
шагдар	130
шарга	130
охид	130
цагаа	130
шугамаар	130
зээлээр	130
зөвшөөрөөгүй	130
төсөлд	130
голоор	130
тэдэнтэй	130
шашинт	130
зохиолууд	130
вашингтоны	130
уншдаг	130
өгэдэй	130
зэвсгийг	130
нийгэмлэгт	130
зайсан	130
удахгүй	130
сонссон	130
сэлэлтийн	130
сарнай	130
ханс	130
даралтыг	130
мэдээллээ	130
дур	130
хувьсагч	130
налайхын	130
хамгаалагдсан	130
чаплин	130
чартад	130
тэшүүрийн	130
думын	130
хуудсанд	129
хувилгаан	129
сонгино	129
үүл	129
гомбожав	129
алтанхуяг	129
шалтгааныг	129
цэц	129
тооцогдож	129
статик	129
цэнэгтэй	129
хорооноос	129
биедээ	129
баримтлах	129
өөрийг	129
шүүмжилсэн	129
дуутай	129
гэлээ	129
хяналтыг	129
үзье	129
уялдаа	129
зарж	129
прокурорын	129
спортод	129
төгсөгчид	129
схем	129
тэнхлэгийн	129
фашист	129
үзэлтэн	129
шатыг	129
хүүхдүүдийг	129
полимер	129
халк	129
рейнжерс	129
дэвсгэртэй	128
хотон	128
батсүх	128
хонин	128
бичээч	128
тооллогын	128
байгуулалтыг	128
эгц	128
зайнд	128
ажиглалтын	128
айлчилж	128
шинэхэн	128
ажлууд	128
ганболд	128
бүтээлдээ	128
аянга	128
холбоогүй	128
дуудах	128
өөс	128
ойлгоход	128
соёрхон	128
авагчдын	128
британы	128
сургалттай	128
казань	128
дагуулсан	128
хяналтад	128
кабелийн	128
туз-ийн	128
сур	128
барахад	128
дохиог	128
үзүүлбэр	128
нова	128
функцийн	128
хороосон	128
нуран	127
лувсан	127
үүн	127
засагтай	127
ажиглагддаг	127
нарс	127
шүүмжлэл	127
цэцэглэн	127
далбааг	127
дайтаж	127
танхимтай	127
ажиглалт	127
агуулгын	127
хадгалагдсан	127
хандан	127
харгалзах	127
чимэддорж	127
авъяас	127
агуулна	127
эхлүүлэх	127
биз	127
даруйдаа	127
хангалтгүй	127
баримтлалыг	127
цэнийг	127
зэрэглэл	127
нааш	127
анхныхаа	127
хүрэлцэн	127
заавар	127
софи	127
оролцоог	127
охайо	127
залгамжлан	127
олимпик	127
мароккогийн	127
ректор	127
ахисан	127
хятадтай	127
хэлэлцээрт	127
кристофер	127
алсан	127
аллага	127
бүтээдэг	126
ойлгодог	126
оноосон	126
балжинням	126
хөрсөн	126
суурилдаг	126
тогтооход	126
хэлэлцэх	126
шинэчилж	126
тарааж	126
бөмбөлөг	126
бөөм	126
батсуурь	126
шүүхээс	126
эгнээ	126
хасах	126
онолд	126
чуулганаар	126
устаж	126
нүүдэлчид	126
тусын	126
хошууд	126
эрэлхэг	126
людвиг	126
хүргэжээ	126
тусалж	126
нараар	126
ану-аас	126
хувьслын	126
махан	126
зүчийн	126
шинэчлэлийг	126
ад	126
өмгөөлөгч	126
маргааныг	126
байрлалтай	126
нато-гийн	126
гвиней	126
бензин	126
хувьсах	126
депутатаар	126
хиагт	126
чарли	126
тоглоод	126
зарц	126
колоничлолын	125
балба	125
замууд	125
манхан	125
бэлтгэдэг	125
нуурууд	125
дуут	125
нэрээрээ	125
уналт	125
итгэх	125
хувилбараар	125
орохыг	125
дэглэмийг	125
өлсгөлөн	125
сонгогчдын	125
скотт	125
биохимийн	125
хаа-н	125
үзэгдлийн	125
хохирлыг	125
комплекс	125
ажлуудыг	125
үнэр	125
сургалтад	125
биелүүлэх	125
мөчир	125
хуралдаан	125
оруулаад	125
эхлэлийг	125
төслүүд	125
берлинд	125
сурвалжийн	125
нэгтгэл	125
баттай	125
медалиар	125
шимт	125
үзэсгэлэнгийн	125
хүндрэл	125
үеэрээ	125
утаа	125
гадаа	125
хуваасан	125
бэлтгэгдсэн	125
буйгаа	125
марш	125
байер	125
дортмунд	125
сонгонд	125
үүрэн	124
сувд	124
орлоготой	124
угз	124
өргөргийн	124
су	124
франк	124
мэдэрч	124
голомт	124
тэмцсэн	124
ургасан	124
электроник	124
ястны	124
амжаагүй	124
мөнгийг	124
төлж	124
мөнгөөр	124
аймгуудыг	124
нүб-д	124
дааж	124
дуугүй	124
олборлох	124
ээлтэй	124
хөдөлгөөнтэй	124
жуух	124
хүмүүсээс	124
шүд	124
ажиллахаар	124
бордоо	124
хүчиллэг	124
хөрөнгөөр	124
барихад	124
найруулан	124
хийхээс	124
санаачилсан	124
селтикс	124
македон	124
чулуут	123
боржин	123
тайжийн	123
залгамжилсан	123
шилийн	123
доржийн	123
хошуудын	123
ангилах	123
даш	123
эхээс	123
тогтоц	123
тунамал	123
тооцон	123
сэдэвтэй	123
өвийг	123
илүүтэйгээр	123
зорилгоо	123
жаргалтай	123
өрсөлдсөн	123
түшиглэн	123
баялгийг	123
томилогджээ	123
зугтан	123
бүтээхэд	123
зураглал	123
мэндийг	123
тооцооны	123
анчин	123
бүтээлээрээ	123
өвлөн	123
ордыг	123
системээс	123
рентген	123
өмнөдийн	123
хамгаалалтыг	123
цагаадайн	123
намхан	123
олдог	123
цэгийг	123
уулзалтын	123
хийг	123
шалгаран	123
товчхон	123
ялгарч	123
барилгад	123
ахин	123
өнгөрч	123
үзэлтнүүд	123
дэлбэрэлт	123
эмхэтгэл	123
булчирхайн	123
халдлагад	123
салхин	123
аваргаар	123
ахх-ны	123
барга	122
буган	122
халиун	122
хяргас	122
дэмбэрэл	122
квт	122
чулуулгийн	122
толгойд	122
байдгаараа	122
лат	122
протестант	122
градус	122
зөвлөлийг	122
нэмрийг	122
хорь	122
сүүдэр	122
сергеевич	122
байгууламжийг	122
будаг	122
бэхлэлт	122
григорий	122
мягмар	122
хэрэгжүүлэгч	122
дели	122
алах	122
нт	122
боддог	122
ялгаруулдаг	122
диплом	122
зайлсхийх	122
хэвлэгджээ	122
хятадыг	122
боолын	122
жүжигт	122
тоглохоор	122
далангийн	122
синтетик	122
факультетэд	122
элсчээ	122
штутгарт	122
кабель	122
танос	122
мужуудад	121
голуудын	121
явдлаас	121
суман	121
болой	121
сульфат	121
нөлөөллийг	121
дүүргэж	121
бүлээс	121
хагасын	121
михайлович	121
цаашилбал	121
патент	121
зүүсэн	121
олонхи	121
тэмдэглэв	121
дуглас	121
фрэнсис	121
филип	121
хослол	121
эхэллээ	121
ялыг	121
иерусалим	121
хувьсал	121
сургалтанд	121
өгснөөр	121
хурим	121
айдас	121
бүтээлтэй	121
сантай	121
үрийг	121
эхийнхээ	121
довтлов	121
цолны	121
удирдлагатай	121
хөхөө	121
үзэгчдэд	121
кавказ	121
сувгийг	121
мэжик	121
лейкерс	121
халл	121
уильямс	121
сл	121
хорчин	120
сонгогддог	120
томилдог	120
налайх	120
хонины	120
морьтой	120
нутагладаг	120
мөч	120
эш	120
тэртээ	120
өөрчлөгдөх	120
гэндэн	120
туулах	120
салгах	120
статус	120
өсгөж	120
буйгаар	120
илгээв	120
хуулбар	120
байлгаж	120
өмсдөг	120
бүсээс	120
дотны	120
гүйцэтгэжээ	120
хамаатан	120
мишель	120
хохирогч	120
тойрч	120
тэнцсэн	120
тактикийн	120
даатгал	120
цутгах	120
вирусын	120
дэлгэцэнд	120
биднийг	120
рэй	120
георг	120
зээ	120
шон	120
ураны	120
судалтай	120
буллз	120
тел-авив	120
жа	120
хослон	119
нохойн	119
баатрууд	119
шарав	119
нөөцтэй	119
тэргүүлэгчид	119
батын	119
тугалга	119
больж	119
үгтэй	119
түүхт	119
үзүүлэв	119
итгэлийг	119
халдан	119
махн	119
медиа	119
тушаалтан	119
гоёмсог	119
тодорхойлжээ	119
тавигдах	119
хийгдэх	119
хөгжүүлэлт	119
холболтыг	119
мөргөлийн	119
нүүн	119
шийдвэрлэсэн	119
зарчмаар	119
дөрөвний	119
зохиогддог	119
агаараас	119
эгзэгтэй	119
харуулна	119
бээр	119
урвалыг	119
давтан	119
штаб	119
тунхаглал	119
хамтрагч	119
нэгжийг	119
испанид	119
илдэн	119
голланд	119
кинонуудад	119
хожигдсон	119
хальс	119
монголии	119
карьер	119
кот-д	119
хэлхээний	119
шавжийн	119
стефан	119
ховард	119
шашинтнууд	118
товчоонд	118
наранбаатар	118
итх-ын	118
ирвэс	118
үзэсгэлэнтэй	118
эмчлэх	118
чих	118
мужуудын	118
цаазат	118
түгээн	118
аюулд	118
үйлдвэрлэгчид	118
хамрагдсан	118
сонирхон	118
ухаантай	118
өгөөд	118
танилцуулж	118
тавина	118
араг	118
хассан	118
юмс	118
зохицуулалтын	118
урласан	118
дурдаж	118
краков	118
зөвшөөрөв	118
охины	118
стандартад	118
эвдэрсэн	118
байгууллагуудыг	118
бичигддэг	118
босгож	118
библи	118
байгууламжууд	118
дайнууд	118
буруутгаж	118
секундын	118
өгөхөд	118
сэтгүүлчид	118
тодорхойлогч	118
байрлалаас	118
нүдэн	118
тв	118
оператор	118
хатуулаг	118
зөвлөлөөс	118
үзэгч	118
далавч	118
хожил	118
шальке	118
тань	117
тохируулан	117
өргөмжилсөн	117
залж	117
отрядын	117
халзан	117
тогтжээ	117
дарви	117
теннисний	117
олдвор	117
эсгий	117
марксист	117
хослуулсан	117
шидийн	117
шороо	117
цуглаан	117
буш	117
дэвис	117
төгсжээ	117
үндэслэлээр	117
чамд	117
шаталсан	117
чинээ	117
өөрчлөгддөг	117
томилох	117
хэмээдэг	117
сайжруулахад	117
харийн	117
хойгт	117
дүүргээд	117
өнөөдрийг	117
еврейчүүд	117
төлөөлдөг	117
нисч	117
хэлэв	117
цэцэрлэгийн	117
цохилтын	117
лан	117
физиологи	117
мао	117
ардаа	117
албанийн	117
зэв	117
хязгаарлалт	117
интерфэйс	117
ослын	117
жирэмсэн	117
хоёуланг	117
сэтгүүлээс	117
өгүүллэгийн	117
шүлгийг	117
украинд	117
оцон	117
бизнесмэн	117
исэлдэлтийн	117
шидэгч	117
тэшүүрчин	117
жек	117
алфа	117
барилыг	116
цог	116
өөрчилжээ	116
хархорин	116
википедиагийн	116
балар	116
намууд	116
газруудыг	116
термодинамик	116
чанаруудыг	116
талбарт	116
байрлуулж	116
шийтгэх	116
цэрэн	116
ибн	116
урьж	116
зориулалт	116
галзуу	116
ууд	116
хэрэгтээ	116
дамжсан	116
төлөөлөх	116
дээдсийн	116
хаанаар	116
чикагогийн	116
урлал	116
урсгалд	116
буцан	116
хүнсэнд	116
нисгэгчийн	116
бүртгүүлсэн	116
дуугаараа	116
дүүтэй	116
дайчдын	116
никита	116
уорриорз	116
хк-ийн	116
дасгалжуулагчийн	116
украйны	116
хандалт	116
нигерийн	116
соёл-эрдэнэ	116
роверс	116
муск	116
хонконг	115
төрт	115
журмаар	115
эрээн	115
сэдвийг	115
хананд	115
эргүүлж	115
болгохоор	115
ашиглалт	115
хилээр	115
функцийг	115
шаардлагад	115
задрах	115
хүнээ	115
өрсөлддөг	115
компаниудад	115
хожлын	115
бэрхшээл	115
тараах	115
тэтгэгч	115
хийхийн	115
оюутантай	115
мюнхений	115
сахисан	115
ухарч	115
байлдах	115
ярьсан	115
холгүй	115
борлогдсон	115
кальци	115
шингээж	115
буурал	115
эрсдэлийг	115
хялбархан	115
порше	115
төрөлжсөн	115
хүхрийн	115
уурхайд	115
сургуульдаа	115
хүсээгүй	115
байрлалыг	115
сэм	115
тоглолтуудад	115
сүлжээн	115
дугуйны	115
замчлалын	115
шавийн	114
хийцийн	114
чамайг	114
хүрхрээ	114
алжир	114
хамаарлыг	114
хөдлөл	114
гүнт	114
жишээнд	114
тусгаж	114
үүслийн	114
уургууд	114
сонсоод	114
объектын	114
энгийнээр	114
цагдан	114
холливудын	114
цөөнх	114
ханд	114
ромд	114
эдлэн	114
өвчинд	114
байшингийн	114
бактери	114
одой	114
сугар	114
цул	114
онгоцонд	114
тамирчдын	114
оролцогчид	114
ямарч	114
экспедиц	114
ажлаасаа	114
мөрөөдөл	114
новгород	114
цайны	114
дүрээрээ	114
сэтгэлгээ	114
контент	114
тавигдаж	113
хосгүй	113
бөмбөгөр	113
тосонцэнгэл	113
байгалын	113
театрыг	113
урал	113
ойлголтууд	113
муур	113
эрсдэлийн	113
социологи	113
удаах	113
зохиожээ	113
санчир	113
нийслэлийг	113
урсгалаар	113
дасгал	113
зоосон	113
буурах	113
шүтэж	113
үргэлжилнэ	113
баасан	113
германыг	113
таслах	113
алжирын	113
өргөнтэй	113
төвүүдийн	113
байгууллагуудтай	113
томилов	113
харваа	113
баримтын	113
шагнаж	113
технологид	113
төрөхдөө	113
уснаас	113
хүчдэлийн	113
хандуулж	113
еврейчүүдийн	113
нуман	113
асуудалтай	113
батаа	113
хийснээр	113
фрэнк	113
куинз	113
вольфсбург	113
тулгамдсан	112
оруулахыг	112
үхэх	112
өдрүүд	112
түшиц	112
эзэлнэ	112
тохой	112
сүргийн	112
үнэмшил	112
үгний	112
ир	112
дуусч	112
телефон	112
литр	112
энхбат	112
барин	112
буцалтгүй	112
хуралдсан	112
аймшигт	112
этгээдийн	112
тойргоос	112
очиход	112
чанарт	112
айлд	112
хотоор	112
дин	112
альфа	112
крым	112
орчмоор	112
материалаар	112
мэндэлсний	112
тэлэх	112
баталгаажсан	112
холбоотнууд	112
бүслэлт	112
амьдралтай	112
малайзын	112
жигүүр	112
үнэлдэг	112
хамааралгүй	112
и-мэйл	112
чиглэн	112
ахуйг	112
арлуудыг	112
уругвай	112
жуков	112
утсаар	112
эрчүүд	112
балет	112
ятга	112
группийн	112
екатерина	112
түлхүүрийг	112
гран-при	112
уиган	112
хоттой	111
эрэл	111
лхагва	111
навчит	111
хам	111
цэцийн	111
өөрчлөлтөд	111
харьцангуйн	111
нэмэгдүүлсэн	111
ялахад	111
ярослав	111
ордод	111
бололцоотой	111
жамсран	111
сарай	111
экспорт	111
потенциал	111
тохиолдуулан	111
прусс	111
хитлер	111
зэвсэглэсэн	111
тохиролцсон	111
сурдаг	111
хятадаас	111
арвай	111
отряд	111
хариулт	111
бенедикт	111
хэвлэмэл	111
зэр	111
буусан	111
самбуу	111
хэлт	111
эвдэж	111
насаар	111
зсбнху	111
бүтээлүүдэд	111
паг	111
ливан	111
баварийн	111
хэмжигдэхүүн	111
түлхүүрийн	111
үсний	111
гимназид	111
ногай	111
ойртож	111
зугтсан	111
байрлуулах	111
учруулах	111
шагнуулсан	111
хилчин	111
омгийн	110
унасны	110
сэргэж	110
голоос	110
самбо	110
нямаа	110
днб	110
үзүүрийн	110
шоо	110
цутгана	110
булшны	110
суугч	110
зарцуулдаг	110
шаравын	110
жамсрангийн	110
хамгаалал	110
дүрэмд	110
үйлдлүүдийг	110
дадал	110
уламжлалыг	110
эхлэхээс	110
бөөн	110
довтолгоог	110
хөлс	110
гүйцэтгэлийн	110
тогтоомжийн	110
гүйлгээ	110
хэвлэж	110
тооллоор	110
франциско	110
хинди	110
террорист	110
нийтэлсэн	110
төгсөх	110
төгсөгчдийн	110
ст	110
коллежийг	110
үлдээж	110
утсан	110
пак	110
хүмүүнлэг	110
шарх	110
асуудлаас	110
наснаас	110
хачирхалтай	110
өргөжүүлэх	110
чолла	110
хүрэхийн	110
маргарет	110
шведүүд	110
захиалгаар	110
кастро	110
халдаж	110
илья	110
замналын	110
давтамжийн	110
леон	110
хооллоно	110
кавальерс	110
драфтаар	110
линукс	110
монцамэ	110
хамтад	109
харьцуулан	109
зүүж	109
нуураас	109
тохиолдож	109
гомбын	109
өлзий	109
хайлах	109
худаг	109
бангладеш	109
нууцыг	109
сүг	109
тунадасны	109
илэрхий	109
мэдээлж	109
үетэй	109
долгор	109
хиллэнэ	109
үзмэр	109
цэнд	109
баярыг	109
фосфор	109
явцдаа	109
тохируулж	109
олонтаа	109
хөтлөх	109
байгуулагдах	109
зөрүү	109
хүртэх	109
утгын	109
экваторын	109
тэрс	109
цуст	109
александер	109
суурингийн	109
ахмед	109
эрхээр	109
лабораторид	109
зээрэнцэг	109
жоу	109
ялсны	109
ялав	109
агент	109
туршиж	109
зүйлээр	109
хэмждэг	109
андре	109
задлах	109
цэнэгийн	109
тавантолгой	109
музейг	109
зурагчин	109
чөлөөлсөн	109
жонни	109
социологийн	109
дэвжээний	109
гулгагч	109
хувилбарт	108
цахар	108
сартуул	108
загвараар	108
төмөрбаатар	108
жалайр	108
батболд	108
элбэгтэй	108
улаанбаатараас	108
хэрэгцээний	108
нурууг	108
намжил	108
нийлсэн	108
тооцсон	108
байгуулагдан	108
бөөмийн	108
гэмтсэн	108
мембраны	108
тийнхүү	108
учрыг	108
атомууд	108
сэлэм	108
хэмжүүр	108
кан	108
цэвээн	108
станислав	108
таамаглах	108
баривчилжээ	108
зүйлтэй	108
бодоо	108
олоход	108
дурсгалууд	108
робин	108
дуусгаж	108
үйлс	108
зүүд	108
үй	108
интернэтэд	108
нойр	108
кофе	108
дүрмээр	108
үүрийн	108
гаралт	108
захиран	108
ханасан	108
елена	108
хэрэгсэлд	108
кенийн	108
профиль	108
кёльн	108
хэрэглэхийг	107
төвлөрдөг	107
эдлэлийн	107
халсан	107
ачит	107
бугат	107
рүүгээ	107
домгийн	107
байралдаг	107
оролцогчдын	107
харилцаж	107
карлын	107
альпийн	107
эхэлснээс	107
саналын	107
конрад	107
оршил	107
хүснэгтэд	107
тэнцэж	107
хэлэлцэн	107
жуулчид	107
колумб	107
мэдрэх	107
махыг	107
яах	107
зорилгыг	107
үүсэхэд	107
өргөтгөх	107
тохиромжгүй	107
палестин	107
хураалт	107
дураар	107
алдаагүй	107
зорилгод	107
дургүй	107
хөдлөлтийн	107
словени	107
осло	107
салангид	107
оршуулсан	107
байраар	107
дарсны	107
уулзвар	107
үйлчилгээтэй	107
файлуудыг	107
тогтоомж	107
мандалд	107
өмсгөлийн	107
колумби	107
ходоод	107
дуурийг	107
мөнгөлөг	107
зааны	107
жүжигчдийн	107
сэлүүр	107
таун	107
блэкберн	107
ып	107
үйзэн	106
хошуутай	106
ховордсон	106
чанараараа	106
бүхэнд	106
шигүү	106
ургамалтай	106
ганбат	106
содон	106
мэдрэл	106
хэрэглэгдэнэ	106
цэнэ	106
тулган	106
генийг	106
сунгасан	106
хэмжилт	106
бүрдүүлнэ	106
хоёул	106
хардаг	106
нууцлал	106
орнуудыг	106
түрэгүүд	106
ууссан	106
ухамсар	106
настайд	106
яваандаа	106
архив	106
хэвээрээ	106
таарна	106
ажилтнуудын	106
байгууллагатай	106
хөвсгөлийн	106
минутад	106
шингэсэн	106
эрнст	106
амарсанаа	106
клод	106
залгамж	106
тэргээр	106
дэлхийгээс	106
давтамжтай	106
удаагүй	106
цэргүүдэд	106
өрлөгчин	106
одгэрэл	106
этиоп	106
комик	106
бичлэгийг	106
бугын	106
брайан	106
хиагтын	106
давтагдашгүй	106
форбс	106
форест	106
үгнүүдийн	106
льюис	106
чуулгад	106
болтон	106
лестер	106
сонгоно	105
оруулна	105
зорчих	105
суурьшжээ	105
байгуулагддаг	105
урлалын	105
тархжээ	105
төсөвт	105
даваадорж	105
доржпалам	105
эзлэж	105
энгэр	105
эмират	105
зарчмуудыг	105
бичихэд	105
гэгээнтэн	105
тангуд	105
хэсгүүдээс	105
баяжуулах	105
эрдэнэбат	105
засгаас	105
хамгааллын	105
зохицуулж	105
зүйлээ	105
тодорхойлогдоно	105
зохиогдож	105
эсэргүүцэлтэй	105
гүюг	105
даацын	105
византын	105
оюутнуудыг	105
дата	105
протоколыг	105
баривчлан	105
дүнгийн	105
зураас	105
серверийн	105
хооллох	105
ноёрхож	105
өвдөх	105
жилээ	105
клубтэй	105
хучигдсан	105
фидель	105
анатолий	105
программын	105
эвэр	105
курст	105
төгсөлтийн	105
трэйл	105
төлбөрийг	105
сиэтл	105
карпатын	105
этиопын	105
дом	105
нацистын	105
лиценз	104
дарьганга	104
харвал	104
хип	104
давааны	104
бэйсийн	104
үндэслэгчдийн	104
авагчид	104
маягтай	104
хуваагдан	104
дүрвэн	104
ясан	104
эдийг	104
жишиг	104
шаардах	104
гэрлэлт	104
худалдах	104
цэгээс	104
нуруун	104
хэвлий	104
шүтлэгтэй	104
зөвшөөрөлгүй	104
фин	104
эрэмбэ	104
гарснаар	104
оруулснаар	104
бнмау-д	104
байснаар	104
томилон	104
бичихдээ	104
таарсан	104
үзүүлэгч	104
хавьд	104
зүү	104
машинууд	104
цилиндр	104
израилийн	104
ангиудыг	104
радиогоор	104
сиднейн	104
түрүүлжээ	104
туркменистан	104
эмэгтэйчүүдэд	104
эмчилгээнд	104
шингэнийг	104
хүсдэг	104
нуга	104
салах	104
еврогийн	104
тажикистан	104
завсар	104
манан	104
бүтэлгүйтсэн	104
үзэгчид	104
густав	104
шидэлт	104
холбогдлыг	104
большевик	104
татгалзах	104
серб	104
захирлуудын	104
севилья	104
мёнь	104
битгий	103
харчин	103
тэдгээрээс	103
шагдарын	103
гуулин	103
гяя-ны	103
үндэстнүүд	103
олноороо	103
шилждэг	103
хэмжиж	103
өгүүллийн	103
заалт	103
эсээс	103
яриаг	103
хилс	103
аяыг	103
ажиллагаанаас	103
санаж	103
алдаатай	103
тэднээс	103
зургаар	103
гарвал	103
хориглож	103
гишүүнийг	103
хутга	103
ардыг	103
сураггүй	103
далайг	103
ламтан	103
хуваалцах	103
абу	103
багтайгаа	103
авъяаслаг	103
туслагч	103
биологич	103
заримыг	103
хүрэв	103
бүтээлээс	103
гана	103
хаалтын	103
дээж	103
хамтлагын	103
чайковский	103
бүлэгтэй	103
амраг	103
гинж	103
калийн	103
цацсан	103
нэвтрүүлгийг	103
цайзын	103
тэсвэрлэх	103
пистонс	103
халдлагыг	103
хувьцааг	103
пэйнтболын	103
тийн	102
үнэнийг	102
царай	102
мухар	102
эрүүлийг	102
хувирч	102
төлөвийг	102
кеннеди	102
баатруудын	102
байгаагийн	102
босгох	102
материалууд	102
аналитик	102
биеэс	102
үйлдвэрлэн	102
хориглох	102
бөөгийн	102
үстэй	102
залган	102
тооцоогоор	102
оргилд	102
яст	102
бичигджээ	102
тоогоороо	102
оросуудын	102
командлал	102
цана	102
формат	102
оролцохоор	102
үргэлжилсээр	102
процессийн	102
автсан	102
петрович	102
хөдлөлийн	102
модонд	102
үүлэн	102
нунтаг	102
процессууд	102
олег	102
дөрвийн	102
даралтат	102
боснийн	102
рерих	102
сурвалжлах	102
пари	102
баатарсүхийн	102
тэмдгүүд	101
оролцоотойгоор	101
бичсэнээр	101
үйлддэг	101
эстрадын	101
аравт	101
олонтой	101
тарвага	101
гомбожавын	101
цолтнууд	101
отгонтэнгэр	101
өгүүлбэр	101
нэгийн	101
толгойлогч	101
давшиж	101
бүрэлдсэн	101
дунджилсан	101
шарилыг	101
энхболд	101
сахар	101
хоёрдахь	101
хамааруулан	101
хувьсгалыг	101
төлөвлөх	101
чанд	101
оролддог	101
зохиолоо	101
тооцоолсон	101
шошго	101
хүлээдэг	101
шаардлагын	101
урамшуулал	101
олзлон	101
чөлөөлөгдсөн	101
огцорсон	101
сонгожээ	101
украинчууд	101
улиралдаа	101
зорилгодоо	101
хуульт	101
бэлэвсэн	101
канадад	101
леонардо	101
байгуулалтад	101
муис-д	101
хувилбарын	101
боловсруулалтын	101
дэгдсэн	101
манжуур	101
цогцсыг	101
тунхаг	101
бүрхэгдсэн	101
барахгүй	101
хаш	101
эгнээндээ	101
рубль	101
виржини	101
дээвэр	101
удирдагчаар	101
командлагчийн	101
ээжийн	101
сийлбэр	101
тархалтын	101
чартын	101
диего	101
гэдгээр	101
байршлын	101
линз	101
рокетс	101
ямайкын	101
никсон	101
тэмбүүгийн	101
халимагууд	100
эгшгийг	100
төрхтэй	100
дашдоржийн	100
самбуугийн	100
цав	100
романы	100
худалдааг	100
чанад	100
тохиолдсон	100
тулга	100
нэрлэгджээ	100
цикл	100
ангиа	100
процесст	100
хоршоо	100
ёкозүна	100
ав	100
баясгалан	100
орлогыг	100
дорой	100
салбаруудад	100
болохоо	100
авахаас	100
хэнд	100
хольц	100
маркс	100
хэвлэсэн	100
сахилга	100
хүргэв	100
ханган	100
рой	100
уриалсан	100
товхимол	100
бат-очир	100
хадгалагддаг	100
оёдлын	100
шахалт	100
хурдаар	100
байлдагч	100
санаагаа	100
шанхай	100
түймэр	100
нийлүүлсэн	100
харьяалагдаж	100
орыг	100
кофены	100
журамт	100
кембрижийн	100
уртыг	100
ахлагчаар	100
идэвхит	100
коэффициент	100
параллель	100
дуучнаар	100
зарсан	100
өд	100
бөмбөгөө	100
аргил	100
дэбютээ	100
лигдэн	99
ста	99
мөөг	99
цахир	99
пүрэвсүрэн	99
дулам	99
махны	99
нэргүй	99
хамрагдаж	99
мэдэлтэй	99
заажээ	99
суугаад	99
тогтолцоотой	99
гэдгээс	99
өгүүлэх	99
ёсгүй	99
билгийн	99
гэгээний	99
урлан	99
харьцуулах	99
виртуаль	99
ажилтай	99
валют	99
наймааны	99
бонд	99
гүйцэтгэл	99
тэмдгээр	99
шинжилгээгээр	99
магсаржав	99
бенгал	99
гамшиг	99
төгсгөлөг	99
эмэгтэйн	99
далайгаар	99
даавуу	99
хилээс	99
хорезмын	99
хүртлэх	99
дагасан	99
заалгаж	99
бөөгнөрөл	99
багшлах	99
хөмрөг	99
бэлдэж	99
давшилт	99
арлаас	99
флот	99
туссан	99
уулнаас	99
үйлчлэгч	99
өртөгтэй	99
навчтай	99
дэлгэн	99
нийтлэгдсэн	99
халдварын	99
зохиолоос	99
тооцогдоно	99
аллен	99
туршлагыг	99
киногоор	99
галд	99
сониныг	99
өргөлтийн	99
орлогчоор	99
нетс	99
ноттингем	99
буцаах	98
зүтгэл	98
эцсээр	98
дуучид	98
бэйс	98
өрлөг	98
баяраа	98
хоп	98
учраа	98
цэнтэй	98
тэгэхдээ	98
гинжтэй	98
оросыг	98
тарьсан	98
тодорхойлолтыг	98
барак	98
форум	98
эрхтний	98
эхнээс	98
бамбай	98
цахиурын	98
бенжамин	98
анхаардаг	98
өрийн	98
хавиар	98
диаметр	98
нээгдэв	98
селтик	98
асуулгаар	98
чиглүүлэх	98
хичээж	98
гүрнүүдийн	98
европчууд	98
тариачин	98
эмчээр	98
найдаж	98
гуравт	98
дамжиж	98
партизаны	98
нөхдийн	98
батсайхан	98
хариуцлагыг	98
эмэгтэйчүүдийг	98
программчлалын	98
тахиа	98
ногооны	98
хүүхдээ	98
шаттай	98
ашигласнаар	98
никарагуа	98
герм	98
хэрмийн	98
байлдсан	98
хүчирхийллийн	98
гэрч	98
радикал	98
дамжих	98
интерфейс	98
карьераа	98
хэлэлцээрийг	98
хоногтоо	98
чанараас	98
уинстон	98
бакс	98
оклахома	98
өргөөнд	98
шинийн	98
дуулиан	98
хамгаалагчийн	98
суонси	98
дугуйг	98
асеан-ий	98
сэлэнгийн	97
барс	97
зүс	97
мөрдорж	97
аргаль	97
янгир	97
баатарын	97
намгархаг	97
залуудаа	97
эрэмбийн	97
үүрд	97
ажилгүйдэл	97
хуваана	97
дагаад	97
шийдвэрлэхэд	97
төлөвтэй	97
днб-ий	97
ларри	97
ивээл	97
моторын	97
орч	97
мэддэггүй	97
нүүрэн	97
хямралд	97
тахлын	97
ялгагдах	97
үзэмчин	97
унгерн	97
асуухад	97
беркли	97
чанадад	97
хосын	97
цаазын	97
төгссөний	97
дунай	97
казанийн	97
сууринг	97
ромчууд	97
уншсан	97
тооцоолж	97
харьцуулж	97
хэрэглэгчдийг	97
командлалын	97
тахал	97
нисгэгчид	97
түрэмгий	97
шинжилгээнд	97
хайлт	97
мэх	97
сэргээш	97
ганын	97
хөнөөл	97
хаягууд	97
робот	97
дер	97
ахай	97
бух	97
үзэсгэлэнд	97
гордон	97
афганистанд	97
мөчлөг	97
ростов	97
боловсруулдаг	97
дуучдын	97
дуусахад	97
волейболын	97
нисэж	97
экологи-эдийн	97
рэпторс	97
экспедицийн	97
европа	97
баянмонгол	96
хавцал	96
баяд	96
төрлөөс	96
бэйл	96
нисэгч	96
олимпиадын	96
хас	96
модуль	96
намаг	96
марокко	96
судлалыг	96
өртөх	96
талбайгаас	96
гишүүнчлэл	96
хиндү	96
зорилготойгоор	96
стюарт	96
сүүлээс	96
археологи	96
жавхлант	96
хамрагдах	96
поло	96
үйлдлүүд	96
ойлгосон	96
бутархай	96
эхлэлтэй	96
эхлэсэн	96
ерөнхийлөн	96
төгрөгөөр	96
машинаар	96
шинжүүд	96
путины	96
хаагчид	96
нийлүүлэгч	96
чадлын	96
ажлаар	96
бөхчүүдийн	96
бремен	96
бнсу	96
латинаар	96
техасын	96
тас	96
кипр	96
бөөнөөр	96
тодруулах	96
нян	96
кларк	96
гараараа	96
харш	96
миссури	96
аналог	96
лу	96
мэдрэмтгий	96
морган	96
өөрчилдөг	96
порто	96
ганцаар	96
цөсний	96
харвааны	96
иллиной	96
хэвлэгч	96
саутхемптон	96
эмиль	96
сеймийн	96
харанга	96
санамж	95
дамбын	95
өөлд	95
аймагтай	95
пүрэвийн	95
өвслөг	95
гайхамшиг	95
тариалж	95
урсац	95
давамгайлсан	95
үслэг	95
давамгайлж	95
үйлчлэлийг	95
үет	95
сахиус	95
ламыг	95
хөрөнгөтэй	95
хөдөлгөөнүүд	95
мян	95
хаяа	95
эдэлж	95
үлгэрийн	95
экосистем	95
хадгалахад	95
математикт	95
алгебр	95
хичнээн	95
нэгний	95
үндэстэй	95
болдоггүй	95
эрхшээлд	95
тооллого	95
вильнюс	95
илрэх	95
захиргааг	95
женев	95
буурай	95
исланд	95
шийд	95
иас	95
угаах	95
бүлийнхэн	95
шүүмжлэгчид	95
арлуудад	95
өмссөн	95
нийтлэгч	95
грекчүүд	95
электронууд	95
нэгдлүүдийг	95
машинд	95
як	95
куб	95
оролцохдоо	95
болдбаатар	95
хүчлүүд	95
оролтын	95
зогсох	95
шийдвэрлэж	95
маркус	95
сартай	95
тариалалт	95
гаргахаар	95
асрамжийн	95
тахил	95
бэхи	95
лео	95
төлөвийн	95
программыг	95
троцкий	95
теннисчин	95
сан-антонио	95
биатлонч	95
вердер	95
согтууруулах	94
идэвх	94
өсчээ	94
чойжин	94
чухамдаа	94
энхтайван	94
харваач	94
аялах	94
йордан	94
ханш	94
болгоод	94
цагаачид	94
үзүүлнэ	94
чихэрлэг	94
иргэншилтэй	94
доошгүй	94
сайгүй	94
өсгөн	94
симон	94
сэдвийн	94
хомс	94
эрэлд	94
өвчнөөс	94
барааг	94
капитал	94
зорьдог	94
тусгагдсан	94
илэрнэ	94
хороожээ	94
урагшаа	94
буулт	94
хариуцан	94
уэльс	94
бөмбөр	94
өрсөлдөөний	94
август	94
хэрэглэл	94
тогтооно	94
чавхдаст	94
царцдас	94
хосууд	94
цэцэглэж	94
эргэлтийг	94
бордо	94
дамжуулалтыг	94
доголон	94
ундны	94
сарыг	94
алгоритмыг	94
жааз	94
хураангуй	94
хөдөлмөрчдийн	94
өгөхөөр	94
сүйрсэн	94
үеийнхээ	94
үеийнхний	94
тогоруу	94
жексон	94
хийморь	94
бухарын	94
саадтай	94
хөгжмөөр	94
хатад	94
шингээх	94
багцыг	94
брюс	94
онлайнаар	94
мини	94
нөөцөд	94
ельцин	94
белл	94
осолдож	94
морис	94
гэрээлжээ	94
бэлчир	93
босгожээ	93
хэтийн	93
дэмжлэгтэй	93
бургас	93
даргыг	93
торго	93
судан	93
тулгуурладаг	93
дутмаг	93
засч	93
хэлээд	93
гөлгөр	93
зөвшөөрлийг	93
номууд	93
гурил	93
зарлах	93
поль	93
ойлголттой	93
очдог	93
даалгаврыг	93
тооцно	93
санхүүжилтийн	93
сийрэг	93
аргун	93
өнгөрөөсөн	93
өртөн	93
мужтай	93
байг	93
дэвших	93
хэрэгтэн	93
шийтгэл	93
жоржиа	93
агнуур	93
армитай	93
есүс	93
үхэлд	93
никола	93
долгионыг	93
хаалгатай	93
ту	93
хаагдсан	93
хэтрүүлэн	93
нарийхан	93
баривчилсан	93
багасгаж	93
өмсөх	93
коста	93
ижилхэн	93
гаж	93
цагаачилж	93
амьдралаас	93
түдэв	93
гүдгэр	93
арьсан	93
электроникийн	93
эсэргүүцлийг	93
зураачаар	93
морийг	93
оршуулах	93
дагина	93
багийнхан	93
бөөмс	93
техникт	93
профессороор	93
шоуны	93
түшээ	93
алекс	93
санаачилга	93
ссср	93
ханатай	93
молдавын	93
сен-жермен	93
айнтрахт	93
домайн	93
этгээдэд	92
хашаат	92
сүхбат	92
уртрагийн	92
өөрчлөлтөөр	92
дөрвөдийн	92
үйлчлэлийн	92
департамент	92
хандуулдаг	92
электроны	92
магадлалын	92
хөдөлгөөнгүй	92
танилцжээ	92
хуваагдах	92
ярилцаж	92
магни	92
логикийн	92
хөдөлгүүрийг	92
жагсаж	92
жагсаалтанд	92
ирсний	92
үлдээх	92
зүтгэсэн	92
прага	92
сонгогдох	92
амссан	92
гэмтлийн	92
зүчи	92
хүрэлбаатар	92
ашиггүй	92
бнмау-аас	92
хөнөөсөн	92
нутгийнхан	92
хориотой	92
замаас	92
гомдол	92
испаний	92
барилдааныг	92
танилцуулжээ	92
сери	92
татагдан	92
жи	92
тосыг	92
илтгэгч	92
хүхэр	92
мөрнийг	92
уушгины	92
нойтон	92
хурууны	92
бэлтгэхэд	92
рашид	92
дурлалын	92
фишер	92
дүүргэжээ	92
хаалгыг	92
шаньюй	92
төхөөрөмжүүдийн	92
артиллерийн	92
нийлэн	92
сүүлний	92
сент	92
чинсан	92
ливаны	92
тувагийн	92
клипперс	92
авагчийн	92
дональд	92
улстөрийн	92
эрих	92
гулгалтын	92
биатлоны	92
күнь	92
харна	91
гэв	91
тэмдэглэснээр	91
иргэдээс	91
савд	91
гавъяаны	91
усаа	91
жаахан	91
енисей	91
соёлтой	91
энэтхэг-хятадын	91
галыг	91
үргэлжлэн	91
занабазар	91
люксембург	91
тэлсэн	91
буцаад	91
нөлөөлнө	91
дүрслэгдсэн	91
тодорхойлон	91
гарыг	91
цөмийг	91
дурсан	91
нийгэмлэгийг	91
бүлгэм	91
эрмэлзэж	91
системүүдийн	91
тэмцээнүүд	91
марио	91
таг	91
зэргэлдээх	91
бүдүүлэг	91
ерөнхийлөгчийг	91
бүрэлдэхүүнийг	91
компаниас	91
сант	91
нутгуудад	91
нарнаас	91
байртай	91
элсүүлэх	91
тооноос	91
тавиад	91
хохирлын	91
спортыг	91
хэлмэгдүүлэлт	91
прокурор	91
сэргээшийн	91
чанараа	91
хө	91
шорт	91
өвчтөний	91
байрлалын	91
метан	91
зохиомж	91
үнэмлэх	91
бразилчууд	91
ихэс	91
дизайнер	91
ферментүүд	91
магнай	91
алганы	91
маверикс	91
хондурасын	91
ханновер	91
дамжуулалтын	91
клубүүдийн	91
таслалт	91
интернационале	91
добронравова	91
википедиад	90
нугын	90
мөнх-эрдэнэ	90
дамба	90
хөвөөнд	90
хөгжимчид	90
илтгэнэ	90
шанд	90
өгүүлснээр	90
биржийн	90
удиртгал	90
хомсдол	90
төлөөллийн	90
чиглэгдсэн	90
оролцуулан	90
зүүнгар	90
уургийг	90
бөөрөнхий	90
нэмэгдэнэ	90
хромосомын	90
шүлгүүд	90
шигээ	90
таймс	90
өнгөн	90
сүмогийн	90
бөлгөө	90
уолтер	90
арифметик	90
топологи	90
өрнийн	90
амьтныг	90
төлбөртэй	90
сангууд	90
хуучирсан	90
нялх	90
сэтгэлтэй	90
үзүүлэлттэй	90
баривчлах	90
шейх	90
хугацаанаас	90
абрахам	90
адилтган	90
гүйдлийн	90
төрдөг	90
то	90
эся-нд	90
үржүүлэх	90
долларыг	90
халхалттай	90
бокс	90
хашаа	90
онтарио	90
идэвхтэн	90
парагвай	90
ахан	90
моцарт	90
оролцуулсан	90
гүүрний	90
ухуулга	90
ирмэг	90
санкт-петербургт	90
охиноо	90
люксембургийн	90
есийн	90
хараагүй	90
хотхон	90
тэтгэвэртээ	90
красноярскийн	90
шалгадаг	90
сайжруулалт	90
миллер	90
реппер	90
ташкент	90
адамс	90
угаалгын	90
тохиргооны	90
мануэль	90
хилл	90
нба-д	90
баавгайн	90
аваргалсан	90
клинт	90
триггер	90
блокчэйн	90
чингэлтэй	89
гуравдугаарт	89
баярсайхан	89
тасархай	89
тэнцвэр	89
нийлүүлэлт	89
албанаас	89
мөрдөж	89
засварлаж	89
механизмыг	89
магтаал	89
хэвлэлийг	89
рекорд	89
дагвадорж	89
чиглүүлэгч	89
зарцуулах	89
хувиргаж	89
ямарваа	89
бүртгэлд	89
зон	89
ярилцдаг	89
тэмдэглэнэ	89
матриц	89
гамин	89
баталгаатай	89
швейцарь	89
цөллөгт	89
лувсаншарав	89
халдах	89
болгоны	89
бодсон	89
байхаа	89
бүтээгдэхүүнүүд	89
амжилтаараа	89
өндөрлөсөн	89
орчинг	89
холбоотнуудын	89
шаталтын	89
тусгаарлаж	89
муудаж	89
урьсан	89
шороодсон	89
дэлбэрч	89
картын	89
ажиллахад	89
зөвлөлдөх	89
наполи	89
биохимич	89
зөн	89
огцорч	89
үржилд	89
ихсэж	89
эрвээхэй	89
бодоход	89
нөлөөлжээ	89
бүтээлээр	89
хурцадмал	89
цацаж	89
загвартай	89
бичүүлсэн	89
буруутай	89
сингапурын	89
картер	89
стэнфордын	89
фолксваген	89
хэлээ	88
цуглуулан	88
эргээс	88
дархад	88
зааснаар	88
тариат	88
жамъян	88
дашийн	88
одонт	88
маск	88
баруунаас	88
тогоонтөмөр	88
тавигджээ	88
шавилан	88
юнеско	88
өлгийн	88
дамжуулсан	88
залгадаг	88
шүүж	88
жимми	88
ухаанаар	88
хүлээжээ	88
дэмжигчдийн	88
угалз	88
алтанбулаг	88
болсоор	88
нүүрний	88
цохих	88
жованни	88
гүйцэтгэлийг	88
или	88
чиглүүлж	88
украйн	88
хийлгэж	88
бүлэглэлийн	88
ахиц	88
султант	88
хавтангийн	88
сүй	88
хөдөлсөн	88
бүрхүүлийн	88
цохилтоор	88
мадридын	88
богинохон	88
дэ	88
хяналтандаа	88
тэмцлийг	88
феодалын	88
уух	88
рожер	88
авьяастай	88
аравтын	88
явахыг	88
зохиолоор	88
таниулах	88
шинэчлэгдсэн	88
хамгаалалтанд	88
гималайн	88
протон	88
халах	88
эдинбургийн	88
бөхөөр	88
сэлгэн	88
хөрөнгөө	88
ирээдүйтэй	88
горбачёв	88
цирк	88
черчилль	88
өнгөгүй	88
далавчаа	88
мустафа	88
эмийг	88
филадельфия	88
үнэртэй	87
тээвэрлэгч	87
намсрайн	87
галавын	87
уурхайчин	87
шувуудын	87
амттай	87
бэл	87
сударт	87
юуг	87
сонгуульт	87
нато	87
зурагтай	87
манжид	87
уялдуулан	87
ойлгоно	87
нэршлийг	87
сөргөөр	87
бодитоор	87
анхнаасаа	87
сонирхдог	87
завь	87
тэмдэгтийг	87
зовж	87
ху	87
ардууд	87
хязгаартай	87
вернер	87
аманд	87
гоё	87
кувейт	87
гүрнүүд	87
жуулчин	87
эрчис	87
өгөөгүй	87
баримлын	87
балчир	87
эргэдэг	87
хүчнээс	87
сувилагч	87
түүхээс	87
дэгдэж	87
урвасан	87
зхукн-ын	87
барилдсан	87
уралдааныг	87
шумбагч	87
цуцалсан	87
финалд	87
үлээвэр	87
байгаатай	87
өвчтөн	87
жузеппе	87
түвд	87
эрдсийг	87
тагнуулч	87
байдлаараа	87
аварч	87
дуунаас	87
тахилга	87
хайсан	87
дамжуулна	87
нээлтийг	87
суурилуулсан	87
дашт-ээс	87
царь	87
александра	87
гранд	87
блэйзерс	87
ангиудын	87
редактороор	87
днепр	87
гэмтэж	87
навчны	87
тохируулсан	87
камеруны	87
багцын	87
иштэй	87
конвенц	87
майнц	87
тэргүүнд	86
баян-өндөр	86
уртнасан	86
шатдаг	86
алдархаан	86
баримтлан	86
баасанжав	86
бадам	86
хүрмэн	86
хайрга	86
багтааж	86
шилжжээ	86
агаарыг	86
хөндлөнгийн	86
өргөмжилжээ	86
молекулыг	86
ярилцлагадаа	86
хяналттай	86
хишиг	86
гүйцэд	86
тэнцвэрийг	86
хүрээнээс	86
үүсвэрийг	86
шатааж	86
нүдтэй	86
язгууртнууд	86
үгсийг	86
гэгчийг	86
үлдэн	86
хэрэглэгчийг	86
лугаа	86
гаргаад	86
аавынхаа	86
болгонд	86
зайны	86
админ	86
гарчиг	86
тархах	86
удаатай	86
туурвижээ	86
тахир	86
даниел	86
дэмжлэгээр	86
виллиам	86
харц	86
сийлсэн	86
медальтнууд	86
тэмдэглэгээг	86
клиент	86
булчирхай	86
дэм	86
минск	86
эмээ	86
орноосоо	86
иоханн	86
алгоритмын	86
шагай	86
перугийн	86
чайковскийн	86
цацагдаж	86
нагац	86
сүмо	86
цэнгэлийн	86
ольга	86
жульетта	86
хочтой	86
нээв	86
тэгшитгэлийг	86
дуунуудыг	86
төхөөрөмжид	86
эль	86
гүйлт	86
лэйкерс	86
лех	86
бадраа	86
яковлев	86
өсөхбаяр	85
улаангом	85
дацан	85
гомбо	85
содном	85
шидэж	85
натри	85
лавлагаа	85
гүйлгээний	85
лүү	85
уулзах	85
температурыг	85
молекулуудын	85
тулалдах	85
функциональ	85
анхбаяр	85
рассел	85
юмыг	85
үүсвэрээс	85
өсгөх	85
ойрадууд	85
оростой	85
тогтоолын	85
өөрөөсөө	85
мьянмар	85
хөвөгч	85
олимпиадад	85
нидерландчууд	85
суралцаад	85
мичиган	85
шижин	85
жишээг	85
бичвэр	85
сен	85
сан-франциско	85
дэн	85
хөгжингүй	85
дүгнэж	85
үнэлсэн	85
утастай	85
давхаргад	85
давалгаа	85
алдагдах	85
уриалж	85
ванкувер	85
өмсгөл	85
херберт	85
уурхайгаас	85
шоронгоос	85
дуулга	85
чимээгүй	85
жагсаалын	85
осман	85
технологиор	85
союз	85
отгонбаатар	85
дараалалд	85
бөөрөнцөг	85
боловсорч	85
цээжний	85
жерри	85
рио	85
баталгаажуулалт	85
кампустай	85
зөрүүтэй	84
өргөмжилж	84
тамгыг	84
хамран	84
сумд	84
багассан	84
олджээ	84
нуурыг	84
оройд	84
цэгцтэй	84
мөстлөгийн	84
дахиад	84
тэргүүлэн	84
хромосом	84
төслүүдийг	84
бодисуудыг	84
метрээс	84
хиад	84
наад	84
сумны	84
хадгаламж	84
эсрэгээрээ	84
цохин	84
манжуурын	84
тунхаглав	84
орсны	84
нилээн	84
гвинейн	84
түгсэн	84
суурилан	84
тогтоцтой	84
устсан	84
авлигын	84
сургуулийнхаа	84
гатлан	84
хадаг	84
дэндүү	84
бүрэлдэхүүний	84
газ	84
дүрэмт	84
марксын	84
болсноо	84
ашиглагдсан	84
лайпциг	84
дүгнэсэн	84
хураалтаар	84
шагнагдаж	84
ачааллыг	84
чип	84
лацио	84
хөөргөсөн	84
бэр	84
зурснаар	84
хөнөөлтэй	84
төрөлтэй	84
байршилтай	84
хошуунаас	84
залгах	84
өөхний	84
нийслэлээ	84
шивээ	84
фернандо	84
зарагдсан	84
ноёдыг	84
байгуулагчид	84
гутгаар	84
цуглуулагч	84
нэмэлтээр	84
драфтад	84
илрүүлжээ	84
толгойтой	84
өвдөлт	84
наггетс	84
не	84
дипломатын	84
сандерленд	84
галиг	83
элсэрхэг	83
заг	83
овооны	83
гүйцэж	83
тариалдаг	83
бэгзийн	83
гантиг	83
үгээс	83
хамаарсан	83
хуримтлал	83
хуулиуд	83
холбоогоор	83
сүмбэр	83
гашуун	83
гонгор	83
тоонууд	83
зориуд	83
төсөөлөл	83
бүтээгдэхүүнд	83
эрж	83
хоцорсон	83
оруулалтыг	83
өмчийг	83
ватикан	83
антропологи	83
зууван	83
сонгуулийг	83
танилцуулах	83
со	83
тогтоолыг	83
хэмийн	83
баригчдын	83
хэлэлцсэн	83
процессийг	83
мухаммад	83
сургадаг	83
нэгджээ	83
гамма	83
хөтөлбөрөөр	83
баталгаажуулж	83
цохилтыг	83
хагарал	83
хоч	83
тэмдэглэгдэн	83
олимпийн	83
онцолсон	83
социал-демократ	83
унд	83
усалгаа	83
практикийн	83
баярт	83
төлсөн	83
вольфганг	83
хийлийн	83
аялалд	83
шүүс	83
зогсоол	83
санаачлагаар	83
файлууд	83
итал	83
фэн	83
патентын	83
жордан	83
шоунд	83
статусыг	83
ажилтнаар	83
петербург	83
саксоны	83
лоуренс	83
зенит	83
шидэгч-хамгаалагч	83
тимбервулвз	83
одсон	82
суудлыг	82
сайжирч	82
билгэ	82
дагалдах	82
нацагийн	82
зээр	82
эрдэнэдалай	82
тусмаа	82
өндрөөс	82
монголдоо	82
цаад	82
өргөжүүлж	82
дүрстэй	82
хачин	82
задардаг	82
ёроолын	82
сүсэг	82
хамаарахгүй	82
блог	82
садан	82
унагаж	82
авлаа	82
гаргасны	82
агуулагдаж	82
глюкоз	82
шилмүүст	82
тоноглогдсон	82
нэгжид	82
бүтээмж	82
дамжуулахад	82
шахах	82
зүйлүүдийг	82
дох	82
хичээдэг	82
борлуулах	82
олохын	82
бүртгэн	82
флоренц	82
задалж	82
оролцоотой	82
шинэчлэлт	82
хянганы	82
балтийн	82
очин	82
хүүдээ	82
гэгээрүүлэх	82
үрэгджээ	82
сонирхогч	82
бямба	82
алдалгүй	82
авианы	82
махбодийн	82
цохисон	82
гадаргууг	82
захирагдаж	82
масстай	82
зураачийн	82
ухуулгын	82
төвшинд	82
яамыг	82
ирэхийг	82
эхэлсний	82
кредит	82
интернэшнл	82
нэхмэл	82
цөөрөм	82
биетийг	82
венесуэл	82
дүрсэлж	82
цагаантны	82
өөрчлөлттэй	82
нутаглана	82
тэндээсээ	82
тариачны	82
чулуужсан	82
гэгээрүүлэгч	82
нуугдаж	82
биенээ	82
сүрэнжав	82
цэргээр	82
шилжүүлэв	82
молекулуудыг	82
дуунуудын	82
нийтэлж	82
лиссабон	82
зулзага	82
мөөгөнцөр	82
нууцлалын	82
сэргийлдэг	82
шүүгчийн	82
танилцуулав	82
оливер	82
барианд	82
олимпт	82
худалдагч	82
тест	82
фиорентина	82
өгөхгүй	81
занабазарын	81
дотооддоо	81
ундааны	81
цэрэндоржийн	81
зүтгэлтнүүд	81
байгуулагдсанаас	81
бадрах	81
ерөө	81
ажиглагдаж	81
йемен	81
нэмэгдүүлэхэд	81
багтаан	81
овогтон	81
ажиглагч	81
хүндэтгэж	81
нэгдэлд	81
журамтай	81
ялагдан	81
бямбын	81
тэдгээрт	81
орохоос	81
ерөөл	81
ажиллаад	81
шахалтаар	81
жанчив	81
аймгийнхаа	81
тэргийг	81
үхэж	81
хэрэгцээт	81
мөчлөгийн	81
салбаруудын	81
татвараас	81
мон	81
цаашдаа	81
европоос	81
парламентийн	81
амьтанд	81
золбоо	81
шоронгийн	81
сэргээлт	81
русь	81
сурчээ	81
онолч	81
оруулахад	81
дайралтын	81
цэвэрлэгээ	81
хориглодог	81
чита	81
элсний	81
сүүлтэй	81
тасарч	81
нэвт	81
нүгэл	81
хагасыг	81
салбараас	81
устах	81
сайтад	81
удирдахад	81
магтан	81
үүсгэхэд	81
тэмүжин	81
ухаж	81
брюссель	81
уурхайг	81
мохаммед	81
цагаачдын	81
онегин	81
сүрьеэ	81
компьютерууд	81
энергитэй	81
нигери	81
максим	81
дээрэм	81
сургасан	81
өргөгч	81
монтенегро	81
наадмаар	81
грант	81
данс	81
лазер	81
изд-во	81
угсралтын	81
луй	81
үзүүлэлтийг	81
дуусгах	80
хэлмэгдүүлэлтийн	80
элст	80
олдоогүй	80
зүүнээс	80
тайгын	80
шаттайгаар	80
алдаршжээ	80
засалч	80
нийлүүлэн	80
бурхад	80
эрмэлздэг	80
суртахуун	80
харьцуулбал	80
үгээ	80
угтан	80
онгоцтой	80
тойрны	80
ёроол	80
хуримтлагдсан	80
үнэний	80
ортой	80
энх-амгалан	80
хожмоо	80
цугларч	80
гишүүнээс	80
зөрчиж	80
өвөрт	80
сумъяа	80
оюу	80
хиллэх	80
мэдрэмжийг	80
ноёрхол	80
дүрслэлийн	80
ээлж	80
байшинг	80
уналтын	80
амд	80
гаргаснаар	80
толботой	80
хэвшсэн	80
хотгойдын	80
дашбалбар	80
вон	80
эргэлтэд	80
сейм	80
зууныг	80
зөөж	80
хонхор	80
мельбурн	80
валентин	80
бутан	80
өөрчлөгдөөгүй	80
төрүүлжээ	80
болсоноор	80
хүндээ	80
ургамлаар	80
интернетийн	80
мянгат	80
баримтад	80
махмуд	80
харьцуулалт	80
флотын	80
тэнцвэртэй	80
ану-тай	80
бин	80
хүзүүний	80
гоминданы	80
над	80
семинар	80
хөгжимтэй	80
халдлагаас	80
хужир	80
судал	80
бүсгүйн	80
армстронг	80
москвагаас	80
өмсөж	80
хонгирад	80
нууцлаг	80
телевизэд	80
стерлинг	80
процессорын	80
медалиуд	80
хамтлагтай	80
үндэслэг	80
тээгч	80
онмх-ийн	80
хядлага	80
жазз	80
для	80
магнитудын	80
акр	80
инч	80
дамжуулалтаар	80
аммонийн	80
алуурчин	80
кёнсан	80
дуулалт	80
егүүтгэх	80
зунгааралт	80
хэлэлцдэг	79
буддизм	79
номлол	79
хувиараа	79
хөгжүүлэлтийн	79
уламжлалын	79
оухм	79
муугз	79
өндөрлөгт	79
хлорид	79
сайтын	79
сүүлчээс	79
жаргалын	79
сахин	79
нурж	79
уншигчид	79
эрхшээлдээ	79
синтез	79
шатууд	79
малыг	79
үзээгүй	79
үргэлжлүүлсэн	79
уих-д	79
хөгжүүлэн	79
үд	79
аудит	79
кардинал	79
зөвшөөрдөггүй	79
ажилгүй	79
дагаврыг	79
лал	79
дурдагдсан	79
шахан	79
леонард	79
талуудыг	79
тохиролцоонд	79
компаниудыг	79
зөвлөж	79
британиас	79
тэгшитгэлийн	79
рио-де	79
гэрлэх	79
байснаараа	79
боловсруулжээ	79
үрээр	79
явав	79
эвдсэн	79
азиас	79
бүлээрээ	79
өсгөсөн	79
тойрох	79
обьект	79
бүдэг	79
хойгийг	79
хариуг	79
олборлож	79
арт	79
давхаргыг	79
ослоор	79
мэдээлэх	79
байршлыг	79
иранд	79
ванг	79
биетүүдийн	79
зарчмууд	79
кармен	79
романтик	79
ионууд	79
угтаа	79
анхаарлын	79
хуваагдал	79
үлддэг	79
зохицуулагч	79
пабло	79
эзэмшигчийн	79
гүйх	79
авгалдай	79
оноожээ	79
ажилдаг	79
айлчлалын	79
ми	79
хайрыг	79
дунджилж	79
мөнгөнбаатар	79
триггерийн	79
бясалгал	78
нирун	78
авахгүй	78
цээрлэнэ	78
хороолол	78
доторхи	78
ариунаа	78
алдартан	78
хурдас	78
жамбын	78
тайга	78
хоньчин	78
урсана	78
орчмоос	78
үүрээ	78
давхарт	78
хураамж	78
оо	78
хязгаарлаж	78
дийлж	78
эфирийн	78
арьстан	78
зорилгын	78
амласан	78
хичээнгүй	78
жефферсон	78
хийвэл	78
малаа	78
урган	78
гүүрийг	78
сурагчдад	78
ичинхорлоо	78
бямбасүрэн	78
аврагч	78
иргэнийг	78
социализм	78
хөдөлдөг	78
цусанд	78
саванд	78
хаанчлал	78
мансууруулах	78
тоглохыг	78
хөрөнгөтний	78
улбаатай	78
хэлэлцээрээр	78
дарангуйллын	78
огцрох	78
харуулжээ	78
астрахань	78
баривчлагдаж	78
мэдүүлэг	78
санваартан	78
дэгдэв	78
хүмүүн	78
номдоо	78
хорезм	78
султаны	78
грамм	78
гутлын	78
нэлээн	78
миланы	78
тохиолдлын	78
галактикийн	78
баталдаг	78
онцолж	78
тажик	78
цох	78
түрүүлэв	78
сахарын	78
файлд	78
хамрын	78
хавайн	78
үлдэнэ	78
хангагдсан	78
хивс	78
станцууд	78
аполло	78
эмэг	78
цэвэрлэж	78
хорон	78
аякс	78
тасалбар	78
оффис	78
бондын	78
янг	78
далавчны	78
йн	78
хорнетс	78
айж	78
бохемийн	78
вильхельм	78
леброн	78
атташе	78
баримжаа	77
хулгай	77
орхоны	77
хуулинд	77
батцэцэг	77
баянцагаан	77
зардлаар	77
ойтой	77
намуудын	77
го	77
хувьсгалаас	77
хавсралт	77
ньютоны	77
хавай	77
хөндлөнгөөс	77
тушаалтнууд	77
хямралыг	77
төхөөрөмжөөр	77
очирын	77
дархадын	77
ухаа	77
харуулав	77
үйлдвэрлэгдсэн	77
хорвоо	77
дүрүүдийн	77
дуран	77
шийддэг	77
импорт	77
хабул	77
киданы	77
шагналаас	77
скандинавын	77
тэнцэнэ	77
алсаас	77
тодруулсан	77
даралттай	77
вьетнамд	77
сенатор	77
гадаргууд	77
хүчлүүдийн	77
үнэлэлт	77
найдвар	77
диаметртэй	77
бослогод	77
амаржаргал	77
хорьж	77
цэгүүд	77
үйлчлүүлэгч	77
мэдээллүүд	77
тавихад	77
фермийн	77
тариалах	77
канзас	77
бэртэл	77
сарьсан	77
гамшгийн	77
жижиглэн	77
исландын	77
чиглэлүүд	77
авалтыг	77
мөрөөр	77
ботаникийн	77
дель	77
хөлтэй	77
чихний	77
хөтөлбөртэй	77
сэргээлтийн	77
түрс	77
их-уул	77
лусын	77
хасан	77
тулгууртай	77
лихтенштайны	77
жаз	77
талбарын	77
норвич	77
хүслийг	76
хан-уул	76
орлох	76
гончигийн	76
банзрагч	76
сарлаг	76
эрхэмбаяр	76
гүрнээс	76
босго	76
амаар	76
анхных	76
алиныг	76
одесса	76
райн	76
мөрнөөс	76
хаягдлын	76
эффект	76
дараагаас	76
хийхгүй	76
эйнштейн	76
нүдээр	76
шалгалтыг	76
хаялт	76
өөрсдийнхөө	76
зэрэглэлтэй	76
ажиглах	76
исаак	76
тавилга	76
үржих	76
олонлогийн	76
үүдийг	76
нийцэж	76
төрлүүдийн	76
тавилан	76
гарахаас	76
элэгдэл	76
явдалтай	76
тойргийг	76
дагуур	76
гоц	76
өрнүүлж	76
хэрэгжүүлнэ	76
хөлөө	76
өгүүлжээ	76
дэвшүүлэх	76
панамын	76
гахайн	76
хадгалахын	76
номлогч	76
роберто	76
зурвасыг	76
хувьсан	76
баазын	76
факультетийн	76
европыг	76
пулемёт	76
эся-ны	76
унагасан	76
хайду	76
ирина	76
сувгууд	76
дурджээ	76
гинжит	76
алхаж	76
сертификат	76
хойчис	76
ялалтаар	76
зүрхэнд	76
ялгаруулах	76
хэлхээг	76
харвах	76
хороож	76
эрвин	76
верди	76
феликс	76
шош	76
тусгаарлагч	76
алагджээ	76
омог	76
уригдан	76
тариачдын	76
тэнэг	76
прагийн	76
ялгадаг	76
завгүй	76
большевикуудын	76
гацаа	76
тур	76
ма	76
районы	76
одооны	76
тринидад	76
ватиканы	76
сочи	76
өгөгдөлд	76
альтернатив	76
буха	76
чүнчон	76
ноот	76
мюллер	76
сэлгээнээс	76
линзийн	76
барилдлаа	76
хотонт	75
лувсангийн	75
бямбадорж	75
дундажаар	75
дэлгэрхангай	75
тахилын	75
сад	75
насныхан	75
ургацын	75
үүсвэрийн	75
пирамид	75
хийгээгүй	75
дэлгэрүүлж	75
төвлөрүүлж	75
олоогүй	75
хуралдааны	75
далайчин	75
тунхаглаж	75
өөрчлөлтөөс	75
тохирч	75
ихдээ	75
илтгэдэг	75
уламжлан	75
татагдаж	75
обама	75
хэвлэлүүд	75
хагасаас	75
спирт	75
говьсүмбэр	75
ман	75
бэсрэг	75
портал	75
нүсэр	75
цалингийн	75
байгууллагаар	75
нөхөх	75
тулгардаг	75
тэмдэгтэй	75
тоба	75
цайр	75
задралд	75
боссон	75
зайлуулж	75
сүйрэл	75
байцаах	75
дов	75
наслалт	75
отгонбаяр	75
хэний	75
хувирах	75
иерусалимын	75
жам	75
египетэд	75
төмөрлөгийн	75
монгол-зөвлөлтийн	75
пеннсилвани	75
хураалтын	75
рокфеллер	75
салган	75
бнасау-ын	75
сам	75
сайдад	75
тушаасан	75
хүртээсэн	75
солонго	75
буудлага	75
сурвалжит	75
тодруулж	75
нэмэгдэн	75
шимийг	75
зорилтыг	75
бүтээлчийн	75
бишрэлт	75
асуусан	75
хэмжээс	75
транзистор	75
найруулал	75
вилхелм	75
базель	75
монголчуудтай	75
ажиллахыг	75
тохиргоог	75
ханддорж	75
шилжив	75
ирэхдээ	75
шүүмжлэгчдээс	75
татагдсан	75
ерөөлт	75
заалтыг	75
хөөрөг	75
краковын	75
илэрхийлэхэд	75
большой	75
аризона	75
халдагч	75
пакетуудыг	75
бобби	75
хаалгачаар	75
дэгдээхэй	75
алагдаж	75
үрэвслийн	75
эдэд	75
ургалтын	75
гоолдож	75
астра	75
сэтгэгч	74
судрыг	74
хүрээгээ	74
шилүүс	74
баян-уул	74
өндөрлөгийн	74
зонхилон	74
тээж	74
сагил	74
батзориг	74
нийлдэг	74
модтой	74
тогооны	74
мусульман	74
онолоор	74
өдрөө	74
улиастайн	74
юлий	74
хөгжжээ	74
залах	74
элсэлтийн	74
дорнодод	74
гэхээр	74
монос	74
горькийн	74
автомашиныг	74
резин	74
төрүүлдэг	74
тайлбарыг	74
аваачиж	74
хөгжүүлэгч	74
мэтийг	74
айдаг	74
төсөөтэй	74
явуулахыг	74
инфляци	74
муруй	74
гүүрийн	74
дүнгээс	74
үрээ	74
түмэд	74
явуулна	74
бусадтай	74
жаран	74
замаг	74
олдворууд	74
хоолонд	74
бернард	74
өртөөний	74
галактик	74
айн	74
температуртай	74
зэвсэглэлд	74
үргэлжлүүлэх	74
нефть	74
кхмер	74
салаалсан	74
авахдаа	74
бариад	74
ширэнгэн	74
тээвэрлэлт	74
буугаар	74
парагвайн	74
цуу	74
туркмен	74
хувилбаруудыг	74
шүүлтүүр	74
үүлдэр	74
танхимаас	74
дай	74
бэхжүүлж	74
сэтгэлзүйн	74
ажиллагаандаа	74
тавив	74
мөнгөө	74
хэрэглэхгүй	74
шекспирийн	74
дисней	74
шекспир	74
боловсролд	74
уншигчдад	74
ташаа	74
жүжиглэх	74
даран	74
хүслийн	74
нм	74
ашиглагдана	74
бүслэгдсэн	74
багдад	74
фазын	74
бүртгэсэн	74
тбилиси	74
итгэлт	74
гарсиа	74
боолт	74
цалинтай	74
нүхэнд	74
даншиг	74
монг	74
донецк	74
абай	74
аймшгийн	74
засуул	74
сүмоч	74
франко	74
хамилтон	74
олимпиакос	74
институцийн	74
уэйд	74
буриадууд	73
хархорум	73
шинжилгээг	73
балетчин	73
нэгжээр	73
гүйцэтгэн	73
хучилттай	73
онцлогоос	73
ринчен	73
археологич	73
ливи	73
хөлд	73
угсааныхан	73
бичигдэх	73
давтагдах	73
орчинтой	73
удирдагчийн	73
шаргуу	73
ирүүлсэн	73
сайдыг	73
учирч	73
зундаа	73
бүртгэж	73
сайхныг	73
хамаарагдана	73
хамаатай	73
таныг	73
хэсэгчилсэн	73
томхон	73
эргэлзээтэй	73
үндэстнийг	73
захиргаанаас	73
томпсон	73
граф	73
явдлуудыг	73
илгээн	73
цөмрөн	73
дөхөм	73
маргааны	73
оргон	73
лихтенштайн	73
хэрэглэжээ	73
оврын	73
дарханы	73
бичгүүдэд	73
эвдэрч	73
кинетик	73
сайжруулан	73
чадлаа	73
болгоомжтой	73
мөргөлдөөнд	73
лю	73
жагсаав	73
албагүй	73
давстай	73
туршилтаар	73
шийдлийг	73
оролцоно	73
гишүүдэд	73
алгебрын	73
даншигт	73
тухтай	73
муухай	73
өрөөний	73
шатаах	73
дэбют	73
девид	73
гэрэлд	73
дарангуйлал	73
поттэр	73
шалгарчээ	73
цааз	73
тогоон	73
клемент	73
хуулбарыг	73
дарахад	73
хэвлэгддэг	73
андуурч	73
гарахдаа	73
хөнөөх	73
монгол-оросын	73
ажилчдыг	73
нэмдэг	73
хайнрих	73
баазад	73
еврейчүүдийг	73
тоглогдсон	73
хөгжимчнөөр	73
курск	73
дайрах	73
вацлав	73
дува	73
зөөгч	73
сун	73
бела	73
кёнги	73
бундеслиг	73
анимэ	73
рдт	73
хэлтэн	72
нэмэгдсээр	72
ганга	72
халхад	72
баян-овоо	72
лхамсүрэн	72
аймгуудад	72
ажилгүйдлийн	72
элгэн	72
барихаар	72
бошигт	72
төлөвлөгөөтэй	72
цолмон	72
шилжинэ	72
хэрэгч	72
байршуулах	72
чадвараар	72
огцруулах	72
тэсвэр	72
бэхлэгдсэн	72
ардчиллыг	72
кодлогдсон	72
термодинамикийн	72
эзэлхүүн	72
хориглоно	72
засварласан	72
туульс	72
львов	72
гавлын	72
хонгил	72
зардлын	72
тооцоолон	72
ядаж	72
материалд	72
харваж	72
амьдралдаа	72
хүлээгдэж	72
цувралыг	72
засан	72
тивийг	72
дөхөж	72
саймон	72
хадгална	72
хуулиа	72
бүлгээс	72
орчуулан	72
пропорциональ	72
хуримын	72
сэхээтэн	72
үлдэгдлийг	72
сэргийлэхийн	72
шүтлэгийн	72
бангладешийн	72
луизиана	72
энэтхэгээс	72
геномын	72
бүтээлүүдээс	72
мамай	72
бүрдээ	72
тэмбүү	72
нүб-ийн	72
захиа	72
даваасүрэн	72
бөхөд	72
муза	72
өнгөрөөж	72
германаас	72
улсаар	72
зеландад	72
чөлөөлөв	72
халдвартай	72
сүнсний	72
аймагтаа	72
гуайн	72
тэмдэглэлд	72
асеан	72
тэрбумтан	72
поттер	72
хүрэлсүх	72
цугларсан	72
биелүүлсэн	72
залсан	72
боинг	72
виржиниа	72
татьяна	72
чулуутай	72
хаях	72
дуудагдсан	72
талстууд	72
пан	72
холдинг	72
сонсдог	72
робинсон	72
рецептор	72
рик	72
баннер	72
тэгж	71
бичигтэй	71
жарны	71
гурванбулаг	71
шатандаа	71
тодорчээ	71
оюунчимэг	71
хийлч	71
хойшоо	71
илрүүлэн	71
аяны	71
зурдаг	71
нөхцөлтэй	71
хүсэх	71
эвдрэл	71
учруулдаг	71
үүдсэн	71
бэхжүүлэхэд	71
гоор	71
хоёрхон	71
тохиосон	71
саармаг	71
сүүг	71
хөдөлгөгч	71
эрлийз	71
дамжуулагчийн	71
илэрхийлжээ	71
төгсгөлгүй	71
сократ	71
төрүүлэх	71
тархинд	71
авчрах	71
объектыг	71
үндэслэж	71
нэмэгджээ	71
шалган	71
чимэглэсэн	71
нэрээс	71
холилдсон	71
хайрлах	71
тайланг	71
балт	71
үүслийг	71
аавын	71
дандаа	71
үерийн	71
байгууламжид	71
коммунистууд	71
ноёрхлын	71
гүүш	71
номтой	71
махбод	71
хүсэлтээ	71
фифа-гийн	71
тохтамыш	71
ялах	71
эвсэлд	71
ялалтыг	71
харрисон	71
будааны	71
хангана	71
шалгаруулалт	71
цуглуулдаг	71
орхих	71
хонх	71
тбб	71
тоглон	71
процедур	71
бо	71
импортын	71
сөөг	71
сальвадор	71
насалсан	71
аргад	71
квантын	71
шагналуудыг	71
толстой	71
эко	71
долларт	71
канадчууд	71
наталья	71
шидэт	71
эмнести	71
хөлт	71
гарахыг	71
таагүй	71
компьютерийг	71
роналд	71
газартаа	71
жерси	71
дэлгэрэх	71
ухрах	71
тэжээлийг	71
росс	71
томск	71
красноярск	71
ник	71
саха	71
шүлтлэг	71
фиат	71
гүйцэтгэгчээр	71
цагаатгасан	71
константинополь	71
ятгын	71
өрнөл	71
тулааныг	71
лукас	71
ивуарын	71
хилэн	71
редакцийн	71
чечений	71
эрсдлийг	71
бостоны	71
аялалын	71
интер	71
номинацид	71
мисс	71
хандалтыг	71
түвдийн	70
мэдрэхүйн	70
жамц	70
нямдорж	70
сүсэгтэн	70
тэсийн	70
хамрагддаг	70
сайжирсан	70
найдан	70
глобал	70
солилцож	70
яв	70
жагсаалыг	70
ойлголтуудыг	70
аяндаа	70
нөгөөд	70
хамгаална	70
сүүгээр	70
судалжээ	70
реалити	70
сайнаар	70
эмнэлэгийн	70
тэмээчин	70
пунцаг	70
цээл	70
нутагтан	70
клиникийн	70
сайншанд	70
онцгойлон	70
бичин	70
устган	70
зарцуулж	70
чанараар	70
нэрлэн	70
хариуцлагын	70
эргээр	70
гэдэгтэй	70
устгахад	70
бүртгэх	70
хариулах	70
байгуулагдсанаар	70
нийтлэлч	70
мандалт	70
тэнгистэй	70
дулааныг	70
хайрлаж	70
хөдөлгөж	70
нарынхаа	70
санаачлагч	70
хэлбэрээс	70
хуваарилагдсан	70
архины	70
номны	70
хувиргасан	70
автобусны	70
солонгосыг	70
дайрсан	70
дахинаа	70
түрэмгийлэл	70
биржид	70
авлига	70
гадуурхах	70
мэргэжилтнүүдийн	70
оуох-ны	70
петрийн	70
сод	70
нянгийн	70
цэцэгт	70
махбодын	70
колорадо	70
багуудыг	70
чимэд	70
эрмэлзэл	70
бенито	70
вермахтын	70
алдагдаж	70
орхижээ	70
радиус	70
өдрөөр	70
улирлаас	70
уншлагын	70
торлог	70
шагнуулж	70
тааруу	70
хөтөлсөн	70
дүрүүдийг	70
фосфат	70
австраличууд	70
гаргийн	70
аспирантурт	70
хэвтэж	70
сохор	70
вера	70
мэтчилэн	70
хээтэй	70
аварсан	70
сара	70
орлон	70
дүрсэлдэг	70
туркууд	70
дээрэмчид	70
өрсөлдөгчөө	70
саид	70
тбилисийн	70
баримтлалын	70
дун	70
ялзмагийн	70
нарийвчлал	70
хөмрөгт	70
такт	70
авир	70
шувтаргын	70
чаплиний	70
жей	70
скан	70
стерлингээр	70
сошиал	70
кингз	70
гарлаа	69
таамагладаг	69
дэндэвийн	69
барилгачин	69
зундуйн	69
бүртгэгджээ	69
судлагдсан	69
чимид	69
тахь	69
хөвч	69
байтаг	69
геологич	69
нийлүүлдэг	69
солилцоонд	69
хуваагдлын	69
малчид	69
баривчлагдсан	69
шутис-ийн	69
дашдорж	69
жүдочин	69
цэгмид	69
ирэхээс	69
байдгийн	69
эрхэмлэн	69
бүгдээрээ	69
илэрхийлэгддэг	69
шинжлэн	69
хариулж	69
сайжруулдаг	69
болзол	69
тийшээ	69
хадгалагдах	69
хөөрхөн	69
амьжиргааны	69
алдагдлыг	69
суларч	69
муудсан	69
устгадаг	69
гардуулсан	69
цуцлах	69
хуралдаанд	69
дагнан	69
зарах	69
цэврийн	69
хүртээд	69
шашинтнуудын	69
баримтлагч	69
гарснаас	69
тэнгисийг	69
шир	69
фосфорын	69
дагуулууд	69
бархасбадь	69
голчтой	69
хөврөлийн	69
мэдэрсэн	69
нисгэгчдийн	69
гаргахын	69
хэрцгий	69
зүтгэгч	69
намдаг	69
улсуудаас	69
хурдтайгаар	69
сувдан	69
шатахуун	69
ууц	69
фельдмаршал	69
курт	69
консерватори	69
орган	69
хичээлээ	69
суурьшин	69
мэрэгч	69
сандал	69
шатах	69
ордныг	69
свердловск	69
дуучны	69
бүлийг	69
дууль	69
шастир	69
боргоцой	69
уншлага	69
зочилж	69
рон	69
барилддаг	69
алдрыг	69
тамын	69
португалчууд	69
хүйтэнд	69
олгохоор	69
элчийг	69
жү	69
хувьсагчийн	69
архивт	69
валерий	69
хөлгийг	69
лав	69
баяртай	69
төлдөг	69
бурхдын	69
өмнөдэлгэр	69
керамик	69
арбитрын	69
угсрах	69
кени	69
тархдаг	69
өвөлждөг	69
томьёотой	69
алуулсан	69
вилли	69
спартак	69
зүүжээ	69
концентраци	69
расинг	69
нью-орлеан	69
түшмэд	68
эрэгтэйчүүд	68
цэнд-аюуш	68
хотуудтай	68
жигжид	68
хярс	68
гүрвэлийн	68
хайрт	68
бруней	68
ордоггүй	68
өгүүлбэрийн	68
агуйн	68
хаягтай	68
чадвал	68
өргөмжлөн	68
коммунизмын	68
тасалж	68
зогсонги	68
даргатай	68
дэвшүүлэн	68
ёроолд	68
голтой	68
цагааннуур	68
цагаан-үүр	68
домогтой	68
явагч	68
чонын	68
хичээлийг	68
шалтгаалдаг	68
тоолж	68
интеграл	68
гишүүнт	68
хэмнэл	68
сонирхолд	68
түншлэл	68
заагч	68
венец	68
өсөлтөд	68
тогтоохыг	68
үйлдвэрлэгчийн	68
эргэлтэнд	68
овгийг	68
дайнаар	68
история	68
депутатуудын	68
бяр	68
тахин	68
ядуурал	68
салхинд	68
бирм	68
хийлгэсэн	68
ал	68
бардам	68
дурдах	68
голч	68
тэтгэж	68
гүнзгийрүүлсэн	68
цагтаа	68
гэрээсээ	68
хорлон	68
хэлбэртэйгээр	68
дуусаагүй	68
хийснээс	68
гадуурх	68
хбнгу	68
батбаатар	68
сурвалжаас	68
босч	68
хүрээн	68
аргентинчууд	68
тимор	68
мхзэ-ийн	68
авхай	68
ён	68
амьтдад	68
зантай	68
бүлээ	68
толгодын	68
сайханы	68
хөөх	68
хүсчээ	68
макбет	68
атомуудын	68
нутгууд	68
баянбулаг	68
хоршооны	68
нээгджээ	68
тээвэрлэлтийн	68
жужан	68
германаар	68
шүүгчдийн	68
халамжийн	68
шүлгээ	68
ангиас	68
шалгаруулж	68
орохдоо	68
дэлгүүрийн	68
дурлаж	68
програмд	68
ажиллан	68
орц	68
сэргэлт	68
хүмүүжлийн	68
болтугай	68
мөнхөлсөн	68
артерийн	68
уртавтар	68
пионерын	68
хадгалалт	68
хугацаат	68
цска	68
өдөөж	68
пянз	68
зүстэй	68
жао	68
норман	68
сезар	68
сагсанбөмбөгч	68
литрийн	68
канвонь	68
хөхнуур	67
эгшгийн	67
түгэн	67
ангиллаар	67
бүтээгдхүүн	67
ургамлаас	67
эрдэнэбулган	67
нямсүрэн	67
жимсгэнэ	67
жамсранжав	67
торгуудын	67
дагах	67
орчуулбал	67
тэнцвэрийн	67
тугийг	67
нөлөөгөө	67
эдгээрт	67
тайлбарлахад	67
төгсөв	67
санаачилж	67
тунхаглан	67
зөвшөөрөгдөөгүй	67
болсоны	67
амьтдаас	67
араатан	67
манзушир	67
мөнхбаатар	67
өөрчлөхөд	67
цаст	67
тагна	67
баяннуур	67
олборлолтын	67
энхтуяа	67
ангилсан	67
ану-н	67
батлагдаж	67
тулаант	67
дээрхийн	67
бололцоо	67
бичээд	67
гавьяаг	67
гүнжийн	67
өдөөн	67
хэлмэгдэгч	67
хүндэтгэх	67
нийтлэх	67
аваас	67
шүүн	67
нэгдэв	67
гурвал	67
ханой	67
марта	67
хичээсэн	67
зугтах	67
гепатит	67
даяарх	67
мехмед	67
татарууд	67
гүехэн	67
шигдээсээр	67
туршилтыг	67
ирээдүйг	67
буд	67
андерсон	67
сувилал	67
дивизийг	67
дайралтыг	67
боомтыг	67
ашигтайгаар	67
хүйтний	67
заларсан	67
төлөвлөгөөгөө	67
инженерүүдийн	67
шиш	67
ялаа	67
тасарсан	67
эдгар	67
зардаг	67
доороос	67
авсаархан	67
асууж	67
командыг	67
тулсан	67
эхлэж	67
никель	67
туяаг	67
чад	67
нэрэлдэг	67
байгуулна	67
хүчнүүд	67
боливи	67
танигдаж	67
мөнөөх	67
гамлет	67
йозеф	67
зүүлтийн	67
жилийнхээ	67
хошуут	67
торын	67
бодлогоо	67
фосфатын	67
гуйсан	67
хочит	67
цөөнхийн	67
бүсгүйтэй	67
дуусгаад	67
орвол	67
тэгэхэд	67
барри	67
ялгаагүй	67
портсмут	67
цинь	67
хаалгаа	67
өгөхдөө	67
балархай	67
өгүүлэлд	67
хэвлэгдэв	67
хадгалсаар	67
мюзикл	67
каннын	67
ялагдсаны	67
бэлд	67
хангалын	67
нюрнберг	67
арчилгаа	67
мм-ийн	67
тейлор	67
нөмрөгийн	67
тоглов	67
олгов	67
тандер	67
сопрано	67
достоевский	67
хамгаалагчид	67
холл	67
филармонийн	67
эмхэтгэсэн	67
теннесси	67
паралимпын	67
манжин	67
спортинг	67
замналынхаа	67
рига	67
францаар	67
зээллэгээр	67
линкин	67
гараалж	67
зургуудыг	66
астана	66
дуулжээ	66
борлуулсан	66
заагт	66
чойр	66
ойдов	66
найрлагад	66
жалханз	66
бололцоог	66
хөтөл	66
эрдэнэбүрэн	66
урсгалтай	66
идэвхжил	66
доржсүрэн	66
асуултад	66
наймд	66
женевийн	66
францаас	66
эмпирик	66
номун	66
цорос	66
тариачид	66
индэр	66
хэдийнээ	66
орохгүй	66
хөтөлж	66
уялдаатай	66
эфир	66
тариаланд	66
коминтерний	66
моль	66
юунд	66
дэвшилт	66
зоригийг	66
учрал	66
өрийг	66
нотолсон	66
маллаж	66
ока	66
явуулахаар	66
гэмээр	66
австричууд	66
мэдэлдээ	66
илтгэж	66
хинду	66
ойртох	66
өвсний	66
амстердам	66
олдож	66
ширээнээс	66
хөөсөн	66
ирээгүй	66
боловсорсон	66
хөөрч	66
боломжуудыг	66
дахиж	66
ордууд	66
нефтийн	66
амрах	66
дэлгүүрт	66
тэргэнд	66
буцжээ	66
шинийг	66
нийлэгжилт	66
бналау-ын	66
өргөжүүлсэн	66
мэдээлэлтэй	66
хөрвүүлэх	66
бэлдсэн	66
давших	66
тусламжаар	66
нараа	66
юун	66
эзэнгүй	66
гитлер	66
феодал	66
протоколд	66
сорин	66
дашням	66
завсарлага	66
хэлбэлзэл	66
биенээсээ	66
чадвараараа	66
оролцохыг	66
тархалттай	66
карло	66
дайчлан	66
ойлголтын	66
очив	66
дам	66
дугуйлан	66
эзлэхүүн	66
аргуудын	66
зуух	66
хичээллэдэг	66
шатаж	66
дуудсан	66
шүүгчээр	66
татгалзжээ	66
армен	66
уусах	66
хавтас	66
азотыг	66
амины	66
жужаны	66
зимбабве	66
чу	66
дискний	66
танзани	66
абдул	66
тайшир	66
доминик	66
өндгөн	66
ашт-ээс	66
норм	66
хөгжимчдийн	66
удирдаачаар	66
омск	66
линкольн	66
виктория	66
моторс	66
сол	66
уолт	66
дивизион	66
ордос	65
багануур	65
интернэтээр	65
захаар	65
биндэр	65
судалгаанаас	65
үүлдрийн	65
захчин	65
бөхмөрөн	65
цутгаж	65
эмгэн	65
аристотель	65
өгүүллийг	65
үгүйсгэж	65
үндэслэлтэй	65
ислийн	65
системүүдийг	65
аажим	65
хэрэглэгчтэй	65
тэнгэрийг	65
дүрсэлжээ	65
гандан	65
хуультай	65
нүүх	65
нэгдлүүдийн	65
зохицож	65
технологиуд	65
төвшин	65
кант	65
бүхнээс	65
эрхлэлт	65
зөвшөөрлийн	65
хөргийг	65
овгоос	65
ханаар	65
тууль	65
адагт	65
мо	65
хаажээ	65
тусгах	65
тусгал	65
бүлгүүдэд	65
белград	65
оролцуулаад	65
барав	65
хяналтанд	65
угааж	65
бүгдийн	65
загалмайлсан	65
буурцаг	65
байн	65
тахилгат	65
тектоник	65
бүтээлүүдээ	65
үрэгдэж	65
дуусгажээ	65
дэвшүүлжээ	65
цогцолборыг	65
дипломын	65
сургуулиудыг	65
шорон	65
ялаар	65
авхаалж	65
мөнхбаяр	65
мельбурны	65
нөлөөнөөс	65
боолчлолыг	65
уитни	65
японоос	65
юн	65
мали	65
зуслан	65
гангийн	65
халдсан	65
магнийн	65
эзлээд	65
жэксон	65
тааламжтай	65
хуурмаг	65
жонатан	65
нэхмэлийн	65
тушаажээ	65
байраа	65
мэдээгүй	65
унага	65
язгууртнуудын	65
есөнтөмөр	65
тулгын	65
франческо	65
бэрхшээлийг	65
барилгуудыг	65
хөлтөн	65
хоолойтой	65
женерал	65
ярьжээ	65
аллагын	65
айргийн	65
утсыг	65
шалгаруулалтад	65
илд	65
хичээлүүд	65
дүүгүүр	65
эсэргүүцдэг	65
албаа	65
таллин	65
спарта	65
шумахер	65
гимнастикч	65
грэмми	65
байерн	65
каунти	65
хохирогчийн	65
биосинтез	65
магнайлан	65
майдар	64
хэмээж	64
баригджээ	64
дэвшлийг	64
очирбатын	64
болдын	64
сарантуяа	64
гэрсэнз	64
чойнхор	64
дандар	64
сумаар	64
буурчээ	64
хайдав	64
жонш	64
чацаргана	64
ховил	64
эрдэнэхүү	64
сомали	64
дурдсанаар	64
хүсвэл	64
сувиллын	64
дашзэвэгийн	64
батхуяг	64
баянбүрд	64
мэргэд	64
хөдөлмөрийг	64
харгана	64
чийгийн	64
гаргахдаа	64
ургамалын	64
бүлгүүдийг	64
тэрчлэн	64
натурал	64
хүргэнэ	64
компаниа	64
хязгаарладаг	64
тамганы	64
ордосын	64
нуруутай	64
нөгчжээ	64
баримтаар	64
цагаачилсан	64
сэдвүүд	64
аргачлалыг	64
хүслэн	64
зассан	64
орлоо	64
туршийн	64
авснаас	64
өнө	64
хоёуланд	64
биетэн	64
арабчууд	64
унтаж	64
байгуулаад	64
лиза	64
нэгтгэснээр	64
пионер	64
эмнэлзүйн	64
суис-ийн	64
хуудсын	64
хуудсан	64
чигээр	64
хувцастай	64
наранд	64
чиглэж	64
хангалуун	64
лагерьт	64
зохиолчоор	64
алтангадас	64
ядамсүрэн	64
аалз	64
загреб	64
ахлагчийн	64
үзэлт	64
оролцохгүй	64
хоолойд	64
байлгадаг	64
багасгадаг	64
сахих	64
биширч	64
юмжаагийн	64
брежнев	64
туяатай	64
шингээсэн	64
талархал	64
могойн	64
үзүүрлэж	64
баасандорж	64
ходоодны	64
тахианы	64
зурхайн	64
диод	64
эвдэх	64
саксон	64
театруудад	64
владимирович	64
цонхны	64
эмээлийн	64
сицилийн	64
цюрих	64
хэлхээнд	64
монгол-хятадын	64
шхаб-ын	64
якут	64
эрнест	64
бүлийнхээ	64
төхөөрөмжтэй	64
бөмбөгч	64
далавчтай	64
жаргалан	64
комиссарын	64
санкт	64
терри	64
винсент	64
цайрын	64
борын	64
сонсголын	64
санс	64
сибирьт	64
цувралаар	64
чеченийн	64
бруклин	64
тоглогчдыг	64
тэнхмийн	64
хянагч	64
фьючерс	64
тоглолтондоо	64
хамтлагтаа	64
жинь	64
цолтойгоор	64
аарон	64
универсиадын	64
теннисч	64
хонда	64
одонг	64
хокс	64
жолоочийн	64
филологийн	64
саами	64
олно	63
суурьших	63
дүүгийн	63
дашт-ний	63
пүрэвдоржийн	63
ринчинбазар	63
бямбаа	63
залгана	63
дууч	63
эрдэнэбаатар	63
хотгорын	63
тоорой	63
казакууд	63
хус	63
кг-ын	63
шийт	63
хүүхэдгүй	63
тунис	63
эмчилгээг	63
зэвсэгтэй	63
аянд	63
ялан	63
орлож	63
сурвалжлагчаар	63
харъяа	63
намтай	63
ас	63
үйлдэлд	63
самдан	63
дараачийн	63
нартаа	63
гэдгийн	63
модлог	63
хэвлээр	63
чойрын	63
баримталсан	63
сонголтын	63
ноогдох	63
таамаглалыг	63
хүлээнэ	63
тоглоомууд	63
ашиглахын	63
боловсролоо	63
овгууд	63
төсвийг	63
зохицуулсан	63
шимтэй	63
хуушуур	63
оноож	63
ялгахын	63
байршуулсан	63
аминд	63
бодь	63
массачусеттс	63
мобиком	63
инженерээр	63
солилцоог	63
угсарсан	63
цагариг	63
хэмнэлт	63
зорин	63
дэмжихгүй	63
уламжлагдан	63
эсэргүүцэгч	63
ухарсан	63
үзүүлэхийг	63
бөмбөгдөж	63
саруудад	63
түрэмгийллийн	63
дал	63
амжсан	63
сантиметр	63
вагон	63
загварчлалын	63
эзэмшигчид	63
сунгаж	63
урилга	63
вебсайт	63
хулгайлсан	63
төрчид	63
дугаржав	63
ашиглахаар	63
дурсах	63
алим	63
ахуйдаа	63
хороололд	63
илэрхийлэн	63
электронуудын	63
эмээл	63
баганын	63
хаалган	63
үүсгээгүй	63
үнэлэгдсэн	63
сурвалжийг	63
дусал	63
романыг	63
субъект	63
гүйцэтгэхэд	63
еврейн	63
хэнри	63
сан-паулу	63
хэлэлцээний	63
цэргүүдтэй	63
байхаасаа	63
дээжийг	63
буурдаг	63
охиныг	63
пруссын	63
стандартаар	63
банкууд	63
жеффри	63
ширхэгтэй	63
өргөмжит	63
вьет	63
кихот	63
цэвээнравдан	63
группын	63
чойжилсүрэн	63
бэлтгэлээ	63
хамтлагууд	63
шагналаар	63
нутаглах	63
шал	63
авж	63
гимнастикийн	63
магадлалыг	63
баталгаажуулдаг	63
байлгахын	63
паркер	63
билли	63
фриц	63
чехүүд	63
чимэгтэй	63
псв	63
вулверхэмптон	63
херта	63
марвелийн	63
явцуу	62
чуулганыг	62
хөгжин	62
сүлжээтэй	62
новосибирск	62
жанцанноров	62
дүгэрийн	62
говьд	62
тайлбарлагч	62
галсан	62
галуут	62
хайрханы	62
найдангийн	62
мөнххайрхан	62
онцлогт	62
монголбанкны	62
суусар	62
кг-ийн	62
дэлбэрэлтийн	62
залгасан	62
хөлөгт	62
катар	62
нэгтгэдэг	62
судлаж	62
өнөр	62
нутгаасаа	62
шийдвэрт	62
эсүүдэд	62
организмд	62
ээждээ	62
уусдаггүй	62
гадаргуутай	62
дэлгэрхаан	62
хуш	62
зузаантай	62
өргөтгөн	62
баталгааг	62
теннис	62
аймшигтай	62
буудах	62
ажиглагдсан	62
хамаараад	62
алддаг	62
бахархал	62
сурталчилж	62
шүдтэй	62
харъяанд	62
дэлгэрүүлсэн	62
хубилайн	62
киргизүүд	62
аудитын	62
боломжоор	62
үйлдвэрлэгчдийн	62
барсаны	62
алийг	62
хороох	62
дуусаж	62
өөрчлөлтүүдийг	62
эрчүүдийн	62
түмэндээ	62
сэлгээгээр	62
жефф	62
хавьгүй	62
цустай	62
бүтээгчийн	62
сонсгол	62
гаас	62
нэгтгэлүүд	62
армиа	62
японтой	62
замаа	62
ургуулах	62
хүчнийхэн	62
лхагвадорж	62
дүүрсэн	62
үржүүлж	62
бүжгэн	62
тэмдэглэгээний	62
тэмээг	62
хамруулан	62
шүүгчид	62
цуглуулгын	62
үеийнхэн	62
довтолжээ	62
комисст	62
институтын	62
доминикан	62
зохисгүй	62
дуудагдаж	62
багваахай	62
отелло	62
цезарь	62
бэлэглэсэн	62
шаварлаг	62
ханан	62
цэнэгт	62
нөхрийн	62
исэлдэлт	62
нөлөөний	62
дээрэмчин	62
бразилд	62
өргөдөг	62
стерлингийн	62
эмгэгийн	62
рок-н	62
ашиглажээ	62
аюулыг	62
ангиудад	62
тенор	62
хуваалцсан	62
хонконгийн	62
ургамлан	62
мерседес	62
нислэгийг	62
дугуйланд	62
бигэр	62
тегеран	62
түрүүгээ	62
сэргээхэд	62
томьёоны	62
трумэн	62
солилцоогоор	62
йемений	62
ки	62
аялгууг	62
татагддаг	62
хожигдол	62
энрике	62
лаост	62
дивизэд	62
сочийн	62
мэдээллүүдийг	61
гандантэгчэнлин	61
зарлага	61
чимэдийн	61
хадлан	61
булгийн	61
бүлгэмийн	61
нурууд	61
тогтоолд	61
төвлөрөн	61
бодист	61
хальсан	61
нуруугаар	61
бурхныг	61
өө	61
но	61
одоогоос	61
антуан	61
хийсээр	61
онуудын	61
др	61
судална	61
бичгээ	61
эст	61
цэгтээ	61
хөдөлгөх	61
пост	61
үйлчлэлээр	61
арвайхээр	61
сэнгээ	61
багын	61
цаа	61
давирхай	61
бэйлийн	61
ухаант	61
хувиргалт	61
таашаал	61
хулгайч	61
тоглоомнууд	61
уудыг	61
шүүмжлэгчдийн	61
ресторан	61
хэллэгийг	61
нөхөж	61
багасах	61
бодлогоор	61
бууруулахад	61
бүрдүүлэхэд	61
есүхэй	61
дүрвэж	61
өнгөрөхөд	61
нэгжүүдийн	61
тэнгисээр	61
бичгүүд	61
хэргээ	61
дэглэмтэй	61
гренландын	61
бах	61
гэлцдэг	61
тойруулан	61
алабама	61
сурвалжуудад	61
хуйвалдаан	61
сүүлийнх	61
алдаршиж	61
сүйтгэх	61
үздэггүй	61
баримтуудыг	61
бүрэлдэхүүнээс	61
тэнхимийг	61
биотехнологи	61
техникч	61
түншлэлийн	61
комби	61
лютер	61
америкчуудын	61
уншихад	61
чон	61
конгресст	61
ороож	61
цагадай	61
дайснууд	61
хорионд	61
шатаасан	61
версалийн	61
хон	61
солигдсон	61
даг	61
таваг	61
арьсыг	61
жинг	61
багасаж	61
шингээдэг	61
теле	61
настан	61
оак	61
уушигны	61
төрсний	61
ямааны	61
абсолют	61
тэнцвэргүй	61
цэргүүдээ	61
болсонтой	61
хасарын	61
урин	61
хотоо	61
франс	61
жүжгүүд	61
эрдсүүд	61
зөвлөсөн	61
танхимыг	61
туурвил	61
нөгчсөн	61
петербургийн	61
людмила	61
титан	61
сэтгэлээр	61
олгогч	61
аригбөх	61
зайлсхийж	61
компакт	61
эдип	61
өдөөгч	61
зааварлагч	61
зоригийн	61
хакас	61
тусыг	61
цэгтэй	61
рублийн	61
петроград	61
курд	61
валентина	61
хандлагын	61
хаягдлыг	61
босгон	61
жагсагчид	61
албаныхан	61
газын	61
иднэ	61
пэйсерс	61
мутаци	61
хүсэлтийн	61
рязань	61
шанхайн	61
оу-ын	61
бтр	61
хоккей	61
му	61
өргөв	61
пуччини	61
мормоны	61
офицеруудын	61
хэрэгжилтийг	61
триллер	61
серие	61
вилл	61
вильярреал	61
уизардс	61
из	61
идэвхжүүлдэг	61
ацетил-коа	61
менежерээр	60
аялгаар	60
хэлнүүдийн	60
дэл	60
өгийнуур	60
жамъянгийн	60
хувирчээ	60
суннит	60
пүүс	60
тусах	60
эргийг	60
фронтыг	60
тодорхойлолтоор	60
амьсгалд	60
хуулиудыг	60
банчин	60
шолой	60
ёслолыг	60
биохими	60
хананы	60
гээр	60
бууруулсан	60
гарахгүй	60
угсралт	60
дотоодод	60
уулан	60
агшин	60
хэмнэлттэй	60
салбаруудыг	60
философийг	60
тодорхойлолтууд	60
сайтууд	60
хооллож	60
мөрийтэй	60
үзүүлэлтүүдийг	60
өргөл	60
зохиодог	60
мянгатын	60
могол	60
эмхлэн	60
жагсаалтаар	60
менежментийг	60
нийтлүүлсэн	60
цаазлагдсан	60
туслалцах	60
зэвсгээр	60
шаарджээ	60
тэлэлт	60
тамил	60
тарж	60
харуулан	60
саддам	60
өгүүлж	60
цөлд	60
нотолж	60
чамин	60
дүүжин	60
өгөхөөс	60
хожигдож	60
хаясан	60
эзэлсний	60
лимузин	60
ажиллагаагаар	60
винтов	60
тусламжийг	60
агт	60
наян	60
шийдвэрлэхийн	60
сүйрч	60
золиос	60
танай	60
заалдах	60
гуравдахь	60
элсүүлэн	60
цэнгэлдэхэд	60
цэцэглэлтийн	60
киприйн	60
уулзалтад	60
шинэчлэгч	60
туркменистаны	60
станцад	60
хийлгэх	60
тодорхойлохын	60
хаягаар	60
аляска	60
болонья	60
байрандаа	60
хөөргөх	60
германтай	60
төрөөд	60
стокхольм	60
дэнж	60
програмуудыг	60
хайлш	60
буцлах	60
гурвалжны	60
хэмтэй	60
антарктид	60
төгсдөг	60
харрис	60
надежда	60
өргөмөл	60
явдлуудын	60
самарканд	60
эхнэрийн	60
довтолгоон	60
чөтгөр	60
төлөвлөгөөнд	60
хенрик	60
жэйн	60
тоорил	60
төхөөрөмжүүдэд	60
самара	60
ачааг	60
ухагдахуун	60
сономын	60
чиглэгддэг	60
молотов	60
уусмалын	60
сурталчилгаанд	60
суданы	60
гаар	60
ангол	60
идэштэн	60
арьстнууд	60
казимир	60
түвшнийг	60
буудсан	60
ливийн	60
жюль	60
мак	60
жагсаалд	60
аваргад	60
алматы	60
ах-ын	60
өөдөөс	60
үйлдвэрээс	60
тээх	60
бенфика	60
ситид	60
хэммингийн	60
пэлас	60
протоколууд	60
токен	60
триггерийг	60
линк	59
тайлбарлажээ	59
авиаг	59
зохиолуудыг	59
илтгэсэн	59
сахил	59
бүртээ	59
хөндийг	59
нууранд	59
бүтээлчээр	59
энхжаргал	59
муаж	59
бадрахын	59
данзангийн	59
нэвтрүүлэгч	59
буяннэмэх	59
эрхлэхэд	59
бүлээн	59
амартүвшин	59
хэрэглээтэй	59
орчуулах	59
бичлэгүүд	59
суу	59
жагсдаг	59
христэд	59
амьсгалыг	59
шалтгаалсан	59
интерактив	59
хүмүүний	59
шүүмжлэлтэй	59
хуулж	59
дарааллан	59
үүнийхээ	59
хүсэн	59
хөдөлгөөнөөс	59
палеонтологийн	59
бүхнээ	59
баяндэлгэр	59
ньютон	59
гуч	59
үзэмж	59
дүрээ	59
төрөлдөө	59
бизнесийг	59
нэмэгдэл	59
төгрөгийг	59
сунасан	59
дүгнэх	59
зурган	59
явуулав	59
польш-литвын	59
одтой	59
орчмыг	59
арктикийн	59
стамбул	59
жанейро	59
арьсаар	59
бейсболын	59
даах	59
аялгууны	59
иосеф	59
салст	59
дотогш	59
угтаж	59
желал	59
нөлөөн	59
мөрөөдлийн	59
вакуум	59
плазмын	59
үнэлгээгээр	59
итгэмжлэх	59
нэрсийг	59
дороо	59
ду	59
морьд	59
шугамд	59
төг	59
хэмнэх	59
ертөнцөөс	59
жигүүрт	59
түүж	59
салбартаа	59
зиндаанд	59
олимпыг	59
баярхүү	59
лхагвасүрэнгийн	59
хүрээлэнгээс	59
оху-аас	59
нелсон	59
мэдэрдэг	59
бичлэгт	59
финалын	59
турин	59
парма	59
андын	59
хэмжихэд	59
усалгааны	59
хураасан	59
урагшлах	59
онгоцнууд	59
хавьер	59
цементийн	59
төрөхөд	59
пэрэнлэй	59
цасны	59
зорчиж	59
хул	59
зурхай	59
угийн	59
гэрээт	59
бохирдлын	59
суматра	59
бодогч	59
мүэ-ийн	59
техникумд	59
буэнос-айрес	59
күүк	59
дүнгээ	59
кубад	59
толгойлж	59
лимбэ	59
дайсанд	59
идэвхи	59
деннис	59
мэй	59
хүүд	59
олз	59
ломоносовын	59
эзлэхэд	59
маршаллын	59
шинжээчид	59
шогийн	59
ажиллахын	59
өршөөл	59
тунг	59
надтай	59
эукариот	59
вальтер	59
өнцгийн	59
бенин	59
нийтэлдэг	59
сорилт	59
себастиан	59
батальон	59
буутай	59
асуудлаарх	59
мур	59
херцог	59
ха	59
хуаранд	59
орогнол	59
харьков	59
хандивласан	59
лаврын	59
мартины	59
ажилсан	59
спёрс	59
цэцэгтэй	59
хөрвөх	58
хойноо	58
сургааль	58
төвшнөөс	58
агь	58
гончигсумлаа	58
хулд	58
энгэрт	58
зонхилж	58
нуруутан	58
голлосон	58
тоологдсон	58
гэхчлэн	58
бямбажав	58
хэрэглэсээр	58
зөвшөөрөлгүйгээр	58
хувирна	58
урчууд	58
үүсгүүр	58
бүрхэвч	58
арваад	58
мориор	58
удвал	58
баттөмөр	58
намдагийн	58
эрдэнэбатын	58
майхан	58
цөлөрхөг	58
хөгжөөгүй	58
төлөөний	58
боловсрох	58
сонсогч	58
тоглоомд	58
томъёоны	58
бэлдмэл	58
гишүүдээс	58
ойлголтоор	58
дэвшлийн	58
эрэлхийлж	58
тооцоог	58
хийцийг	58
эргүнэ	58
түмнээс	58
түрүүч	58
хэрэгсэхгүй	58
хөндсөн	58
гувчуур	58
давжээ	58
зарлигийг	58
бизнест	58
бичгээс	58
орохоор	58
мэдээнд	58
ваар	58
оролдлогыг	58
орчноос	58
орчлонгийн	58
хэрэглэхээс	58
хорчины	58
туркестаны	58
дэвжээ	58
даруухан	58
хоморголон	58
программууд	58
японыг	58
уилсон	58
мягмарсүрэн	58
үүсэхээс	58
идэвхжүүлэх	58
сайжруулахын	58
хэрэгжилт	58
ашиглахаас	58
дөлгөөн	58
шийдэлд	58
орчуулагдсан	58
мэдэхүй	58
буудлыг	58
рэп	58
тивээс	58
муссолини	58
архинд	58
өндөгний	58
хамбургийн	58
фр	58
үзлээр	58
сумдтай	58
хайрс	58
ажгуу	58
туулан	58
овоолго	58
шүлтийн	58
бүтэлгүй	58
карбонат	58
озоны	58
хавдраар	58
эзэмшжээ	58
педро	58
туйлд	58
эзэгтэй	58
нэмэн	58
санагдаж	58
хөвгүүнтэй	58
ванд	58
ивановна	58
дагуулах	58
электроныг	58
шилжилтийг	58
лог	58
битлз	58
оршуулга	58
бичгүүдийг	58
тел-авивын	58
хэрэглээнээс	58
дүүсийн	58
хүүхэлдэй	58
бүслэлтийн	58
цэгүүдийн	58
блокийн	58
камерун	58
даргад	58
хогийн	58
стандартууд	58
параметр	58
антони	58
тайвныг	58
агууламжтай	58
мир	58
гэрлэн	58
байршуулж	58
тохоон	58
хельсинки	58
чечень	58
еашт	58
барьцаа	58
комсомолын	58
механизмын	58
чамгүй	58
сурвалжилга	58
булл	58
бундеслигт	58
месси	58
кэтрин	58
гриззлис	58
хоффенхайм	58
зээлэгдсэн	58
брахман	58
өгүүллүүд	57
амьдран	57
өвөлдөө	57
бангкок	57
амарсайхан	57
муста	57
хөлөнбуйр	57
сурын	57
тахиж	57
засмал	57
аюушийн	57
дурьдвал	57
дүрст	57
таарах	57
суэцийн	57
сүлдийг	57
францыг	57
лилль	57
тодорхойлохдоо	57
төсөөлж	57
үзэлд	57
нээлтүүд	57
лхас	57
дүрвэсэн	57
долгорсүрэн	57
нина	57
холбоод	57
үүсгэжээ	57
загваруудын	57
хүмүүжил	57
төгсгөлтэй	57
нэгжүүдийг	57
бүртгэлийг	57
нөлөөллөөс	57
хариуцах	57
шянь	57
дуусав	57
дуусчээ	57
нууж	57
уншина	57
хиллэж	57
няцааж	57
пушкин	57
борлуулж	57
өрсөлдөгчид	57
үндсээр	57
мэдлэгээ	57
сүйт	57
захидлыг	57
ланка	57
ялгарал	57
барбара	57
орохын	57
зөвшөөрөгдөх	57
адх-ын	57
кипчак	57
сунаж	57
ханшийг	57
грин	57
шүхэр	57
рене	57
нүүрсхүчлийн	57
гаригт	57
одыг	57
бодисоос	57
малай	57
осака	57
муис-ийг	57
хөрвүүлсэн	57
хэнийг	57
доллартай	57
хуримтлуулсан	57
найманы	57
ламаар	57
лагерь	57
хуулах	57
комиссариатын	57
дуудан	57
топологийн	57
зохиогдох	57
бүтээлийнхээ	57
суралцагч	57
тараасан	57
томъёогоор	57
сор	57
доо	57
мэтгэлцээн	57
суудлаа	57
бодисоор	57
ханаагүй	57
хүлээлт	57
гитлерийн	57
ширээн	57
луврын	57
хороов	57
айлчлах	57
константинович	57
туршдаа	57
нийтлэлүүд	57
мехико	57
тэтгэсэн	57
тэндхийн	57
тарсан	57
хөвүүд	57
хязгаараас	57
хувьсгалд	57
азийг	57
дэвсгэрээс	57
халагдаж	57
убаши	57
ургалт	57
маккартни	57
шилний	57
адгийн	57
ханиад	57
гуйж	57
бэхжүүлсэн	57
гэри	57
экс	57
ялтас	57
ахынхаа	57
ухарчээ	57
дашдондог	57
орос-японы	57
заналхийлж	57
ххк-д	57
германчуудын	57
баяжмал	57
ургамлуудын	57
хийгдэнэ	57
ашигладаггүй	57
найрын	57
чэн	57
сенегалын	57
паркийн	57
амлалт	57
ишний	57
амьдаар	57
аргентиний	57
камертон	57
хэнкс	57
дэлгэхэд	57
райан	57
цамын	57
манга	57
портланд	57
эстрад	57
мэдрэгчийн	57
арахидоны	57
лувсанвандан	56
бишкек	56
батмөнхийн	56
арц	56
жадамбаа	56
сосорбарам	56
төл	56
зоогийн	56
долгорын	56
зүйлүүдийн	56
гэсэр	56
станцыг	56
баршгүй	56
булга	56
багасч	56
төлөвлөгөөт	56
нөхцөлөөр	56
баримжаатай	56
дээшээ	56
схемийн	56
хэрэгжүүлэхийн	56
амьгүй	56
ялснаар	56
микеланжело	56
тусгаарласан	56
рн	56
лувсандоржийн	56
егүзэр	56
эдэлбэр	56
чөлөөлжээ	56
ахмадын	56
оксид	56
ярианд	56
цогцос	56
дискрет	56
цэн	56
дүгнэлтийг	56
мөртлөө	56
хөгждөг	56
эрэлтийн	56
уналтад	56
тогтоомжийг	56
санхүүжилтээр	56
банкинд	56
зөөх	56
чулуунбат	56
эйлерийн	56
мэдүүлсэн	56
шинжилж	56
стратегийг	56
манайд	56
хядлагын	56
хувиас	56
дотоодыг	56
эмгэгийг	56
бенгалын	56
эзлэхээр	56
хуй	56
авчирдаг	56
нэгтгэв	56
нэвтрүүлэв	56
нийцтэй	56
ялалтаа	56
энэрэнгүй	56
эгшигт	56
самуэль	56
микроскоп	56
завдсан	56
эчнээ	56
дивизионы	56
устгажээ	56
бөмбөгөөр	56
зху-ыг	56
өрөөсөн	56
гүнээс	56
шатсан	56
жаргалсайханы	56
зэрэглэлд	56
ташуу	56
иргэншлийг	56
шаазан	56
нот	56
тагтаа	56
өвсөн	56
офицерууд	56
уусан	56
алгебрийн	56
хуурыг	56
штраус	56
хүнлэг	56
хлор	56
хэлбэлздэг	56
ажилласны	56
гэгээ	56
кабинет	56
хэмд	56
мзэ-ийн	56
улаавтар	56
сургаалыг	56
жейсон	56
бухар	56
матар	56
түмэдийн	56
үзлэг	56
зөрчлийг	56
нейтрон	56
па	56
ажлынхаа	56
потсдамын	56
хөрвүүлэгч	56
даланг	56
тээвэрт	56
цомгоос	56
гэрлээд	56
шалгарав	56
тохиолдлыг	56
цельсийн	56
кюри	56
давааням	56
гарж	56
нөхрөө	56
мэдрэхүй	56
александриа	56
сумангийн	56
бууг	56
тажикистаны	56
татгалзав	56
йохан	56
серверүүд	56
дугуйчин	56
жэй	56
эвдрэлийн	56
цам	56
дел	56
наймаагаар	56
консерваторид	56
дебютээ	56
вакцины	56
тархалтыг	56
рачневский	56
согд	55
хамарна	55
үсгүүд	55
гэнэн	55
газруудтай	55
амтат	55
зонхилно	55
нийлэх	55
араар	55
базарын	55
ка	55
үйлсийг	55
мөрддөг	55
агнах	55
оод	55
франкийн	55
бүсүүд	55
тропикийн	55
хүсэхгүй	55
билэгт	55
оросуудад	55
уралдаж	55
уулзав	55
санаачлага	55
томорч	55
арилгаж	55
тарагт	55
бхя-ны	55
жигжидийн	55
отгийн	55
ялын	55
ильич	55
сүйрлийн	55
жолооны	55
хэдийнэ	55
дуусдаг	55
нөгөөтэйгүүр	55
ассемблер	55
бүтээгчдийн	55
хөгжүүлдэг	55
зарчимд	55
торгууль	55
төгсч	55
мэргид	55
өргөмжлөгдсөн	55
заншилтай	55
төртэй	55
инновац	55
дүгнэлтэд	55
бнасау	55
смоленск	55
ойрадыг	55
хүндэтгэдэг	55
төд	55
эзлэхүүний	55
баяраар	55
энэтхэгчүүд	55
хандуулсан	55
үзмийн	55
дараалалтай	55
оролцоод	55
бекхэм	55
далайгаас	55
мальта	55
борлогдож	55
гэрээр	55
анатоми	55
хичээлд	55
цэлмэг	55
давшилтыг	55
онгоцноос	55
бүлгээ	55
тохиолдлууд	55
толгойлсон	55
уут	55
оруулахын	55
хууран	55
суллагдсан	55
жагсаалтаас	55
зүтгэлийг	55
сахал	55
цуглуулгыг	55
утгууд	55
харилцагч	55
миссисипи	55
хөзөр	55
норов	55
ферм	55
шатлал	55
сталинградын	55
дутагдлын	55
хордлого	55
өвчтөнд	55
дуулаачийн	55
ковалент	55
малтлага	55
солигдон	55
тааралдана	55
урианхайчууд	55
хасбаатар	55
мексикт	55
зохиомжийн	55
эвдрэлд	55
өөрчлөгдөнө	55
хяналтдаа	55
хадсон	55
цагаачлалын	55
эрхэмсэг	55
алтыг	55
армиас	55
давах	55
бохеми	55
осолд	55
шалгана	55
утгуудыг	55
ляо	55
генератор	55
кремлийн	55
метрополитан	55
ахтай	55
таамагласан	55
цомгийнхоо	55
клинтон	55
хорлосон	55
кит	55
гоёлын	55
гантөмөр	55
элсүүлжээ	55
зарлигт	55
утаснууд	55
нөхрийнхөө	55
саяар	55
кинонуудын	55
кардифф	55
кувейтийн	55
форт	55
хөргөгч	55
шүүмжилдэг	55
хадгалагдана	55
воронеж	55
бэлтгэгдэж	55
элит	55
колумбус	55
хадам	55
ум	55
казино	55
тэжээвэр	55
багшилсан	55
ань	55
клубыг	55
мөрдөгч	55
тайсун	55
хачиг	55
нийттэй	55
хүснэгтэнд	55
шигшээдээ	55
корниловын	55
прав	55
бордуур	55
урангуа	55
зааврыг	54
хүрд	54
миат	54
хоргүй	54
хянган	54
гончиг	54
зонхилсон	54
цэрэнпил	54
магмын	54
зонхилдог	54
залбирал	54
дагадаг	54
европод	54
эсперанто	54
славян	54
асуултууд	54
зохиогчид	54
бод	54
хувилбартай	54
тэнгисээс	54
төлөөлсөн	54
яригдаж	54
дээдлэх	54
түгээж	54
талархлыг	54
дуусна	54
ноолуур	54
гансүх	54
зуунмод	54
чойдог	54
хүнсэндээ	54
ээдрээтэй	54
байдагтай	54
биетний	54
сэтгэлгээг	54
бүтнээр	54
байгууллагуудаас	54
харьцаж	54
нөхцөлт	54
өрнөдөг	54
худалдаачдын	54
эрхлэгчид	54
худалдсан	54
захиалгат	54
зарцуулалт	54
санхүүжүүлэх	54
банкнаас	54
давхцаж	54
хамаарагдах	54
силикат	54
тааралддаг	54
клаус	54
жендэрийн	54
зохино	54
автоматжуулсан	54
шаардлагаар	54
нөгөөх	54
бүтээгдэхүүнээ	54
зохиомлоор	54
түүндээ	54
мөнхүү	54
удирдлагаас	54
виз	54
ирүүлж	54
тээвэрлэдэг	54
бариулсан	54
хүлээлгэж	54
тунхаглалд	54
бурханыг	54
коннектикут	54
авахуулаад	54
дутагдлыг	54
ажиглагдана	54
зохиоход	54
өнгөрүүлэх	54
түрүүг	54
заасны	54
ноёныг	54
тэмдэглэлийн	54
үзэсгэлэнг	54
дээврийн	54
өгсний	54
ихийг	54
хандуулах	54
орончдын	54
ирландчууд	54
үсчин	54
бодлоготой	54
дуайт	54
мөргөлдөөнийг	54
гадагшаа	54
туркестан	54
шимэгч	54
түшиг	54
сурталчилгааг	54
марианы	54
пионерийн	54
хэрээ	54
ялжээ	54
шалтгаална	54
ирснийг	54
анг	54
диаграм	54
системүүдэд	54
мөхөл	54
палермо	54
ээлжийн	54
ангитай	54
дайвар	54
соломоны	54
бүсэлж	54
трампын	54
цочмог	54
степанович	54
гүррагчаа	54
дугарын	54
дөл	54
аяс	54
төвлөн	54
сүжигт	54
идэрчүүдийн	54
хавтгайн	54
ангилан	54
бэхлэлтийг	54
найрагчийн	54
зуслангийн	54
нэвтрүүлгээ	54
босогчдыг	54
эцэслэжээ	54
хязгаарласан	54
потенциалын	54
суурингууд	54
эргэлтээр	54
энн	54
хадгалалтын	54
чийгтэй	54
үзүүртэй	54
судлалаар	54
юй	54
эзлэгдэж	54
вильгельм	54
эзгүй	54
буудалтай	54
саратов	54
олборлосон	54
гэмтээж	54
шибаны	54
яков	54
араа	54
цогтой	54
нахя-ны	54
семён	54
хамтлагаас	54
өт	54
брүүклин	54
франкфуртын	54
кодоор	54
өлзийтийн	54
цэрэнчимэд	54
буулгав	54
маори	54
блюз	54
гэрэлтүүлэг	54
байтын	54
вилсон	54
түрк	54
зөөлний	54
үзүүрлэн	54
мери	54
родригес	54
липидийн	54
холбоосыг	53
балбын	53
тэлсээр	53
нягтшил	53
өргөтгөж	53
гагнуур	53
хиргисүүр	53
томд	53
халуунд	53
тэгшээ	53
дэглээч	53
бүрдүүлжээ	53
үйлдвэржсэн	53
юмны	53
бонапарт	53
давамгай	53
голль	53
прокси	53
анн	53
авгай	53
боржигон	53
мэдрэмжтэй	53
өрнөх	53
шагналтнууд	53
уриалан	53
мэргэжлийг	53
араасаа	53
процессуудыг	53
материалаас	53
бадамдорж	53
ганхүү	53
эрдэнэчулуун	53
жигүүртэн	53
рашаант	53
хөдөлмөрч	53
гацуур	53
ногооннуур	53
урвалаар	53
эргүүлэх	53
тоонуудын	53
асуудлуудын	53
авбал	53
вий	53
нэмээд	53
мэйл	53
тусгалаа	53
чиглэдэг	53
хэтэрсэн	53
зоосыг	53
комиссыг	53
иргэнд	53
хасаж	53
өгүүлнэ	53
капиталист	53
нэрвэгдсэн	53
ноёрхлыг	53
гойд	53
оныхоо	53
дарагдсан	53
дурласан	53
давамгайлах	53
шүтээний	53
ялагджээ	53
шийдэмгий	53
дуганы	53
унгарт	53
цолд	53
барын	53
утсанд	53
сонирхолыг	53
зураачдын	53
үзүүлэлтийн	53
үгнүүд	53
израиль	53
хялбаршуулсан	53
сөргөлдөгч	53
боомтод	53
институтийн	53
оролдох	53
грект	53
хүүрнэл	53
анар	53
тэмүүжин	53
олгогдсон	53
орсноос	53
загварчлах	53
зөрчилтэй	53
нүдийг	53
ботго	53
илчит	53
сэргэсэн	53
дэндэв	53
манжуурт	53
шалгаруулалтын	53
таниулж	53
үнээний	53
хандивын	53
гвардийн	53
халамж	53
өвчнүүд	53
бэлдэх	53
уулзалтаар	53
ялтын	53
тохиролцов	53
шүүмжлэлд	53
моцартын	53
сэдэвчилсэн	53
сэтгэлээ	53
тулгуурлаж	53
хүртээмж	53
гүр	53
тогтоомжид	53
арьсанд	53
киногоороо	53
чөлөөнд	53
жагсаасан	53
ойлголтод	53
сүйтгэсэн	53
кабул	53
зөвшөөрөхгүй	53
оруулагчид	53
техникум	53
явуулын	53
жессика	53
бичүүлж	53
огцров	53
сьерра	53
бүжиглэж	53
гэрийг	53
профессорын	53
нутаглан	53
хуралдуулж	53
хатаасан	53
рид	53
херманн	53
морио	53
чөтгөрийн	53
хөөгдсөн	53
цайзад	53
хитлерийн	53
дуудлагын	53
лидс	53
залжээ	53
нэрлээд	53
паспорт	53
нүхний	53
зохицуулалтыг	53
тайландад	53
гэрчилгээг	53
асуултын	53
харьяалагдана	53
тюринг	53
суурилагдсан	53
тайшийн	53
санхүүждэг	53
залгамжилж	53
турших	53
нямын	53
барсболд	53
үүрээр	53
зөөвөрлөх	53
легион	53
киевт	53
чен	53
хязгаарлалтыг	53
лигтээ	53
вассал	53
израилд	53
портын	53
бууц	53
атаман	53
норт	53
киров	53
юү	53
ванкуверын	53
оскарт	53
уго	53
укр	53
юнайтедийн	53
элсүүлэв	53
андерлехт	53
цуглуулгад	53
об	53
к-поп	53
дэбүт	53
опелын	53
вектра	53
энэтхэг-европ	52
хэрэйд	52
хийдүүд	52
солигдож	52
сараар	52
дамнан	52
гүүний	52
дээдлэн	52
сүлжээнүүд	52
сумынхаа	52
уулаас	52
ээлжинд	52
давамгайлдаг	52
туршлагын	52
биетүүдийг	52
дүрсийн	52
модель	52
хуваарийн	52
залуусыг	52
мэдэгдээд	52
лувсандорж	52
санжаа	52
содномын	52
илэрхийлэгдэнэ	52
хорьсон	52
фёдорович	52
огторгуйд	52
шахсан	52
сураад	52
михайл	52
эцэслэн	52
хөгжүүлэгчид	52
эхлэхийн	52
монополь	52
хамаарагддаг	52
тоглоно	52
бүтээмжийг	52
зарлагын	52
овгийнхон	52
өөрчлөв	52
улааны	52
шашины	52
от	52
хуудсаар	52
хүчирхэгжиж	52
манлайлал	52
зуучлагч	52
чадварт	52
цэргүүдээс	52
хүндээр	52
байцаалтын	52
ятгаж	52
бухарест	52
эрдэнэбилэг	52
буулгажээ	52
азтай	52
гэрлэлтийг	52
сийлж	52
ирэхгүй	52
тусч	52
хөлийг	52
цусыг	52
санч	52
зүйр	52
чусонь	52
израйлийн	52
хуваалцдаг	52
орлуулах	52
онгоцоо	52
хахууль	52
оруулахаар	52
барилгуудын	52
боов	52
силези	52
денис	52
тэтгэлэгт	52
зөрчилдөж	52
дэмжинэ	52
шидэх	52
хоригдлууд	52
тэн	52
хядах	52
хэрэгжсэн	52
хэлмэгдсэн	52
барселоны	52
боломжууд	52
хаягуудыг	52
төмрөөр	52
агентлагууд	52
панам	52
идэвхийг	52
эрсдлийн	52
зүүх	52
бүтээв	52
каир	52
зүйлсээс	52
зуд	52
асгат	52
элэнц	52
сүүтэй	52
феминизм	52
тарас	52
альбом	52
авчирчээ	52
фред	52
газардсан	52
ааруул	52
бүрээ	52
ральф	52
платон	52
нягтралтай	52
степан	52
тэнгэрээс	52
утгагүй	52
гийгүүлэгчийн	52
рафаэль	52
даалгасан	52
дүрслэлийг	52
илрүүлэхэд	52
бүртгүүлж	52
хенрих	52
ахлан	52
хүйстэн	52
цугласан	52
сантос	52
үдшийн	52
кристина	52
жастин	52
персонал	52
довтлоход	52
ош	52
хүлээв	52
транс	52
томилолтоор	52
шаргын	52
харайлт	52
тэтчер	52
мвт	52
экосистемд	52
асрагч	52
талархлын	52
макао	52
хуваарилагдаагүй	52
дургүйцлийг	52
хүртээж	52
генүүд	52
вячеслав	52
бнагу-ын	52
удамшил	52
сонсогчдын	52
бүгдэд	52
хулгайлах	52
рональд	52
женоа	52
тахилгын	52
эфү	52
эмчлэхэд	52
маягт	52
занал	52
хельсинкийн	52
цоорхой	52
тойроггүй	52
параметрүүд	52
кодон	52
жанрайсиг	52
акустик	52
цомнол	52
хоккейчин	52
галатасарай	52
телескоп	52
сампдориа	52
хд	52
захиалгын	52
мотобуудлагын	52
шахмал	52
аппликейшн	52
шифрлэлтийн	52
шалтгаанаас	51
булшнаас	51
дэмбэрэлийн	51
буйр	51
байгалийг	51
дэрэн	51
ламжавын	51
гуа	51
нямдаваа	51
урсацын	51
найрлагатай	51
уйгарын	51
халиф	51
хүй	51
тунхагласны	51
үеээс	51
грекээр	51
физикт	51
онолууд	51
бөөмсийн	51
бүтнэ	51
нэрлэв	51
оролцсоны	51
хяналтгүй	51
байгуулахын	51
эрдэнэсийн	51
гаад	51
соёны	51
бодлоор	51
аялагчид	51
тусган	51
сургуулилт	51
ухамсарт	51
комманд	51
өмчлөх	51
тусална	51
эрмэлзэлтэй	51
бууралт	51
бүрдүүлэн	51
шинэтгэл	51
очно	51
болсонд	51
тэтгэвэр	51
ан-ын	51
нэрсийн	51
зэвсэггүй	51
тайлбарлан	51
үдийн	51
төслөөр	51
рам	51
цэцгэн	51
барснаас	51
хээл	51
ферментийг	51
санаатайгаар	51
армян	51
сүргийг	51
хөтөлдөг	51
бэлгэддэг	51
спектрийн	51
шалгуурыг	51
иркутск	51
мубис-ийн	51
дугуйтай	51
аргагүйд	51
нөр	51
ану-ыг	51
хийлээ	51
бэртэж	51
сонирхох	51
псевдоним	51
олборлодог	51
иракт	51
үнэлэгдэж	51
нэгжтэй	51
сарлагийн	51
аястай	51
асуух	51
хайрлан	51
арканзас	51
вашингтонд	51
сэтгэлээсээ	51
оролцуулах	51
аргон	51
үзмэрүүд	51
үзвэр	51
хүнсийг	51
ургамлуудыг	51
тэжээдэг	51
өртдөг	51
антибиотик	51
сольжээ	51
фауст	51
аяз	51
бүрхэг	51
саа	51
өгөөмөр	51
шөвгөрч	51
хэрэглэгдэхүүн	51
эгийн	51
өвчлөл	51
эргэлдэж	51
давхрага	51
тайлагдсан	51
эгүүлэн	51
эдмунд	51
насаараа	51
манганы	51
тогтоохын	51
тэжээх	51
институтэд	51
цахарын	51
жаал	51
худалдаачны	51
иванов	51
майн	51
босож	51
шархдаж	51
хулсан	51
сэг	51
температураас	51
мамайн	51
ашиглалтыг	51
омега	51
үзэгддэг	51
суурилж	51
дайлаар	51
протоны	51
тодорхойлогдох	51
дүртэй	51
шатнаас	51
хуудастай	51
шилжүүлэхэд	51
жуан	51
цэгэн	51
шахын	51
клипийг	51
хонг	51
шаттл	51
гаталж	51
дохиолол	51
чулуунбаатар	51
шагайн	51
жамцын	51
дамжууллын	51
зохицуулахад	51
нуклеотидын	51
бельгичүүд	51
остин	51
төрлүүдэд	51
айлчлав	51
мөнхөө	51
тэсэлгээний	51
тараадаг	51
энтертайнмент	51
фил	51
тоглолтоор	51
эквадорын	51
хүснэгтийг	51
мушгиа	51
монголия	51
ре	51
консерваторийн	51
хорио	51
аюулын	51
бну-ын	51
түмэнжаргал	51
цөс	51
фокс	51
тэргүүлжээ	51
турбин	51
томаш	51
монтана	51
түрүүлэх	51
оношилгоо	51
альберто	51
хопкинс	51
амилуулсан	51
үртэй	51
дерби	51
тангудын	51
панамерикийн	51
торино	51
дүрсний	51
тууралт	51
ногдуулдаг	51
синглүүд	51
шидэлтийг	51
талстын	51
корса	51
сургаалын	50
орчуулжээ	50
сэнгэ	50
ширээт	50
нүүдэллэж	50
намнансүрэн	50
тамгатай	50
шилжүүлэг	50
рагчаа	50
гэндэнгийн	50
равдан	50
улз	50
зараа	50
номгон	50
багабанди	50
бүтцээр	50
тусгаарлан	50
цагаанхайрхан	50
мөст	50
капитализм	50
тавигддаг	50
гүй	50
тогтножээ	50
итгэлийн	50
хаданд	50
хурга	50
төгрөгний	50
бирмийн	50
хамааруулж	50
уусмалд	50
урлах	50
хужиртын	50
самдангийн	50
лувсанцэрэнгийн	50
дашзэвэг	50
дагвадоржийн	50
уулзан	50
өмхий	50
хотгойд	50
загасыг	50
баталснаар	50
бруно	50
тоолох	50
өнөөх	50
зураачид	50
ёсондоо	50
хавсаргасан	50
хасч	50
талбарыг	50
флоренцийн	50
тодоор	50
арслангийн	50
зохиолдоо	50
жун	50
хүчирхэгжин	50
цуурай	50
жангар	50
индианчууд	50
бууз	50
үйлдвэрлэлээ	50
гданьск	50
ногайн	50
орчуулагчаар	50
шүүхээр	50
удирдагчдыг	50
тогтноход	50
пуэрто	50
энхсайхан	50
амарч	50
инд	50
тараан	50
моголын	50
болбоос	50
испаниар	50
эхнэрийнхээ	50
өөрчлөгдөн	50
мэдэгдэхгүй	50
нислэгээ	50
үнэлэгддэг	50
жигүүрийг	50
сонголттой	50
жеан	50
мона	50
төрөлхтөнд	50
хожа	50
галаар	50
хэрэгслүүдийг	50
шалтаг	50
тослог	50
толгойгоо	50
нямбай	50
барилдах	50
георгийн	50
уулзалтыг	50
ялгаруулж	50
картыг	50
үзмэрийн	50
мл	50
оноотой	50
санамсаргүйгээр	50
задарсан	50
чингийн	50
жишгээр	50
жэ	50
бадаг	50
хэрэглэснээр	50
бүслэлтийг	50
дэлбэлж	50
цэдэнбалын	50
венад	50
бонн	50
сондгой	50
базар	50
архангайн	50
чийгшил	50
сульфид	50
тосонд	50
харьцаанд	50
платоны	50
хамруулдаг	50
силва	50
бурханд	50
ардчилалын	50
хүрээлэнгүүд	50
шүргэх	50
тэнгэрлэг	50
хийдэггүй	50
уусгах	50
баритон	50
секторын	50
байлгахыг	50
хэрэйдийн	50
байрнаас	50
майны	50
бильбао	50
өдөөсөн	50
казахстанд	50
сир	50
мордож	50
эдди	50
маневр	50
шалгалтад	50
тонхил	50
урлагын	50
манган	50
попов	50
компаниудтай	50
асуулгад	50
дэмжихэд	50
ивуар	50
мозамбик	50
дт	50
харагдахгүй	50
шотландчууд	50
хөөрөх	50
аугсбург	50
ин	50
холбоотын	50
дарвуулт	50
павлов	50
өндөрлөжээ	50
алх	50
уайт	50
андреа	50
үйлчлүүлэгчийн	50
автоматжуулах	50
хоноод	50
кантри	50
бүрсэн	50
тадеуш	50
даниэл	50
концерн	50
краснодар	50
семёнов	50
янь	50
тухн-ийн	50
лужники	50
уулчин	50
фрайбург	50
сонирхогчийн	50
ашина	50
блэкпүүл	50
бернли	50
шеффилд	50
мёнхенгладбах	50
оспаны	50
логистикийн	50
тодотголтой	49
заримдаг	49
төвлөрөл	49
үеэ	49
уулсаар	49
ихэсгэх	49
хануй	49
өрхтэй	49
нармандах	49
эрдэнэцогт	49
будгийн	49
шовх	49
хантайшир	49
реп	49
заал	49
дамдинбазар	49
цохио	49
өртөөтэй	49
уйгар	49
баруунтуруун	49
зүүнговь	49
эвдэн	49
дагва	49
эрдэнэбаяр	49
батсүрэн	49
еврази	49
элчээр	49
бахрейн	49
саадгүй	49
ухамсрын	49
гурвыг	49
буурна	49
барихыг	49
ги	49
зориудаар	49
одсүрэн	49
прадеш	49
баян-өнжүүл	49
уулсаас	49
харьцааны	49
мужаан	49
шаардлагуудыг	49
баяжуулж	49
хэлцэл	49
сүүдрийн	49
серверт	49
трактор	49
материалуудыг	49
вавилон	49
хэрэгждэг	49
мөхөж	49
башкир	49
оройтой	49
батласан	49
захидлын	49
үзүүлэлтээрээ	49
дутагдаж	49
этгээдийг	49
зохимой	49
орлеан	49
биеэсээ	49
хавч	49
өвчилсөн	49
бүсгүйчүүд	49
шоколад	49
кашмир	49
тэсрэлт	49
махбодид	49
сонор	49
гүүрэн	49
гурваас	49
сицили	49
йоркийн	49
тоосго	49
ялгарсан	49
нягттай	49
нумын	49
ахиж	49
дадлагын	49
элсэлт	49
үйлдвэрлэгдэж	49
мэдэн	49
аялгуунд	49
дорвитой	49
ихэссэн	49
фондын	49
тогтоосны	49
захирагдах	49
суугчдыг	49
зэвсгээ	49
баривчлагдан	49
гаргалаа	49
хэргүүд	49
чадавхи	49
зөрчилдөөний	49
дээшлүүлсэн	49
чанаруудын	49
диаграмм	49
суга	49
цамц	49
үүсгэхийн	49
солир	49
зуурмаг	49
ялгагдана	49
неаполь	49
манжууд	49
аадар	49
хөхний	49
бүтээмжтэй	49
хувьсгалаар	49
өвчинтэй	49
явцтай	49
тоглуулсан	49
автаж	49
ноёнд	49
үйлджээ	49
өгөөдэй	49
худалч	49
шалгаруулалтанд	49
багштай	49
енисейн	49
татжээ	49
хатныг	49
сульфатын	49
нэгдсэний	49
процессоор	49
санаачилгыг	49
хүртээжээ	49
тосгоныг	49
офицерын	49
алиа	49
данзанравжаа	49
баяжуулсан	49
таньдаг	49
зорьжээ	49
зориулжээ	49
тоглогдож	49
заль	49
донын	49
андреевич	49
лин	49
буман	49
эмма	49
суулган	49
командууд	49
харьцдаг	49
компьютерыг	49
баримлыг	49
тохируулга	49
ритм	49
алиных	49
хоцрогдсон	49
баригчдад	49
оманы	49
уоррен	49
дүгнэжээ	49
нгуен	49
баллистик	49
өндөрлөв	49
пентатоник	49
салааны	49
сунгав	49
сонгов	49
уулзжээ	49
сократын	49
цацрагийг	49
цусаар	49
морави	49
ангиллыг	49
чансаа	49
түрсээ	49
нийлэгжүүлдэг	49
гаргагч	49
тх-ны	49
боловсруулалтыг	49
бөмбөрцөгт	49
медведев	49
колин	49
зэвсэглэл	49
алтернатив	49
генералын	49
дайсагнасан	49
цэнэглэх	49
малага	49
үлдэв	49
хью	49
свич	49
брокер	49
цитоплазмын	49
киногоо	49
шигшээгийн	49
арсеналын	49
ангидаа	49
хөлбөмбөгчдийн	49
цомогоо	49
цомтой	49
ялтсан	49
шифрлэлт	49
принт	49
стрэнж	49
буддагийн	48
урсгалууд	48
номлолын	48
сонгинохайрхан	48
хөрснөөс	48
хуралдааныг	48
даваагийн	48
доржсүрэнгийн	48
цэрдийн	48
халхгол	48
гонгорын	48
цэрэнгийн	48
малчны	48
цахиагийн	48
чулуурхаг	48
хөгжсөөр	48
хүндэтгэлтэй	48
ялагдав	48
байршилд	48
судалгаанууд	48
ламд	48
ламтай	48
агуулагдана	48
торыг	48
элбэгдоржийн	48
тохиролцож	48
залуучуудад	48
түмнийхээ	48
дух	48
тооцоход	48
огтхон	48
бнхау-тай	48
зохицуулагддаг	48
цаашаа	48
сэтгэхүйн	48
мэндэлж	48
цацдаг	48
байлдааныг	48
ангилалын	48
бүлтэй	48
тэтгэврийн	48
цэгүүдийг	48
дүнгүй	48
төсвөөс	48
хуримтлуулж	48
нэгтгэжээ	48
монголчуудаас	48
хамгаалахыг	48
газруудаар	48
алтаар	48
шийдвэрлэдэг	48
захирамжаар	48
илгээнэ	48
хүрээлсэн	48
халимагуудын	48
балдан	48
амаа	48
эдлэх	48
найруулах	48
өмд	48
мэлхийн	48
олдохгүй	48
лицей	48
хараал	48
зогсоохыг	48
сенатч	48
елюй	48
толгойт	48
дарлалаас	48
дайснаа	48
хүнсээр	48
уруул	48
өндөрлөж	48
тушаалтай	48
интернетэд	48
гаригууд	48
таамаглалын	48
сургалтаар	48
биотехнологийн	48
эрхтэйгээр	48
командалсан	48
хоригдлуудыг	48
түүхчдийн	48
нүдээ	48
орхигдсон	48
кхмерийн	48
хуйвалдааны	48
мөрдөгдөж	48
лигийг	48
аззаяа	48
юмсын	48
залуухан	48
удирдана	48
шагнуулжээ	48
үржүүлгийн	48
өссөөр	48
синтакс	48
анхааралтай	48
тарга	48
ахын	48
сенегал	48
ялу	48
хөлгөөр	48
интернационал	48
түлхэх	48
мэдээлжээ	48
ворошилов	48
унгарчууд	48
хүүгийнхээ	48
хөгжимдөж	48
шинжийн	48
бүрхүүлтэй	48
хөвд	48
хоолойгоо	48
тулалдан	48
механикт	48
тэйлор	48
ажилтнуудыг	48
сурталчилсан	48
мандалын	48
оршихуйн	48
зохицол	48
тугалганы	48
жилүүдийн	48
сунан	48
амьдрахад	48
хөнгөлөлт	48
танилцах	48
роулинг	48
хүлэгүгийн	48
шашинтны	48
эцгийгээ	48
гэрээс	48
хэрнээ	48
хаших	48
өвдөж	48
хотхонд	48
мэдээллээс	48
байрлуулдаг	48
ачаалах	48
ионыг	48
тугалган	48
боож	48
адриан	48
эхлэнэ	48
олтриг	48
бүсэлсэн	48
хамтлагийнхан	48
роллын	48
өрж	48
дүүргээс	48
асеан-ы	48
уцс	48
өртөмтгий	48
хичээллэх	48
стэнли	48
карим	48
шохой	48
бялдрын	48
эргэлдэх	48
финлянд	48
правда	48
мэн	48
замби	48
сургалтууд	48
догсом	48
түрүүлэхэд	48
дасгалжуулагчид	48
райт	48
үүдэнд	48
бохирдсон	48
хэ	48
года	48
рейган	48
сэтгүүлзүйн	48
кентакки	48
густаф	48
бүтээгдэж	48
фонд	48
сангуудын	48
висконсин	48
сигнал	48
нисгэгчээр	48
невада	48
удирдлаганд	48
мембранаар	48
катализаторын	48
кинонуудыг	48
продюсерээр	48
вьентьян	48
шээсэнд	48
даймлер	48
феминист	48
загвараа	48
референт	48
пулитцер	48
довтлогчийн	48
тестийн	48
оклахома-сити	48
термопластик	48
баазыг	47
холилдон	47
урсгалаас	47
товчлон	47
хувраг	47
үдээс	47
дүүргүүд	47
дэлгэрцогт	47
сэрээтэр	47
намжилын	47
наранбулаг	47
хосбаяр	47
батзаяа	47
ангар	47
суурьшлын	47
мацаг	47
бич	47
тэмүүлэл	47
эдээр	47
үзэм	47
өргөрөг	47
захиралаар	47
саяас	47
нэрэнд	47
нээлтэд	47
ирснийхээ	47
бактер	47
эмнэл	47
бохирдлыг	47
шаардагддаг	47
бяслаг	47
тээвэрлэж	47
зэргээрээ	47
батжаргалын	47
бутлаг	47
эг	47
байгуулахдаа	47
тоншуул	47
сонгогдоод	47
галилео	47
биетэйгээ	47
баталгааны	47
сэдэл	47
басхүү	47
ясыг	47
түрээсийн	47
хэрэгжих	47
хуулиас	47
үйлдвэрлэжээ	47
мандаж	47
хүрлийн	47
хүртэн	47
молибден	47
түмнүүдийн	47
хаагчдын	47
буугдаж	47
хүснэ	47
коммунистуудын	47
хэргээс	47
тогтоогджээ	47
байгууллаа	47
үзэхээр	47
насныхаа	47
тарни	47
геном	47
рнх-ийн	47
тэжээллэг	47
шавжууд	47
хотуудаас	47
залуучуудыг	47
хотынхоо	47
бичигдэнэ	47
тэмдэгтүүд	47
дугар	47
домгийг	47
анатомийн	47
улбаалан	47
бүслүүр	47
мэргэжлээрээ	47
убдс-ийн	47
фэйсбүүк	47
сууна	47
туршлагаас	47
олгохыг	47
зогсоохын	47
тарваган	47
тэжээж	47
мартагдсан	47
шведэд	47
булааж	47
сөрөх	47
журамд	47
аваргалж	47
соёлоо	47
билгүүн	47
рамон	47
шагналаа	47
үзэлтнүүдийн	47
зарласны	47
эзэмшигчдийн	47
замуудыг	47
тодорхойлолтод	47
насалдаг	47
хорвоод	47
аляскын	47
үүсгэгдсэн	47
бусдаасаа	47
нэрийддэг	47
тавд	47
хэмжигч	47
манж-го	47
намраас	47
өгүүллэгүүд	47
лодонгийн	47
бетховен	47
нигер	47
династи	47
эмхтгэл	47
бог	47
рашааны	47
байгуулагдаад	47
төгөл	47
хөнгөвчлөх	47
нүүрсийг	47
баррель	47
идэмхий	47
хувиа	47
эрхий	47
алдаршуулсан	47
цөлөгдсөн	47
хийт	47
мужуудыг	47
эгчтэй	47
тэднийх	47
гарлын	47
дахиа	47
түдэвийн	47
чехов	47
цахлай	47
тунгаар	47
даниэль	47
организмууд	47
хөргөлтийн	47
хааг	47
дарна	47
үгэндээ	47
туурвидаг	47
аргаас	47
зху-тай	47
ачаалалтай	47
бүдүүвч	47
восток	47
бел	47
суларсан	47
агшинд	47
хүн-аалз	47
вааран	47
хавьцаа	47
корпорац	47
дэлгэцтэй	47
зугтав	47
суурилуулах	47
хорооллын	47
манлайлагч	47
дуудлагаар	47
нийгэм-эдийн	47
норовлин	47
хөнгөлөлттэй	47
сонсогчдод	47
зөвшөөрлөөр	47
хьюз	47
хэрэглэвэл	47
батиста	47
нялцгай	47
сахалт	47
хумхаа	47
францис	47
хэлбэрээ	47
суврага	47
гидравликийн	47
кингс	47
арена	47
тоглосоор	47
айрагны	47
жуковын	47
померан	47
тогтов	47
гавьяатай	47
захидалдаа	47
брест	47
титаник	47
луйз	47
долоогоос	47
хунгийн	47
доржнамжил	47
чернигов	47
газан	47
лао	47
швейцарчууд	47
ти	47
урьдны	47
мэргэжилтнээр	47
гинжний	47
тоголсон	47
сүйрчээ	47
жу	47
гоцлон	47
сүбээдэй	47
карабах	47
херцогт	47
роза	47
барилдсанаас	47
шудрага	47
алессандро	47
вүүдроу	47
дасгалжуулж	47
хуурт	47
бобкэтс	47
шиелд	47
зуучлалын	47
оак-ны	47
хасгийн	47
ауди	47
зунгааралтын	47
санз	47
статемент	47
дийлэнхи	46
очирт	46
хөрвүүлж	46
олдох	46
эрдэнэмандал	46
гүрбазар	46
ихтамир	46
дүгэрсүрэн	46
өрхөд	46
дөргөн	46
нэрийдсэн	46
харилцдаг	46
булганы	46
услах	46
эцэслэсэн	46
оман	46
мөрөө	46
шалтгаантай	46
далайтай	46
төлөвшүүлэх	46
санаагаар	46
бүтээхийг	46
тайлбарлахдаа	46
эволюцийн	46
хуулбарлах	46
туршилтууд	46
пи	46
глюкозын	46
онги	46
цэрэнтогтох	46
жамбал	46
суудлаас	46
орчноо	46
найрлагыг	46
сэтгэн	46
билиг	46
оч	46
хөг	46
тоглолтоос	46
шин	46
талаа	46
бэйсболын	46
насныханд	46
худалдаалах	46
жишээтэй	46
цэнийн	46
зээлээс	46
монголбанк	46
зөрүүг	46
ойгоос	46
цаасыг	46
индианчуудын	46
тэмцэлдэж	46
хараанд	46
бүсээр	46
гөрөө	46
тимоти	46
хөршийн	46
нийтээрээ	46
мэдэгдлийг	46
халдашгүй	46
истанбул	46
баруунш	46
хоригдсон	46
будсан	46
хоолыг	46
үеэсээ	46
энэтхэгийг	46
канарын	46
хавтангууд	46
массачусетс	46
хэрүүл	46
муслим	46
монакогийн	46
хэтрэхгүй	46
ялгаран	46
катализатор	46
мөргөж	46
хажи	46
берди	46
ховордож	46
мөчний	46
сайтыг	46
нью-йоркт	46
стефен	46
гели	46
харъяалагддаг	46
цаазлах	46
уршгаар	46
үзүүлэхэд	46
өөхөн	46
ухаанаас	46
босголт	46
м-т	46
өргөлт	46
мөнх-оргил	46
уйгагүй	46
роттердам	46
огцорчээ	46
хямралаас	46
огцруулж	46
сегментийн	46
текстийг	46
дэмий	46
кодлох	46
кодууд	46
ховорхон	46
бали	46
солигдох	46
өгөн	46
аваргууд	46
эрчимжсэн	46
үйлдвэрүүдийн	46
зааварчилгаа	46
хаянхярваа	46
орнуудаар	46
тоглуулж	46
аяллынхаа	46
аида	46
салбарлан	46
доройтол	46
ландшафтын	46
ялгуусан	46
жавхлан	46
эрдэнэ-очир	46
материйн	46
каталог	46
эвлүүлэгч	46
бүтээлүүдээрээ	46
хэлээрээ	46
гүйдлийг	46
идэвхигүй	46
хэврэг	46
мэдэв	46
мэттью	46
хөөцөлдөж	46
романаа	46
шатамхай	46
хүнгүй	46
эелдэг	46
эдинбург	46
аялгуугаар	46
тула	46
чансааг	46
үсийг	46
гүржүүд	46
өнгөрүүлжээ	46
жанжид	46
олохыг	46
өдийг	46
ливерпүүлийн	46
хайлж	46
хиллэн	46
үүдээ	46
большевикууд	46
зүгийг	46
карабахын	46
хилд	46
доллараас	46
хайлуулах	46
цомгуудын	46
монро	46
ярилцсан	46
явахаар	46
челябинск	46
камчаткын	46
геополитикийн	46
тэвчээр	46
баянхайрхан	46
металлууд	46
тодорхойлсноор	46
стэнфорд	46
атлаа	46
жалайрын	46
бунтар	46
өргөжүүлэн	46
зангилааны	46
болеслав	46
татам	46
бумба	46
байрлалаа	46
кызыл	46
тоолдог	46
захирагддаг	46
унтраах	46
петров	46
жанч	46
юзеф	46
тохируулагч	46
амазоны	46
серверийг	46
хүүхдүүдээ	46
патентыг	46
тереза	46
хялгасан	46
эсээ	46
дизайныг	46
эрийг	46
владивосток	46
калифорниа	46
плазма	46
эдит	46
цуурхал	46
моррис	46
жэки	46
хазайлт	46
үзүүрлэжээ	46
грекын	46
сүлжээнээс	46
ривер	46
вакциныг	46
алексеевич	46
лордын	46
стресс	46
загвараас	46
олдман	46
а-гийн	46
сэтгүүлүүд	46
чио	46
уусгагч	46
глицин	46
мүонр	46
саатал	45
баарин	45
сургаалийг	45
шахуу	45
устгагдсан	45
зундуй	45
продакшн	45
занданшатар	45
сандагийн	45
өсдөг	45
алтангэрэлийн	45
шинэс	45
чихт	45
түвшингээс	45
илгээгдсэн	45
угаас	45
үйлд	45
малчдын	45
хүрээгээр	45
радар	45
онгоцуудыг	45
шид	45
мөнхөд	45
тодруулан	45
бариулж	45
комиссоос	45
сургамж	45
гунгаа	45
тариаланч	45
цэрэндагва	45
батсүмбэр	45
чингүнжав	45
дахиныг	45
объектууд	45
хувцсыг	45
зарагдаж	45
чигээрээ	45
турбо	45
инфляцийн	45
хуваарилсан	45
гүйлгээг	45
митохондрийн	45
голцуу	45
олзлогдож	45
хэлтний	45
байгалиас	45
буриад-монголын	45
христосын	45
рот	45
тэмдэглэгддэг	45
сталиныг	45
хичээлүүдийг	45
эмэгтэйтэй	45
хутагтыг	45
өндрийг	45
ажиллуулсан	45
байцаалт	45
дяя-ны	45
зөвлөмжийн	45
төмөрлөг	45
холдох	45
цаазалсан	45
мөргөлдөж	45
тодотгож	45
когурё	45
олширч	45
сэтгэх	45
мэдэгддэг	45
цуутай	45
хөдөөний	45
буруутгасан	45
ярихдаа	45
вавилоны	45
гадаргуун	45
уолл	45
миланд	45
төлбөрт	45
ойртон	45
бүрэлдхүүн	45
талархан	45
айлчлан	45
цувааг	45
сансраас	45
баасанхүү	45
мастеруудын	45
заяаг	45
гаргахгүй	45
марафонд	45
нүүлгэсэн	45
ухнаагийн	45
зүүдэг	45
тараг	45
хагалгаа	45
ингэ	45
бэлтгэлийг	45
ялгаралт	45
багачууд	45
суулгац	45
бодон	45
бартон	45
нэгдсэнээр	45
курскийн	45
эва	45
нацистууд	45
эквадор	45
намдаах	45
сулрах	45
шүүлт	45
нэмнэ	45
дарангуйлах	45
чоймболын	45
суворовын	45
заагдсан	45
концертод	45
симфонийн	45
лайпцигийн	45
клара	45
аммиак	45
халхыг	45
бухын	45
өгөөж	45
мэрилэнд	45
алгоритмууд	45
амттан	45
гидроксид	45
номч	45
хамтлагаа	45
зураасан	45
оршихуй	45
эргэцүүлэн	45
фараон	45
шилжүүлдэг	45
тогтнов	45
осама	45
эмили	45
терминал	45
чадамгай	45
сүрьеэгийн	45
омар	45
ээжийнхээ	45
шидтэн	45
шилтгээн	45
зэмсгийн	45
оролцуулж	45
залгавар	45
цэвэршүүлэх	45
эхтэйгээ	45
ахиулсан	45
спенсер	45
зөрчин	45
хэрмийг	45
арнольд	45
оролцсоноос	45
гагарин	45
принстоны	45
сэргийлэн	45
хорлох	45
цомгоороо	45
мигель	45
дуулгын	45
драйвер	45
далавчит	45
мину	45
каренина	45
нэвтрүүлдэг	45
түлхэлтийн	45
папуа	45
халаах	45
хуаран	45
хэлэлцээд	45
тууз	45
илрүүлэлт	45
шаталтат	45
жером	45
харимхай	45
хориглолтын	45
дуусаад	45
софия	45
франсиско	45
сербичүүд	45
зөвлөгөөн	45
пара	45
зөвлөдөг	45
силезийн	45
аригбөхийн	45
сарагоса	45
барокко	45
чак	45
тамирчдыг	45
моравийн	45
департаментын	45
маркос	45
гажилт	45
бош	45
гленн	45
ферраригийн	45
оффисын	45
солт-лэйк	45
карнеги	45
гей	45
ана	45
корнилов	45
фергюсон	45
моника	45
жереми	45
гардсан	45
венгер	45
чарльтон	45
жаргалбаяр	45
бүлэгнэлтийн	45
даалтын	45
тэмдэглэхэд	44
хариулсан	44
уудын	44
анкара	44
могод	44
зоригтбаатар	44
түрж	44
тэмдэглэгджээ	44
шинэчлэгдэж	44
дорго	44
өндөрхангай	44
ёндон	44
хөндийгөөр	44
уужим	44
буудаг	44
хамруулсан	44
үзэгдлүүдийг	44
уулзахаар	44
хөнөөж	44
цэрэглэн	44
бэлтгэнэ	44
хайлдаг	44
саяд	44
тэсрэг	44
ингэх	44
эванс	44
салбарласан	44
липид	44
заларч	44
гүвээ	44
нийслэлээс	44
нэрийдэх	44
улаанхус	44
хялгана	44
ажилтнуудад	44
шинжээрээ	44
хэмжээнүүд	44
тогтоогоод	44
болбол	44
дагалдаж	44
гаргахаас	44
тэргүүтэн	44
хаашаа	44
сонголтыг	44
тохирохгүй	44
секс	44
яригддаг	44
захирагчид	44
халаалт	44
нүхтэй	44
горлос	44
хийгдээгүй	44
зсбнхоу-ын	44
графын	44
давхардсан	44
зүйлгүй	44
глазго	44
нэмэгдүүлэхийн	44
борлуулалтаараа	44
амаараа	44
курё	44
эхнэрээ	44
үрждэг	44
эсэхээс	44
зогсоожээ	44
нислэгт	44
пэрлээ	44
буруушааж	44
рауль	44
сантьяго	44
өмсгөлтэй	44
хөөгдөж	44
вангууд	44
илэрхийлэгдэх	44
конус	44
хөдөлгөөнөөр	44
бүрэлдэхүүнтэйгээр	44
сургуулиудтай	44
байсанд	44
буруутган	44
олзолж	44
найдваргүй	44
давуулан	44
хятадаар	44
бээжингээс	44
дайсантай	44
цаазлуулсан	44
далимдуулан	44
резинэн	44
лигээс	44
лос-анжелесын	44
сурвалжлага	44
өртөөнд	44
халагдсан	44
зарлагдсан	44
үйлчилгээгээ	44
оруулаагүй	44
нөлөөлөлд	44
бэлчээрт	44
унаад	44
заяасан	44
шалгалтанд	44
дуудлагыг	44
өгдөггүй	44
төвөггүй	44
дүгнэдэг	44
ялгарна	44
жороо	44
баримтаас	44
сорт	44
дүндээ	44
морьдыг	44
татахуйц	44
амьдралаар	44
бодолд	44
гарз	44
николаев	44
риголетто	44
туйлт	44
нато-д	44
цэвдэг	44
сумаа	44
түмэндэмбэрэл	44
шуа	44
оджээ	44
тоосгон	44
төмрийг	44
бичвэл	44
хамтатган	44
үүсэв	44
антверпен	44
матад	44
танихгүй	44
торой	44
салжээ	44
татарын	44
эзлэсэн	44
зүтгэх	44
диана	44
павлович	44
хэргэмийг	44
эдвин	44
ирснээс	44
бөс	44
гэхээс	44
себастьян	44
командаар	44
орхиод	44
тэмцэхэд	44
хянахад	44
чулуунд	44
дурсамжаас	44
функцууд	44
таслал	44
харан	44
гэрэлтүүлгийн	44
ампер	44
зүтгүүр	44
даавуун	44
зурваст	44
давхаргат	44
шинжээчдийн	44
толилуулсан	44
үнэлгээтэй	44
уншигчийн	44
ачааллын	44
аппаратын	44
байрлуулжээ	44
цех	44
рихард	44
диссертаци	44
цагаан-уул	44
баянхутаг	44
ярилцах	44
эрхлэгчдэд	44
урагшилж	44
потанин	44
учрах	44
цэвэрлэгээний	44
насос	44
херцеговин	44
мадагаскар	44
жишээнүүд	44
халдварыг	44
хдхв	44
нэгжүүдэд	44
украиныг	44
кнессетийн	44
кемал	44
кгб	44
санаандгүй	44
балтимор	44
истории	44
амьсгаа	44
любовь	44
боолууд	44
хамгаалахаар	44
флеминг	44
доцент	44
яаран	44
ярославль	44
цанаар	44
познань	44
монтенегрогийн	44
оксфорд	44
цуцалж	44
орегон	44
карелийн	44
нахиа	44
ханна	44
агентлагт	44
жулиа	44
нородом	44
ххк-ийг	44
что	44
уэйн	44
квебек	44
атлетикт	44
дарханбат	44
чэмпион	44
между	44
винтовын	44
наслав	44
манта	44
тактанд	44
танилт	44
мутарджим	44
нүүрийг	43
дэлбэг	43
туулын	43
үйлчилгээгээр	43
бохирдуулагч	43
цэгмидийн	43
балжиннямын	43
олондоо	43
ноолуурын	43
бат-очирын	43
цогтбаяр	43
лодойдамбын	43
унтарсан	43
малтан	43
гүнтэй	43
суринам	43
коперникийн	43
дагуулаас	43
рекордыг	43
чиглэнэ	43
хувирал	43
эквивалент	43
чахундорж	43
мн	43
днх-г	43
коммунизм	43
зарлалаа	43
байгуулалцсан	43
мануул	43
хойлог	43
нууртай	43
улиас	43
байрлалаар	43
чийгийг	43
өөрчлөхийг	43
массыг	43
өмнөө	43
мөртэй	43
тооцооллыг	43
сурагчдыг	43
хаанчилсан	43
бүтээгчид	43
юмаа	43
хулганы	43
тэмдэглэгээтэй	43
металлыг	43
ажиглан	43
хэвлэдэг	43
ялгасан	43
районд	43
таардаг	43
наадгай	43
өвөрмонголын	43
болгоомжилж	43
тархай	43
зүтгэлтнүүдийн	43
эндрью	43
богдыг	43
хуралдай	43
иргэдтэй	43
бүрэлдхүүнд	43
хууч	43
тэртээгээс	43
бодоогийн	43
эхлүүлэн	43
урдуураа	43
тектоникийн	43
хатааж	43
царайтай	43
талуудтай	43
ведийн	43
таж	43
үндэслэгдсэн	43
гүү	43
хөшиг	43
орлуулж	43
зорчигчийн	43
зааврын	43
давтсан	43
люблин	43
хэрэгжүүлэхээр	43
өнгөрөөх	43
халдун	43
зоосны	43
нарийвчлалтайгаар	43
үлдээгүй	43
судсаар	43
менделийн	43
эдисон	43
чийдэн	43
шаналж	43
хавтгайд	43
бүрхсэн	43
екатеринбург	43
бартаат	43
энхбаатар	43
ортодокс	43
нэршлээр	43
асран	43
түм	43
хэвлийд	43
шүүдэр	43
амжжээ	43
хийгээр	43
амсаж	43
вьетнамыг	43
ныг	43
катарын	43
төмөр-очир	43
биелүүлэхийн	43
буудуулж	43
биелүүлэхэд	43
кузьмин	43
сүх	43
эрхлэгчдийн	43
дугаараар	43
анзаарч	43
үзүүрийг	43
өрөм	43
ааш	43
хүртдэг	43
буудлууд	43
бүтээгдэхүүнээс	43
бөгөөс	43
сахалин	43
вирусыг	43
уусмалыг	43
зорилтуудыг	43
тохинуулах	43
цөөхүүл	43
айзам	43
олоод	43
эндхийн	43
жамуха	43
калифорнид	43
үнс	43
хурдатгал	43
спилберг	43
урланд	43
хөндөж	43
гёте	43
заншлын	43
цогцоор	43
чигт	43
үндсэнд	43
нэгээхэн	43
чийрэг	43
мөнхөрсөн	43
сэргэх	43
багдадын	43
лир	43
орос-монголын	43
ордоос	43
хоцорч	43
иоанн	43
удмынхан	43
москваг	43
залуугийн	43
гарчигтай	43
хотуудаар	43
швейцарт	43
системтэйгээр	43
өргөс	43
пикассо	43
устгана	43
хоёроор	43
норвегичууд	43
батлер	43
дэнзэн	43
рикардо	43
тэнцэтгэл	43
больжээ	43
шингэнд	43
деи	43
тэгтэл	43
хүчдэлийг	43
перпендикуляр	43
асуулгын	43
төвүүдийг	43
дуулаачдын	43
галина	43
сырдарья	43
чартыг	43
христофер	43
викториагийн	43
цагны	43
залгамжлалын	43
хөдөлжээ	43
сарнайн	43
авдаггүй	43
даваасамбуу	43
мобайл	43
эзэмшин	43
пүрэвжав	43
сонирхогчид	43
гүржид	43
дашрамд	43
дэлгэрсайхан	43
жирэмсний	43
того	43
амгаланбаатар	43
үйлдвэрүүдэд	43
антропологийн	43
царцаа	43
бүтцээс	43
яр	43
дарвин	43
райн-вестфалены	43
захируулжээ	43
залгамжлагчид	43
хирошима	43
хамгаалагчдын	43
австри-унгар	43
висла	43
шаахай	43
алдахад	43
это	43
фирм	43
тасалдал	43
владимирын	43
эрхээс	43
томилогдоод	43
шу	43
зиндаа	43
хувилбараас	43
рерихийн	43
киото	43
динамикийн	43
буда	43
жоржийн	43
волгоград	43
битийг	43
мьянмарын	43
флоридагийн	43
физиологич	43
севенти	43
албаничууд	43
харайж	43
оноогоо	43
артерын	43
овоолгын	43
иракын	43
айх	43
клубийг	43
ротари	43
модем	43
мессежийг	43
сент-этьен	43
челсигийн	43
драма	43
байден	43
плей-оффын	43
депортиво	43
атуу	43
заставын	43
фруктозын	43
спб	43
беннингтон	43
брукнер	43
фокусын	43
судлаачдад	43
изд	43
гөлтгөнөн	43
лицензийн	42
хэлэн	42
алшаа	42
бандид	42
шугуй	42
телеграф	42
пүрэвдагва	42
жигжидсүрэн	42
сайхан-овоо	42
хонгорын	42
дунджаас	42
сэврэй	42
асга	42
минж	42
төрөлхтөний	42
савын	42
хунт	42
булшийг	42
хүчтэн	42
вебер	42
мэдэгдээгүй	42
бүтээгдэхүүнээр	42
хуваахад	42
гарцтай	42
ажиглагчид	42
хорьдугаар	42
нуклейн	42
хорлоо	42
аюурзана	42
лүн	42
хундага	42
ширэндэв	42
дэлүүн	42
төрхөөрөө	42
зартай	42
түмнээ	42
популяцийн	42
кейт	42
нийгмээс	42
хуулбарлан	42
буун	42
дурьдаж	42
ажиллагсад	42
тэнхлэгтэй	42
даалт	42
хэмжигддэг	42
функцыг	42
тодотгол	42
шаардана	42
үзэгдэнэ	42
зая	42
африкаас	42
нэгтгэхийг	42
зүрчидийн	42
харьяаны	42
декан	42
абелийн	42
бүтэх	42
десантын	42
мянгаас	42
мэдэлгүй	42
эндрюс	42
явагджээ	42
удирдамж	42
зүйгээр	42
жадамба	42
цахилгааныг	42
тавны	42
хамтрагчид	42
шаардав	42
терроризмын	42
шалгагч	42
идсэн	42
хоккайдо	42
жаяг	42
жишигт	42
хэлтэрхий	42
цохилтоос	42
сансарын	42
үгүйсгэх	42
ханлигийн	42
сөнөсөн	42
адриатын	42
нярав	42
шаардагдана	42
жилтэй	42
оптикийн	42
спектр	42
жишээн	42
автан	42
модел	42
экспортод	42
олзны	42
байгууламжуудыг	42
доройтсон	42
өргөмжлөв	42
сувагт	42
медалиа	42
камбожид	42
заавраар	42
түшиглэсэн	42
дашдаваа	42
яковлевич	42
сонирхолгүй	42
төрлүүдийг	42
боолтыг	42
баясгалант	42
бадмаанямбуугийн	42
хуудаст	42
сүйтгэж	42
мерседес-бенц	42
тайлбарлав	42
үлдээдэг	42
хахир	42
райдер	42
эзэлхүүний	42
автоматжуулалт	42
дээвэртэй	42
төвөдөд	42
гудамжаар	42
польшийг	42
бөөрөнд	42
амаргүй	42
конев	42
боломжтойг	42
системчилсэн	42
сайжрах	42
хүчилтэй	42
хаг	42
буурцагт	42
гүрсэд	42
хатгал	42
гүйцэтгэлтэй	42
цагтай	42
бритиш	42
шингэрүүлсэн	42
сорьж	42
эгнээний	42
хэсгүүдтэй	42
живж	42
андреас	42
индиан	42
робертс	42
изотопи	42
цэнэгийг	42
үлгэрүүд	42
шоргоолж	42
хорвоог	42
нэрийджээ	42
эрдэнэтийн	42
үхдэг	42
үйлдэлтэй	42
цамхгийн	42
явсны	42
дайлсан	42
бинт	42
нитрат	42
суулга	42
заяаны	42
банкийг	42
дуунуудаас	42
бэлчирт	42
удирдуулан	42
нурааж	42
усгүй	42
дансны	42
санхүүжүүлж	42
үзэв	42
йорданы	42
дээшлүүлэхэд	42
дэнни	42
лонг	42
мэдлээс	42
иберийн	42
өрөөг	42
танилцаад	42
зүүнгарууд	42
лян	42
оруулалттай	42
тангад	42
хоёрдмол	42
халдварладаг	42
өнгөрөөжээ	42
эргэлзэж	42
эвэртэй	42
оргилуун	42
цэгээр	42
дайчлах	42
цуглуулгатай	42
хамтлагийнхаа	42
шаламгай	42
маршалл	42
хамруулах	42
хоригдлуудын	42
баригдах	42
урдаа	42
бөөс	42
нээгдэх	42
бүүрэг	42
фотон	42
бэхэлгээ	42
төвлөрүүлэх	42
люк	42
алжээ	42
синдром	42
амазон	42
гааль	42
үзэгчдийг	42
философид	42
бнагу	42
тафт	42
гэмтжээ	42
сурахаар	42
харагдахуйц	42
фестиваль	42
олзолсон	42
довтлогч-хамгаалагч	42
фелипе	42
анастасия	42
нэнси	42
сэлт	42
задалдаг	42
компьютероор	42
интертото	42
гишүүдтэй	42
хулсны	42
нэвтрэв	42
сөүлд	42
тбб-ын	42
эмэнд	42
круз	42
сунгалт	42
харви	42
райны	42
коммунити	42
шнайдер	42
үнсгэлжин	42
антенн	42
мхбх-ны	42
кайзерслаутерн	42
статья	42
сериал	42
гитараар	42
тамгагүй	42
нууцлалыг	42
пакетыг	42
шифрлэх	42
бэхэн	42
амжилттайгаар	41
россии	41
сгз	41
хурган	41
салбараар	41
лхамсүрэнгийн	41
чүлтэмийн	41
чимидийн	41
дийлэнхийг	41
шилмэл	41
халаалтын	41
ванган	41
үенч	41
төрхөө	41
бүсчлэл	41
хөгжлийнхөө	41
өрсөлдөөнийг	41
холбогдолгүй	41
шинжээр	41
механикч	41
авсанаар	41
бүрэлдэх	41
матери	41
өнгөрчээ	41
йл	41
шийдэв	41
авсаны	41
ёл	41
сайр	41
шугамтай	41
санжийн	41
чинзориг	41
ухаарч	41
таваас	41
жадамбын	41
цаатан	41
жуулчлалыг	41
хазаар	41
бүслүүрийн	41
магеллан	41
хальж	41
мотоцикл	41
хөгжүүлэхийн	41
шингээн	41
програмчлал	41
реклам	41
оньсого	41
дэлгүүрүүд	41
гарцын	41
боломжоо	41
зөрүүгээр	41
салбараа	41
борлуулагдсан	41
дагавартай	41
өртгийн	41
ноёлох	41
үсгээ	41
угсааг	41
дүрэмтэй	41
явуулан	41
дацанд	41
шилжүүлэхийг	41
хоёртой	41
ахлуулсан	41
тогтнохоо	41
үржихүйн	41
гадаадаас	41
эрдэмд	41
цаадах	41
гренланд	41
европд	41
гарахаар	41
хуваагджээ	41
нүүрээ	41
үхлийг	41
нухацтай	41
хязгаарлагдсан	41
арабаар	41
ширхэгийг	41
зохицуулан	41
адууг	41
ирвинг	41
номоос	41
олигтой	41
түдэвтэй	41
ханлигийг	41
төлөвлөжээ	41
алсыг	41
хуримтлуулах	41
тогооч	41
сувилахуйн	41
нэгтгэхэд	41
хэрэгжүүлэн	41
надаас	41
зүйрлэл	41
цэргийнхэн	41
зогсоов	41
туслан	41
гоминдан	41
босголтын	41
үйлсийн	41
гаргаагүй	41
азарга	41
тохиролцоо	41
манжаас	41
шамдан	41
финландад	41
лима	41
торонтогийн	41
морьтон	41
дэмжигдсэн	41
ажиллахгүй	41
хуудсууд	41
ачих	41
ингэний	41
гэмтээх	41
митчелл	41
манти	41
верона	41
нийтлэлд	41
тоймч	41
хязгаарлагддаг	41
байгуулал	41
ихэсч	41
хятадуудын	41
хүлээлтийн	41
цохив	41
танкийг	41
гватемал	41
суртлыг	41
авьяасыг	41
зөвлөгч	41
мэхийг	41
түрэн	41
бадрал	41
гараас	41
эрхэндээ	41
нуух	41
живсэн	41
цастай	41
сумандаа	41
фотосинтез	41
өөдрөг	41
барийн	41
багтаана	41
таниулсан	41
англиас	41
солирын	41
бишгүүр	41
киотогийн	41
болохдоо	41
намтарчилсан	41
өрсөн	41
ухран	41
гоголь	41
армений	41
цагирагт	41
координатын	41
лоренцо	41
шуурганы	41
болхи	41
үүдэл	41
тонуул	41
энэрэл	41
дуунуудаа	41
осборн	41
ци	41
мандуул	41
линчеи	41
эерэгээр	41
дум	41
огуз	41
салхийг	41
хөөрсөн	41
хантай	41
женнифер	41
төлбөрөө	41
бүтээлчидтэй	41
төст	41
луиза	41
зочилсон	41
компьютерүүд	41
нийг	41
бат-орших	41
хоолойны	41
содномдорж	41
занги	41
хөхнуурын	41
долгионоор	41
оргож	41
баталгаажуулалтын	41
ковид	41
оролцооны	41
торон	41
сегмент	41
уганда	41
сомалийн	41
боолуудын	41
судалт	41
сахалтай	41
зохиогджээ	41
норовын	41
өг	41
ордноос	41
дөрвөл	41
килограмм	41
илрүүлэгч	41
сунгах	41
тактикийг	41
сармагчин	41
хоногтой	41
нөөцөөс	41
бөгж	41
таблет	41
геннадий	41
копенхаген	41
киевийг	41
судлаачийн	41
болгарчууд	41
дуусгав	41
институци	41
елизавета	41
дэвшигчид	41
хадбаатар	41
кострома	41
оросуудыг	41
панжаб	41
академиас	41
перес	41
кай	41
батальоны	41
брауны	41
евровижн	41
айова	41
секундээр	41
хувиргагч	41
дуурайлган	41
лас	41
мөрөөддөг	41
сиксерс	41
ватт	41
грийн	41
гаралтыг	41
жононгийн	41
чарганы	41
хураалтад	41
таллины	41
зөвлөлт-хятадын	41
бурхадын	41
невилл	41
угсарч	41
ллойд	41
танигдах	41
өдөөдөг	41
киевээс	41
энди	41
өвөлжих	41
линда	41
гоолоор	41
тахилч	41
картны	41
илгээгч	41
артай	41
фестивальд	41
цөөхүр	41
гомбодоржийн	40
абтай	40
датаком	40
амьтнаар	40
хийгджээ	40
адуучин	40
банзарын	40
тээвэрчин	40
олгой	40
уламбаяр	40
явуухулан	40
зөөдөг	40
шийдвэрлэжээ	40
байлгахад	40
авирмэд	40
зөнч	40
хуваарилалтын	40
тогтол	40
зэрэгцүүлэн	40
хэмжил	40
жанна	40
хэмжээт	40
шүр	40
антарктидын	40
ургальч	40
сааруулах	40
бишрэл	40
захирдаг	40
онтой	40
өмчид	40
чиглүүлдэг	40
сонинг	40
нийгэмлэгээс	40
радиог	40
өгөхийн	40
ялгагддаг	40
биосинтезийн	40
цардуул	40
толин	40
харъяалагдаж	40
ялалтад	40
уучлал	40
төрөө	40
сэргээжээ	40
бөмбөрцөгийн	40
изотоп	40
тогтолцоогоор	40
ёстойг	40
объектуудыг	40
тоонуудыг	40
хурдасгах	40
хамрагдана	40
хэмжигдэхүүнийг	40
онигоо	40
үсэрч	40
гарахын	40
симуляци	40
жолоодож	40
засагчид	40
аргачлалын	40
инфляцийг	40
эрхзүйн	40
төлөгч	40
хяналтаас	40
таваар	40
шахагдан	40
ляонин	40
үнэмшилтэй	40
зайлсхийхийн	40
хрущёв	40
кемерово	40
амур	40
олонлогийг	40
бүрэлдэхүүнээрээ	40
сэргийлэхэд	40
оногдож	40
түрэмгийллийг	40
магсаржавын	40
сонгоход	40
делийн	40
санхүүжүүлдэг	40
уурлаж	40
хималайн	40
үлдээд	40
суурьшдаг	40
холбоогоо	40
шатлалын	40
тогтоогдоогүй	40
америкаас	40
түгжих	40
сахиусан	40
зорчсон	40
магад	40
угтвар	40
нэхий	40
доромжилсон	40
соёрхол	40
русийн	40
алтлаг	40
багтаагүй	40
аажимдаа	40
нэрлэвэл	40
танилцан	40
цоморлиг	40
гэрийнхээ	40
үүсээд	40
дүүргэх	40
тоосонцор	40
бөөгнөрсөн	40
итгэмжлэлийн	40
зөвлөлөөр	40
хамгаалуулах	40
ахиад	40
тааруулан	40
оюунлаг	40
хайн	40
давшилтанд	40
бүлэглэлийг	40
давшилтын	40
эйзенхауэр	40
баглаа	40
боолчлол	40
үзлээс	40
гэмгүй	40
хориглон	40
эзлэнэ	40
монреалийн	40
түүхээ	40
манила	40
эрдэнэчимэг	40
ганболдын	40
санжаагийн	40
нямаагийн	40
чэжү	40
токиод	40
унав	40
батлагдаагүй	40
шотландад	40
өрсөлдөөнд	40
тавихыг	40
банкуудын	40
конвенцийн	40
шөл	40
өвдөгний	40
гадаргаас	40
тохиож	40
проф	40
суухад	40
үдэшлэг	40
унтах	40
гэрлэлтийн	40
аваачсан	40
хэрэглэдэггүй	40
навчин	40
механикжуулсан	40
алдсаны	40
машинаас	40
лагерийн	40
даалгаврын	40
григорьевич	40
египетийг	40
ваймарын	40
ордонг	40
заадас	40
хиргис	40
илрээгүй	40
шарил	40
шаазгай	40
га-д	40
үнээ	40
давааг	40
боомтоор	40
монте	40
геополитик	40
увш	40
дөрөө	40
өнцгөөс	40
хүнцэл	40
ганчимэг	40
санхүүжилттэй	40
нууцлах	40
чулуулагт	40
дубай	40
во	40
лицензтэй	40
ганган	40
колониудын	40
келли	40
альберта	40
ассемблейн	40
пушкины	40
эхнэрийг	40
халз	40
аялжээ	40
эрхлэгчийн	40
дулмаа	40
шөнөдөө	40
гарсаны	40
эцгээ	40
номноос	40
мингийн	40
хуримаа	40
зэм	40
осолдсон	40
саналаас	40
суулгана	40
бүтдэг	40
бэлдэц	40
фу	40
дайлах	40
бүрэнтогтох	40
шилбэ	40
аргатай	40
шаврын	40
банкир	40
ивээлд	40
тээрэм	40
будгаар	40
сорбонны	40
төслүүдэд	40
түрэгүүдийн	40
принстон	40
планкийн	40
барьцааны	40
ереван	40
бүтэлгүйтэж	40
клипэнд	40
тушаалтны	40
сэдвүүдийг	40
манлайбаатар	40
мэтт	40
тасалдсан	40
ленины	40
харагдсан	40
шалгаруулсан	40
төлөвлөгдсөн	40
дондог	40
янжмаа	40
өгөгдөлтэй	40
санаанууд	40
туслахын	40
дагуулыг	40
галшар	40
жамба	40
нельсон	40
нуклеотид	40
эсүүдийн	40
сэнтийд	40
үржвэр	40
дамаск	40
хугалах	40
төрөхөөс	40
бодоод	40
эрчимжиж	40
дох-ын	40
халаасны	40
брайн	40
ялагдах	40
туузан	40
боловсруулагдсан	40
гудамжийг	40
россия	40
ерөөсөө	40
винница	40
үнэлэхэд	40
мэдисон	40
модноос	40
огцорсны	40
ежи	40
богдан	40
туялзуур	40
өргөмжлөх	40
операторын	40
мик	40
факультетийг	40
шагналтай	40
хабсбургийн	40
оренбург	40
гумилёв	40
тэмүүлэн	40
газпром	40
алонсо	40
известия	40
дакота	40
кэйт	40
баривчлав	40
уриалав	40
твиттер	40
социологич	40
наадмуудад	40
уралдаанаас	40
үйлчлүүлэгчдийн	40
ковентри	40
локомотив	40
уралдаанч	40
жүжгээр	40
тарилга	40
заншлыг	40
буффон	40
хорватчууд	40
бэрримэн	40
старт	40
апертура	40
физик-математикийн	40
фейеноорд	40
удинезе	40
авлагын	40
хэш	40
лиганд	40
луар	40
баргын	39
нөхцөлийн	39
ганжуур	39
зовлонг	39
үзэхийг	39
буудлаас	39
буудагч	39
өврийн	39
ховдод	39
даваажаргал	39
хэмээнэ	39
үнээс	39
эрхэмлэдэг	39
европийн	39
дагуулагч	39
өнгөрсний	39
доройтож	39
хувьсгалчид	39
эзхахб-ын	39
ех-ны	39
ажиглагчийн	39
тайлбарын	39
доошоо	39
нэгнийг	39
үүссэний	39
сануулж	39
болгосны	39
сууринаас	39
политехник	39
ядамсүрэнгийн	39
бямбацогт	39
чөлөөлөгдөх	39
хандгай	39
эрдэнэсант	39
таана	39
якоб	39
төлөвлөн	39
хөдөлгүүрүүд	39
тооллыг	39
бодлогууд	39
чадвараас	39
философичид	39
метафизик	39
маллах	39
идэвхжиж	39
ширийн	39
таарвал	39
тэгсэн	39
цохиур	39
тэтгэмж	39
оруулахгүй	39
шилжихэд	39
өсөлттэй	39
барилаар	39
ашигласны	39
тэмдэгтүүдийг	39
тэмдэгтээр	39
бнмау-ыг	39
эцгийг	39
хориод	39
шилжүүлнэ	39
шенгений	39
авторитар	39
техникээр	39
каунас	39
түшмэлийн	39
зэргээ	39
сена	39
гэгээнтнүүдийн	39
таалагдсан	39
давхаргаас	39
хөтөлбөрөө	39
уналтанд	39
багасгасан	39
ухаанч	39
баярлаж	39
олдмол	39
утаслаг	39
уналга	39
нэмэгдүүлнэ	39
савны	39
амлаж	39
няцаасан	39
хумс	39
шарсан	39
зевс	39
катерина	39
урвалууд	39
мэджээ	39
нейтроны	39
хөврөл	39
бүрджээ	39
гарагийг	39
гэрээтэй	39
инновацийн	39
даацтай	39
бичигч	39
бичвэрийн	39
америкын	39
өдөртөө	39
бүлэглэлүүд	39
горбачев	39
нийслэлтэй	39
сэхээтнүүд	39
арилгахад	39
сулласан	39
зовоож	39
цэдэв	39
сенатад	39
сандо	39
шаарддаггүй	39
уудаг	39
гадар	39
хөөрхий	39
хэлвэл	39
дурсахдаа	39
мэтгэлцээний	39
нанотехнологи	39
мөрдоржийн	39
нэмэгдсэнээр	39
эрэмбэлэгдсэн	39
зсбнху-д	39
дутагдалд	39
донтох	39
түү	39
дэмб-ын	39
жамбалдорж	39
өргөмжлөгдөж	39
зигмунд	39
романтизм	39
бичихийг	39
хэвшмэл	39
бүхлээр	39
узбекийн	39
буур	39
сүмээс	39
механикжсан	39
мэдээлэлийн	39
бизнесээ	39
давтах	39
өгөөжтэй	39
станцтай	39
гравитацийн	39
дүнгүүд	39
холдож	39
хром	39
тусгажээ	39
горький	39
явдлаар	39
ангилагддаг	39
чөлөөлөгдөж	39
афганы	39
дари	39
ари	39
сүйдсэн	39
мэргэний	39
тулалдааныг	39
зочлох	39
дэр	39
жамаар	39
цуглаж	39
өдгөөгийн	39
дэлгэсэн	39
биелгээ	39
хуучир	39
саваа	39
ибрахим	39
эссэ	39
шимтэн	39
хүмүүжсэн	39
хавсарсан	39
хүрэлцэхгүй	39
тверь	39
алдахгүй	39
маалингын	39
хөгжимдөх	39
үүлний	39
устөрөгчийг	39
нуусан	39
агуулаагүй	39
романаас	39
гишүүнд	39
битүүлэг	39
тооцоолдог	39
тигран	39
үйлдвэртэй	39
илүүгүй	39
турины	39
бүстэй	39
дэвшилд	39
хагарч	39
эминэмийн	39
конг	39
хөвөө	39
бум	39
тифлис	39
нэвтрүүлэхэд	39
ферганы	39
дагвын	39
реализм	39
ом	39
онцлогууд	39
хангамжид	39
үзүүлэхээр	39
асаах	39
авалтаар	39
агаараар	39
гавж	39
хутаг-өндөр	39
муэ-ийн	39
төвөдийг	39
чуваш	39
испаниас	39
дамжаанд	39
хөтлөн	39
цацрал	39
жимсийг	39
баттулгын	39
бэлтгэлд	39
цифр	39
нэвтрүүлжээ	39
хариултыг	39
зөвшөөрнө	39
тавиур	39
ирвэл	39
атираа	39
командлан	39
урьдал	39
хоргодох	39
өргөдлөө	39
херцеговины	39
залгамжлагчаар	39
суусны	39
хөдлөв	39
фирмийн	39
буг	39
нэвтэрчээ	39
гүйлтэд	39
оргилуур	39
гэмтлээс	39
найт	39
теологийн	39
волейбол	39
тоглуулах	39
класс	39
грег	39
бэй	39
чанаж	39
нотлогдсон	39
цэцгийг	39
мэдрэгчтэй	39
дэвшигчдийн	39
анхдагчдын	39
студийг	39
магнус	39
танкууд	39
шархдав	39
хард	39
харт	39
шевченкогийн	39
ни	39
майер	39
михалков	39
виллагийн	39
виталий	39
хурдаа	39
хувьсагчид	39
сосьедад	39
ален	39
григори	39
дерон	39
хотхоны	39
мидлсбро	39
ситигийн	39
волейболчин	39
кёрлингийн	39
зээлэгдэв	39
нийцэх	39
шопены	39
митоз	39
интегрин	39
зөвшөөрөлтэй	38
зурагнууд	38
хүрвэл	38
ёст	38
буддизмын	38
сумдад	38
чимэддоржийн	38
мусгз	38
баянжаргалан	38
луус	38
занар	38
үлдэц	38
реппэр	38
баригдан	38
чулуунууд	38
энэбиш	38
баатархүү	38
үзэгдэлд	38
сүйх	38
гэрчилнэ	38
синайн	38
шийдэн	38
мандан	38
дэглэмд	38
уурыг	38
төвлөрлийг	38
нягтын	38
кинематик	38
сибирийг	38
түрэмгийлэн	38
ноёрхох	38
гүрэнтэй	38
эндоплазмын	38
нэгдлээс	38
хүчнүүдийн	38
бодисуудын	38
анчид	38
номер	38
чой	38
адъяа	38
өөрөөс	38
цайдам	38
ястнууд	38
урвуулан	38
шимийн	38
пифагорын	38
консол	38
авъяастай	38
найруулгын	38
оддыг	38
барина	38
тэвчээртэй	38
тоглолтуудыг	38
бүртгүүлэх	38
муугаар	38
тохирдог	38
гарцыг	38
хадгаламжийн	38
яамд	38
санхүүжилтийг	38
хээний	38
эритрей	38
буриадуудын	38
унахад	38
хавтанг	38
века	38
цуглан	38
заалтууд	38
хуралддаг	38
ханшаар	38
угаасаа	38
де-факто	38
аюук	38
нөөцөөр	38
үзэгдлүүд	38
амарын	38
хайрласан	38
товчоог	38
либерализм	38
эрхэд	38
нэмэгдүүлэн	38
мэдлэгт	38
гранада	38
халтар	38
нярай	38
цэцэглэлт	38
дүүргийг	38
харвард	38
ихэсдэг	38
дархлалын	38
эсүүдийг	38
полимераза	38
алхах	38
юнител	38
агаартай	38
буруутгагдаж	38
дидье	38
дашт-ийн	38
зоог	38
цооног	38
жаббар	38
бор-өндөр	38
хэлэгдэх	38
дэвсгэрээр	38
түймэрт	38
винчи	38
паскаль	38
нэрийдэж	38
хайлмаг	38
байгуулалтанд	38
бүтээлчдийг	38
мотортой	38
хадгалахыг	38
гэрээнээс	38
орчуулгыг	38
бодлогоос	38
мордсон	38
археологичид	38
үзүүлэлтээ	38
бүрдийн	38
ассемблей	38
шүлэгч	38
багтаах	38
бямбасүрэнгийн	38
гомбодорж	38
жамбаа	38
аллан	38
колоничлол	38
оролцдоггүй	38
гиннесийн	38
стандартчилагдсан	38
баримтжуулсан	38
ундааг	38
илтгэлийн	38
царцдасын	38
плит	38
ялгана	38
засдаг	38
фермер	38
хямдхан	38
бэлэглэж	38
оношлогоо	38
оношлох	38
чухамхүү	38
хиагтыг	38
климент	38
гиваан	38
леопольд	38
иоганн	38
майкрософт	38
ноёдод	38
бэлчээрийг	38
хамтрал	38
урдаас	38
үз	38
өргөтгөлийн	38
тосгоноос	38
урсгалгүй	38
тариалсан	38
фракц	38
үргэлжилжээ	38
даралтад	38
субъектив	38
дарагдаж	38
тодотгон	38
европчуудын	38
боливийн	38
гологдсон	38
явуухулангийн	38
зүрхийг	38
судлаачаар	38
явлаа	38
барснаар	38
тодорхойлогдож	38
тусаж	38
шунал	38
дайралтад	38
хайлуулж	38
туульсын	38
эрдэмт	38
юлия	38
төхөөрөмжөөс	38
хэмжүүрийн	38
арагоны	38
дээрэмчдийн	38
мэдээлэлийг	38
ажигласан	38
нохойг	38
суулгажээ	38
аттила	38
нийцдэг	38
вольт	38
болсоныг	38
жамьян	38
дээрэмдэж	38
тулалдаанаар	38
милийн	38
замуудын	38
магелланы	38
дуслын	38
завины	38
хэмээс	38
лууван	38
малайн	38
бүтээлүүдээр	38
үзүүлбэрээ	38
намиби	38
өргөөд	38
тоглуулагч	38
гардуулж	38
цогзолмаа	38
тавилангийн	38
нэмэгдэхийн	38
эргэлддэг	38
цагаан-овоо	38
улаан-уул	38
дүрвэгсдийн	38
семинарт	38
санагдуулам	38
гэрэгэ	38
самбарт	38
металлургийн	38
тоолуур	38
тусгаарладаг	38
хувьсгалчдын	38
хуваалцаж	38
дулаанд	38
марал	38
менежерийн	38
варшавт	38
дэлгэж	38
хөргөх	38
нийлэгжилтийг	38
суллах	38
ойртсон	38
удирджээ	38
израилчууд	38
нейман	38
алмаз	38
петровна	38
бранденбургийн	38
вагнер	38
ууна	38
үрт	38
ку	38
түүхүүд	38
тушаалдаа	38
рей	38
ишийг	38
батлуулсан	38
биомасс	38
им	38
өэлүн	38
информатик	38
аваргыг	38
шахалтын	38
торрес	38
хонхны	38
ялгаварлах	38
тайлжээ	38
метаболизм	38
ву	38
нюрнбергийн	38
консулаар	38
тунхаглалын	38
мухулай	38
бэртжээ	38
стокхольмын	38
гоцлолыг	38
нагоя	38
эцэслэв	38
кока-кола	38
насныхны	38
уэст	38
бока	38
халдварлах	38
тариалалтын	38
ричардсон	38
рахманинов	38
пио	38
аватар	38
массив	38
кабелийг	38
дхг-ын	38
хостын	38
трекийн	38
полиэтилен	38
заубер	38
шинэбаатар	38
покрышкин	38
хартманн	38
иргэншилд	37
төмөрхуяг	37
пермийн	37
гончигдорж	37
төрбат	37
баярмагнай	37
нэрлэхээр	37
ойдовын	37
оруулалтаар	37
моломжамц	37
энхтүвшин	37
аймгуудаас	37
ядуурлын	37
жингээр	37
зурвастай	37
элжигэн	37
амрагийн	37
мэндээ	37
ялимгүй	37
зэвэг	37
даага	37
амтлагч	37
эрхэт	37
хаити	37
нацистуудын	37
ууршилт	37
хөвж	37
ухаанууд	37
организмыг	37
нэгэнтээ	37
гажиг	37
кеннедигийн	37
шугамаас	37
эвслийг	37
хашжээ	37
шийдвэрээ	37
түвшиний	37
нэгжээс	37
хүчлээс	37
сахиж	37
даваадоржийн	37
хүргэхэд	37
пржевальский	37
нэгддэг	37
бодитойгоор	37
моторжуулсан	37
моторыг	37
сурахад	37
чанаргүй	37
ядан	37
гэлтэй	37
дурлалт	37
үйлчилгээнүүдийг	37
төвлөрүүлсэн	37
татаас	37
заагаагүй	37
дээшилж	37
бичигдэн	37
үндэстнээс	37
хилээ	37
тайчууд	37
сууцанд	37
лена	37
халимагуудыг	37
овгуудын	37
хэлмэгдэж	37
холбоост	37
эвслээс	37
засгаа	37
дагнасан	37
ажилласаар	37
мониторинг	37
моринд	37
объектив	37
зальцбург	37
шийтгэсэн	37
задарсны	37
циклон	37
канберра	37
батлагдав	37
атал	37
сүнсийг	37
бичээсийг	37
тогтоогоогүй	37
иордан	37
нартайгаа	37
морфологи	37
тоноглол	37
эгшигтэй	37
зорих	37
тодров	37
сонирхсон	37
өзбег	37
азовын	37
кебек	37
барселон	37
нүүлгэж	37
зогсолтгүй	37
нэгтгэлийн	37
гаригуудын	37
тасран	37
машинаа	37
купье	37
түгжээ	37
бичвэрийг	37
урвагч	37
сталинд	37
дурынхан	37
оролцохоос	37
бумцэнд	37
ачиж	37
уйгурууд	37
унажээ	37
талбайдаа	37
навчаар	37
цагаачлан	37
нквд	37
сүрхий	37
пологийн	37
тунаж	37
фруктоз	37
евич	37
үерхэж	37
дэйв	37
ойлгохын	37
иан	37
цэнхэрийн	37
соёо	37
жалга	37
болсоноо	37
ордоны	37
туслаж	37
өөрсдийнх	37
шугамууд	37
клубууд	37
эмэгтэйг	37
танилцуулагдсан	37
хуваажээ	37
пуужинг	37
лодойдамба	37
муудах	37
ургацыг	37
сектор	37
бодистой	37
иртэл	37
флотыг	37
нэхэж	37
ачсан	37
хондурас	37
санаачлагыг	37
өргөжээ	37
даржаагийн	37
устинов	37
фройд	37
хотдоо	37
концертоо	37
йоханнес	37
электронтой	37
намсрайжав	37
хясаа	37
дурдагддаг	37
хангамжтай	37
сүвэрхэг	37
тори	37
нийлбэрийг	37
френк	37
загалмайтнууд	37
заагийг	37
дайрдаг	37
хорасан	37
түрэмгийлэх	37
анхааралд	37
инерт	37
жаргах	37
зохиогчдын	37
хөрвүүлэн	37
ухаангүй	37
зүрхэн	37
юмсыг	37
хальсны	37
шүлгээр	37
мэргэжилтнүүдийг	37
хөөмий	37
нацизмын	37
сургуулиар	37
мунхаг	37
уламжлалд	37
гамшигт	37
дороос	37
найзын	37
дэгээ	37
өвлөж	37
доны	37
гимнази	37
сычуань	37
холоос	37
дмитриевич	37
нора	37
хоригийг	37
өргөмжлөгджээ	37
буцаасан	37
кремль	37
төвөөр	37
нэмэгдэв	37
азербайжанчууд	37
түвшинтэй	37
хослолыг	37
халааж	37
зөвлөлтөд	37
амгалангийн	37
жэксоны	37
борлуулдаг	37
ламаас	37
зөрчлийн	37
хаалгаар	37
хүрлээ	37
улирлаар	37
санж	37
софья	37
тэмцдэг	37
тогтоолт	37
оноох	37
тэшиг	37
сутай	37
хасагдаж	37
платинум	37
афинд	37
отгийг	37
баруунд	37
хөө	37
эмчид	37
нэмэгдэхэд	37
жийргэвч	37
тамирчнаар	37
хашбат	37
кантоны	37
цөн	37
хдхв-ийн	37
импульс	37
цилиндрт	37
бичмэлийг	37
шураг	37
дортмундын	37
үзүүлэхгүй	37
сурталчлан	37
халбага	37
тунхаглалыг	37
чөмөг	37
новгородын	37
шийтгэгч	37
тэмдэглэлийг	37
нэвтрүүлэн	37
хиллари	37
захидалд	37
халдав	37
панчо	37
абаха	37
хайдугийн	37
мамлюк	37
ассамблейд	37
хулгайн	37
технологитой	37
шифрлэгдсэн	37
ницца	37
свифт	37
радарын	37
үндэслэлийг	37
сингапурт	37
гардуулдаг	37
алма-ата	37
томскийн	37
шөрмөс	37
кибернетик	37
нисванис	37
марина	37
хагалгааны	37
транскрипцийн	37
гэрлэлтээ	37
огюст	37
ладен	37
нууцын	37
сайжруулна	37
бакиев	37
польш-литвийн	37
бэртлийн	37
мэдээлдэг	37
хоффман	37
нисгэгчгүй	37
рөүз	37
уолтон	37
засалд	37
пауло	37
бөмбөгний	37
өдтэй	37
суулт	37
бажо	37
өгөөжийг	37
дискэнд	37
бэхэлсэн	37
энзим	37
давхаргууд	37
вилья	37
дурдатгал	37
нийгэм-улс	37
борлуулалтыг	37
архитекторууд	37
эмгэгтэй	37
хилчид	37
мэдээлэлзүйн	37
пакетын	37
ипотекийн	37
нафталин	37
алтаншагай	37
рецепторууд	37
бнэу-ын	37
худлаа	36
кирил	36
такси	36
машинтай	36
урдуур	36
өргөст	36
сандагдорж	36
одбаяр	36
туульч	36
хайлуур	36
хэрмэн	36
хуваарьт	36
хуваарийг	36
овгор	36
чадраабалын	36
цэрэнханд	36
нутгуудын	36
батлагджээ	36
тэжээлд	36
багтаажээ	36
тодорхойлолтын	36
тоталитар	36
түүнийхээ	36
давтамжийг	36
зарчмуудын	36
мэдэхийн	36
микрофон	36
батлахад	36
үйлдлүүдийн	36
америкийг	36
хүчлээр	36
оньсон	36
аврал	36
тогтносны	36
сагсай	36
авлигатай	36
учиргүй	36
хөгжихийн	36
кинон	36
мэдээжийн	36
чадахуйц	36
түүнээ	36
гэрлээр	36
жанр	36
хяналтан	36
үйлчлүүлэгчид	36
ашгаа	36
тайлагнах	36
зүйлсээ	36
хөдлөлийг	36
өсгөдөг	36
худалдаалж	36
парламентаас	36
орлогоос	36
гүйцэтгэхийн	36
орлогоороо	36
шимтгэл	36
хир	36
хээг	36
найрлагын	36
арьстай	36
даруу	36
монголтой	36
бат-үүл	36
суурьт	36
хэлтсийг	36
калининград	36
хүндэлдэг	36
тайлбарлавал	36
жинчин	36
ананд	36
үсээ	36
бурууг	36
шалгалтаар	36
төвлөсөн	36
пакистанд	36
дэвисийн	36
вроцлав	36
цэнгүүн	36
хоригложээ	36
илчилсэн	36
бүрэлдэж	36
байлдахаар	36
иелийн	36
тэ	36
үүсгэдэггүй	36
утгаас	36
пенсильвани	36
санаанаас	36
черкес	36
бэхжиж	36
муурын	36
хөгжихөд	36
атлас	36
рашааныг	36
даруйд	36
хашаанд	36
сурагчийн	36
бэлтгэжээ	36
амьдарчээ	36
хатаж	36
факультетын	36
уламжлагдсан	36
нисгэгчдийг	36
дайралтаа	36
зөрчилдөөнийг	36
күнзийн	36
энтэй	36
хаадаг	36
лон	36
хүндэрч	36
шатахууны	36
хэмжээнүүдийг	36
штабт	36
йелийн	36
сэлэлт	36
өнгөнд	36
гимнастик	36
байгуулалцаж	36
лааны	36
хориглов	36
номоор	36
техникүүд	36
берингийн	36
асуултыг	36
үеээр	36
шалгаруулдаг	36
чусоний	36
экосистемийг	36
амьтаны	36
ядуурлыг	36
мөчийг	36
бууруулна	36
хятад-японы	36
донор	36
хордлогын	36
багасдаг	36
шинжүүдийг	36
оролцлоо	36
хесс	36
бүүр	36
чиглэлээ	36
биширдэг	36
уртад	36
хү	36
удирдахуйн	36
хамтралын	36
газруудаас	36
эмгэнэл	36
өгөгдлөөс	36
малик	36
хуримтлагдаж	36
киноноос	36
бишрэн	36
үзсэнээр	36
бишрэлийн	36
горимын	36
үрэлтийн	36
хөвөх	36
арлуудаас	36
зарцуулжээ	36
исэлдүүлэгч	36
элэгдэлд	36
аморф	36
ижий	36
багачуудын	36
хорвоогийн	36
м-ээс	36
оюун-эрдэнэ	36
хослуулж	36
мэргэжлээ	36
дагуулдаг	36
дараад	36
эздийн	36
чадаж	36
хэлбэлзэж	36
тахидаг	36
тогоонд	36
рапс	36
ашигласаар	36
бөгжний	36
шүүмжлэлийн	36
авагчдыг	36
паша	36
тодрон	36
овор	36
дээрэмдсэн	36
бичиглэл	36
жонсоны	36
давтаж	36
лувсанданзан	36
генералууд	36
дээшлүүлж	36
зөвлөгөөг	36
хийхээ	36
грей	36
гаргахаа	36
төгсөхөд	36
эмээж	36
хүнсээ	36
атгаж	36
аавыгаа	36
нийтлэлийг	36
бүтэлгүйтэв	36
индексийн	36
хэрэглэхээр	36
улаанбадрах	36
толгойгоор	36
кобальт	36
өгсөж	36
цөөрсөн	36
бэсүд	36
илрүүлдэг	36
юньнань	36
данзанравжаагийн	36
ефремов	36
учралын	36
хэсгээ	36
идэрийн	36
өрөөтэй	36
тагнын	36
эрвээхий	36
багаараа	36
эрхүүд	36
градусын	36
шахдаг	36
сүмүүд	36
бөмбөгтэй	36
амьсгалах	36
байгуулагдсанаасаа	36
чернобылийн	36
нэжгээд	36
тюмень	36
ран	36
ойлгуулах	36
хи	36
маршалын	36
үзүүлбэрийн	36
нугалаа	36
оргодол	36
халдахыг	36
гуанжоу	36
готик	36
уригдаж	36
цагаачлал	36
түмтийн	36
реза	36
хусейн	36
сэнтий	36
меконг	36
область	36
рада	36
рапсын	36
үзвэрийн	36
талбайгаар	36
дүгнэлтийн	36
хаус	36
коллежоос	36
реактив	36
хабаровск	36
олбани	36
осетийн	36
намуухан	36
уралдсан	36
бөхөөс	36
клубээс	36
ливерпүүлд	36
гарааг	36
фьючерсийн	36
чадавхийг	36
казакуудын	36
киноныхоо	36
бясалгалын	36
шувтаргад	36
холих	36
төрболд	36
жулиус	36
батарей	36
эргэлттэй	36
бородин	36
жеральд	36
шмидт	36
күүпер	36
пулемётын	36
суис-д	36
оролмаа	36
пресс	36
олд	36
вудро	36
акита	36
прокофьев	36
маунт	36
өнжсөн	36
үсрэлтийн	36
нурхач	36
корпорацын	36
адаптер	36
редакторлах	36
шалгуураар	36
туршлагаа	36
регистр	36
кэйж	36
пеликанс	36
гоцлолын	36
халкыг	36
лахн-ын	36
хошоон	36
үтп	36
толийг	35
суун	35
билэгдэл	35
сүмбэ	35
уулаар	35
хурцаар	35
өгий	35
хойгуур	35
баялагтай	35
увсын	35
баярмаа	35
найрагчид	35
оюунболд	35
худгийн	35
тасалгаа	35
дэвшжээ	35
хойшид	35
аргачлалаар	35
классик	35
хөгжүүлэхийг	35
зохицон	35
жамбалын	35
төвдөд	35
хагалж	35
эхэд	35
бан	35
хуульчилсан	35
кетон	35
палеолитын	35
цоодол	35
цэдэвийн	35
гомбосүрэнгийн	35
готов	35
рэнчинлхүмбэ	35
мөрнөөр	35
судлахын	35
криптограф	35
хязгаарлагдахгүй	35
хэмээгдэх	35
хэргэлдэг	35
оршсон	35
тогтоогч	35
дискэн	35
сиена	35
ханшны	35
зардалд	35
хэвлүүлэн	35
дэлгэрчээ	35
хариулжээ	35
амбагай	35
налархай	35
хэсгээсээ	35
өөрчлөгджээ	35
байгуулснаас	35
байцаагчаар	35
гэзэг	35
тогтоосноор	35
түшмэлээр	35
агсны	35
берия	35
хамгаалав	35
бусыг	35
экватор	35
давсархаг	35
теоремыг	35
болвол	35
суурилуулж	35
махатма	35
бэлгэдсэн	35
хувьцаагаа	35
шийдвэртэй	35
халдлагууд	35
задрахад	35
хөгжилт	35
эвэрлэг	35
хөлний	35
босгыг	35
израйль	35
соёлт	35
мөнхтөмөр	35
генуя	35
тунисын	35
самуэл	35
махбодь	35
хэлбэрээрээ	35
огтлол	35
тэлэлтийн	35
агшилт	35
зургаас	35
хамруулж	35
итгэмжлэл	35
өмөзо-ны	35
хэвлүүлэв	35
гутаан	35
зорилтууд	35
син	35
макартур	35
баримттай	35
давшилтаа	35
сөрөн	35
тушаав	35
зенитийн	35
баримтлалтай	35
унаснаар	35
илийн	35
хатсан	35
кхмерүүд	35
тамлан	35
суллаж	35
парламентыг	35
хөнөөжээ	35
давхарлан	35
тасалгааны	35
ухаанаа	35
нарантуяа	35
бөхтэй	35
анхааран	35
сургуулиудаас	35
горимыг	35
идэвхжүүлж	35
хүргэлтийн	35
бичсэний	35
авдар	35
хараатай	35
өс	35
зандан	35
өргөөний	35
дуудна	35
хувирмал	35
суурьшигчид	35
бари	35
намтрын	35
цэрэндулам	35
өгүүлэмж	35
либери	35
бэхжүүлэхийн	35
роботын	35
мён	35
буяннэмэхийн	35
чүлтэм	35
ахих	35
шагнах	35
франкогийн	35
засаглалд	35
тулалддаг	35
зэрэгцээд	35
тэгтэй	35
дорд	35
идэвхийлэн	35
үүндээ	35
жүгдэрдэмидийн	35
намнан	35
ээдрээ	35
бизе	35
либретто	35
зурам	35
агуйд	35
тулуйн	35
хүхэрт	35
сүрэглэн	35
зг-ын	35
элээ	35
алив	35
палеонтологи	35
хольцыг	35
изотопууд	35
туурвин	35
ботийг	35
ууртай	35
туршин	35
туршлагад	35
ингэснээрээ	35
тогтуун	35
түрэмгийлэгчид	35
жоан	35
хооллолт	35
холболтоор	35
принс	35
дургүйцсэн	35
кастрогийн	35
вестник	35
годунов	35
ангиасаа	35
нэрийдлээр	35
шингэж	35
тулахад	35
брэндийг	35
модун	35
хорхог	35
сөргөлдөөн	35
хөлдөх	35
очирваань	35
ядуусын	35
цөөрч	35
тиймдээ	35
татаар	35
чонон	35
дуудагддаг	35
талынхан	35
зайгаа	35
фа	35
завиар	35
цезарийн	35
тааруухан	35
генри	35
концентрацитай	35
гаруйн	35
сургуулиасаа	35
инээд	35
зөрчих	35
ядах	35
хүмүүжүүлсэн	35
норвегид	35
хөлбөмбөгт	35
хаагчийн	35
ургуулж	35
кен	35
ороомог	35
питтсбург	35
трамвай	35
ойгоо	35
сэргээв	35
гранат	35
арменичууд	35
доминго	35
алдаанаас	35
ражив	35
маргаж	35
төслүүдийн	35
ройс	35
нэхэмжлэл	35
дууныхаа	35
биг	35
осети	35
уфа	35
бернар	35
дугаараа	35
казахуудын	35
товчлуур	35
аварзэд	35
александровна	35
цагаачилжээ	35
зоримог	35
түгээдэг	35
замын-үүд	35
баянтүмэн	35
цогтцэций	35
мөнххаан	35
балдангийн	35
сувагтай	35
козловын	35
хэрэгсэлтэй	35
нийгэмлэгүүд	35
антен	35
марксизм-ленинизмийн	35
гольфчин	35
хайрцагт	35
мартагдашгүй	35
даралтанд	35
снз-ийн	35
өвлүүлэн	35
тэжээлт	35
шарлагын	35
сирийг	35
удэт-ын	35
батдорж	35
үнэрлэх	35
далавчтаны	35
шумуул	35
нарсны	35
найрамдалт	35
утгуудын	35
санхүүжүүлсэн	35
бүрчлэн	35
скаляр	35
одер	35
нээхэд	35
гимназийн	35
нагасаки	35
матрицын	35
больцманы	35
герцог	35
схемийг	35
нуун	35
крымд	35
харьковын	35
примаков	35
шөвгөрчээ	35
шинода	35
хүргүүлсэн	35
гари	35
хүрэхийг	35
вермонт	35
дардаг	35
хамбын	35
ойлголцол	35
пезешкиан	35
палестиныг	35
үйлдвэрээ	35
филиппинд	35
мубарак	35
хуурцаг	35
ханзе	35
зэрэглэлийг	35
уурхайчдын	35
тайлгын	35
плано	35
залгаас	35
халле	35
стоун	35
цэргийнхээ	35
чансааны	35
түүврийн	35
монреаль	35
марафоны	35
элгэнд	35
далантай	35
өрөг	35
либерийн	35
үзэгчийн	35
эвгүй	35
эммануэль	35
хэмнэлтэй	35
шалгарлаа	35
брестийн	35
мандела	35
оуэн	35
сорви	35
ло	35
мартахгүй	35
редакцид	35
аугуст	35
шийдлүүдийг	35
баривчлагджээ	35
клубуудын	35
шанкар	35
мадуро	35
эспаньол	35
өнгөц	35
тип	35
хумбольдт	35
цэвэрлэсэн	35
нэвтрүүлгүүд	35
түлхүүртэй	35
спектор	35
а-д	35
хендэл	35
вермонтын	35
экспедицийг	35
зигби	35
пежо	35
ариунбилэг	35
чатбот	35
хепаран	35
таносыг	35
халимагт	34
айлдсан	34
нурсан	34
эдлэлийг	34
бороотой	34
троллейбус	34
үзмэртэй	34
хавана	34
уулстай	34
өндөр-улаан	34
саяын	34
өөлдийн	34
зарлагыг	34
үйлдвэрлэлтийн	34
вандан	34
цэдэндамбын	34
онгийн	34
нансалмаа	34
даланзадгад	34
бүрэгхангай	34
өргөгдсөний	34
оху-тай	34
чогдон	34
урсаад	34
мусульманчууд	34
итгэгчид	34
зориулагдан	34
биелэгдэх	34
уламжлалаа	34
индианагийн	34
кельт	34
дулаарал	34
конвенцид	34
ажиглагдах	34
засварлагч	34
билгийг	34
хувирав	34
чармайлтыг	34
магтаж	34
галактоз	34
митохондри	34
мембраныг	34
эрүүний	34
мөнхжаргал	34
чойжамц	34
согоо	34
мана	34
гавьяатан	34
бадамлянхуа	34
дамчаа	34
даваажав	34
зүсэлт	34
хобби	34
демокрит	34
хэрэглэсний	34
геометрт	34
өгүүлбэрийг	34
хайдаг	34
зураглалыг	34
яахав	34
шувууг	34
цацах	34
бүтээгдэхүүнүүдийг	34
орлогоо	34
түүгээрээ	34
товчийг	34
багасна	34
хаагдаж	34
нийлүүлэлтийг	34
хуульчлан	34
зуут	34
шашингүй	34
мандсан	34
үндэслэлгүй	34
дээлийн	34
моголистан	34
махаар	34
гг	34
фридман	34
геодези	34
хороотой	34
хороодын	34
ёсон	34
коллегийн	34
кембриж	34
багшилжээ	34
дансанд	34
зогсдог	34
тэлжээ	34
под	34
батгэрэл	34
таалагдаагүй	34
хотжилт	34
унагав	34
махал	34
асуудлаа	34
хамгаас	34
шүүсийг	34
өрсөлдөөнтэй	34
хосолмол	34
шилла	34
тэдэн	34
халуурах	34
олсонгүй	34
уруулын	34
эрхтнүүдийн	34
болсныхоо	34
тэмцээнээ	34
тамирчдаас	34
лоренс	34
батноров	34
теологи	34
исгэх	34
эгейн	34
өрөөндөө	34
гайхан	34
тэсрэлтийн	34
см-ийн	34
хүндэтгэлийг	34
хуудсуудыг	34
хүртээмжийг	34
парфын	34
номнууд	34
өмнөдөд	34
бүслэв	34
дайралтанд	34
дампуурсан	34
ламжав	34
хүмүүжүүлж	34
бөхийг	34
хичээлдээ	34
ядарч	34
авахуулсан	34
тулгаж	34
эрүүдэн	34
нквд-ийн	34
зөвлөснөөр	34
махц-ийн	34
ариунболд	34
ууганбаяр	34
үетэн	34
комбинатын	34
чимээг	34
халаахад	34
асрах	34
мурад	34
интерфэйсийг	34
түлхэж	34
боловсруулагч	34
инээмсэглэл	34
агнаж	34
араншин	34
байгуулагдлаа	34
кайши	34
чойжилын	34
арвайн	34
вандуй	34
нишингэ	34
гадил	34
хүлэмж	34
эрсдэлээс	34
төмсний	34
явцаар	34
зүйлсээр	34
онож	34
тулалдсаны	34
бээлий	34
дутагдлаас	34
гэмтэх	34
мэдэхэд	34
чадахаа	34
заслыг	34
өгвөл	34
цохигдон	34
бичив	34
симфонио	34
дүлий	34
скала	34
өрнүүлэх	34
хлорын	34
малгайн	34
онгод	34
системээ	34
хадлангийн	34
чанх	34
малд	34
өгөдэй	34
бичээстэй	34
дарцаг	34
юрген	34
квт-ын	34
ариутгах	34
тааруулж	34
гагнуурын	34
шаталт	34
байвч	34
тойргууд	34
чадав	34
ажиллагсдын	34
зайгаар	34
гайана	34
дэгдээв	34
шүүхийг	34
руслан	34
магтуу	34
дэлхийтэй	34
өнгөрүүлж	34
санагдана	34
мань	34
хатгаж	34
мөхөх	34
хилсээр	34
амарбаясгалан	34
гэрэлсэн	34
там	34
төөрөгдөл	34
хасар	34
зүсэж	34
дублин	34
санагддаг	34
үйлчилнэ	34
байгуулага	34
хуульчийн	34
цадиг	34
ухуулах	34
мөхжээ	34
програмуудад	34
функцээр	34
нэмснээр	34
үйлдлээр	34
сүлдний	34
царьт	34
орлеаны	34
театруудын	34
тоска	34
татахад	34
талийгаач	34
стан	34
группийг	34
холбоосоор	34
сандаг	34
уулсыг	34
карьерын	34
зарлаад	34
алтанширээ	34
баруунбүрэн	34
соронзонболд	34
марксизм	34
үймээний	34
харвасан	34
тойн	34
ирландад	34
хлоридын	34
овоог	34
өнцгийг	34
буркина	34
белиз	34
мамлюкийн	34
босогч	34
хүмүүсээр	34
гардуулжээ	34
сүвийн	34
зүүдний	34
чинбат	34
векторын	34
доминиканы	34
дөхсөн	34
цэвэрлэгч	34
львовын	34
ярилцлагын	34
хөшүүн	34
явуулсаар	34
юникс	34
доллароор	34
комиссаруудын	34
звезда	34
егоров	34
санхүүч	34
салют	34
устгахыг	34
паоло	34
ертөнцтэй	34
тунхагт	34
сунь	34
өлзийхутаг	34
дэгджээ	34
едигей	34
хохирсон	34
судалгаагаа	34
белгород	34
шевченко	34
хара	34
ахиулан	34
харьяалуулжээ	34
тайм	34
хов	34
ягуар	34
даничууд	34
сайте	34
автомашинд	34
ипсвич	34
корпусыг	34
виржинийн	34
барьцаалсан	34
тэтгэдэг	34
хожин	34
хөшөөнд	34
федор	34
южин	34
лий	34
кун	34
агааржуулалт	34
хөлбөмбөгчний	34
шөвөгт	34
барилдан	34
уралдах	34
алтанцэцэг	34
хаалтыг	34
пүрэвгарьд	34
үйлдэв	34
дэлгэрмөрөн	34
царгас	34
сараево	34
хуульчдын	34
худалдагдсан	34
киргизстан	34
магнат	34
шиндлер	34
моно	34
жижиглэнгийн	34
панатинаикос	34
андройд	34
бордуу	34
хүрээт	34
нуруугүй	34
хкн-ын	34
шүүрлийн	34
урбан	34
тш	34
хьюстоны	34
фенербахче	34
соронз	34
элсүүлэхээр	34
цомогтоо	34
бристоль	34
бэйсболчин	34
эвертоны	34
ренн	34
хүчирхийллийг	34
хэмжигдэхүүний	34
зураглалын	34
оауск	34
идэвхжүүлсэн	34
козлов	34
элсүүлсэнээ	34
наука	34
хэмжээсийн	34
гоцолж	34
падерборн	34
ганцоож	34
дохиоллын	34
цонжин	34
айсэк	34
тавтай	33
пали	33
сагс	33
лхам	33
тарвагатайн	33
салхитай	33
үнэрт	33
хамжлага	33
халтмаагийн	33
гурвансайхан	33
доржпаламын	33
цэрмаа	33
сэргэлтийн	33
байгуулалтаар	33
хархираа	33
бөхөн	33
шу-ны	33
лхагважав	33
оройг	33
үйлдвэржилтийн	33
хуваарилан	33
сэтгэлгээтэй	33
яасан	33
бусдаар	33
далбаан	33
байгууламжтай	33
жуулчдыг	33
бну	33
нүб-аас	33
таамаглахад	33
бүрхэвчийн	33
үйлдвэржилт	33
эрэмбэлэгдэж	33
дагалдагч	33
үзлээ	33
адилтгаж	33
дуганыг	33
дэгдээсэн	33
хяруул	33
хөгжүүлжээ	33
норовсамбуу	33
орёл	33
цэрэндондов	33
үйлдэн	33
заамар	33
түрүүн	33
ашиглаагүй	33
махн-д	33
коперник	33
галилей	33
хүчилтөрөгчтэй	33
элементүүдээс	33
зэрэгцээгээр	33
дугуйт	33
стандартуудыг	33
тюрингийн	33
шүүмжлэлт	33
сэдэж	33
сангаар	33
гаргууд	33
зохиолчийг	33
дэгдээж	33
нуугдсан	33
худалдаалагдаж	33
өнгөрнө	33
оногдох	33
амаас	33
илтгэн	33
заншсан	33
байрлуулан	33
хармөрөн	33
агваан	33
зурганд	33
зүрчид	33
үндэстэнд	33
дүүгээ	33
байцаан	33
тайлагнадаг	33
хэлэлцүүлэгт	33
төвүүдэд	33
хувьчлал	33
литв	33
тотгор	33
талуудад	33
ёсонд	33
зарга	33
барилд	33
яамтай	33
дүйцэхүйц	33
тэжээлээр	33
мумбай	33
архитектурт	33
биенийхээ	33
дороти	33
харьцаатайгаар	33
авиан	33
санан	33
итгэсэн	33
вирусийг	33
давхиж	33
бамбар	33
дүүрэгтэй	33
эмил	33
үнэнчээр	33
гидроксил	33
номоороо	33
мубис	33
хүндэтгэсэн	33
неро	33
зэдун	33
бнасау-д	33
цөцгийн	33
хэлэлцээг	33
карбонатын	33
гүвдрүү	33
хөшүүрэг	33
бахрейны	33
сэхээтнүүдийн	33
тулгасан	33
үгүйсгэсэн	33
оруулсны	33
сэжигтэй	33
үйлдвэрлэгддэг	33
туулайн	33
тэнхимүүд	33
хэвлэлээр	33
залруулах	33
хөвөнгийн	33
уяж	33
бүүвэй	33
тархана	33
кварц	33
байгуулалттайгаар	33
хамааралгүйгээр	33
усжуулалтын	33
цөцгий	33
түлхэгч	33
ташуур	33
хэрэгцээнээс	33
эрсдэлд	33
зарчимтай	33
оймс	33
хессений	33
чөлөөлөхөд	33
авсангүй	33
зохиолоороо	33
туурвих	33
сэтгэмж	33
хэнгэрэг	33
оттава	33
дэлгэрийн	33
уялдан	33
мэрэгчид	33
оргилын	33
давшилтад	33
лавтай	33
зочилдог	33
кластер	33
нанзад	33
биендээ	33
хүчилд	33
нацаг	33
о-поп	33
өрсөлдөөнт	33
сенегалийн	33
алхан	33
фтор	33
саадыг	33
бүртгэгдэж	33
авалгүй	33
атомыг	33
фотосинтезийн	33
нэгдэхийг	33
титмийн	33
петербургт	33
полтава	33
орчуулгаар	33
неон	33
юмгүй	33
эгшиглэн	33
ховдыг	33
интоорын	33
лютеран	33
сартр	33
мөрөөдлөө	33
дж	33
барахаасаа	33
жаргалыг	33
крымийн	33
санасан	33
нөхцөлөөс	33
урлаач	33
бүсгүйг	33
светлана	33
дөч	33
рубрук	33
үргэлжлүүлэхээр	33
медина	33
зэвэрдэггүй	33
мастерын	33
чиглүүлсэн	33
милтон	33
гүйцэтгэхээр	33
эдуардо	33
дархны	33
баатрыг	33
жилүүдийг	33
аббас	33
тэрэгтэй	33
үсрэлт	33
таамаглан	33
хавраас	33
унагаах	33
натан	33
төгсгөлийг	33
коул	33
татав	33
габриэль	33
бичихгүй	33
харандаа	33
дайтсан	33
чиглэлээс	33
төлвийг	33
амьдрахаар	33
дурсамжийн	33
элсэгчдийн	33
эрдэнэхайрхан	33
арбулаг	33
үржиж	33
хөхийн	33
генрих	33
хуримтлагдах	33
оролцуулдаг	33
тэргүүнүүд	33
тобаго	33
интернетээр	33
усалгааг	33
татарстан	33
хүндлэн	33
жоншны	33
далавчтан	33
фондод	33
боловсруулна	33
шаравдорж	33
рийн	33
люси	33
ассирийн	33
чингэхдээ	33
гялгар	33
хөрөө	33
өрөөсгөл	33
навчийг	33
армиудын	33
гэлэн	33
электронуудыг	33
нэрлэхэд	33
жолоодлого	33
энгельс	33
эхээ	33
процессуудын	33
моноклин	33
жуулчдад	33
сэлгээний	33
орос-туркийн	33
принтер	33
битүүд	33
суухыг	33
амстердамын	33
хэрэгслүүдийн	33
байгууламжаас	33
батлагдсанаар	33
ротын	33
блюхер	33
уоллес	33
бэхийн	33
хонгирадын	33
африкын	33
кинондоо	33
нотлон	33
оргилдоо	33
ко	33
хүүхнүүд	33
сонирхлоо	33
харбин	33
кот	33
хишигтэн	33
оспан	33
алтайд	33
захирамж	33
үжин	33
эвлэрүүлэн	33
ахиулж	33
святослав	33
элсээд	33
оролдов	33
тойруулга	33
блэйк	33
үүргүүдийг	33
ректороор	33
одов	33
талас	33
аскар	33
сонсогддог	33
абэ	33
волга	33
хэлэлцээнд	33
грозный	33
пермь	33
дипломтой	33
турбины	33
нийтлэлүүдийг	33
полимерийн	33
жамьянгийн	33
шорооны	33
гутлаа	33
цао	33
симпсон	33
уцс-ын	33
олонхийн	33
валенса	33
чавес	33
романов	33
фабио	33
багуудтай	33
дуудагдан	33
өрсөлдлөө	33
өмгөөлөгчөөр	33
багцад	33
ядарсан	33
лейборист	33
хардинг	33
газардав	33
холбогдлын	33
мануэл	33
троцкийн	33
форматаар	33
хавдартай	33
адай	33
илэрхийллийг	33
лига	33
буучаар	33
доголдол	33
шахтёр	33
м-си	33
сэлгээнд	33
журнал	33
зөвлөмжийг	33
дэлгэцийг	33
шахна	33
симуляц	33
хуухай	33
нууцлагдсан	33
хуваарилагдаж	33
дуусахаар	33
баклэнд	33
шинжилдэг	33
веданта	33
аргумент	33
тэмбүүнцэр	33
шингээлт	33
танилтын	33
опелийн	33
элсүүлдэг	33
шанкарагийн	33
сторон	33
мутартаа	33
өвөлтэй	32
алиалагч	32
өснө	32
унана	32
гүзээлзгэнэ	32
дэлгэрүүлэхэд	32
орлогоор	32
шажинбат	32
мазаалай	32
баянлиг	32
холбоочин	32
тэвш	32
гөлтгөнө	32
эхлүүлэхээр	32
гэрчлэх	32
гурилын	32
шовгор	32
гарнизоны	32
вальс	32
сумхүү	32
аркан	32
авчран	32
байрлуулна	32
валуа	32
хэмжээгүй	32
дургүйцэж	32
сурлага	32
нүхийг	32
гэрэлтэй	32
зүлэг	32
хурж	32
микроскопоор	32
зохицуулалттай	32
талхны	32
тугал	32
дэмждэггүй	32
анхааруулга	32
махн-аас	32
намбарын	32
нийлэгжүүлэх	32
хирс	32
оюунцэцэг	32
энхбаярын	32
чадамж	32
хяр	32
түгж	32
дээгүүрт	32
гаригийг	32
ирмэгт	32
зорчигчдын	32
даваад	32
шийдэгдээгүй	32
тэмдэглэлүүд	32
харвадаг	32
итгэмээргүй	32
алсад	32
шалтгаалаад	32
байдагт	32
зуршил	32
элсэхийг	32
хуваарилж	32
тусгадаг	32
категори	32
зээлээ	32
зайлсхийдэг	32
бүлгээр	32
хэлц	32
ага	32
хамниган	32
элон	32
эйлер	32
үзэг	32
зөвлөхийн	32
хавь	32
цэвэгжав	32
эрэлттэй	32
ялгахад	32
анандын	32
одож	32
васильев	32
шалгахад	32
догсомын	32
хошуудаас	32
хичээх	32
өрнөдөд	32
үгчилбэл	32
суурьшил	32
амжилтаас	32
цэвэрхэн	32
конгрессийн	32
үзэгдэж	32
дурсаж	32
дарсыг	32
үүсгэгддэг	32
нидерландад	32
оёдол	32
хэмээгддэг	32
дэмжээгүй	32
зидан	32
ордуудын	32
мийнхэн	32
тэнхээ	32
месопотами	32
леопольдинагийн	32
клиник	32
туршсан	32
хөлсөлж	32
анатоли	32
радиустай	32
таталцал	32
вояжер	32
мананцар	32
момент	32
эдний	32
наса-гийн	32
нөхөрлөж	32
агуулгад	32
администратор	32
шударгаар	32
шилжүүлэхээр	32
үгэн	32
зөвлөхүүдийн	32
түвшинбаяр	32
пномпень	32
хүмүүсээ	32
ринчин	32
чэнь	32
марти	32
ашиглаад	32
түрүүлснээр	32
холтос	32
цогтын	32
галбадрах	32
жагсаан	32
ёндонгийн	32
гулгалт	32
тэтгэлгээр	32
зсбн	32
шийдвэрүүд	32
смарт	32
эхлэлийн	32
ашиглахгүй	32
уялдуулах	32
цээжин	32
хашир	32
ноосны	32
олс	32
дайлж	32
мэргэ	32
буйн	32
ажиллагаанууд	32
асуудлуудад	32
дугариг	32
хулгайлж	32
нөхдийнхөө	32
хамаарлын	32
олноос	32
орчуулагдан	32
захиалж	32
андерс	32
хэвшил	32
алдалт	32
давсыг	32
навчаа	32
буудуулан	32
гучаад	32
үеийнх	32
лист	32
бичсэнээс	32
захируулсан	32
ландшафт	32
бүсүүдэд	32
оготно	32
хөтөлбөрүүдийн	32
ринбүчи	32
ажилчинтай	32
өвөлжөө	32
дэгдэмхий	32
театраас	32
самууныг	32
ароматик	32
харшил	32
хүндэлж	32
ерийн	32
фокус	32
афган	32
дагуулал	32
дайнтай	32
элементүүдтэй	32
кэбэк	32
италийг	32
нийцэхгүй	32
төлөөлөлтэй	32
эдлэнд	32
тасагт	32
диваажин	32
бутарсан	32
солигддог	32
гуйх	32
сүнстэй	32
тохиолдлоор	32
жүжгээс	32
эцгийнх	32
жүжгээ	32
дүрвэгч	32
аннагийн	32
ванлиг	32
даваан	32
ростовын	32
амсар	32
хүслээ	32
менделеев	32
давхраа	32
ажиллуулахад	32
өгөгдлүүдийг	32
бүрхүүлийг	32
бархасбадийн	32
изабелла	32
жиованни	32
форматыг	32
үүсгээд	32
заналхийлэл	32
пер	32
грегори	32
үргэлжлүүлэв	32
заржээ	32
хөөжээ	32
мэргидийн	32
гүрвэлүүд	32
хаягт	32
гулгах	32
уулздаг	32
чадамжтай	32
бакугийн	32
цасанд	32
эхнэртэй	32
род	32
тарган	32
дадлагажигч	32
борлогджээ	32
люкс	32
рэймонд	32
одох	32
дугаарлалт	32
бн	32
бордооны	32
халааг	32
олдоод	32
ланкын	32
сонинууд	32
лопес	32
жобс	32
өшөөг	32
тобольск	32
шанага	32
английг	32
өрхийг	32
зостын	32
загийн	32
мөнхболд	32
хатанбулаг	32
баяндалай	32
шижир	32
шинэбаяр	32
балдорж	32
баганыг	32
мэргэжилтний	32
бнсу-д	32
нович	32
зайлуулсан	32
будапештын	32
спираль	32
хөрвүүлэлт	32
бүрхэж	32
хольцын	32
мехикогийн	32
дамжина	32
бөөний	32
сөнөд	32
мөхлийн	32
палау	32
самоа	32
евфрат	32
үйлдвэрлэлтийг	32
гегель	32
бэрс	32
гарри	32
фрунзе	32
бодоогоос	32
чагдаржаваас	32
урваж	32
нүүдэллэдэг	32
гажуудал	32
холилдож	32
өгөгдөлийг	32
гатлах	32
бригадууд	32
онцолдог	32
бисмарк	32
удирдлагат	32
суулгахад	32
нева	32
зүүнш	32
дарьгангын	32
сюзан	32
сэтгүүлчээр	32
хүүхдүүддээ	32
романд	32
гуурсан	32
монсудар	32
тасрах	32
ажиллахаас	32
тохиролцон	32
кафе	32
өдөөх	32
тулаанаа	32
вильсон	32
тосоор	32
сиамын	32
үйлчлэлтэй	32
хатнаа	32
томорсон	32
жолоо	32
тавьснаар	32
санчес	32
олимпиадаас	32
даамын	32
петро	32
плэй-оффт	32
шарон	32
романс	32
гуравхан	32
апп	32
фрийдрих	32
тооцоолоход	32
коллаген	32
республики	32
өгөгдлүүд	32
хөгжмөө	32
өгүүлрүүн	32
тагнах	32
нант	32
федерико	32
булцуу	32
алекса	32
бетти	32
роббен	32
дэниел	32
беверли	32
вольтер	32
анголын	32
зодоон	32
каролинагийн	32
чацарганын	32
морьдоо	32
хулс	32
берген	32
викторович	32
линдон	32
нитх-ын	32
бодолгүй	32
түймрийн	32
урадын	32
нью-хэмпшир	32
чимэглэлийг	32
сэнс	32
мкларен	32
баталгаат	32
жор	32
леви	32
монреал	32
микки	32
болгараар	32
мотоциклийн	32
шигшээг	32
чейн	32
бүтээхээр	32
робертсон	32
гилберт	32
монголжин	32
софиа	32
нимбэгийн	32
баск	32
метроном	32
поп-рок	32
фолк	32
тугтөмөр	32
борлуулагч	32
хөмрөгийнхөн	32
намнаахайнхан	32
тулгаралт	32
бродский	32
мөнхжин	32
мөөгний	32
стандард	32
ханноверийн	32
гидрофоб	32
параметрүүдийг	32
протоколуудыг	32
нико	32
мекленбург-өрнө	32
сургагдсан	32
конференции	32
жанрайсаг	32
рави	32
угж	32
метаболизмд	32
жэн	32
мүонрт-ийн	32
стек	32
функцын	32
аскона	32
винил	32
холестерины	32
глутамат	32
шанкара	32
юмсанжээ	31
суурьшмал	31
тарнийн	31
зовлонгоос	31
дээдийн	31
үдсэн	31
мөндөр	31
жуулчны	31
тэрхийн	31
байдраг	31
вансэмбэрүү	31
бирваа	31
мен	31
сэхээтний	31
буудайн	31
пунсалмаагийн	31
хуудаснаа	31
хамрагдан	31
тарвагатай	31
амьтнаас	31
жанцан	31
сундуй	31
дурдан	31
мэндбаяр	31
өргөрөгийн	31
олонтоо	31
хайлсан	31
хадран	31
хэлэгддэг	31
хэрэглүүр	31
язгуурт	31
асуултуудыг	31
захируулан	31
андорра	31
газардаж	31
атмосферийн	31
индукцийн	31
үндэслэдэг	31
огторгуйг	31
амарбаясгалант	31
телевизийг	31
цагаатгах	31
томъёотой	31
пептидийн	31
тэртээх	31
огтлох	31
зүүнбаян-улаан	31
сийлбэрч	31
жанчивын	31
барам	31
хичээнгүйлэн	31
хүрээлж	31
бударгана	31
хандлагад	31
дээдэлсэн	31
салбаруудтай	31
бүхлээрээ	31
ангиллууд	31
дархлааг	31
нааштай	31
бүтээхийн	31
шийдвэрлэнэ	31
хакер	31
камерын	31
биеэрээ	31
биелүүлдэг	31
хангамжууд	31
агуулдаггүй	31
адилтгах	31
хэчнээн	31
солилцдог	31
хамааруулдаг	31
алдагдалтай	31
ухамсартай	31
хөлөнбуйрын	31
аялгуутай	31
доржиев	31
буриадад	31
ахуйтай	31
хуураар	31
ямартай	31
бутарч	31
халхууд	31
ринчино	31
мэдүүлж	31
мандаттай	31
төмөрбаатарын	31
дүрмүүд	31
туйлаас	31
мичиганы	31
тооцоонд	31
багшийнхаа	31
өрнүүлсэн	31
зурвасаар	31
хуссейн	31
хонхорт	31
савыг	31
тайбэй	31
эрчүүдийг	31
захидлууд	31
алхмаар	31
улаанаар	31
оршсоор	31
гандийн	31
бушийн	31
дик	31
багдадыг	31
колланэ	31
хэлд	31
полинезийн	31
хүчлүүдийг	31
өгэдэйн	31
довтолгооныг	31
түшмэдийн	31
тариаг	31
тушааж	31
удамших	31
нью-йоркын	31
агааргүй	31
жолоодох	31
тов	31
төвдөө	31
цувааны	31
оёдолчин	31
оюутанд	31
нөлөөлөхгүй	31
агуулгаар	31
окинава	31
дайтах	31
тат	31
бүслэх	31
тусдаг	31
манайхан	31
лицензийг	31
бөмбөгдөлтөд	31
тариан	31
намтрыг	31
уламжлалаар	31
илтгэлийг	31
тасалсан	31
доороо	31
эрмитаж	31
дагагч	31
жижгэвтэр	31
ургахад	31
амбаны	31
савдаг	31
дэвшүүлэв	31
байдалдаа	31
илчлэг	31
серверээс	31
бичилт	31
унаа	31
нөмөр	31
уянгалаг	31
бад	31
дэлгэцэн	31
багуудаас	31
кальцит	31
хийнүүд	31
уртасгах	31
аргентинд	31
лувсанцэрэн	31
колоничлогчид	31
ноёрхсон	31
хүндэд	31
удааширч	31
билэгийн	31
гербицид	31
урамшууллын	31
сталинград	31
бүслэлтэд	31
тулалдаанаас	31
ихэсгэдэг	31
аммиакийн	31
этгээдүүд	31
яамдын	31
үүдийн	31
магсарын	31
мөрөөдөж	31
удирдаачийн	31
вроцлавын	31
опера	31
найрагт	31
итгэмжит	31
чулуулгийг	31
дондогийн	31
тоодог	31
ихрийн	31
нүүрэнд	31
нарангэрэл	31
тусгалтай	31
завханы	31
хоногоос	31
мужуудаас	31
програмуудын	31
смитийн	31
харшлын	31
тааламжгүй	31
сал	31
айсан	31
готфрид	31
торны	31
эрдсүүдийн	31
эрдсүүдтэй	31
мөргөлдөх	31
амударья	31
тунхаглажээ	31
орхив	31
регбигийн	31
хандуулан	31
багтаамжийг	31
льеж	31
томми	31
вестминстерийн	31
францтай	31
кавказад	31
бүтээхдээ	31
хоногоор	31
хуваарилалтыг	31
бүтээснээр	31
зохимжтой	31
захтай	31
байдалтайгаар	31
жас	31
смоленскийн	31
вангаас	31
тахилгатай	31
материалтай	31
манн	31
набоков	31
аясыг	31
товчид	31
гийгүүлэгчээр	31
геодезийн	31
өвчилж	31
мадонна	31
архитектурыг	31
эргэлзээгүй	31
оргосон	31
нийлэхгүй	31
хуулбарласан	31
буруушаасан	31
дээжис	31
рональдо	31
тоотойгоор	31
тонон	31
бутран	31
октябрын	31
нильс	31
зээлсэн	31
кодоо	31
параметрийн	31
тулан	31
алиев	31
өдөөгдсөн	31
офицерийн	31
ширээнээсээ	31
индонези	31
дре	31
продюсероор	31
илбэчин	31
саатуулж	31
тээврийг	31
дээгүүрх	31
колумбиа	31
хамтлагуудын	31
сервэр	31
мс	31
цонхтой	31
алтансүх	31
сүхээ	31
үйлстэн	31
харуулахыг	31
ажилласнаар	31
эрхэмлэх	31
сургалтуудыг	31
хишиг-өндөр	31
нарийнтээл	31
сүрэн	31
сүүлчийнх	31
төвөдүүд	31
шаардлагаас	31
яаравчлан	31
сартайдаа	31
прокариот	31
дуганд	31
глен	31
авирч	31
агентлагаас	31
олов	31
сулруулсан	31
лувсанжамцын	31
цолын	31
зэрэглээ	31
амьдарлын	31
ороо	31
мэдэгдэнэ	31
тэмцээнүүдийг	31
автоматжуулалтын	31
өвчтөнийг	31
саван	31
бөхчүүдийг	31
тобагогийн	31
унгерний	31
баралтын	31
нейрон	31
бялуу	31
тесла	31
цилиндрийн	31
амадей	31
аспирантур	31
дауны	31
мексикчүүд	31
будаж	31
дм	31
тусгайлсан	31
гудериан	31
үйлдвэрүүдийг	31
павлодар	31
тооцоолжээ	31
дараагын	31
түгээгүүр	31
хурцадсан	31
юрийн	31
зсбнхоу	31
орос-украины	31
давшин	31
хаадыг	31
бэхийг	31
мөчлөгт	31
захиалан	31
его	31
хайрла	31
мүзей	31
мандуулсан	31
нийгэмлэгүүдийн	31
тоолбол	31
аялалаа	31
тавигдав	31
титмийг	31
прогрессив	31
тариатын	31
дамжаа	31
зүүнхараа	31
сүбэдэй	31
жалал	31
үрс	31
буланг	31
карен	31
манхэттен	31
чичиргээ	31
тоглогчийг	31
стамбулын	31
театрууд	31
тээвэрлэхэд	31
зүтгүүрийн	31
мажар	31
черчиллийн	31
урианхайг	31
програмаар	31
давхрын	31
талархаж	31
опцион	31
ад-дины	31
нямбаяр	31
архитекторч	31
сааралдуу	31
май	31
цэнгээний	31
сү	31
дайрчээ	31
честер	31
оливын	31
тодруулдаг	31
эскадрилийн	31
сербүүд	31
хайфагийн	31
самбарын	31
эхо	31
неру	31
өгөөч	31
цэнгэлдэхийн	31
каунасын	31
мстислав	31
тооцоололд	31
фостер	31
сэмюэл	31
хөсөг	31
мосфильм	31
зөвлөлт-монголын	31
хөмсөг	31
луйвар	31
френцис	31
хүртсэнээс	31
хэрэгжилтийн	31
тулаанч	31
шэн	31
цахимаар	31
галлерей	31
бөмбөгдөв	31
миннеаполис	31
шилийг	31
бүслэлтээс	31
оросод	31
петроградын	31
синхрон	31
бэрри	31
баяжуулан	31
зарлал	31
нэршлийн	31
гүйцдэг	31
жарууд	31
цэврүү	31
буцалгах	31
уилл	31
тоёота	31
бэкхён	31
серж	31
субстрат	31
гараалжээ	31
зуутын	31
пакетийг	31
гэрээлж	31
дарангуйлдаг	31
гидрологийн	31
дармштадт	31
вопросы	31
сургахад	31
кампусын	31
райс-оксли	31
рутер	31
дааврын	31
китайской	31
соглашения	31
сэвэгзарам	31
област	31
аланин	31
коста-рикийн	31
пэйнтбол	31
суманчулуун	31
батням	31
мессежийн	31
лейкотриений	31
сайтаас	30
зовох	30
өргөрөгт	30
зунтай	30
нарлаг	30
урлагтай	30
энхбатын	30
мягмарын	30
цагаанчулуут	30
телефоны	30
адаацаг	30
ромбо	30
чимэдвандан	30
түргэний	30
зүүнхангай	30
хар-ус	30
дарьсүрэн	30
горхины	30
хавсарга	30
өнгөрүүлдэг	30
британитай	30
хоцорчээ	30
бурбон	30
сөрж	30
манлайлж	30
лесли	30
станцаас	30
хадгалагч	30
орсоноор	30
сэтгэлдээ	30
түрэмгийлэгчдийн	30
нээснээр	30
портер	30
илэрхийлэв	30
цутгалан	30
орги	30
зэвэгийн	30
саальчин	30
цэрэннадмид	30
одончимэг	30
баянцогт	30
угтаалцайдам	30
үржүүлдэг	30
шинэ-идэр	30
намаа	30
эзлэдэг	30
хэмжээстэй	30
хүчилтөрөгчийг	30
бодгаль	30
дарвины	30
математикчид	30
төрүүлнэ	30
тоололд	30
эхээсээ	30
дүрсүүд	30
учираас	30
залууст	30
хэдийд	30
ерөөс	30
бренд	30
ихэвчилэн	30
жанрын	30
зөгнөл	30
хошигнол	30
үнэлэмж	30
үнэлгээнд	30
медичи	30
ангиар	30
зээлж	30
алдагдлын	30
одоогийнхоор	30
шинэчлэлтийн	30
маалинга	30
хольцтой	30
товгор	30
тахих	30
шашнаас	30
угсаатнууд	30
эзлэгдэн	30
алмааз	30
хэрэглэгдсээр	30
түрэлт	30
оросуудтай	30
герд	30
смирнов	30
эрхийнхээ	30
партизанууд	30
туслалцаатайгаар	30
байгуулахаас	30
олгохын	30
завод	30
өлөн	30
днб-ийн	30
залгахад	30
тааралдсан	30
шийтгэж	30
харанхуйд	30
барив	30
нэрвэгдэж	30
индира	30
алдаанууд	30
марийн	30
өдий	30
түрлэг	30
хаанчилж	30
амилсан	30
хомсдолын	30
админы	30
туслахыг	30
уяхан	30
хурдлах	30
тууш	30
оролдлогын	30
өмсгөлийг	30
тайлаад	30
хожиход	30
завшаан	30
тео	30
чигийг	30
урус	30
түгжигдсэн	30
крит	30
гаргасныг	30
олгон	30
сониуч	30
арифметикийн	30
нээгч	30
теологич	30
проекц	30
компьютерээс	30
авсаар	30
тойроод	30
цэгүүдэд	30
мөнхсайхан	30
хэрэглэгдсэн	30
эргэлзээ	30
оруулсаар	30
эхлүүлээд	30
тохиов	30
бөмбөгдөлт	30
үргэлжлүүлжээ	30
бэхлэлтийн	30
түгшүүр	30
тайваньд	30
ялна	30
бөмбөгдөх	30
гибрид	30
ахуйгаа	30
дайралтаас	30
гашуудлын	30
үзүүлсээр	30
шаравтар	30
цэдэн-иш	30
хучиж	30
хай	30
тэлмэн	30
халиуны	30
улбаалж	30
ельциний	30
чадлаар	30
өрсөлдөн	30
месопотамийн	30
эдэлдэг	30
чуулганаас	30
тохируулагдсан	30
хэлбэрүүдийг	30
нийцэл	30
нэхэх	30
хөөс	30
орчлонд	30
эгшгээр	30
болзлыг	30
давтагддаг	30
дуусмагц	30
тэжээлтэн	30
чөлөөгөө	30
ну	30
үйлдвэрлэлээр	30
сортын	30
орчиндоо	30
эхийгээ	30
онолоо	30
сулруулж	30
нэгтгэсний	30
британийг	30
германчуудыг	30
нэвтрүүлгээр	30
сорох	30
ялгаруулан	30
хаван	30
амнаас	30
хүндэрсэн	30
хальсыг	30
хессен	30
хядсан	30
дампил	30
түвдэнгийн	30
сонат	30
лоренц	30
экспортлогч	30
гётегийн	30
харамсаж	30
үнэлжээ	30
сайдууд	30
нэгэндээ	30
төвлөрөх	30
хэмт	30
харанхуйн	30
бөхчүүдэд	30
гүүрээр	30
балл	30
гэлэг	30
гадаргад	30
уртаараа	30
жинст	30
өдгөөг	30
махлаг	30
урлаж	30
шагайг	30
хятан	30
хиртэлт	30
сугас	30
хэмжээсийг	30
тосноос	30
тостой	30
тэтгэх	30
нэрэх	30
хөтлөгдөн	30
бартольд	30
өрнөн	30
ноорог	30
гүйцэтгэв	30
асуултанд	30
рационал	30
германи	30
илрүүлэв	30
персээр	30
хазара	30
аргуны	30
науру	30
престон	30
даралтаар	30
ланс	30
хашдаг	30
руанда	30
хумбольдтын	30
юмсан	30
толилуулж	30
эвлэлд	30
найруулгаар	30
бөхчүүдээс	30
хялбараар	30
гуниг	30
вангуудын	30
зотон	30
ширээгээ	30
дарангуйллыг	30
товшуур	30
эзнээ	30
дэргэдээ	30
туршуул	30
тэвчиж	30
гайхамшгийн	30
дали	30
тандан	30
валентын	30
хэрэглэгчээс	30
си-системийн	30
са	30
олохоор	30
нүүртэй	30
гийом	30
ричмонд	30
бичлэгээ	30
нийтлэлдээ	30
роллинг	30
боломжтойгоор	30
гарлыг	30
гонзгой	30
хандахад	30
үүсвэртэй	30
оролджээ	30
хамаардаггүй	30
үзүүлээгүй	30
самууны	30
дуслууд	30
холболттой	30
шалтгаанууд	30
софийн	30
нөөцөө	30
юан	30
баренцын	30
авчирна	30
бэхжүүлэн	30
зиндааны	30
уэмбли	30
тайсон	30
рэппэр	30
тамара	30
абдулла	30
хавирган	30
хугацаатайгаар	30
нууцалж	30
зугтжээ	30
батула	30
илэрц	30
залгамжлал	30
андреевна	30
атаархал	30
гайхам	30
түвэгтэй	30
хэвлэхэд	30
баяндун	30
захиралтай	30
буцаана	30
кэн	30
мультимедиа	30
ех	30
гольфын	30
зогсов	30
хромосомууд	30
ферментүүдийн	30
цагаачлах	30
тавцангийн	30
эмхэтгэн	30
аялдаг	30
төлөвлөлтийг	30
наташа	30
гаваа	30
тогтохын	30
цэвэгмид	30
уртаас	30
гүйдэг	30
кастилийн	30
ямайка	30
фордын	30
мохамед	30
никелийн	30
ча	30
эвлэлдэн	30
цэцэрлэгийг	30
монгол-японы	30
аппаратад	30
эдүүд	30
амтыг	30
наалдамхай	30
амьтдаар	30
шатарчдын	30
шалгуурын	30
амьдруулах	30
өвдсөн	30
уулчид	30
эрсийн	30
бонапартын	30
керр	30
бэхлэх	30
хичээллэсэн	30
байлдахад	30
сэлбэг	30
катион	30
атомуудыг	30
ионуудыг	30
боломжыг	30
зууханд	30
сэжиглэж	30
танкны	30
харжээ	30
мөргөн	30
обь	30
тх	30
сунгаанд	30
болсонгүй	30
женни	30
блэк	30
рүүзвельт	30
триполи	30
милош	30
египтийн	30
төсөөллийн	30
манба	30
тунгалгийн	30
хелен	30
туурай	30
табриз	30
статусаа	30
сулейман	30
кир	30
нетаньяху	30
анжей	30
запорожье	30
давалгааны	30
ден	30
румынд	30
наваррын	30
маврики	30
карпини	30
хэлээс	30
мортон	30
архангельск	30
утрехт	30
шоколадны	30
байршуулдаг	30
факультетад	30
дуулснаар	30
ставрополийн	30
баралт	30
босничууд	30
илэрхийллийн	30
түрэлтийн	30
ра	30
ликуд	30
баатарлагаар	30
сэтгэлт	30
холливудад	30
ангкор	30
тарту	30
буддистуудын	30
таргалалт	30
улирлаа	30
уиллис	30
белградын	30
маттиас	30
аркадий	30
бүжиглэх	30
толбот	30
эвдэгдээгүй	30
тайху	30
боди	30
дурал	30
бариул	30
шөнөөр	30
баавгайнхан	30
авагдсан	30
догол	30
үүдний	30
алхааны	30
фүкүока	30
инчийн	30
цехийн	30
тоглолтоороо	30
унаач	30
марвел	30
хуниорс	30
улиралыг	30
грам	30
пуужингаар	30
данкан	30
миномёт	30
мөөгөнцрийн	30
антонов	30
бундестагийн	30
хорхе	30
эмгэгүүд	30
портыг	30
гишүүнтийн	30
тайлал	30
греммийн	30
тайлер	30
штерн	30
хамтлагаасаа	30
коллежуудын	30
сидни	30
хандалттай	30
потсдам	30
исэлдсэн	30
борлуулагдаж	30
борнмут	30
тулгарах	30
уотфорд	30
сэтгүүлүүдийн	30
михаэлийн	30
чаны	30
тэсрэгч	30
логистик	30
консорциум	30
зундарь	30
третьяковын	30
дахилт	30
оролтыг	30
пакетийн	30
гумус	30
маны	30
батерей	30
отрядыг	30
золжаргал	30
диатом	30
внешней	30
гэрчилгээний	30
буурцагтан	30
трекчин	30
тирозин	30
рюсселсхайм	30
цэнэглэгч	30
поливинил	30
нэтфлов	30
үзүүлэхийн	29
анхилуун	29
инчон	29
сарьдаг	29
заяын	29
дэмид	29
орог	29
баацагаан	29
адуун	29
цагаандэлгэр	29
шийдэгдсэн	29
холбогдоход	29
аймгуудтай	29
элстэй	29
зүйлүүдээс	29
элдэв-очир	29
тавантолгойн	29
парад	29
пүрэвжавын	29
равдангийн	29
давхаргатай	29
хавцлын	29
хөлдөж	29
эвэрт	29
хэлээгүй	29
ойлгомжгүй	29
боолчлолын	29
лаа	29
хуваасны	29
төгсгөсөн	29
оролцсоор	29
тулуз	29
хэмжсэн	29
олгоход	29
тэмдэгүүд	29
тольд	29
чиглүүлэн	29
эзнээр	29
эеэр	29
умарт	29
очихдоо	29
циклийн	29
багасгахын	29
гучин-ус	29
хээрт	29
хархорины	29
дашцэрэн	29
дуламсүрэн	29
хэнээс	29
гэгдэнэ	29
эрдэнэцагаан	29
чадавх	29
холбогдуулж	29
васко	29
судлагдахуун	29
атомаас	29
үеийнхэнд	29
барилгач	29
фермагийн	29
компьютерээр	29
аппаратыг	29
ойлгохгүй	29
өгсөнөөр	29
хувилбараа	29
тулах	29
цонхоор	29
хандалтат	29
материалуудын	29
харьцангуйгаар	29
гаргалт	29
илүүг	29
харуулахын	29
оролцоход	29
үүргээр	29
алтанхуягийн	29
хэнань	29
зохиолуудад	29
доломит	29
саяны	29
агын	29
шарнууд	29
гогцоо	29
найруулгыг	29
цөлж	29
нийлүүлэгчид	29
хэлэлцжээ	29
шийтгүүлсэн	29
харилцаанаас	29
атрын	29
санаархаж	29
акбар	29
хагарлын	29
давсжилт	29
тариаланг	29
зээлтэй	29
бүлгэмд	29
хэллэгээр	29
урван	29
оролдлогууд	29
край	29
операторууд	29
хядагч	29
энержи	29
ресурс	29
цэвэлмаа	29
абел	29
хангууд	29
тайлбарт	29
гэрэлтэлт	29
тойрдог	29
бүрэлдэхүүндээ	29
эйнштейний	29
нэгтгэгдсэн	29
эссе	29
докторант	29
экспортлох	29
машинуудыг	29
уралддаг	29
ирсэний	29
татгалзан	29
оюутныг	29
боолуудыг	29
колончлолын	29
сок	29
төлөвшсөн	29
буугаад	29
хэмээгээд	29
шалгасан	29
сэтгэж	29
золбаяр	29
ариг	29
банканд	29
банктай	29
элсч	29
охиныхоо	29
ботийн	29
дэвшигчийн	29
агуйгаас	29
шийдлүүд	29
семантик	29
дуусахаас	29
бүрж	29
мм-ээс	29
гронинген	29
ээжтэйгээ	29
братислав	29
озон	29
эверест	29
орчуулагдаж	29
бичээст	29
цөлжилт	29
будааг	29
самрын	29
сэргийлнэ	29
урагт	29
хэмжинэ	29
үхлээс	29
мултарч	29
зогсоон	29
рейн	29
хүрэм	29
хурдасгуур	29
дэмб	29
бэлдмэлийг	29
багадалт	29
эмүүд	29
үрэвсэлт	29
зөвшөөрсөнгүй	29
титов	29
косыгин	29
намуун	29
симфонийг	29
тоглосны	29
реалист	29
родриго	29
үйлчлэлцэж	29
ионуудын	29
түмэнхэн	29
батнасан	29
дотрын	29
шуудуу	29
цутгамал	29
бичсэнийг	29
цохилтод	29
муюн	29
нэхсэн	29
аргуудаас	29
хүмүүжиж	29
эндэгдэл	29
алмас	29
баатарцол	29
серик	29
зөрж	29
эфирт	29
заяат	29
юугаар	29
аргаа	29
зовсон	29
хөлөөрөө	29
өнгөнөөс	29
материалист	29
скиф	29
туужийн	29
виллем	29
шингэх	29
тогтворжуулах	29
гунигтай	29
дэв	29
ислийг	29
редактораар	29
колонид	29
хоолоо	29
хюго	29
тунгус	29
дэвшигчийг	29
зээрд	29
пит	29
гэрлэлтээс	29
гаа	29
хадаж	29
ёгт	29
гөттингений	29
куликовын	29
манлайлан	29
дуулаад	29
км-ээс	29
эслэг	29
анархист	29
дээс	29
гартал	29
холилдох	29
хижиг	29
санто	29
цонхыг	29
балмад	29
төгсөн	29
аристотелийн	29
эзлэхийг	29
явуулсны	29
сүлжээнүүдийн	29
гулгаж	29
номуудыг	29
профессорууд	29
зочны	29
төхөөрөмжинд	29
кулон	29
оршвой	29
дайнаа	29
чо	29
танзанийн	29
гаруйг	29
сумдыг	29
усалгаатай	29
бичүүлжээ	29
царс	29
птолемей	29
нөхцлийн	29
зочдыг	29
нугалж	29
хөөргөв	29
барилын	29
хунтайжийг	29
мэлоун	29
ядам	29
элсэхээр	29
хөзрийн	29
золиослогч	29
шаардлагагүйгээр	29
хүндэтгэлтэйгээр	29
албатай	29
тохижилт	29
авзага	29
хөдөлмөрөө	29
плутони	29
эрдэнэжаргал	29
шатаар	29
арчилгааны	29
рузвельтийн	29
тэмцээнүүдийн	29
өнгөрөөдөг	29
карол	29
ухан	29
багасгахад	29
үйлчлэлд	29
цувраа	29
даржээ	29
күүкийн	29
ажлаараа	29
хулгайлан	29
сүв	29
булчингууд	29
булчинлаг	29
хүчилтөрөгчөөр	29
сэлэх	29
хараацай	29
гөлөг	29
каспаров	29
жийрэг	29
сорьсон	29
цаазалжээ	29
эрхтэнд	29
иозеф	29
дүүрэгч	29
бадма	29
цагаараа	29
раднаа	29
олгоогүй	29
зогсооход	29
саналтай	29
манаа	29
хувьдаа	29
удмурт	29
нанотехнологийн	29
аврахын	29
хадгийг	29
дискийг	29
өргөмжлөлийг	29
түрүүлээд	29
гэгчийн	29
удамтай	29
хэмнэлийг	29
нутагшуулах	29
сургалтаа	29
тохиох	29
жейн	29
дамбадорж	29
тухайлсан	29
цэрэнпилийн	29
хөхиүлэн	29
ухсан	29
байлдав	29
линкольны	29
хуульчлав	29
сайдтай	29
альфонсо	29
ангижрах	29
те	29
малийн	29
хуучид	29
окленд	29
невийн	29
шахагдсан	29
виндзор	29
калимантан	29
талбайт	29
хүрээлэнтэй	29
мандат	29
валенси	29
гетман	29
чидун	29
хавтантай	29
сана	29
док	29
онцолжээ	29
гармаа	29
дарахаар	29
целийн	29
буруугүй	29
тэмдгүүдийг	29
цэдэнбалыг	29
найрамдахчуудын	29
нобель	29
стокгольм	29
алгебрлиг	29
бур	29
орлов	29
объектийн	29
галданцэрэн	29
дурсгалуудыг	29
тэмдэггүй	29
баяны	29
парадокс	29
егүүтгэсэн	29
лагерийг	29
лаг	29
үгүйсгэдэг	29
үйлдлээс	29
херман	29
бешикташ	29
массачусеттсын	29
атга	29
сатурн	29
стефенсон	29
инфант	29
фан	29
хайнц	29
ялагдахад	29
тито	29
дирк	29
хөмрөгийг	29
дартсын	29
жавахарлал	29
оргилболд	29
хурцдаж	29
аохан	29
брянск	29
квантуны	29
үзэгдэлт	29
морзын	29
лопез	29
капитализмын	29
стравинский	29
америка	29
арилдаг	29
өнгөлөн	29
лионель	29
юнайтедад	29
ленинградад	29
харцгайнхан	29
штутгартын	29
ангаахай	29
ковалевски	29
борисович	29
билэгжаргал	29
петровис	29
гоолууд	29
моди	29
эшли	29
сувгуудыг	29
дуутайгаар	29
полански	29
хоёронтоо	29
продюсерлэсэн	29
имэйл	29
дуэйн	29
тоормосны	29
консерватизм	29
үгэчи	29
неста	29
хурдасгадаг	29
жанжаа	29
пешт	29
дээрэлхэлт	29
монголкино	29
чихэвч	29
берклигийн	29
балетыг	29
геномик	29
гиш	29
хүнцлийн	29
гипотензи	29
рокфеллерын	29
галактозын	29
ойрдын	28
хөлгөн	28
хэлэхийг	28
навчис	28
лувсанжамбын	28
судлагдаагүй	28
даль	28
солийн	28
дуламжавын	28
нямхүү	28
отгонжаргал	28
жасын	28
сайнцагаан	28
талархаг	28
аргал	28
готовын	28
байршдаг	28
шилүүстэй	28
шинэчлэгдэн	28
цогтгэрэл	28
бэгзсүрэн	28
лхагвын	28
ханбогд	28
шорвог	28
нутгаараа	28
хошуудыг	28
алчуур	28
цэрэндаваа	28
ширхэгт	28
услалтын	28
эрдэсжилт	28
загасаар	28
загастай	28
аллах	28
бишрэгчид	28
ихэнхидээ	28
эринд	28
арк	28
макрон	28
кантон	28
хэмжилтийг	28
төлөвшүүлэхэд	28
хийнээс	28
анхаарна	28
шалгаад	28
асааж	28
ишдорж	28
хөдөлгөн	28
амьдрахыг	28
тааралдах	28
туяанд	28
усандаа	28
уокер	28
инфобокс	28
горимтой	28
ахуйгаас	28
томоохонд	28
долгорсүрэнгийн	28
балдандорж	28
дарийн	28
ундрахын	28
хиаг	28
дагшин	28
сурвалжилж	28
бүрнээ	28
арчлах	28
вильям	28
тогтлыг	28
тооцоолсноор	28
хувиргахад	28
универсал	28
зүйлүүдэд	28
нээлтүүдийг	28
цөмөөс	28
урьдчилж	28
тодорхойлохыг	28
зардалтай	28
тоглоомонд	28
таашаалд	28
эсэхээ	28
тоглолтуудын	28
баригддаг	28
үүдэж	28
нилээдгүй	28
эдгээх	28
төвлөрүүлэн	28
тушаалтныг	28
эрхлэлтийн	28
боох	28
хуурамчаар	28
үсгүүдийг	28
өгөлгүй	28
сарт	28
ширэн	28
азии	28
шарайд	28
нармай	28
өндөрхаан	28
мэдүүлэх	28
байгуулагдаагүй	28
ман-аас	28
тохиролцооны	28
хэмээгч	28
аргагүйн	28
зодож	28
урьдаас	28
фабрик	28
оролцоогүйгээр	28
эмэгтэйд	28
хайрладаг	28
элитүүдийн	28
сингх	28
хувилбаруудын	28
зүүдэнд	28
томуу	28
скайтел	28
төмөртэй	28
туркт	28
чансаагаараа	28
энцо	28
гүйцэх	28
морьдын	28
флоренцын	28
амос	28
дээрхээс	28
мичид	28
масштаб	28
цөмтэй	28
проректор	28
шагдарсүрэнгийн	28
уриатай	28
үйлдвэрлэв	28
баярлалаа	28
бек	28
чармайлтын	28
шинжаанд	28
бардаг	28
эрхтнүүд	28
буудуулсан	28
зөвшөөрснөөр	28
оуох	28
баясгалангийн	28
баасансүрэн	28
ганбаяр	28
секц	28
харамсалтайгаар	28
үйлст	28
аккра	28
терроризм	28
батболдын	28
уих-аар	28
лүндэн	28
бичлэгээр	28
мета	28
хязгаарлагдаж	28
цэс	28
ноосон	28
хэрэгцээгээ	28
хуураа	28
ат	28
ахлагчтай	28
холланд	28
карбон	28
гадаргуугаас	28
хэвлэлт	28
төгсөлт	28
хичээн	28
тайваний	28
малави	28
дууллын	28
дорждагва	28
хатаах	28
фермерүүд	28
халимны	28
зоргоороо	28
арилгахын	28
ажиллагааныхаа	28
үсрэх	28
оёж	28
шүлт	28
шекель	28
бутралын	28
чимсэн	28
хуудаснаас	28
гулд	28
хязгаарлалтын	28
сэлж	28
планк	28
галилейн	28
гэрлээс	28
цэцгээ	28
садар	28
холбоосын	28
тохируулгын	28
материализм	28
биес	28
элементүүдэд	28
гипс	28
бүрэлдэнэ	28
илүүгээр	28
геноцид	28
зуучлах	28
нээсний	28
дөрөвдүгээрт	28
зарлахад	28
шийдвэрлэв	28
уриалжээ	28
цыган	28
дюма	28
эллипс	28
оронгүй	28
доромжилж	28
орхино	28
сүүдэрт	28
болзож	28
шидтэний	28
тусладаг	28
дайду	28
нягтаршил	28
шатаажээ	28
боодог	28
хоолтон	28
дийлэх	28
царайлаг	28
дууриа	28
клеопатра	28
венера	28
нударга	28
байгуулагчийн	28
шахагдаж	28
алагдсаны	28
шүүмжлэн	28
нутаглуулжээ	28
гүнжтэй	28
хүнийхээ	28
метаболизмын	28
огул	28
ферментээр	28
паулын	28
диваажингийн	28
наймаачин	28
хайлан	28
вольф	28
томоор	28
ядрах	28
зуураа	28
комеди	28
гашуудал	28
леннон	28
хөлбөмбөгчид	28
зуухны	28
огцрохыг	28
алхмуудыг	28
дамжуулахдаа	28
төхөөрөмжөө	28
гц	28
хойгоос	28
тасманы	28
арно	28
өнцгөөр	28
самсунг	28
ажилтныг	28
сүлжмэл	28
сандарч	28
мэрилин	28
элтон	28
газарджээ	28
вьетнамчууд	28
айлчилжээ	28
оросуудаас	28
ив	28
авагчдад	28
хэвлэгдэх	28
бугуйн	28
гүйцэтгэхийг	28
галданы	28
соном	28
чухалчилдаг	28
өөрийнхөөрөө	28
харьяаллын	28
дашинчилэн	28
хөхморьт	28
цэцэн-уул	28
үэ-ийн	28
нямжав	28
худ	28
практикийг	28
еврог	28
зарлигийн	28
барихын	28
ниссан	28
процессуудад	28
томсон	28
устгахаар	28
дагуурын	28
хайлшийн	28
ажиллагсадтай	28
фижи	28
бадарчин	28
онниуд	28
намагт	28
палеонтологич	28
эсүүдээс	28
чонос	28
үндсэний	28
жигнэмэг	28
тавхай	28
товчилдог	28
тайжийг	28
үндэстэний	28
чихэнд	28
жакарта	28
стар	28
эргүүлэг	28
огтолж	28
газарзүйч	28
симонов	28
тартугийн	28
курилийн	28
зөвлөхүүд	28
хакерууд	28
эксклав	28
хядаж	28
төлвийн	28
монументаль	28
луижи	28
кадет	28
маршалуудын	28
генетикч	28
өнгөлөг	28
ойлгон	28
явахгүй	28
достоевскийн	28
урлагаар	28
тогтоохоор	28
хөдөлгөсөн	28
амралтаараа	28
деникин	28
мартинес	28
багратион	28
вилгельм	28
пиус	28
помпиду	28
рожерс	28
альбрехт	28
бүтээгүй	28
бениний	28
конгогийн	28
ханхүүгийн	28
сорил	28
хөнөөлт	28
сийвэн	28
зунаас	28
днепропетровск	28
хаягыг	28
эзнийг	28
ойлголтоос	28
байшингууд	28
онгоны	28
хочилдог	28
универсиад	28
төрчдийн	28
суралцахыг	28
кристин	28
тах	28
сент-луис	28
дрезден	28
олимпиа	28
төлөвлөгч	28
октябрь	28
минскийн	28
майя	28
европоор	28
колчак	28
судлахыг	28
студитэй	28
загварчилсан	28
огтлолцол	28
эдээс	28
манжуурыг	28
зэлмэ	28
ривера	28
моррисон	28
хөхүүл	28
каракас	28
элчийн	28
сандра	28
чоймбол	28
гялбаа	28
удмаас	28
алла	28
индианаполис	28
буучийн	28
укра	28
олзолжээ	28
мафийн	28
дэмжлэгийн	28
таталт	28
фрейзер	28
сүнснүүд	28
диснейн	28
страсбург	28
сейнт	28
плейт	28
жозефин	28
коростовец	28
болгарт	28
шү	28
орос-хятадын	28
копа	28
чуулбар	28
бенеш	28
протоколоор	28
приднестрийн	28
днестр	28
төрөгч	28
хаалгандаа	28
ун	28
бёрд	28
андрэ	28
жерард	28
гриффин	28
рики	28
эрфурт	28
дастин	28
сорос	28
бэртэлтэй	28
рединг	28
сурвалжилсан	28
итгэлцэл	28
кришнамурти	28
паок	28
чичиргээний	28
серия	28
отрядууд	28
бүлүүрт	28
өрнөнө	28
фөрт	28
нөж	28
поршегийн	28
криптографийн	28
чөлөөлсний	28
наук	28
рецепторын	28
фенилаланин	28
грицевец	28
алмасын	28
халдагчид	28
гликолиз	28
эш-ний	28
т-р	28
крадин	28
бук-м	28
шошгыг	27
владимирцов	27
баяжиж	27
дагагчтай	27
балгасын	27
явбал	27
бүжигт	27
дэлгэмэл	27
тунадастай	27
санжаадамба	27
батсүхийн	27
ганбаатарын	27
дамжлага	27
шивээт	27
ханхонгор	27
мөлхөгчид	27
даац	27
онцын	27
олзвой	27
ангир	27
бошиглогч	27
үнэмшлийн	27
үхэшгүй	27
ажиллахаа	27
википедиаг	27
байц	27
мандуулж	27
наах	27
латины	27
дулаарлын	27
ажиглалтыг	27
бахай	27
хуулиудын	27
нийлэмж	27
сураг	27
алдарын	27
бэлэгдэл	27
циклийг	27
хүүхдүүдтэй	27
дүнтэйгээр	27
нөөцлөх	27
тулгуурын	27
рибосом	27
гэгээрсэн	27
уттар	27
эрхшээлийн	27
цэвээний	27
дэрс	27
тархмал	27
чадлаараа	27
хилэм	27
үнэд	27
өртгийг	27
хэрлэнгийн	27
андгай	27
байгальтай	27
ойлгохыг	27
шалтгаалах	27
дүрмүүдийг	27
бодлогуудыг	27
хув	27
философичдын	27
хэвлүүлэх	27
товчхондоо	27
технологиудыг	27
хаагчдыг	27
капиталын	27
төлөөлөгчидтэй	27
зохицуулна	27
өртэй	27
туургатан	27
хасагджээ	27
төмөрт	27
ноёрхлоо	27
алд	27
бандида	27
бу	27
бао	27
саланги	27
ням-осорын	27
төлөөлөгчдөөс	27
депутатууд	27
шинэтгэлийн	27
ордуудыг	27
товлосон	27
литвачууд	27
дөрвөдүүд	27
тэргүүлэгчээр	27
лаврентий	27
мэдүүлжээ	27
либерализмын	27
төлөөлөгчдөд	27
хайхрамжгүй	27
гольфстрим	27
сорилын	27
текстийн	27
жахан	27
татагдах	27
кашмирын	27
шалгалтаа	27
буцаажээ	27
харамгүй	27
гэмтээдэг	27
нийлэгжил	27
эйр	27
ви	27
коран	27
шүүслэг	27
мөрөнгийн	27
гурилан	27
продакшны	27
цагаанбаатар	27
хожсоноор	27
жараахай	27
ева	27
сонгохдоо	27
дагестан	27
сартаг	27
мангас	27
тавь	27
мөнгөтэй	27
гутлыг	27
дамжуулагчийг	27
газрынхаа	27
чимээний	27
задралаар	27
өмнөхөөсөө	27
зурахад	27
корнелл	27
хэвлэжээ	27
үрэгдэв	27
дийн	27
дайралтаар	27
өргөжжээ	27
үлдэхийн	27
тээвэрлэсэн	27
жанжины	27
унагах	27
хөдөлмөрлөж	27
потын	27
хийдээс	27
хавчин	27
захиаг	27
айлган	27
уршиг	27
голлож	27
зэхэж	27
коста-рика	27
явуулахын	27
далайчид	27
дагууд	27
тегераны	27
батбаярын	27
ганг	27
хавсарч	27
санаат	27
крымыг	27
алдана	27
холбоход	27
сүнслэг	27
скрипт	27
навигацийн	27
аарц	27
тэсо	27
тохиолдлуудад	27
няцаах	27
аваргаа	27
рика	27
нийслэлээр	27
аралтай	27
тогтоод	27
пүсань	27
танхимт	27
холбоно	27
даржаа	27
пестицид	27
таро	27
шишийн	27
хонийг	27
маслоу	27
колониуд	27
гомес	27
зогсооно	27
хавирга	27
халдвараас	27
таарахгүй	27
заяанд	27
хийдүүдийн	27
нэхийт	27
концертыг	27
ференц	27
цуглардаг	27
шопен	27
туйлшрал	27
орбитал	27
нэгдэхэд	27
эетэй	27
хаш-эрдэнэ	27
уулт	27
умардад	27
хормой	27
урианхан	27
тайлахад	27
чармайлтаар	27
орогнож	27
зүсэм	27
гадуураа	27
намхай	27
дагдан	27
сүмбээ	27
таян	27
см-ээс	27
сандерлэнд	27
свен	27
өнцөгтийн	27
тоть	27
цаазтай	27
ойл	27
ломоносов	27
цахилгаанаар	27
ногоовтор	27
олборлон	27
түлшийг	27
гурамсан	27
хутаг	27
юутай	27
гуя	27
баатруудыг	27
хаяанд	27
зүлгэн	27
сульфидын	27
брисбэн	27
австралиас	27
модод	27
үзэгчтэй	27
харъяалагдах	27
салгасан	27
хардаж	27
орос-монгол	27
уй	27
дэвтэрт	27
гялалзаж	27
дууллыг	27
шүтээнийг	27
энхнаран	27
хойгуураа	27
хидан	27
хороон	27
хилтэй	27
чеховын	27
өөрчлөгдөхөд	27
хөвгүүдийг	27
багшийг	27
довтлохоор	27
тэргүүнийг	27
хэлхээтэй	27
томруун	27
мастерууд	27
татлага	27
хаягдсан	27
процессортой	27
бүрхүүлд	27
симбиоз	27
захиалсан	27
эргүүл	27
хэлэлцүүлгийн	27
төрнө	27
өөрчлөгдөхгүй	27
гэдсэнд	27
хашлага	27
угсардаг	27
ролл	27
стиль	27
хүчирхэгжсэн	27
аваачин	27
хотгорт	27
ханз	27
туулжээ	27
тэмүжиний	27
мюнхенд	27
нотолгоог	27
хаас	27
түгээлтийн	27
иргэдээ	27
романовын	27
далбаат	27
болмогц	27
зориудын	27
авжээ	27
зочноор	27
аавдаа	27
синглээр	27
цэнгээнт	27
абхаз	27
абдель	27
уултай	27
булгаков	27
туужийг	27
агуулагдсан	27
гулаг	27
гүш	27
болохоосоо	27
маргаангүй	27
шоог	27
оюунгэрэл	27
мэдэг	27
цалинг	27
санчирын	27
сантмаргац	27
ханх	27
харьяалал	27
осор	27
трейд	27
жолоочоор	27
буугаа	27
дарвийн	27
интеграцийн	27
редакц	27
бунханд	27
зөвлөгөөний	27
гольф	27
нанометр	27
гинжийг	27
ресторанд	27
дуулахад	27
диалектик	27
өвөрхангайн	27
огтлолын	27
жэк	27
нэршилтэй	27
идэшт	27
зайлж	27
номт	27
спартакиадын	27
гомдлыг	27
микронезийн	27
исэлдүүлэх	27
буурахад	27
хасын	27
бурунди	27
фолклендын	27
рико	27
бүтээгдхүүний	27
эцгээсээ	27
бсшуя-ны	27
тигр	27
боовны	27
сүйтгэжээ	27
шаантаг	27
хуваарьтай	27
үзэхийн	27
эцэслэж	27
буужээ	27
алехин	27
эрчимт	27
тэнхлэгт	27
нугалмын	27
хугарсан	27
гормон	27
заалгасан	27
бууджээ	27
донровын	27
дугантай	27
бүрэх	27
ороны	27
нэвтрэлт	27
тоглолтынхоо	27
наса	27
хувьсагчийг	27
хомо	27
рокоссовский	27
хүргэхээр	27
дэвшигчээр	27
сами	27
хангамжаар	27
хавсарган	27
рут	27
дресден	27
семёновын	27
колчакийн	27
тамбов	27
фашизмын	27
брэд	27
толгойлон	27
сербид	27
хойшлуулсан	27
гэргүй	27
аялалдаа	27
захиалагч	27
никколо	27
эсэргүүцэгчид	27
цуглуулахад	27
флаш	27
функцуудыг	27
аминдэм	27
байрууд	27
тулалджээ	27
соломон	27
абдуллах	27
үүргээс	27
татаруудын	27
лидия	27
тойргоор	27
мозамбикийн	27
нетания	27
түрээслэх	27
шивэр	27
хум	27
жош	27
мозес	27
зимбабвегийн	27
хугарлын	27
цэрэгжсэн	27
хүрэлсүхийн	27
шхаб	27
назарбаев	27
хүчирхийлэлд	27
геометрийг	27
гао	27
ники	27
гүнжийг	27
коламбиа	27
буцалсан	27
зангилаатай	27
солженицын	27
хоногшсон	27
манжингийн	27
кодчилдог	27
нийлэгжилтийн	27
домгоор	27
бул	27
ашиглав	27
лаура	27
цехэд	27
тусгалын	27
коппола	27
кристи	27
менежерүүд	27
сс-ийн	27
баязид	27
олзоо	27
хүргүүлэх	27
нагано	27
гүрүн	27
хэрээдийн	27
хэлмэрч	27
купер	27
васильевна	27
путинийг	27
николя	27
хөгжүүлэлтийг	27
завсарласан	27
туз-ын	27
трансжендер	27
хамильтон	27
сайтама	27
льюс	27
хөтлөгчтэй	27
хөөрөв	27
расселл	27
марин	27
цэцэглэдэг	27
кодтой	27
дуулъя	27
шиндлерийн	27
эмээс	27
харцагынхан	27
тойрогтоо	27
ширхэглэг	27
нигүүлсэгч	27
каспер	27
алдагддаг	27
ёзоор	27
виа	27
фрунзегийн	27
бенц	27
чаргачин	27
сургуул	27
эван	27
ливингстон	27
булчинд	27
механизмаар	27
тайлангийн	27
хмельницкий	27
институцийг	27
гоолдон	27
конкакаф	27
домын	27
уашт-ий	27
харагдац	27
карлсруэ	27
зэврэлт	27
өмчлөлийн	27
картаар	27
бнказу-ын	27
торо	27
матер	27
монголор	27
цүнх	27
панн-ын	27
тогтоолтын	27
эксо	27
диспетчер	27
багцууд	27
ганцмод	27
приштина	27
найлзуур	27
скудериа	27
эпигенетикийн	27
еркебулан	27
промпт	27
соёололт	27
мацуев	27
мельес	27
гликозаминогликан	27
кобзон	27
параметртай	27
эсз-ын	27
аялгатай	26
хөлгөний	26
ашока	26
зэн	26
ярихад	26
даргаас	26
алхмууд	26
зугаалгын	26
хорго	26
чулуутын	26
урсгалт	26
хадат	26
ямаан	26
автай	26
галч	26
оточ	26
сангаа	26
гадаргатай	26
харьяалалгүй	26
аялагчдын	26
энгэрийн	26
дариймаа	26
сууцыг	26
галбын	26
дацангийн	26
комбинат	26
даваахүү	26
харуулд	26
хүннүчүүд	26
рамсарын	26
куран	26
мусульманчуудын	26
бүрэлддэг	26
зөрчилдөөнтэй	26
залгуулж	26
хуримтлалын	26
лээ	26
хатгах	26
засварчин	26
монгольского	26
шок	26
сонгогч	26
агуулахад	26
бэлгэдлийг	26
хурдаг	26
сонсогчид	26
бутачийн	26
дондов	26
наваан	26
түвшинжаргал	26
амьтантай	26
шарилж	26
үен	26
өвгөдийн	26
бататгаж	26
ойлголцох	26
шилжихийг	26
хуваарилагдан	26
аэродинамик	26
математикийг	26
объектуудын	26
математикчдын	26
тэмдэглэгдэж	26
түүхээр	26
элэглэл	26
дийлэхгүй	26
шийднэ	26
дамжиггүй	26
түгээгч	26
авирах	26
ингэхэд	26
туулахад	26
хэрэгцээгүй	26
хөдөлмөрлөх	26
түлээ	26
тархацтай	26
тэмдэгтүүдийн	26
мартаж	26
захаас	26
монголоид	26
хиагтад	26
тариачдыг	26
хэлмэгдүүлэлтэд	26
харьяалалд	26
нүүдлийг	26
зөвшөөрөхөөс	26
брайант	26
намынхан	26
тохиролцжээ	26
байгуулагдсаныг	26
илэрхийлэхийн	26
уруугаа	26
анхаарсан	26
хороод	26
уруудан	26
бүртгүүлжээ	26
чадахгүйд	26
жаргалантын	26
төгссөнийхөө	26
хэлэлцүүлсэн	26
тойрондоо	26
гидротермаль	26
любляна	26
мишээл	26
мөнхтөр	26
төлөхийг	26
хүндхэн	26
есүсийн	26
зөвшөөрөхөд	26
хувиран	26
мэргэдийн	26
үсгээс	26
нэвтэрдэг	26
нийлэгждэг	26
тусласан	26
үхсэний	26
пирамидын	26
байсаныг	26
бугуйвч	26
бат-амгалан	26
мужийнхаа	26
балхаш	26
булгар	26
өгснийг	26
зайлсхийсэн	26
анааш	26
тогтоохдоо	26
лабораторийг	26
стрит	26
юунаас	26
одууд	26
финландчууд	26
ширхгийг	26
шастирт	26
зав	26
бусан	26
дайрагч	26
олзлогджээ	26
бөмбөгдөлтийн	26
жишээгээр	26
баригчдыг	26
бузар	26
саваар	26
өвст	26
тархийг	26
эзэлснээр	26
булангаар	26
лхүмбэ	26
гэндэнг	26
дээлийг	26
хэрцгийгээр	26
уушиг	26
монрогийн	26
эхэлмэгц	26
кг-д	26
кубачууд	26
тэжээлээ	26
цуцалжээ	26
жанцангийн	26
энхжин	26
уранчимэг	26
бандийн	26
пушкиний	26
берн	26
руандагийн	26
лянхуа	26
хошоонгор	26
тэнхимтэй	26
өнцөгтэй	26
зураасаар	26
уэсли	26
чихтэй	26
гуам	26
урилгыг	26
болсоноос	26
төлөвлөгдөж	26
байран	26
брешиа	26
бат-эрдэнийн	26
бүтцүүд	26
зохист	26
гуандун	26
үзүүлэхээс	26
явуулснаар	26
чинжүү	26
лоолийн	26
завсарт	26
бэлэглэжээ	26
хэрэглэснээс	26
нялхсын	26
ясаар	26
шархны	26
субьект	26
үндэстнүүдийг	26
экей	26
ахар	26
армиуд	26
данте	26
программчлал	26
захиргаатай	26
судлаачдыг	26
сандуйжав	26
градуст	26
булаам	26
дэлгэрүүлэгч	26
болжмор	26
биндэръяа	26
цохон	26
олдворын	26
түншүүд	26
судлагдаж	26
загваруудаас	26
фортран	26
алхамд	26
асгатын	26
уяа	26
өгүүлэлдээ	26
өөрчлөгддөггүй	26
агуулагч	26
циркчин	26
алексеев	26
дайчилж	26
дээдэлж	26
аврагдсан	26
социалистууд	26
шилжүүлснээр	26
руссо	26
хуулбарлаж	26
найрагчдын	26
мантийн	26
зогсоход	26
баллын	26
холмс	26
тиморын	26
харалдаа	26
хоршооллын	26
кингийн	26
олзлогдогсод	26
псков	26
рыцарийн	26
нэгнээ	26
хатагин	26
бичээчээр	26
эргэсэн	26
төвөргөөн	26
цээжээр	26
үхнэ	26
роулингийн	26
литл	26
тусалжээ	26
оувс	26
газраасаа	26
буруугаар	26
хэрэглэхээ	26
домгоос	26
зэрэгцсэн	26
захыг	26
хурууг	26
шулам	26
тулгаран	26
дайсныхаа	26
тохтамышийн	26
согтуу	26
муис-ын	26
овогтны	26
ов	26
дагуулалт	26
гэг	26
рубин	26
ялгаруулна	26
итгэхгүй	26
авралын	26
эцэслэх	26
эхнээсээ	26
тэмдэглэлдээ	26
лицейд	26
хүйстний	26
хэлэлцэхэд	26
тохируулна	26
хийснийг	26
сүүнд	26
исгэсэн	26
перси	26
үсрэн	26
болгоныг	26
кристиано	26
адидас	26
галав	26
мөсөөр	26
зулай	26
элэгдэж	26
этнологи	26
хүдрийг	26
гипер	26
нэгтгээд	26
хаягаас	26
тооцохгүй	26
буцав	26
зарлаагүй	26
цогцосыг	26
горбачёвын	26
дуусган	26
оргилууд	26
азербайжанд	26
худалдаалдаг	26
орчуулдаг	26
төвдийг	26
сакс	26
бутаны	26
хүртсэнээр	26
арьстнуудын	26
цомгоор	26
гантогтох	26
айлчлалууд	26
памирын	26
узбекчүүд	26
ташкентын	26
цагаагчин	26
брижит	26
маркес	26
суугчдад	26
регби	26
галдангийн	26
плей-оффт	26
зээрийн	26
бүртгэгч	26
хандахыг	26
зурхайч	26
чадварууд	26
бидэнтэй	26
тэжээгддэг	26
уртаар	26
ажиллагаануудыг	26
өрсөлдөгчдөө	26
пролетарийн	26
дараалж	26
мөрөвч	26
полимераз	26
лийдс	26
зэлүүд	26
үзүүлэлтүүдийн	26
олдворыг	26
зөрлөг	26
балкан	26
шилээр	26
троцкийг	26
сөд	26
функцүүд	26
хэрэглээгүй	26
сан-томе	26
тонга	26
раул	26
ри	26
банзрагчийн	26
маршрутын	26
өрмийн	26
тэмдэгээр	26
дилав	26
батлуулж	26
хзэ-ийн	26
эрхтнийг	26
хорхойн	26
булчинг	26
дотогшоо	26
хальсанд	26
нарийссан	26
гүйцэт	26
хүр	26
шинжээчээр	26
байрлан	26
статусын	26
бүргэдийн	26
шидсэн	26
эстэй	26
будах	26
нүхээр	26
улирлуудын	26
пунийн	26
ноёдтой	26
миллиметр	26
анатолийн	26
шинжлэхэд	26
эстонид	26
ворошиловын	26
бололцоогүй	26
баримтлалд	26
бранденбург	26
өгсөх	26
интерфейсийн	26
курган	26
томьёогоор	26
мика	26
нугалах	26
ватсон	26
комиссараар	26
солиот	26
дугаараас	26
нийтлэгдэж	26
үлдлээ	26
угандын	26
хавтаст	26
хоригдлыг	26
зардлаа	26
вологда	26
субьектив	26
эвлэрлийн	26
шурган	26
тайлга	26
бакула	26
дэмжихийн	26
өөртэй	26
явагчид	26
авалтад	26
шакил	26
керчийн	26
гараанаас	26
нэрэлсэн	26
иштван	26
нохойтой	26
лгбт	26
автомашинаар	26
ихэмсэг	26
сан-марино	26
баффало	26
факультетыг	26
компаньон	26
аблай	26
же	26
үүрэнд	26
падма	26
сид	26
хаагдах	26
айдахо	26
мормон	26
кама	26
түлхүүрээр	26
шилжүүлгийн	26
краснодарын	26
бууруулахын	26
тохируулдаг	26
төрбайх	26
судлахаар	26
өгөгдлөө	26
харольд	26
кросс	26
какаоны	26
самбарыг	26
сонирходог	26
скандинав	26
папаар	26
керенский	26
улисс	26
элвис	26
бүтээсний	26
аун	26
бүлэглэн	26
нью-мексико	26
кара	26
хэрэгжүүлэлт	26
гаспар	26
инээдэм	26
алхагч	26
театро	26
хийлгэхээр	26
хариуцагч	26
амбасэлмаа	26
оромгүй	26
хугацаанаасаа	26
ива	26
пенн	26
ереваны	26
марс	26
биллбордын	26
барселонад	26
молекулд	26
механикаар	26
устгав	26
андрес	26
филлипс	26
шаньдун	26
хейс	26
хулио	26
шариф	26
ургалтыг	26
далдлах	26
болт	26
берлины	26
кэлвин	26
кутлук	26
казиногийн	26
тендер	26
нээгдэхэд	26
сантандер	26
тааран	26
малгайт	26
роб	26
милк	26
шигшээтэй	26
юлиан	26
татахын	26
жизель	26
даалгавраа	26
кшиштоф	26
руперт	26
глицерол	26
концентрацийн	26
монсон	26
оноолт	26
вагнерын	26
тьерри	26
гардаж	26
брайтон	26
сититэй	26
бира	26
кэрриган	26
портууд	26
компьютер-анимаци	26
буллс	26
шөвгөрөн	26
хоруу	26
пиано	26
форумын	26
саажилт	26
бичмэлийн	26
дорждагвын	26
монта	26
сегментийг	26
атман	26
шифр	26
удэт-т	26
дүүргэлт	26
төххк	26
чанёол	26
галсанбат	26
метаболит	26
зика	26
цэвэлсодном	26
самбааг	26
сэлүүрийн	26
гликосфинголипидын	26
институциуд	26
баннерын	26
файлуудын	25
үзэхдээ	25
нирваан	25
мөрт	25
үнэртэн	25
хүрээлэгдэн	25
өрнөжээ	25
дулаахан	25
телеграфын	25
хоолоор	25
тангадын	25
никитон	25
унтаа	25
халгай	25
онохуй	25
чимэд-очир	25
говийг	25
баянцагааны	25
боомтууд	25
норовбанзад	25
болоосой	25
хойноосоо	25
дилов	25
мэдээнээс	25
буурь	25
тагийн	25
хөвчийн	25
зхжш-ын	25
гавал	25
тэрбиш	25
тогмид	25
авирмэдийн	25
энхээ	25
цурхай	25
бүртгэжээ	25
ойлголтуудын	25
чиглэгдэж	25
сэтгэц	25
баганад	25
нэрэн	25
гвиана	25
ромыг	25
даамал	25
тайлбарлахыг	25
хбнгу-д	25
номлолыг	25
вики	25
эсэхэд	25
илч	25
бам	25
нураасан	25
оролцохоо	25
аг	25
морфологийн	25
зүсэх	25
тахийн	25
пэлжидийн	25
должингийн	25
мэндсайхан	25
намнандорж	25
шийдэхэд	25
илэрхийлэгч	25
байршиж	25
аргалант	25
мөнгөнморьт	25
метрээр	25
бугыг	25
эмчлүүлж	25
судалсны	25
популяци	25
гарсаар	25
харгалзахгүйгээр	25
саяыг	25
онолтой	25
абстракт	25
санаануудыг	25
нийлбэрээс	25
найргүй	25
ирсэнээр	25
дизайнерууд	25
хааш	25
гардаггүй	25
хүргэхийг	25
ихэсгэж	25
төсөвтэй	25
уих-аас	25
наймаанд	25
хээгээр	25
атеизм	25
ганьсү	25
агийн	25
төрхийн	25
цаазалж	25
шашинг	25
алдсанаар	25
эрээ	25
хувцсаа	25
вольфрам	25
байршлаас	25
түрэмгийлэлд	25
цэвэгжавын	25
давхцах	25
олонхийг	25
томилно	25
эвсэж	25
санжмятав	25
тариаланчид	25
хүрээлэгдэнэ	25
түрэмгийлэгч	25
беларусьчууд	25
ижилийн	25
нэгнээс	25
ногдуулах	25
сэв	25
социализмыг	25
баден-вюртемберг	25
даалгавраар	25
солилцсон	25
чат	25
валентины	25
болсноороо	25
өлсгөлөнгийн	25
дээрэмдэн	25
хөгжив	25
батлаж	25
дэмжихээр	25
даяараа	25
мөхсөний	25
дараахи	25
боодол	25
үгчлэн	25
шинжилсэн	25
санаархсан	25
үзэгдсэн	25
тэргүүлэгчээс	25
үеүүдэд	25
тэмдэглэхдээ	25
эзэнд	25
хуруутай	25
голлодог	25
ерөнхийлөгчөөс	25
төлөхөөс	25
халдаг	25
тоймлон	25
барагцаалбал	25
орончид	25
критик	25
плазм	25
мгц	25
гарагуудын	25
төүг	25
бүтээмжийн	25
хөгжлөөс	25
уаз	25
холболтууд	25
программист	25
дурддаг	25
өгүүллээс	25
солонгосоос	25
сэтлэн	25
суллан	25
алахыг	25
нарийвчлалыг	25
онгоцон	25
дайчдад	25
ганьсу	25
улсынх	25
даваагаар	25
эхнэртэйгээ	25
чам	25
түүдэг	25
хэлмэгдүүлсэн	25
дуулгавартай	25
бадмаев	25
испани-америкийн	25
болд-эрдэнэ	25
польшоор	25
наранцэцэг	25
тэшүүр	25
хурдалж	25
даргалж	25
улсуудаар	25
даяарчлал	25
жүрж	25
импортоор	25
алексеевна	25
элсэхэд	25
өргөтгөлтэй	25
үнсэн	25
аядуу	25
тохиодог	25
ингэн	25
цээрлэдэг	25
ярина	25
сэргээхийн	25
индексээр	25
эргэцүүлэл	25
тунгийн	25
товчилж	25
урвалаас	25
шүлэгт	25
дуулагдаж	25
усжуулалт	25
хураагч	25
хохирогчдын	25
архимед	25
хангагдаж	25
хирээр	25
харьцуулдаг	25
япончуудын	25
удирдуулж	25
эскадриль	25
элссэний	25
эмчилж	25
өвчтөнүүдэд	25
болчихсон	25
илэрхийлэлд	25
үерт	25
штраусын	25
дюссельдорф	25
бишрэгч	25
лус	25
алгоритмуудыг	25
хадаан	25
хавт	25
жиримийн	25
болормаа	25
нэрлэгдэн	25
зэрэглэлээр	25
хөлддөг	25
соргог	25
энгэртэй	25
дээлтэй	25
бэлээр	25
хэрэмтэй	25
сайрын	25
зэвсгээс	25
удган	25
олхонууд	25
нэмэхэд	25
преториа	25
хувер	25
гэдрэг	25
сумууд	25
ос	25
магсар	25
дүгэр	25
барилгачид	25
чацарганы	25
хөвөөгөөр	25
нүүрстөрөгчийг	25
курсийг	25
минутаас	25
уламжлалаас	25
баригчидтай	25
хамид	25
парана	25
хөрвүүлдэг	25
тавдугаарт	25
түрэмгийллээс	25
агентлагтай	25
царайг	25
хамгаалалтгүй	25
че	25
дуудагдах	25
эхийнх	25
современник	25
гэрлэв	25
ухаантны	25
ялзмаг	25
ява	25
ноёнтой	25
юншээбүү	25
пүнлүү	25
сю	25
дайрахад	25
туургатны	25
дүйцэх	25
эгнээг	25
суздаль	25
ангийнхан	25
хаагаад	25
ганд	25
тэсвэрлэдэг	25
уйтгар	25
ослоос	25
трой	25
корнеллийн	25
аббасидын	25
тулуй	25
мекка	25
цөмд	25
төхөөрөмжүүдтэй	25
заргач	25
ялгадас	25
төрснөөс	25
толины	25
үзсээр	25
солилцоход	25
тэмдэглэгдэх	25
толинд	25
эмнэг	25
барилтай	25
чухалчилж	25
судлаад	25
хомейни	25
оргүй	25
давтагдсан	25
кеннедийн	25
алгуур	25
авар	25
киданчууд	25
сервертэй	25
кох	25
элементэд	25
нэвчилт	25
түмт	25
байгаагаараа	25
оруулагчдын	25
байлдаант	25
цөллөгийн	25
хөгжлөөр	25
зуугаад	25
хүйтнийг	25
адель	25
мурманск	25
попович	25
үнэмшлийг	25
узбекистанд	25
хамжлагат	25
ванчиг	25
тоомсорлож	25
орлеанс	25
хандсүрэн	25
исмаил	25
нассер	25
хадаас	25
христос	25
сонинуудын	25
мадридад	25
төвүүдтэй	25
микропроцессор	25
механизмд	25
николаевна	25
калуга	25
ак	25
хүсэв	25
фергана	25
угсаатай	25
суналтын	25
минийх	25
тоосгоны	25
амьтадтай	25
хүндрэлээс	25
ио	25
баянтэс	25
баруун-урт	25
төмөрбулаг	25
харваачид	25
гаадамба	25
холбогдлоо	25
судалснаар	25
инди	25
зарагддаг	25
буйма	25
халхаас	25
баганадсан	25
герц	25
олгогчдын	25
өдөрлөг	25
дуусгахаар	25
польшуудын	25
красная	25
эрл	25
солгой	25
ургуулахад	25
дүүргэдэг	25
шарик	25
айнү	25
дарааллаас	25
тэмцсээр	25
мөчрийг	25
гэгээрэл	25
одонтой	25
интервал	25
сумнаас	25
бавуугийн	25
залгамжлав	25
курсийн	25
залан	25
байгуулсныг	25
үсээр	25
сексийн	25
призм	25
дүрсээ	25
гэмтлийг	25
тринити	25
баахан	25
лосол	25
дэжидийн	25
эвдлэн	25
батчимэг	25
соронзонгийн	25
контакт	25
цээжлэх	25
элементтэй	25
хэлбэржүүлэх	25
гангууд	25
нан	25
дог	25
дамжуулал	25
даралтаас	25
гайдн	25
сэжиг	25
фм	25
цэнэглэдэг	25
процессоос	25
механикийг	25
өргөний	25
зөрчилдсөн	25
тоглогчтой	25
үзэсгэлэнгээ	25
нэвтрүүлснээр	25
бен-гурион	25
аргуудаар	25
засна	25
дайснаас	25
шалгарлын	25
биелэх	25
лээн	25
христиан	25
бодогчоор	25
минутыг	25
оносон	25
хаанаа	25
үнэнхүү	25
португаль	25
танхимууд	25
фердинандын	25
чадын	25
севастополь	25
дюрант	25
нэмэгдүүлэхийг	25
сонгохыг	25
шажин	25
баавгайг	25
чадавхыг	25
файлаас	25
каталан	25
маоричууд	25
хатуужил	25
харих	25
кодчилсон	25
тушаалуудыг	25
зогсоно	25
жанет	25
онгоцнуудын	25
залгамжилжээ	25
как	25
доройтлын	25
сулавеси	25
идэвхждэг	25
иерусалимд	25
үес	25
элиза	25
чилид	25
худалдаалагддаг	25
эмилио	25
манас	25
хавцалд	25
куинс	25
уулзварт	25
үйлчлүүлэх	25
сурталчилах	25
үзүүлбэрүүд	25
дээрээсээ	25
шалны	25
итгэгч	25
үйлдвэрлэлт	25
финийн	25
сэр-од	25
берг	25
аллагад	25
харьяалалтай	25
лувсаншаравын	25
бой	25
румынчууд	25
орбан	25
ва	25
хамгён	25
дэмжив	25
шведын	25
хугацаагаа	25
артанъян	25
чухалчлан	25
кубань	25
мянгаар	25
харъяалалтай	25
ставрополь	25
ургуулдаг	25
хэсгүүдээр	25
түлхүүрүүд	25
суралцахуй	25
сайханд	25
жүжиглэлт	25
өсгөжээ	25
аксиом	25
эчнээгээр	25
вирусууд	25
хорьжээ	25
ниргэж	25
руни	25
каталоны	25
продьюсер	25
гуйн	25
креол	25
холокостын	25
юсуф	25
хельмут	25
броз	25
бэлтгэлтэй	25
маргарита	25
завдав	25
агууламжийг	25
ала	25
оноов	25
ятгасан	25
архийг	25
бахим	25
тоглогддог	25
ся	25
буфер	25
миранда	25
жалал-абад	25
хамгаалсны	25
сикорски	25
соёолон	25
томъёолол	25
офицероор	25
крайслер	25
мээрэн	25
застав	25
хонгорзул	25
ноёноор	25
эстоний	25
оле	25
никсоны	25
кристоф	25
россини	25
хөтлөгчөөр	25
хойшлуулах	25
гү	25
хатгалын	25
ньюком	25
шагнав	25
пирс	25
комикс	25
чау	25
гастон	25
йан	25
саглагар	25
ээжээ	25
государственный	25
цуцлагдсан	25
дэлбээ	25
андерсен	25
цөвүүн	25
гын	25
гээс	25
центр	25
анни	25
агата	25
нийтэлжээ	25
хуралдуулах	25
туре	25
дудаев	25
бойз	25
манхэттэн	25
шидтэй	25
малуда	25
миклош	25
егүзэрийн	25
тасалбарын	25
гоолдов	25
алаад	25
хэллэгийн	25
дасгалын	25
локал	25
кальяри	25
явалт	25
хучилт	25
клаусура	25
чарт	25
удбэт-ын	25
хөөргийг	25
хэтэвч	25
монпелье	25
ао	25
моосын	25
осорын	25
правительства	25
кировын	25
жудец	25
метил	25
зунгааралттай	25
кадетт	25
сариг	25
хөхчирэнгэр	25
дээрэлхэх	25
дуров	25
захиалгатай	25
ойрд	24
хори	24
зэрэгцэх	24
түгээсэн	24
өргөөг	24
бурмаа	24
төмөр-очирын	24
даншигийн	24
говь-алтайн	24
хүрээмарал	24
мөнхдорж	24
дашдооров	24
гэртэй	24
өрхүүд	24
отгонбилэг	24
шоовдор	24
тэмээтэй	24
хуврагууд	24
хөхий	24
нэгдэлчин	24
одхүү	24
нандинцэцэг	24
дутахгүй	24
египетчүүд	24
өндөглөдөг	24
гайхамшгийг	24
тушаах	24
сонгогчид	24
зохицуулалтад	24
тоймыг	24
лариса	24
өдөртэй	24
орбитын	24
бүртгэдэг	24
бөөмсийг	24
уулзаад	24
молекулаас	24
ишиг	24
сайдаас	24
эй	24
цувран	24
фосфолипид	24
зуугийн	24
агрономич	24
бадарчийн	24
галсангийн	24
мөнхцэцэг	24
өгүүлэхдээ	24
үнэнд	24
дэвсгэртээ	24
байршлаар	24
лувсангомбо	24
шишгэд	24
бүрэлдэхүүнээр	24
зөвшөөрүүлэх	24
вернадский	24
пифагор	24
бром	24
бенцийн	24
тоосон	24
олсны	24
бүтээнэ	24
эргэнэ	24
цувралууд	24
таавар	24
бизээ	24
будагтай	24
яригдах	24
өсөхөд	24
ассир	24
үйлдвэрлэлээс	24
нэмэхийн	24
байгууллын	24
тэдгээртэй	24
дэвсгэртийг	24
зураасыг	24
шиньжян	24
дэглэмээс	24
угсаатнуудын	24
гянт	24
буриад-монгол	24
зэд	24
санжаасүрэнгийн	24
ларс	24
ерөнхийлөгчтэй	24
конвенцийг	24
даагч	24
зарласнаар	24
удирдахаар	24
дэвсгэрээ	24
түмэнтэй	24
автономийг	24
лхүмбийн	24
үзсэний	24
хэргүүдийг	24
уйгаржин	24
суралцахад	24
байгуулагдахдаа	24
төлөөлөгчийг	24
шүүмжлэх	24
амьдрагч	24
тусгаарлагдаж	24
тайлагдах	24
цаазлан	24
гибралтарын	24
русский	24
российской	24
бодолт	24
кейп	24
хайраа	24
илэрхийлэгдсэн	24
хомсдолд	24
христын	24
витаутасын	24
арамей	24
соёлоос	24
хүндлэл	24
абд	24
анхааруулж	24
толигор	24
пеле	24
хөвгүүний	24
канн	24
загаснууд	24
хураадаг	24
керим	24
удамд	24
урьдаар	24
металлаар	24
таваарын	24
беллийн	24
гуурс	24
италиар	24
гарагууд	24
бууна	24
байршсан	24
цууны	24
шутис	24
захирлууд	24
комбилимузин	24
сс	24
аятай	24
ялахын	24
тэнцэхүйц	24
хөдөлгүүрээр	24
дуурайж	24
цохиулсан	24
сервис	24
чөлөөлөгч	24
лидер	24
уучлалт	24
гуйжээ	24
шарилын	24
хорлогдож	24
ноогддог	24
аймаглан	24
тойруу	24
геофизикийн	24
ганхуягийн	24
дөтгөөр	24
шувуун	24
ургийнхан	24
шилж	24
алехандро	24
даяарчлалын	24
мэдэгдэлд	24
үржин	24
браузер	24
суулгахаар	24
агентууд	24
хэлбэлзэнэ	24
мууддаг	24
саатаж	24
анжелина	24
шатуудыг	24
зарладаг	24
үлдсэнийг	24
онооноос	24
сэргээгдсэн	24
ломбард	24
шүүмжилжээ	24
доминика	24
цэрэггүй	24
солон	24
уралдан	24
британника	24
ногоог	24
боловсордог	24
орлуулагч	24
сиам	24
фашистын	24
даалгажээ	24
дайнуудын	24
босгоход	24
шигдээс	24
тундас	24
бататгах	24
харуулахад	24
үлдэгдэлтэй	24
виссарионович	24
плиев	24
исса	24
төрөлхтнийг	24
адлер	24
динамикаар	24
төдөлгүй	24
бахархан	24
травиата	24
баримжааг	24
хүслээр	24
веллингтон	24
төвшний	24
хайлаас	24
жанчивдорж	24
гантай	24
шугуйд	24
түрүүний	24
өрөвтас	24
сийлжээ	24
үлэмжийн	24
ороох	24
хангамжын	24
ларсон	24
харгалзаж	24
эхлүүлэхэд	24
хөрөнгөд	24
хангалт	24
сүргээ	24
шийдэхийн	24
шведээр	24
меркури	24
нэрлэгдэнэ	24
коллоид	24
цочрол	24
суллагдаж	24
дугуйлангийн	24
бурханлаг	24
сигналыг	24
функцтэй	24
хромын	24
утсаа	24
нүүдэг	24
алагдав	24
квийнслэнд	24
данди	24
николь	24
баскийн	24
зөвшөөрөхийг	24
агентлагуудын	24
ганнибал	24
малгайтай	24
равжаа	24
зохиолуудын	24
аяа	24
билүү	24
уртраг	24
хархорумд	24
сайшааж	24
тэрэлж	24
орууллаа	24
орлуулсан	24
романууд	24
сүйрэлд	24
төрхөөр	24
дүүг	24
будшир	24
вантай	24
уулгалан	24
зогсолт	24
хэвлэгдээгүй	24
нумт	24
буув	24
ганцаардал	24
боорчи	24
хүргэний	24
фаз	24
хэвэнд	24
техниктэй	24
хосоор	24
ангарагийн	24
хэмээгдэж	24
нээхээр	24
робер	24
эрмэлзлийг	24
зочлон	24
өөрчлөлтөнд	24
торгох	24
байдар	24
доржсамбуу	24
эмнэлгийг	24
яригч	24
өчигдөр	24
неолитын	24
хоншоор	24
эрэгтэйчүүдэд	24
нүүдэлчдийг	24
үзүүлснээр	24
дамжуулахын	24
ялагдсанаар	24
гарагаас	24
аймгаар	24
ажилсаг	24
калькутта	24
шаарийбуу	24
дуурьт	24
унан	24
динар	24
цент	24
тоби	24
хуанли	24
монитор	24
малтлагын	24
кокандын	24
халжээ	24
илэн	24
ухагдахууныг	24
колумбичууд	24
мундаг	24
хаагчтай	24
тэмз	24
вестминстер	24
бизнесүүд	24
тюссо	24
түгжрэл	24
инженерчлэлд	24
учруулахгүй	24
чулуунаас	24
дивизионд	24
шүтлэгт	24
равжир	24
гурвантэс	24
бууцагаан	24
должин	24
хорол	24
зориулдаг	24
есөнзүйл	24
яриад	24
овъёос	24
км-ын	24
зайлан	24
суулгав	24
күн	24
шинэсэн	24
хэлбэлзлийг	24
чингээд	24
кодлодог	24
умайн	24
урладаг	24
оногдсон	24
ялласан	24
хорыг	24
хазар	24
очирай	24
туннель	24
түлхэлт	24
лордуудын	24
заалтуудыг	24
унтлагын	24
мушгирсан	24
нутгуудыг	24
хүдэрт	24
ахиулах	24
тарилгын	24
фасо	24
чехословакт	24
ахалж	24
дамбийжанцан	24
мужааны	24
багавтар	24
асуув	24
хүснэгтээс	24
сүрэнгийн	24
тоосны	24
уутанд	24
хэлбэрүүдийн	24
гуу	24
эмчилдэг	24
рашид-ад	24
илгээхэд	24
хуйвалдаанд	24
илрэхгүй	24
томрох	24
энергид	24
ялгаварын	24
портлэнд	24
алёша	24
ханаас	24
бараалхаж	24
аяар	24
үүрч	24
флорес	24
яваарай	24
тоглоомоор	24
задлахад	24
антибиотикийг	24
аяганы	24
шингээгч	24
үзэхгүй	24
худалдаачдыг	24
командлалыг	24
цохижээ	24
лэх	24
стандартчиллын	24
цутгасан	24
сайхнаар	24
зүсмийн	24
кернел	24
крик	24
тарчлаан	24
илэрчээ	24
монтгомери	24
удай	24
мариинскийн	24
танилцуулдаг	24
наваан-юндэн	24
мөчөөс	24
жаклин	24
ирц	24
жексоны	24
автократ	24
сурж	24
тимошенко	24
шикай	24
макиавелли	24
бодлоос	24
тодруулахад	24
ган-эрдэнэ	24
дурдсанчлан	24
хамааралт	24
голлийн	24
торгомсог	24
мэлмий	24
тагт	24
шилдэгт	24
задарна	24
микробиологич	24
эзнийхээ	24
дэвшив	24
тэнцэн	24
лионы	24
плей-офф	24
ярилцлагад	24
хүзүүвч	24
тамирчдад	24
тата	24
стэн	24
махараштра	24
кв-ын	24
дөргэнэ	24
отчигин	24
год	24
цомоо	24
рафаэл	24
олгодоггүй	24
нурсултан	24
ширэнгэ	24
акино	24
зөвлөлт-финландын	24
харваанд	24
шархыг	24
мялаасан	24
тэмдэглэлээс	24
амгаланг	24
дүрслэлд	24
хоригджээ	24
хөшигний	24
түвшинтөгс	24
нэвтрэхийг	24
хуягийг	24
сталиний	24
уураар	24
вонг	24
архей	24
дагалддаг	24
ромчуудын	24
антропологич	24
цацагт	24
гэлтгүй	24
мост	24
бахдам	24
нээлээ	24
гунигт	24
мирослав	24
бунхны	24
өндгөө	24
гэмтээсэн	24
сэнгүм	24
юнь	24
залууг	24
аругтай	24
дайрав	24
борохул	24
бошгот	24
федорович	24
роммель	24
заалган	24
москвы	24
хээлээ	24
мөлхөгч	24
массачусетсийн	24
тойрмын	24
засварлалт	24
иваново	24
ярдын	24
курманбек	24
элссэнээр	24
ороосон	24
аюурзанын	24
оозэки	24
асаалттай	24
ханамжийг	24
кеннет	24
гродно	24
эвтэйхэн	24
эллен	24
шээх	24
бүжгийг	24
шумбах	24
туполев	24
жое	24
брендийг	24
уорнер	24
тоглогджээ	24
йосеф	24
гамшгаас	24
лавр	24
канцлераар	24
шарж	24
браво	24
гюнтер	24
финчүүд	24
факультеттай	24
вида	24
бүргэдүүд	24
чехословакчууд	24
арваалж	24
оф	24
карьерынхаа	24
арвас	24
картууд	24
бужиргынхан	24
өрсөлдөгчийнхөө	24
хетафе	24
манж-гогийн	24
тураг	24
брэдбури	24
тавнан	24
суарес	24
күүлиж	24
инносент	24
херст	24
сардинийн	24
севилийн	24
юндэн	24
ионжуулагч	24
леннарт	24
капица	24
зууш	24
бейкер	24
кирби	24
неаполийн	24
монтеверди	24
иннокент	24
кармело	24
ханноверын	24
глинка	24
процессд	24
урлажээ	24
эхлэхдээ	24
тоглолтуудаа	24
бадминтоны	24
гоолджээ	24
георгиевич	24
эвлүүлэг	24
редакторын	24
дизайнд	24
өрсөлдөхүйц	24
статикийн	24
командуудыг	24
вива	24
нарүто	24
бүрдүүлэлт	24
дунджилан	24
суперсоникс	24
буурын	24
яргуй	24
нью-жерсийн	24
даамчин	24
бат-өлзийн	24
коксын	24
үүсвэрүүд	24
хэлтэстэй	24
ялтасын	24
правительство	24
будут	24
префикс	24
хоточ	24
наранбаяр	24
машинч	24
лейцин	24
зунгааралтыг	24
комбо	24
тогтохжаргал	24
статементийг	24
сх-ноос	24
ятгаар	24
дазай	24
клаф	24
аялгад	23
гэхчилэн	23
сэлбэ	23
гүндэгмаа	23
найруулагчид	23
хүнүй	23
гичгэнэ	23
тодруулжээ	23
үрэл	23
мойл	23
улаалзгана	23
хуваариар	23
цэвээндорж	23
рагчаагийн	23
гэлэгжамцын	23
доржготов	23
шийлэг	23
мөнхбатын	23
цогтбаатар	23
вестерн	23
харын	23
хувилгаад	23
хярын	23
автозамын	23
тачир	23
тээл	23
баянчандмань	23
бэлийн	23
баянбалын	23
цэндсүрэн	23
самбогийн	23
дамдиндорж	23
болдбаатарын	23
халиу	23
бунхант	23
мухаммедын	23
мальдив	23
бичмэлүүд	23
зөрөөтэй	23
тасалгаанд	23
колоничлох	23
сэргээхийг	23
пиренейн	23
хугацаан	23
тивүүд	23
инерциал	23
астрофизик	23
хэрэглэхийн	23
файлаа	23
ноёрхолоо	23
пагва	23
хуваарилдаг	23
хаав	23
ялалтанд	23
анхааруулсан	23
сонгуулиас	23
огцруулсан	23
триглицерид	23
палеолит	23
цардмал	23
сумо	23
батсуурийн	23
хэрэн	23
бихар	23
бадамжав	23
цэнджавын	23
зээргэнэ	23
баталгаажуулжээ	23
шувуудтай	23
бохирдлоос	23
баримтжуулах	23
хослуулдаг	23
хөдөлгүүрээс	23
гэрчилдэг	23
хэвлэлүүдийн	23
бялдар	23
хэсэгхэн	23
болхоор	23
давтагдаж	23
тоглоомуудын	23
тохирно	23
татна	23
сонсогдож	23
хүссэнээр	23
устгахын	23
хосуудын	23
ангилалыг	23
түвшингээр	23
парламенттай	23
явуулахгүй	23
томилолт	23
ухаалгаар	23
гүйлгээнээс	23
сэлбэх	23
дэвсгэртийн	23
аймгийнхан	23
төрхтөн	23
овоот	23
ойлгогддог	23
эрдэмтдийг	23
народов	23
уртаашаа	23
холдон	23
мужуудтай	23
лоран	23
луйс	23
тодорхойлолтоос	23
биелж	23
эзгүйд	23
хуралдайгаар	23
гишүүнтэйгээр	23
иргэдийнхээ	23
гурвантаа	23
дэгийн	23
копенгаген	23
өлсгөлөнд	23
байрших	23
сарвуу	23
биенд	23
мөрдлөг	23
тооцоолуур	23
мохаммад	23
лабрадорын	23
давхаргаар	23
хэлбэртэн	23
африкийг	23
чиба	23
оюундарь	23
ассам	23
угсааныхны	23
дүрвэгсэд	23
хаадууд	23
авьяасаа	23
хиа	23
зөгнөлийн	23
төрүүлэн	23
булшинд	23
изинис	23
гүйцээж	23
египетээс	23
гэршүүлсэн	23
экспедици	23
азаар	23
лука	23
нэрлэхийг	23
бөгтөр	23
санхүүг	23
хэрэгслээс	23
юнион	23
мина	23
эрдэмтэй	23
конусын	23
мартсан	23
галактикууд	23
ажиглахад	23
солигдоно	23
хөрст	23
таран	23
орчуулагчийн	23
тохилог	23
зорилтоо	23
хантер	23
родстер	23
дэмжихийг	23
хүсэлтэд	23
хөгжүүлэлтэд	23
цэгцэлж	23
үлдээнэ	23
библийг	23
орчуулгууд	23
сөнөөсөн	23
хоорон	23
эся	23
нэгдэлтэй	23
алдаад	23
бүгдээс	23
хаядаг	23
харгислал	23
хүчир	23
хамсаатан	23
сайгон	23
гаргуулж	23
гаргалгаа	23
жүдогоор	23
бөмбөгт	23
баатаржав	23
өлзий-орших	23
каратэ	23
даваажавын	23
войцех	23
тэсвэрлэж	23
ламбугайн	23
ганачууд	23
бүсний	23
юанийн	23
бондыг	23
нийтлэгджээ	23
танигч	23
амьдарсаар	23
цаанаас	23
шээсийг	23
модоо	23
уригдсан	23
үлдээгээд	23
үзүүлээд	23
ягеллоны	23
даалуу	23
тохойд	23
шилжээд	23
пүё	23
лж	23
реактор	23
ногоотой	23
цэдэнжав	23
хадуур	23
исгэлэн	23
какао	23
витамины	23
солин	23
хүлээлгэх	23
ханамж	23
зогсоогүй	23
саармагжуулах	23
давсууд	23
уриан	23
байлдаанууд	23
беляев	23
нянтайсүрэн	23
романтизмын	23
зүдүү	23
орфей	23
бартлаа	23
леопольдын	23
эргэлтээс	23
гүржавын	23
нөгчсөний	23
гүржав	23
захирагдсан	23
төвшрүүлэх	23
ятуу	23
ангал	23
хэртэй	23
зоо	23
бүтнээрээ	23
тойром	23
бил	23
жимсээр	23
тавихаар	23
ялгавар	23
графикийн	23
агнадаг	23
хишигт	23
өргөдлийг	23
гадуурхалт	23
малтмалыг	23
атмосфер	23
арвайхээрийн	23
халдварлаж	23
ашиглавал	23
эйфелийн	23
моне	23
гегелийн	23
оронгийн	23
тетраэдр	23
шаталбараар	23
өврөөр	23
талибан	23
дууссанаас	23
тээн	23
бразилыг	23
роял	23
эдвардын	23
хураажээ	23
бүлгэмийг	23
гэрээслэл	23
шүлгээрээ	23
жоанна	23
ээжийгээ	23
зөвлөгөөнд	23
мандлаас	23
ухах	23
гавъяаг	23
үлдэхийг	23
барьцаанд	23
бадраагийн	23
хүлгийн	23
архичин	23
дэгдэх	23
нөхдөө	23
төгсгөлөөр	23
улирсан	23
уулнаа	23
шадбал	23
ринчинбал	23
химид	23
задралыг	23
зарилгаар	23
группт	23
хүрэхээр	23
залхаан	23
хүрэхээс	23
бүтээгджээ	23
винченцо	23
хэрэгжүүлэхийг	23
марион	23
ерэн	23
хийгч	23
үргэлжлүүлнэ	23
бичихийн	23
эдгэрсэн	23
гентэй	23
сэрээ	23
дарахын	23
шаньси	23
персийг	23
диу-ын	23
шүтлэгийг	23
ашиглахдаа	23
хязгаараа	23
трансформатор	23
юнеско-ийн	23
төгсгөлөөс	23
гейдар	23
цамхагт	23
анэу-ын	23
хөрсөөр	23
автомашинууд	23
бахадур	23
төрлөх	23
нөхцлөөс	23
гурванзагал	23
королёв	23
ширгэж	23
шийдлийн	23
засварыг	23
ёслолоос	23
нийтээс	23
бүтэлгүйтэл	23
хуудсандаа	23
чартуудыг	23
ремикс	23
өртжээ	23
намибийн	23
хэрэгжилтэд	23
чавчавадзе	23
фараоны	23
зондын	23
башкортостан	23
иезуит	23
брэндүүд	23
оргох	23
үлдээн	23
ангиудтай	23
заримд	23
дохиогоор	23
исп	23
уилт	23
сонсоход	23
идэвхжсэн	23
замналыг	23
шагдаржав	23
дэлэг	23
дэлгүүртэй	23
шавранцар	23
цэрэндолгор	23
төгсөнө	23
үзэхээс	23
аливаад	23
алхмыг	23
дамжуулагддаг	23
сандран	23
хайрхандулаан	23
салхит	23
азжаргал	23
хангарьд	23
клеменс	23
баярбаатар	23
морз	23
мхтс-ийн	23
интеграци	23
португали	23
аспирант	23
тэргүүлэв	23
мөлхөө	23
днх-д	23
тоглолтон	23
хавтасны	23
хувьчлах	23
оролгүй	23
тэгшитгэлүүд	23
тоололын	23
олгоод	23
боомтоос	23
мятавын	23
жүгдэр	23
шаварт	23
мохоо	23
шиддэг	23
ялгалын	23
ботсвана	23
гамби	23
чимиддорж	23
хутгаар	23
байгуулснаа	23
зэгс	23
бүрдлийн	23
цохын	23
будагч	23
тараана	23
мэдэгддэггүй	23
шавьжаар	23
глазгогийн	23
танихад	23
шатарын	23
асуувал	23
богдхан	23
эзэмшүүлэх	23
анализын	23
фарадей	23
заахад	23
кристалл	23
хавхлаг	23
тракторын	23
шарах	23
тоглохын	23
бөмбөлгийн	23
тэмцлээ	23
гаусс	23
өргөнийг	23
картаа	23
таниж	23
бортого	23
явагдахад	23
дотроосоо	23
прусст	23
зугтаасан	23
спортоос	23
програмчлах	23
эвлүүлдэг	23
унагааж	23
ололтыг	23
андропов	23
зурсны	23
идээний	23
кернелийн	23
тараажээ	23
виндоус	23
украинаар	23
байбагас	23
нийтлүүлж	23
тоголдог	23
зугтааж	23
удтал	23
электроникс	23
вернон	23
онтариогийн	23
цовоо	23
ахыгаа	23
цэцэглэх	23
урлагаас	23
шалтгаануудын	23
түгшүүртэй	23
гомель	23
тулалдав	23
парисаас	23
төсөөллийг	23
гранпри	23
зөөвөрлөгч	23
нуранги	23
криминалистикийн	23
тайвшруулах	23
төрөөгүй	23
мамлюкууд	23
тугатөмөрийн	23
заларчээ	23
хиар	23
бактерийг	23
муса	23
авсныхаа	23
сунган	23
цөлсөн	23
баллон	23
лешек	23
влади	23
пакт	23
сэтгүүлүүдэд	23
куала	23
визгүй	23
үйлчилгээнээс	23
сайныг	23
угаасан	23
саксофон	23
чимэглэлтэй	23
түүхийнхээ	23
юстиниан	23
хадаглагдаж	23
найроби	23
филлип	23
хайрцагтай	23
билгээ	23
михал	23
мэдрэг	23
минерал	23
авчрав	23
меркель	23
чүй	23
дайнч	23
омаха	23
дара	23
рокки	23
позднеев	23
ульяновск	23
санагдсан	23
шүүмжийн	23
хүрсэнгүй	23
тогос	23
логог	23
турандот	23
агуулахын	23
бэлддэг	23
ургуулан	23
хоригдох	23
герхард	23
сэтгүүлчдэд	23
этанол	23
шаардлагтай	23
утт-ны	23
үлдэхэд	23
уурагтай	23
дайчдыг	23
аполлон	23
камп	23
шерлок	23
хиллс	23
суулгадаг	23
раш	23
өгье	23
луанг	23
пирр	23
саритай	23
ширний	23
бак	23
чампа	23
хатанд	23
дасгалжуулагчдын	23
мата	23
асуд	23
хөлдсөн	23
московский	23
зугтахад	23
цүшима	23
тогтнохыг	23
дарья	23
вильнюсийн	23
хэлэлцүүлж	23
оно	23
өмнүүр	23
отрядад	23
зодоглож	23
халагдаад	23
алхаа	23
харьж	23
итон	23
дункан	23
царигийн	23
мөчлөгийг	23
дейв	23
тедди	23
марафонч	23
ситийн	23
цаазлав	23
харагч	23
крейг	23
жонес	23
бёрнс	23
шанью	23
жон-хи	23
офицеруудыг	23
эпирийн	23
бичвэрүүд	23
шарай	23
инсулины	23
энхтуул	23
цөмт	23
спектроскопи	23
сүйджээ	23
бээрийн	23
гайти	23
хаялтын	23
лоу	23
альваро	23
хосеп	23
чаушеску	23
биткойны	23
цэвэрлэнэ	23
аяллаа	23
уралдаануудад	23
дагаварт	23
тэнцээ	23
тооно	23
эгшиглэж	23
шилмүүс	23
болзоо	23
камерт	23
бөөлжих	23
максвелл	23
хөлбөмбөгөөр	23
сяньбийн	23
агваржин	23
аммони	23
муждаа	23
фунтийн	23
даавар	23
питт	23
эми	23
литвинов	23
иглесиас	23
өөрчилнө	23
николаус	23
сигизмунд	23
агентлагийг	23
лавайн	23
хэрэгтэйг	23
бернуллийн	23
процессорт	23
нээхийг	23
контекстийн	23
отрар	23
төрмөнх	23
идэвхжүүлэгч	23
наху	23
бастиа	23
хоолноос	23
мундаа	23
сэхээн	23
калининградын	23
коронавирус	23
шийдэлтэй	23
нэвчдэс	23
гумм	23
митозын	23
гелий	23
гильермо	23
күтүз	23
пигмент	23
китая	23
буурцагтны	23
соёолж	23
паулюс	23
анимэйшн	23
коа	23
скарлетт	23
шингэнүүд	23
сорхон	23
сислог	23
тестүүд	23
гончигтавхай	23
дцг	23
беллини	23
гоцлолоо	23
нафталины	23
сидор	23
эсз	23
дагана	22
шадавын	22
гэгээрэлд	22
урсгалуудын	22
гэгээнийг	22
байрлалдаа	22
хөмүүл	22
тошлой	22
сэнгээгийн	22
дамбийн	22
бнмау-н	22
боргио	22
юра	22
зэл	22
өндөршил	22
цорж	22
будын	22
бетонон	22
батцэнгэлийн	22
шуа-ын	22
цэрэндашийн	22
утаат	22
хунчир	22
амтлаг	22
ёлын	22
тэмээгээр	22
улаангомын	22
шав	22
дэнжийн	22
хөвөөт	22
ичинхорлоогийн	22
бугатын	22
хайлмал	22
итгэгчдийн	22
дэвшилтэд	22
яриагаар	22
хөгжүүлэгчдийн	22
шаардан	22
капетин	22
довтолсноор	22
босоод	22
субтропикийн	22
төлөвөөс	22
хашигдсан	22
хэлэлцэнэ	22
болдгийг	22
самгарди	22
хөлөөс	22
бүтэцийг	22
моднууд	22
амлалтаа	22
намынхаа	22
дүвчин	22
цэдэнгийн	22
цэнд-аюушийн	22
ухаарсан	22
ангижруулах	22
хэмээв	22
элсжээ	22
залаат	22
фернан	22
тар	22
өөрчлөлтүүдийн	22
судалгаан	22
вавилони	22
дурлах	22
багажийг	22
лекцийн	22
нүдэндээ	22
зөвшилцөл	22
бичигдээгүй	22
бэлэглэх	22
чигтээ	22
хөдөлгөөнүүдийг	22
нийлбэрээр	22
эрэлтийг	22
нөхцөлүүд	22
индексийг	22
ноёдоос	22
хуанлийн	22
акт	22
захирагчийг	22
хамааралтайгаар	22
чимэглэж	22
хасчээ	22
серийн	22
дардас	22
бүрдлийг	22
хорлогдон	22
номон	22
дагууллын	22
уусч	22
жавар	22
нуураар	22
цохиход	22
үндэслэжээ	22
амьдардаггүй	22
төлөвлөөд	22
мажоритар	22
гоос	22
хэлэлцүүлгийг	22
батлаагүй	22
бариулжээ	22
явдаггүй	22
өрсөлдөгчийн	22
хэлэлцэв	22
болиод	22
сэлтийг	22
халаа	22
саяаас	22
хүртээх	22
мижиддорж	22
цаазыг	22
нөхөрт	22
хүндэтгэлд	22
удмыг	22
бангалор	22
амьдрахын	22
бичээсийн	22
худам	22
гэрчилж	22
хэрэглэхдээ	22
урьдах	22
библид	22
шуугиантай	22
өнчирч	22
зугаалга	22
витебск	22
урссаар	22
тулгуурт	22
тевтоны	22
бараагаар	22
бег	22
төлжих	22
родос	22
өвчинг	22
үүсгэхийг	22
шалгаруулан	22
эдисоны	22
засахад	22
үдэж	22
аденозин	22
массаас	22
тогтолтой	22
дурангаар	22
ажиглалтаар	22
одоохондоо	22
эрдэмтэдийн	22
хувирган	22
нэршсэн	22
даанч	22
түүнээсээ	22
шаардлагатайг	22
коммунизмыг	22
сын	22
мэдэгдлээ	22
илтгэлдээ	22
гарсангүй	22
тохиол	22
үргэлжлүүлсээр	22
импортолсон	22
шерман	22
хангалтын	22
бадамын	22
түрэмгийлсэн	22
эрэлхэгээр	22
айсуй	22
зуучлалаар	22
өрөмч	22
урсч	22
зөрөө	22
кампучийн	22
байцааж	22
шүүсэн	22
авахуулж	22
аятайхан	22
үнэргүй	22
эмирт	22
намжсан	22
даалгавараар	22
лебедев	22
бериягийн	22
хүргэхийн	22
бүрхэх	22
төрлүүдээс	22
өртгөөр	22
болино	22
энхманлай	22
анод	22
пагмадулам	22
диас	22
бүтэлгүйтсэний	22
хөн	22
солиход	22
үүрэндээ	22
үнэрийн	22
зөгийг	22
сагаг	22
цөлөөс	22
тамирчдаа	22
шагнадаг	22
дүүргүүдийн	22
батламж	22
холбоостой	22
суулгагдсан	22
магадлах	22
редакторууд	22
ажиллуулахын	22
тэжээмэл	22
хөлсөөр	22
эзэндээ	22
үлгэрт	22
бутны	22
татаад	22
делавэр	22
бүлгүүдээс	22
брно	22
гараатай	22
чулуулгаас	22
монгол-орос	22
гренада	22
тохионо	22
үйлдвэрлэлээрээ	22
маягаас	22
лооль	22
гектар	22
байгууллагынхаа	22
урьдчилгаа	22
баримтанд	22
бүсээ	22
чадамжийг	22
тооцогддоггүй	22
хордож	22
ком	22
уушги	22
шархлаа	22
илэрдэггүй	22
ойртоход	22
олонлогт	22
хавчиж	22
амжилгүй	22
хийдүүдийг	22
нураах	22
жанчхүүгийн	22
данзанваанчиг	22
лхүнрэвийн	22
чойн	22
жанибеков	22
хөлсийг	22
гэрээслэлийн	22
тавилантай	22
авьяастан	22
вальхалла	22
анзаарсан	22
эрэмгий	22
ихэснэ	22
онгорхой	22
нөхдүүд	22
говиос	22
үргүй	22
үүсжээ	22
хүйтэрч	22
шигтгэсэн	22
лувсанжамц	22
шүдлэн	22
гавшгайч	22
эрдэнэцогтын	22
буянтай	22
үүх	22
чулууд	22
гурвуулаа	22
төлөөлөгчтэй	22
тооцдоггүй	22
явахаас	22
цунами	22
хариуцна	22
улаагчин	22
эрдмийг	22
шуурганд	22
тааралдаж	22
заалны	22
кассини	22
зургуудын	22
хурдацтайгаар	22
нүүрсустөрөгч	22
эхлээгүй	22
хуримтлагддаг	22
үйлчлэхэд	22
жүжигчдийг	22
үст	22
тожоо	22
ялгуун	22
билигт	22
салхич	22
алтанбулагийн	22
аянгын	22
наслах	22
горимоор	22
өгүүллээ	22
астрономийн	22
итгэн	22
тойрноо	22
берта	22
алексис	22
аюулт	22
үгнүүдээс	22
судлын	22
ордуудад	22
нг	22
эвдрэх	22
цохигдсон	22
гэгдэн	22
ялгаруулалт	22
ази-номхон	22
омын	22
сэтгэхүй	22
колонийг	22
бельгид	22
актаар	22
орегоны	22
нэхэмжлэлийг	22
хэлхээс	22
хугарч	22
карамзин	22
нисэн	22
суллагдсаныхаа	22
ро	22
зохиолтой	22
шиллер	22
гэгчээр	22
монголынхоо	22
таньд	22
харгуй	22
энэрэн	22
атаа	22
амжилтуудыг	22
абердин	22
шавраар	22
цэвээнжав	22
осип	22
дампуурч	22
эгчийн	22
эцэгтээ	22
эрлийн	22
юманд	22
оромж	22
даавуугаар	22
авилга	22
хааныхаа	22
поле	22
нисэхэд	22
сэлгээ	22
ханилж	22
толгойлох	22
брехт	22
ховдог	22
еэ	22
бөглүү	22
залуугаасаа	22
нөхөртөө	22
бадрангуй	22
совин	22
аясаар	22
халифат	22
нүүлгэх	22
үест	22
цогцыг	22
исэлдэж	22
оронг	22
сийлбэрийн	22
тобиас	22
алдартнуудын	22
хэмжээтэйгээр	22
эсэргүүцлээ	22
хакасын	22
товруу	22
чандманийн	22
юйвэнь	22
ялаад	22
цаазлуулжээ	22
гарсныг	22
батмөнхийг	22
копли	22
хэлнүүдэд	22
компаниудаас	22
тайлбартай	22
барилгатай	22
ногдуулсан	22
багцаагаар	22
өсөхийн	22
гагц	22
никол	22
пашинян	22
нутгийнхны	22
багасгана	22
аавтайгаа	22
дэлхийдээ	22
чөлөөлөн	22
шанхайд	22
песо	22
орхихоос	22
хоёрдох	22
сонгогдсоны	22
тегеранд	22
эся-аа	22
гамаль	22
залгажээ	22
дагуулалтын	22
байруудыг	22
мадам	22
тариф	22
дипломоо	22
хайч	22
суралцагчдын	22
хошуундаа	22
тавилгын	22
никарагуагийн	22
мэдрэмжийн	22
нөхөрлөлийг	22
университет	22
тэмдэгийг	22
орхонтуул	22
хушаат	22
шаамар	22
батширээт	22
атар	22
ебс	22
суулгаад	22
хотол	22
ээрэх	22
бөмбөрийн	22
тоглосноор	22
афинчууд	22
заалтын	22
хамарын	22
мэдэгч	22
дуурсах	22
мото	22
өлзийсайхан	22
улалж	22
сөнөөв	22
бахамын	22
сейшелийн	22
нүүлгэжээ	22
бейрут	22
бөмбөгдсөн	22
шороог	22
ванчин	22
намсрайжавын	22
түмэн-өлзий	22
цорго	22
дугана	22
сорж	22
хайрсаар	22
шувтарга	22
нянг	22
өвдөлтийг	22
фунтын	22
үений	22
ажиллуулжээ	22
ааштай	22
баядын	22
андуурдаг	22
өвгөний	22
рикагийн	22
хүлээсний	22
миллиметрийн	22
чингүнжавын	22
фуллерен	22
суллагджээ	22
баганы	22
дайрна	22
харх	22
хувиргана	22
давхарлаж	22
командлагчид	22
сэн	22
хориглолт	22
муугүй	22
сайшаасан	22
фашизм	22
давхраат	22
рейганы	22
машид	22
хордсон	22
өвлийг	22
хийморийн	22
эрэмбээр	22
барнаул	22
утгат	22
ойлгоогүй	22
хуулан	22
илгээлт	22
зоригтойгоор	22
операци	22
шалгарал	22
толгойдоо	22
харахыг	22
кент	22
саатуулах	22
туранхай	22
зусах	22
дүүжилж	22
камерон	22
ажилчдад	22
явцаас	22
хязгаарлалтууд	22
беназир	22
санадаг	22
гаврило	22
кайзер	22
аялаж	22
онгоцнуудыг	22
шуудангаар	22
шагнуулав	22
дэмжжээ	22
тараав	22
дэжид	22
гүнзгийрүүлэн	22
үйлчлүүлэгчдэд	22
машинуудын	22
цогнэмэх	22
боохой	22
бүрэнтөгс	22
германчуудад	22
командлалд	22
мец	22
чун	22
дацанг	22
чөмөгний	22
хайхад	22
үзэмжийг	22
лаавын	22
мэргэшлийн	22
гэнэдүүлэн	22
хөвүүнтэй	22
савханцар	22
баптист	22
дарав	22
байрлажээ	22
ассири	22
кнессет	22
таксины	22
ургуулсан	22
испанийг	22
панк	22
бродвейн	22
кейптаун	22
ливанд	22
корпуст	22
ебс-ийн	22
хариултын	22
хэвлэлүүдэд	22
хөгжөөнт	22
османчууд	22
өсөв	22
ажилчнаар	22
экскаватор	22
хандивлаж	22
биетээс	22
зүтгэлтэй	22
бундесверийн	22
дүүжлэн	22
мэдрэгчийг	22
олзонд	22
райо	22
калгари	22
карель	22
дэви	22
абулхайр	22
эстон	22
нярайн	22
даашинз	22
нэвтлэн	22
үзүүлбэрийг	22
кэти	22
олафын	22
блокуудыг	22
бүлгүүдтэй	22
байлджээ	22
иргэншлээс	22
амандаа	22
багшаа	22
оройдоо	22
болгоё	22
алдаанд	22
буучдын	22
цуур	22
доошхи	22
сталинизмын	22
бернардо	22
уэльсчүүд	22
хорлолт	22
мальорка	22
танилцууллаа	22
этүгэн	22
гео	22
мембранд	22
ажиллагаагүй	22
фиде-гийн	22
австрид	22
арслангууд	22
баттута	22
чаплинийг	22
эмнэлгээс	22
үзэгчдээс	22
авалтаа	22
соёрхож	22
юнеско-ын	22
галерейн	22
маккаби	22
когурёгийн	22
спартын	22
моголистаны	22
дотнын	22
ицхак	22
пресли	22
багваахайн	22
перон	22
дагины	22
алуулж	22
мэдээлэв	22
богдод	22
хадгалагдсаар	22
архивыг	22
чадлаас	22
баавгайтай	22
зангиа	22
цэрэг-улс	22
ингэхийн	22
хүлэмжинд	22
түрүүлэхдээ	22
сөнөөж	22
акаев	22
сумы	22
анвар	22
тооцохдоо	22
бүтээгдэх	22
франчайз	22
даалгаварт	22
манайх	22
барилдаад	22
боловсруулав	22
дээрэмчидтэй	22
мэндчилгээ	22
гүнлигийн	22
наймны	22
страсбургийн	22
береке	22
хөлөөр	22
цээрийн	22
тина	22
йоханн	22
хөтөлбөрөөс	22
дэнсмаа	22
киссинжер	22
футзалын	22
чулуунбаатарын	22
тоглолтдоо	22
халдварласан	22
инсулин	22
шээсээр	22
резонансын	22
миттеран	22
росси	22
дэлгүүрээ	22
кола	22
хүргүүлж	22
нийтлүүлжээ	22
жесси	22
хоу	22
клемансо	22
гибсон	22
дерек	22
дасалтай	22
гэй	22
ослогийн	22
хашааны	22
суриковын	22
хальстай	22
өвөлжинө	22
оркестр	22
цомнолыг	22
нигеричүүд	22
нугасныхан	22
телекино	22
духны	22
нирвана	22
хоцрогдол	22
грэм	22
пулитцерын	22
коринтианс	22
монакод	22
гагауз	22
оролцохын	22
сэргээдэг	22
всеволод	22
брукнерийн	22
прокуророор	22
гялалзах	22
жермейн	22
аомори	22
голда	22
лазерын	22
збигнев	22
бжезински	22
пембертон	22
спурс	22
стоктон	22
островский	22
зян	22
сенна	22
леверкузен	22
тестийг	22
качински	22
жерар	22
контентыг	22
контентын	22
пептид	22
чөлөөлдөг	22
концентрацийг	22
тиг	22
зогсоолын	22
арсеналд	22
хөнөөлийг	22
түгээхэд	22
тунгаан	22
замбуу	22
хэрэглэгчидтэй	22
сплит	22
сандаа	22
нин	22
торгуудууд	22
чандрыг	22
сошо	22
байгалиасаа	22
сельта	22
өнгөлгөө	22
интерьер	22
ренцо	22
тохиролцоогоор	22
цохивор	22
репин	22
жэйми	22
репиний	22
барагдуулах	22
хэвтүүл	22
катализ	22
үзмэрийг	22
насанбуян	22
болголоо	22
ополе	22
бендер	22
лорьян	22
ади	22
чусон	22
аризонагийн	22
өршөө	22
данциг	22
кн	22
муухайрах	22
нижний	22
виртуалчлал	22
виртуалчлалын	22
этилен	22
хөрсүүд	22
брюгге	22
уусгагчид	22
астрал	22
про	22
лизин	22
сагадай	22
архимандрит	22
леман	22
принтинг	22
алхамыг	22
абдул-жаббар	22
магомаев	22
резиний	22
шороодлоо	22
цуглуулагчдын	22
шогун	22
стр	22
хөтөлбөрүүдтэй	22
заламгайн	22
трансмембран	22
хабгб-ын	22
аскорбат	22
хондроитин	22
асгардын	22
нэвтрэхэд	21
админууд	21
ялгал	21
ангилагдана	21
бумбат	21
мэхээр	21
захируулж	21
биелүүлжээ	21
мугт	21
говь-угтаал	21
хөшөөт	21
ембүү	21
жагварал	21
цэрэнпунцаг	21
алгуй	21
сууснаар	21
чадраабал	21
шаравжамц	21
булуу	21
хөндийгөөс	21
нийлнэ	21
карын	21
булагийн	21
шумбан	21
оргилж	21
судлана	21
гэ	21
хөдөөд	21
хурлуудад	21
зурагдсан	21
давшсан	21
картье	21
мөстлөг	21
станцуудын	21
зүйт	21
физикчид	21
алдагдуулж	21
чимэглэлд	21
хүүхний	21
түрэмгийлж	21
маргаанд	21
хуваагдахад	21
мордох	21
эцэгтэй	21
ньюс	21
зөвшөөрөн	21
сонгогдлоо	21
уялдааг	21
осмос	21
бензол	21
найрлаганд	21
гайтав	21
пунцагдорж	21
сайнбаяр	21
залран	21
биелэл	21
удирдагчийг	21
хэтэрч	21
ок	21
гама	21
тэрэлжийн	21
организмуудын	21
холбогдоогүй	21
зөрчилддөг	21
зөвлөлдөж	21
элдвийн	21
бууддаг	21
сонирхуулахад	21
эхчүүд	21
надаар	21
жан-батист	21
оруулдаггүй	21
барьц	21
хөрөнгөөс	21
тогтолцооноос	21
давхцдаг	21
батална	21
орлогод	21
баланс	21
дэвсгэртүүд	21
голдоо	21
үртэс	21
саган	21
онгуд	21
дээдсээс	21
чухлыг	21
хадах	21
болгоомжлон	21
нэгтгэхээр	21
баргажин	21
халин	21
тутмаас	21
сонгуультай	21
иххэт	21
дэвсгэрүүд	21
газаргүй	21
харилцагчийн	21
инбаунд	21
үзэгдлүүдийн	21
сахилын	21
ялсаны	21
хүйсээр	21
нэгдэлжих	21
мөхөөж	21
ноёлж	21
салхиар	21
далангууд	21
идеал	21
непал	21
чимэглэгдсэн	21
худалдаанаас	21
аавынх	21
гор	21
маргаанаа	21
завсарласны	21
зогссонгүй	21
гийгүүлэгчийг	21
харчины	21
ойртуулах	21
шатлалт	21
өрсөлдөхөөр	21
өгүүллэгийг	21
халифт	21
өгүүлэхэд	21
паркийг	21
хожигдон	21
дурынхны	21
алберт	21
дайлан	21
урсгасан	21
вазир	21
даргач	21
агнасан	21
дэнс	21
артемисийн	21
хүснэгтээр	21
тодорхойлоод	21
зангийн	21
туршилтаа	21
чийдэнгийн	21
оранж	21
цитоплазм	21
триллион	21
гелийн	21
алинаар	21
тритон	21
тис	21
докторантурт	21
оношилгооны	21
суис	21
үаа-н	21
араатай	21
хүргэе	21
өнгөрсөнд	21
цэргүүдээр	21
жолоодсон	21
сүрдүүлэх	21
тулаанаар	21
трумэний	21
жагсаалаас	21
бон	21
оролцсоноор	21
нааж	21
хятадуудыг	21
арилжааг	21
эжен	21
хичээлээр	21
өргөнө	21
нөхрөөсөө	21
өдөржин	21
түшиж	21
шүүгдсэн	21
ундрах	21
хэрэгтнүүдийн	21
хэрэгтнүүд	21
хорлогдсон	21
түрүүллээ	21
баярсайханы	21
ганзоригийн	21
хэлбичгийн	21
саналд	21
уншигчдыг	21
тэргүүнүүдийн	21
ууршиж	21
үйлчилгээнүүд	21
хязгаарлалттай	21
загварчлалыг	21
кодчилол	21
ялгаанаас	21
хувилбаруудад	21
тед	21
программаар	21
гаршуулж	21
хуримтлуулдаг	21
үнэрийг	21
уламжилж	21
хүрээлэгддэг	21
хадтай	21
үргэлжлэнэ	21
бодно	21
лара	21
цагын	21
дэвсэг	21
гялтгануур	21
орбит	21
гадныхан	21
саяхны	21
баабар	21
ганаа	21
хатдын	21
сэжун	21
хорлож	21
үсрэнгүй	21
гаршуулсан	21
ихгүй	21
үүдэх	21
ноогдож	21
эзэлхүүнийг	21
оллоо	21
хөдөлмөрөөр	21
туршжээ	21
тайваны	21
паркинсоны	21
хүндрэлүүд	21
морфин	21
үүсэхийг	21
шүүлтүүрийн	21
бүлэглэх	21
жанжнаар	21
дүүдэй	21
өчнөөн	21
зигфрид	21
вердигийн	21
илчилж	21
шиллерийн	21
лайпцигт	21
самбаа	21
мушгих	21
бэлгэдэж	21
асуудалгүй	21
давталт	21
програмтай	21
ахмадууд	21
уурших	21
хялганат	21
ноёрхолын	21
хөдөлгөдөг	21
сурагчтай	21
төвлөрүүлжээ	21
нямжавын	21
боролдой	21
маа	21
хувьчлалын	21
хуралын	21
мижидсүрэн	21
цавчим	21
даваанаас	21
олсоор	21
туулдаг	21
тяньжинь	21
чикагод	21
охинтойгоо	21
соно	21
ууршилтын	21
шувуудаас	21
агшиж	21
пирелли	21
биетэд	21
нүүрсустөрөгчийн	21
зориулав	21
ренчин	21
сэдвүүдийн	21
туршлагагүй	21
мане	21
алин	21
консерватор	21
багтаамжийн	21
хөдлөлтөөр	21
үлдэгдлийн	21
дүүргэн	21
баба	21
тимур	21
бэхжсэн	21
перт	21
гаргаснаас	21
вэльсийн	21
нутагласан	21
британичуудын	21
тасманийн	21
имж	21
засаглах	21
тасмани	21
экспортолдог	21
нолан	21
уиллиамс	21
пропорционал	21
нэмэгдүүлжээ	21
өөрчилснөөр	21
суусаар	21
кэбэкийн	21
эрнесто	21
буэнос	21
гэсэрийн	21
сүмтэй	21
дэлдэн	21
хөөр	21
есенин	21
итгүүлж	21
потанины	21
линь	21
багануурын	21
ёочин	21
эздийг	21
чухалд	21
хэмнэж	21
мандлыг	21
хайран	21
дүрсээр	21
барилдлага	21
найрууллын	21
учруулна	21
коммуны	21
цохигдож	21
утаснаас	21
вегетатив	21
гич	21
селевк	21
шад	21
дээшилсэн	21
сунах	21
загал	21
өмгөөлөгчийн	21
гэснийг	21
экватороос	21
бактериуд	21
цагааныг	21
гидрологи	21
тутамдаа	21
тэгэхлээр	21
багад	21
софокл	21
хянана	21
хүссэнээрээ	21
үүсгэхгүй	21
дурьдагдсан	21
гярхай	21
хандиваар	21
өндөрлөгөөс	21
дурсдаг	21
интернэтийг	21
микрокомпьютер	21
гуайг	21
зугатан	21
гүйцээгүй	21
металлург	21
гадаргыг	21
байцааны	21
арменид	21
бүтээгддэг	21
марз	21
персүүд	21
самур	21
хөц	21
поли	21
эзэмшилдээ	21
суугчидтай	21
зөвшөөрөгдөж	21
бутанд	21
тайвнаар	21
макаогийн	21
заналхийлсэн	21
нэмжээ	21
рианна	21
цомогтой	21
магтсан	21
энгэрээ	21
дэвшихээр	21
эвлэрэх	21
мянганд	21
нарсан	21
тээвэрлэлтийг	21
мавереннахр	21
сууринтай	21
далангүй	21
тэмүүлж	21
ярилцагч	21
сервантес	21
дугуйгаар	21
чиглэлүүдийг	21
зорчигчид	21
төсөр	21
хангамжаас	21
худалдаагаар	21
залгуур	21
харайлтаар	21
чемберлен	21
никсийн	21
түйн	21
бавуудорж	21
азар	21
пүрвээ	21
баттогтох	21
төвөөсөө	21
лувсанвандангийн	21
буруугаа	21
тэмүүлэх	21
алаг-эрдэнэ	21
манлайлсан	21
рэн	21
хоорондуур	21
сийлэн	21
цүлтэм	21
залгуулдаг	21
хоймор	21
мижидийн	21
дашдондов	21
дамжуулжээ	21
гэрэлтдэг	21
вып	21
мхтс	21
хөтөлбөртөө	21
ярьдаггүй	21
динамикийг	21
салгахад	21
сургуулилтаа	21
бүжиглэдэг	21
уургуудын	21
уурхайнууд	21
сорьц	21
уусмалаас	21
тэмдгүүдийн	21
швецарь	21
амьжиргаа	21
баян-уулын	21
шулууны	21
тэгшитгэлээр	21
таамаглалд	21
изабель	21
жибути	21
зэврэлтээс	21
дэлгэрмаа	21
нэгдэлийн	21
эхлэхээр	21
арилгагч	21
нүхэн	21
сахлын	21
гэрэлтэх	21
залбирч	21
эго	21
хугарал	21
бодончар	21
вирусны	21
оройгоор	21
хойморт	21
зовиур	21
үтрээний	21
фотоны	21
эрдэмтдэд	21
савар	21
сүрэнжавын	21
болцгоосон	21
эмс	21
хотогойдын	21
өөдөө	21
зугтахыг	21
хөлгүүд	21
молийн	21
гмина	21
хаалгачийн	21
шаналал	21
япончуудыг	21
цензур	21
биелүүлэхээр	21
зогсоод	21
дивизүүд	21
гишүүнчлэлийн	21
эхдээ	21
бярман	21
кассет	21
элитүүд	21
америкад	21
буянтын	21
форматтай	21
дарлал	21
шигтгээ	21
генүүдийг	21
фенотип	21
тэмцэлдэх	21
гэрлэхээс	21
сонатын	21
төсөөлөн	21
зөвөөр	21
эрлэгийн	21
шийдвэрлэхийг	21
союза	21
невскийн	21
дүгнэн	21
гүнзгийрүүлэх	21
тээрмийн	21
бэлтгэхдээ	21
заанууд	21
аслан	21
зогсоо	21
григорьевна	21
оливье	21
өндөрлөгийг	21
хөхүүлэн	21
тусгаарлалт	21
бхутто	21
лодзь	21
авсанд	21
өрсөлдөгчдөөсөө	21
тангудыг	21
гаталсан	21
төсөөлөх	21
мамба	21
хойдын	21
хурах	21
тэргүүтнийг	21
өлзийбаяр	21
хөршүүд	21
харав	21
катерин	21
хязгаараар	21
санваартны	21
шингэдэг	21
муссолинигийн	21
европтой	21
тэмцэгчид	21
буруутгах	21
эзэнтэй	21
аятолла	21
хэрээс	21
хувцасыг	21
абель	21
бодолтын	21
гайгүй	21
зэрлэгээр	21
карачи	21
зорилтын	21
ялагдашгүй	21
судсанд	21
электрод	21
кодонд	21
клубүүд	21
санаачилгын	21
хаос	21
исэлддэг	21
козак	21
харлуг	21
хүрснээр	21
орхидог	21
центийн	21
дцс	21
анклав	21
хуваагдсаны	21
дэвшүүлдэг	21
тувачууд	21
вен	21
калашниковын	21
түлхүүрүүдийг	21
абакан	21
ганбатын	21
карел	21
даалгавруудыг	21
уртааш	21
алис	21
удаж	21
цацрагт	21
барьцаалж	21
антибиотикийн	21
үзүүлдэггүй	21
лори	21
суулгалт	21
устгасны	21
сувгуудын	21
мезоамерикийн	21
цэрэгтэйгээр	21
нутагшуулсан	21
андуурах	21
николсон	21
карнатака	21
замбийн	21
акира	21
ахыг	21
олгохоос	21
хүчүлүг	21
лууны	21
брэндон	21
туршлагаар	21
хөвгүүдэд	21
хүрж	21
таарахад	21
алага	21
тааз	21
синтезийн	21
лицензээр	21
онох	21
гитарчнаар	21
уянгалан	21
небраска	21
тайрч	21
лагос	21
зүйлстэй	21
угсаатныг	21
янгон	21
дагаврын	21
уралдуулан	21
алтаргана	21
цацрагууд	21
сүйрлээс	21
лукашенко	21
жуниор	21
умберто	21
монтевидео	21
мики	21
володимир	21
рита	21
зүтгэлтний	21
ховдол	21
шижингийн	21
тяньаньмэний	21
радын	21
маккинли	21
харолд	21
гитарыг	21
альфредо	21
сэтгүүлчдийг	21
конан	21
пен	21
берти	21
райли	21
даллес	21
чамдаа	21
хуурах	21
шаахайн	21
испан	21
баден-вюртембергийн	21
хөзрийг	21
шивэгчин	21
тайгад	21
шардуу	21
дэлгэцээр	21
хагарсан	21
прагматик	21
вестфалийн	21
ажай	21
стандарттай	21
рубинштейн	21
дурангийн	21
эмжээртэй	21
хатуурал	21
хүлээ	21
ийд	21
чамархайн	21
идээт	21
хаагуур	21
залилан	21
аденауэр	21
амеркийн	21
карлыг	21
эллиот	21
палас	21
станиславский	21
гриссом	21
будапештийн	21
серхио	21
тэнсэн	21
янош	21
канеман	21
биллбоард	21
шостакович	21
агуулахыг	21
бүдэрсэн	21
цацагджээ	21
убтз	21
пенс	21
артек	21
надь	21
хорти	21
инновацын	21
капсул	21
мембрантай	21
ассамблейгаас	21
полиморф	21
леванте	21
замчин	21
ты	21
удаашруулах	21
хүзүүдэж	21
найруулагчдын	21
чиглэлүүдээр	21
байгуулсаны	21
дугуйнд	21
рубио	21
жизнь	21
факс	21
сян	21
херенвен	21
худалдагдан	21
байдалыг	21
йога	21
экспедицид	21
рэйчел	21
сенегалчууд	21
ферментүүдийг	21
гүйцэтгэлд	21
чуулдаг	21
сорилтын	21
цианид	21
микориза	21
тобагийн	21
цайдамын	21
адъяабат	21
модулиуд	21
гүрёогийн	21
добун	21
байгсан	21
карбоксил	21
болвоос	21
утааны	21
зеленский	21
цилиндртэй	21
оратори	21
болмуй	21
эмульсийн	21
автоматик	21
сүвонь	21
экз	21
гуно	21
сарангэрэл	21
хувьсагчдыг	21
линзийг	21
координацын	21
гялбаатай	21
пушту	21
бадаргуулт	21
витте	21
матвей	21
квжд	21
глициний	21
цоорхойг	21
эвиан	21
стор	21
концепт	21
о-цагираг	21
араат	21
холестерин	21
маб-ын	21
даманы	21
фанжио	21
сертификатын	21
эксо-н	21
тахарын	21
синтаза	21
проекцийн	21
дороги	21
монтевердийн	21
ацил-коа	21
мамен	21
макаревич	21
кампусууд	21
эпигенетик	21
васи	21
кеннан	21
пезешкианы	21
байгаарай	20
роботууд	20
тодорхойлбол	20
мэдсэний	20
первой	20
вебстер	20
буддист	20
сэтгэгчид	20
улан-батор	20
блю	20
ямаат	20
мангир	20
тайгаар	20
лхагваа	20
дамдинжавын	20
хагархай	20
нууруудтай	20
цэрэндондог	20
баттөр	20
ядмаг	20
баяржавхлан	20
адъяахүү	20
төвлөж	20
дэгд	20
улаангомд	20
харгайтын	20
сэнгэдорж	20
бааст	20
хэмжилтээр	20
голдирол	20
тасдан	20
өглөг	20
асуудлуудтай	20
хэлзүйн	20
хувилах	20
батсайханы	20
оёх	20
антилын	20
түүхнээ	20
өгсөнгүй	20
тулгуурлах	20
бумбын	20
архимедын	20
уламжилсан	20
баримтална	20
мэд	20
илгээхээр	20
гаргавал	20
гэрлэхийг	20
цитоплазмд	20
хэлбэлзэлтэй	20
ед	20
леланд	20
санаачлагчдын	20
ажилгүйдлийг	20
настны	20
баатартай	20
миеэгомбын	20
ройтерс	20
нөхдөг	20
элсэнцэр	20
насантогтох	20
доржготовын	20
аюур	20
дэмчигийн	20
сумъяабазар	20
маяа	20
ерхөг	20
тэхийн	20
тарваганы	20
аяараа	20
гэлэгбаатар	20
элдвээр	20
хотос	20
дүрмээ	20
геофизик	20
риттер	20
байдлаасаа	20
бүлгэмдэл	20
мониторингийн	20
гүйцэтгэхдээ	20
тоормос	20
зангилаанаас	20
ойлгуулж	20
хувьслыг	20
функцүүдийн	20
риманы	20
категорийн	20
эрэлхийлэх	20
хэлье	20
үзэсгэлэнгүүдэд	20
азгүй	20
бөөнөөрөө	20
бүгдээр	20
сэтгэгдлийг	20
гүрнээ	20
холбоон	20
гаргалтын	20
болгохоос	20
хуримтлуулан	20
цутган	20
устгалын	20
оруулахдаа	20
өнгөө	20
шугаманд	20
аймгаа	20
гирин	20
хэбэй	20
барьснаар	20
хаахаар	20
зүтгэлээр	20
цэвэрлэдэг	20
гумилев	20
цайлган	20
хязгаарлагдана	20
зүгтээ	20
ястнаас	20
цөөтэй	20
дарагдсаны	20
гэлэгийн	20
сумъяабаатар	20
оройгоос	20
мэдэгдсэнээр	20
оюутолгой	20
батлагдсаны	20
мандатын	20
өргөснөөр	20
утгатайгаар	20
цэмцгэр	20
идэвхжүүлэлт	20
цагаатгажээ	20
үзүүлсний	20
хэрхэвч	20
зориулах	20
урду	20
рахман	20
төрөлтийг	20
эзлэхүүнтэй	20
босфорын	20
булангаас	20
бодрол	20
бэлгүтэй	20
эрхэс	20
индиа	20
жайнизм	20
зөвшилцөлд	20
анэу	20
амьдраад	20
хонконгод	20
вирусүүд	20
паразит	20
мрнх	20
дуулиантай	20
суурингаас	20
савхин	20
төмөртэйн	20
биеллээ	20
ярианаас	20
саатуулсан	20
хүчдэлд	20
хөлөн	20
иудей	20
куман	20
финик	20
дараатай	20
ялагчид	20
рокфеллерийн	20
хүндрэлийн	20
тойрогтой	20
бодисийн	20
хором	20
бадамгарав	20
биднээс	20
нууцад	20
хаббл	20
дүгнэлтэнд	20
бидэн	20
үүссэнээр	20
замаасаа	20
даваасүрэнгийн	20
удирдамжийг	20
гүнээ	20
санваартнууд	20
зөвлөлтөөс	20
дэлбэлсэн	20
эхлэжээ	20
бүрэлдхүүнтэй	20
баялагийн	20
мицүбиши	20
тохиролцсоны	20
алдаг	20
хүрэгчид	20
арагон	20
хөгшид	20
цахилгаанд	20
цохиулж	20
пластик	20
пролетари	20
хохирогчид	20
дэнжид	20
ядаргаа	20
татахыг	20
португалд	20
эзлэгджээ	20
тэмдэглэлээ	20
сурмаажав	20
мэдээлэгч	20
найдлага	20
чойбалсанг	20
саналууд	20
бадминтон	20
хүрэлбаатарын	20
бэгз	20
дашдулам	20
хүрмэгц	20
бичээчийн	20
цариг	20
допингийн	20
кофи	20
валери	20
ээлжилж	20
зураастай	20
ниязов	20
сувгуудаар	20
ашиглаарай	20
ол	20
бөхт	20
хамартай	20
нервийн	20
иртэй	20
бараанд	20
туурга	20
орь	20
чамайгаа	20
олимпиадыг	20
варна	20
дар	20
сольдог	20
мөргөх	20
гэгээтэй	20
визант	20
альп	20
оруулахаас	20
хүрээлүүлж	20
солонгостой	20
тохижуулсан	20
чадвартан	20
алагдах	20
тэгшитгэсэн	20
ангууч	20
томъёонд	20
техникүүдийг	20
биомассыг	20
метаны	20
генүүдийн	20
тэвчих	20
шүдийг	20
үхрийг	20
үйлдвэрлэнэ	20
амьтадыг	20
архитекторын	20
илэрвэл	20
хослуулах	20
берлинийг	20
зөвлөлтүүд	20
нөөцөлсөн	20
холландын	20
мариана	20
өдрүүдээр	20
гэрийнхэн	20
үүссэнээс	20
хатгалгаа	20
бүрхүүлээр	20
авахаа	20
нөхөрлөсөн	20
удаашруулж	20
урамшуулах	20
лоозон	20
дамчаагийн	20
федюнинский	20
савиных	20
грегор	20
алфред	20
тивдээ	20
олохгүй	20
бетховены	20
тоглуулжээ	20
маврикий	20
хамбургт	20
зэрэгцэж	20
нэвчиж	20
үүсэхгүй	20
буусны	20
давдаг	20
шийр	20
гэрсэнзийн	20
горлосын	20
нямсүрэнгийн	20
шуургатай	20
балгасыг	20
соёлоор	20
хэц	20
байгуулагдахаас	20
хашаатын	20
мөрөөс	20
програмаа	20
үүсгэхдээ	20
филологи	20
улаанхад	20
засварт	20
байгалмаа	20
бахархдаг	20
телевизүүдийн	20
уусмалаар	20
сэрээтэрийн	20
өвчнүүдийн	20
ринчений	20
задруулсан	20
дорны	20
эрдэсийн	20
хичээлүүдийн	20
эзэмшинэ	20
зэргүүд	20
ордтой	20
синатра	20
юникод	20
тэмүүлэлтэй	20
хьюм	20
зөвтгөх	20
кантын	20
фурье	20
гватемалын	20
тэтгэн	20
росарио	20
хөгжүүлэхээр	20
крикетийн	20
нэрлэхдээ	20
диэлектрик	20
францчуудын	20
саскачеван	20
томилогддог	20
эхнэртээ	20
шархаа	20
даалгүй	20
аравны	20
луна	20
зэмлэл	20
чойном	20
танаа	20
гайхаж	20
золгох	20
наяад	20
дурамжхан	20
уншуулж	20
модот	20
цагаадай	20
дагалдагчид	20
сурталчлахад	20
толстойн	20
зохиолуудаа	20
ницше	20
сэтгэгчдийн	20
хөдлөн	20
идэхэд	20
айргийг	20
баясах	20
талбараас	20
генуягийн	20
жагсчээ	20
төвөг	20
тулалдахаар	20
тверийн	20
үрж	20
чанасан	20
даавууны	20
шаргалдуу	20
зөрчлөөс	20
эрлэг	20
хяруу	20
олохдоо	20
бүсгүйчүүдийн	20
захидлаар	20
гутрал	20
ялта	20
охинд	20
тэмүүлсэн	20
сэргийлсэн	20
илрэнэ	20
компьютертэй	20
интерфейсээр	20
хувилж	20
ургамалууд	20
бүрхүүлүүд	20
анжело	20
амстердамд	20
флора	20
барилгачдын	20
хулгайлагдсан	20
виржиниагийн	20
сануулга	20
таалагдаж	20
удмынхны	20
мольер	20
тэрбумаас	20
гээч	20
уншаад	20
хангагч	20
тависан	20
зөрсөн	20
бүтэцлэгдсэн	20
цуваанд	20
хэлбэлзлийн	20
ботид	20
эртнийх	20
хээнцэр	20
тэжээлтэй	20
шуша	20
далайцтай	20
тандалт	20
муссон	20
баргууд	20
засагчдын	20
ширгэсэн	20
новосибирскийн	20
байцаа	20
борнео	20
байшинтай	20
ирэлт	20
клипний	20
батуми	20
португалаар	20
грэйс	20
чанаруудтай	20
лорен	20
каракорумын	20
бөглөрөл	20
текстэн	20
суллажээ	20
хөөргөжээ	20
ойрадуудын	20
илгээхийг	20
андижан	20
эхлүүлэхийг	20
зогсоохоор	20
рекордс	20
бүлдээ	20
түрлэгийн	20
банзар	20
суурилуулан	20
саа-н	20
мэдээлийн	20
шөнөгүй	20
хүйн	20
золгож	20
наро	20
ууль	20
нүүд	20
салаанд	20
ашиглахаа	20
нөгөөг	20
хөгжимчний	20
гараж	20
дарамын	20
бороонд	20
номлогчийн	20
өгснөөс	20
гармагц	20
илгээгчийн	20
ашихай	20
хосоороо	20
жеймсийн	20
кэмерон	20
уухад	20
экспортыг	20
хэмжигдхүүн	20
тасгийг	20
бордоог	20
иран-иракийн	20
италиас	20
фульхенсио	20
алеппо	20
семит	20
сирид	20
цуглааны	20
янжин	20
магистрийн	20
ардчилалд	20
ивээх	20
овоглосон	20
бэрхийн	20
наушки	20
аяныг	20
завсраар	20
эрхтэний	20
зангилааг	20
хийтэй	20
өндөгнөөс	20
шүлс	20
ургамлуудад	20
идэгч	20
дуул	20
тоглохоос	20
ялагчаар	20
үлээх	20
делла	20
найртай	20
бодохгүй	20
жингээ	20
мосс	20
помпей	20
хоокс	20
нийцүүлэх	20
буугджээ	20
заримаас	20
эрээс	20
инерцийн	20
зугатаж	20
бөмбөгөнд	20
тэсэж	20
хэмжээнээсээ	20
буйгаас	20
зөвлөлт-германы	20
нато-ын	20
райхстагийн	20
серафимов	20
мбит	20
барух	20
сөнөөх	20
тавихдаа	20
явахын	20
хөөрөгний	20
линус	20
хураагуур	20
технологич	20
российская	20
цолонд	20
ярославын	20
гриффит	20
генотип	20
аврахаар	20
айзенах	20
дээрэмчдийг	20
гарнизон	20
гвардын	20
нийгата	20
зөрөлдөөн	20
мөлгөр	20
хагалах	20
женевт	20
парисийн	20
золгүй	20
орсныг	20
дора	20
тэнгэрүүд	20
бүлүүд	20
маха	20
хуран	20
хөшөөнүүд	20
кутузовын	20
анно	20
хуралдаанаа	20
хуулсан	20
густаво	20
хонхыг	20
санаачлагатай	20
сэвсгэр	20
дарлигин	20
ирэхээр	20
эгнээнээс	20
чадваруудыг	20
суралцагчдад	20
алдаршуулах	20
комбайнч	20
нөлөөгүй	20
номлогчид	20
ажилтнуудаас	20
самурай	20
кипчакийн	20
с-ийн	20
несториан	20
салоники	20
хожид	20
дагалдуулан	20
индонезээр	20
наурызын	20
рухолла	20
басра	20
эсэргүүцэв	20
сионизм	20
нэвтрүүлэхгүй	20
тооцооллоор	20
бүлийнхэнтэйгээ	20
коммутатив	20
хаасны	20
сан-францискогийн	20
зааныг	20
абага	20
гэлэнмаа	20
мөргөлдөөнөөс	20
белорус	20
херсон	20
украинаас	20
алонзо	20
коби	20
кайл	20
шаардлагууд	20
гогийн	20
арпад	20
адамсын	20
өрөөнүүд	20
ухрав	20
зорилтуудын	20
бригадад	20
нуралт	20
хагалбар	20
щелкунчик	20
уашт	20
микроскопын	20
хайд	20
эзхтз-ийн	20
цуглуулгаас	20
цагдаад	20
явъя	20
шинэчлэлд	20
уналтыг	20
өрөмдлөгийн	20
харагддаггүй	20
ригагийн	20
сорогч	20
одын	20
алуурчны	20
турку	20
эзэмшихээр	20
ниагара	20
зальтай	20
ацтекийн	20
хризантем	20
сан-диего	20
чит	20
республика	20
блокын	20
крэйг	20
суухдаа	20
сэдвээ	20
хиртсэн	20
цэнджав	20
шумбуур	20
товойлгон	20
александрыг	20
багийнхныхаа	20
форвард	20
төрүүлэв	20
балган	20
рэппер	20
скопье	20
бертран	20
хорлогч	20
флойд	20
хариулдаг	20
громыко	20
транскрипц	20
нийгэмдээ	20
сото	20
хөдөлгөм	20
мая	20
чичэн	20
шумбаж	20
жеки	20
лобби	20
роланд	20
төрөлтөөр	20
манчестерийн	20
сүрэл	20
гимназийг	20
хунан	20
чуйков	20
кэмпбелл	20
рамос	20
хавын	20
агууламжаас	20
валентийн	20
дуураймал	20
спиртийн	20
гүйцнэ	20
толгойноос	20
сортууд	20
жимстэй	20
ястай	20
йонас	20
сэлэмний	20
хөгжсөнөөр	20
франчайзын	20
халтарын	20
хөгжимдсөн	20
өрсөлджээ	20
угсармал	20
онош	20
цохиод	20
жоржтауны	20
төвгөр	20
өндөрийн	20
ямбаасаа	20
барьцаалах	20
комаров	20
ср	20
венеци	20
косовог	20
форрест	20
жоэл	20
конгийн	20
арабчуудын	20
лок	20
авангард	20
уругвайд	20
даллага	20
тэнцэл	20
хэлцлийн	20
хайргүй	20
хөтөлбөрүүдэд	20
курсэд	20
суналт	20
завьч	20
тохиолдуулсан	20
салли	20
дуулианы	20
гэгээнд	20
хоншу	20
жошуа	20
аляск	20
гуантанамо	20
уотсон	20
олзлов	20
вилсоны	20
дорнодыг	20
линч	20
гэгээнтнээр	20
улсаасаа	20
максимилиан	20
хитийн	20
гуччи	20
руди	20
хатуурч	20
бү	20
имре	20
жавхаа	20
жигжидсүрэнгийн	20
монгольской	20
монца	20
лхасүрэн	20
бариулах	20
хамтлагаараа	20
хабсбург	20
дуэт	20
мэйсон	20
чингим	20
титэмт	20
нэмүү	20
шалгарах	20
шанду	20
гамсахурдиа	20
стокгольмын	20
хулганыг	20
оролцогчдыг	20
баркли	20
сианук	20
конкорд	20
готтлиб	20
бүтээлцсэн	20
саманта	20
фактор	20
тим-ийн	20
хамгын	20
эдогийн	20
морзе	20
пилсудски	20
арсен	20
нууцалсан	20
оракл	20
эллисон	20
ярин	20
градиент	20
хатгамал	20
леся	20
энгүүн	20
карр	20
харууллаа	20
уйлж	20
хб	20
гоблин	20
бохум	20
чансаанд	20
дайан	20
хамтлагаар	20
все	20
эндоген	20
миллуолл	20
жэйк	20
шинжлэлт	20
бичвэрт	20
твенте	20
тэнцэхэд	20
мөрдөс	20
командлаж	20
росток	20
душанбе	20
тайлбарлахын	20
таталтын	20
гавр	20
эллас	20
пин	20
бодисуудаас	20
востока	20
порошенко	20
витаутас	20
протоколуудын	20
хамтлагтайгаа	20
панцир-с	20
тэнгэризм	20
гидродинамик	20
даалин	20
баар	20
артаньян	20
ууба	20
пуруша	20
өөртэйгөө	20
цогзол	20
чосон	20
кү	20
гарагаар	20
чулуулгууд	20
платин	20
дөхүүлэх	20
багцуудыг	20
пакетууд	20
хэвлэгчийг	20
дугаарууд	20
мэрсээ	20
маркийг	20
бурдуков	20
будет	20
гараалахдаа	20
каи	20
сүху	20
нтх-ны	20
песни	20
баффет	20
один	20
нууцлалтай	20
тартюф	20
шошгоны	20
биткойн	20
компрессор	20
шифрлэлтийг	20
гуминий	20
кампуст	20
тэрэгнүүд	20
замчлал	20
этернет	20
траффикийг	20
эрдэнэсайхан	20
лүа-н	20
договаривающихся	20
блокчэйнд	20
апоптоз	20
оошима	20
райкин	20
тампон	20
гребенникова	20
шатлан	19
өвөрлөгч	19
проблемы	19
ноа	19
замын-үүдийн	19
нугараач	19
аньс	19
баяраагийн	19
цэвэл	19
чимгээ	19
адилбишийн	19
мандалговь	19
адьяа	19
хөөвөр	19
завханмандал	19
мөнхчулуун	19
гарди	19
сартуулын	19
гончигдамба	19
итх	19
нислэгтэй	19
мб	19
цамбагарав	19
ням-очир	19
тайлбарууд	19
агнахыг	19
тогтворжсон	19
бэлчирийн	19
үлдэгдлүүд	19
гө	19
мандуулах	19
амынхаа	19
эрэлхийлдэг	19
иудейн	19
атомоос	19
биесийн	19
богдоос	19
аянгат	19
морджээ	19
голомтыг	19
сөнид	19
барималчид	19
будала	19
шатаас	19
нэвтр	19
хална	19
мүн	19
рд	19
олговор	19
чармайж	19
синглийг	19
ланд	19
хялгас	19
энхболдын	19
дамдингийн	19
ринчиндорж	19
цэрэндаш	19
сумьяа	19
сэрж	19
баярбат	19
герасимов	19
үндэснийхээ	19
кеплер	19
аргуудтай	19
барагцаагаар	19
аргуудад	19
зааланд	19
тоглоомны	19
зугаатай	19
асарч	19
женова	19
элэгдлийн	19
үүсвэрээр	19
механизмтай	19
цагаанаар	19
офсет	19
хүндэл	19
восточной	19
брахми	19
хавчлага	19
шилка	19
цөх	19
мори	19
тарифын	19
тооцжээ	19
хүчингүйд	19
хураана	19
отго	19
мужаар	19
польштой	19
польшоос	19
сонирхолын	19
цэнээ	19
чандлан	19
тооллогыг	19
томъёолсон	19
фабиан	19
бататган	19
гүйцэтгүүлэх	19
хөлслөн	19
булантай	19
боловсорно	19
хохиролтой	19
оролцогчдод	19
гч	19
клавдий	19
эрчүүдэд	19
хэзээд	19
харахаар	19
памир	19
юугаа	19
бомбей	19
хүлцэнгүй	19
лора	19
компанит	19
илтгэгчийн	19
нээгдээд	19
чоймаа	19
болгосныг	19
нангиад	19
давидын	19
тайлбарласнаар	19
шавьтай	19
сайшаан	19
наалддаг	19
эйрвэйз	19
шалгарахад	19
бурхантай	19
түркийн	19
эмчлүүлэх	19
дашт-нд	19
хасуулсан	19
бишоп	19
сет	19
шинэчлэлээр	19
этна	19
алжирт	19
тусаа	19
гизагийн	19
харилцуур	19
аварчээ	19
паркт	19
өсгөгч	19
генераторыг	19
уншин	19
өвчнөө	19
дөт	19
гаруйхан	19
заагласан	19
үзэгдэлтэй	19
агших	19
атомт	19
хэлбэлзэх	19
цагирагийн	19
төрөгчийн	19
хендрик	19
профессоруудын	19
цогоо	19
өмгөөлөгчдийн	19
хичээлээс	19
хангагддаг	19
шалгуурт	19
иймийн	19
цэгцлэх	19
өгүүллүүдийг	19
туйлширсан	19
вавилонийн	19
барууныхан	19
сталинтай	19
хүчгүй	19
түдгэлзсэн	19
автомашинаа	19
нэгтгэлүүдийг	19
хүлээлгүй	19
эзэллээ	19
кэсон	19
дивизээс	19
хонож	19
ярилцжээ	19
хэлтсээс	19
устгаснаар	19
дэглэсэн	19
якуб	19
ойрадуудыг	19
турфан	19
пот	19
хотынхон	19
харгалзагч	19
километрт	19
нямбуу	19
зэмгүй	19
явуулахдаа	19
уулзахдаа	19
комиссоор	19
явснаас	19
сиднейд	19
оноор	19
бямбаагийн	19
номин-эрдэнэ	19
наранжаргал	19
суралцахын	19
эрсэдсэн	19
саппоро	19
уулзалтууд	19
эхэлсэнтэй	19
клинтоны	19
балны	19
дурладаг	19
зааварлагчаар	19
дебит	19
хүзүүтэй	19
тэсч	19
хамрыг	19
борц	19
даадаг	19
гхя-нд	19
уйтгартай	19
элементээс	19
марино	19
нотолдог	19
цэцэрлэгүүд	19
вануату	19
нийлүүлэгчдийн	19
эдүгээгийн	19
умардаас	19
зогсчээ	19
хэмжигдсэн	19
хүрдэн	19
шавьжны	19
саравч	19
фермд	19
ширийг	19
даалгаварыг	19
нуугдмал	19
грекийг	19
италитай	19
хүчинг	19
филиппины	19
согог	19
донтсон	19
дэгдэлт	19
трифосфат	19
мутант	19
ихсэлт	19
хатгаа	19
зааварчилгааг	19
өртөөгүй	19
самданжамцын	19
ефремович	19
горбатко	19
шуберт	19
паули	19
хоншоортой	19
бичлэгтэй	19
айрес	19
загасчлах	19
ажиллуулна	19
цэдэндамба	19
долоннуурын	19
долгоржав	19
зусдаг	19
барилдуулж	19
намгийн	19
бурхант	19
хөндийтэй	19
содов	19
хөгнө	19
өмнөт	19
тохижуулж	19
телевизор	19
ванданцэрэн	19
буухад	19
үндсээрээ	19
хэзээнээс	19
улиастайд	19
дажин	19
тютчев	19
жагсах	19
оновчлол	19
ханат	19
боловсролгүй	19
эрхлэлтийг	19
тундрын	19
ялзмагт	19
нутагшсан	19
биеийнхээ	19
геологичид	19
пирит	19
нэвчин	19
зөвлөлтэй	19
золоор	19
шүлгээс	19
тэмцэн	19
тэнцдэг	19
авъяасыг	19
сүүлээ	19
шатлалаар	19
диодыг	19
бэртсэн	19
атлантик	19
нумыг	19
херат	19
талибаны	19
цаашлан	19
августус	19
вэльс	19
мандарин	19
цуглаанд	19
конденсатор	19
римский-корсаковын	19
ялиг	19
хонгилын	19
салаалж	19
цацал	19
таарчээ	19
тэнцүүхэн	19
шилтгээнд	19
хүсэлгүй	19
хаким	19
сэдэвлэж	19
хатагтайн	19
шилдгийн	19
харьяалагддаггүй	19
дөрөвхөн	19
муугийн	19
бусдыгаа	19
ямба	19
үйлчилсэн	19
намтартаа	19
заналт	19
төмөрийг	19
цугларалт	19
хаандаа	19
тулаанууд	19
алдаршуулжээ	19
харьцаанаас	19
кафка	19
чадаагүйн	19
эхлүүлдэг	19
октавын	19
халагдан	19
хөндийрч	19
хөрвүүлэг	19
халил	19
дээрэмдэх	19
людовик	19
фредрик	19
коэнзим	19
компьютеруудын	19
амтгүй	19
намтарт	19
өсжээ	19
хуучинсаг	19
хүнийх	19
дуулиант	19
туурийн	19
дарагдан	19
өгүүллэгт	19
үйлдэгч	19
сайтуудын	19
зорив	19
ибсен	19
дублины	19
алуулжээ	19
газардах	19
кака	19
гандуу	19
ноход	19
шивэй	19
ионжсон	19
дамжуулахыг	19
конгрессоос	19
зүтгэлтнүүдийг	19
цюрихийн	19
баталгаажуулав	19
питтсбургийн	19
стенли	19
удирдахын	19
хангахгүй	19
даниил	19
өнцгүүд	19
дубайн	19
өрнөв	19
илэрхийлэхийг	19
омгийнхон	19
ажиллсан	19
нэгтгэлийг	19
үеийнхээс	19
хасагт	19
баргужин	19
шалгаруулахад	19
хурдаас	19
сүйрүүлсэн	19
хайлаар	19
андаманы	19
жигнэсэн	19
ойлголцлын	19
толилуулжээ	19
сардаа	19
саша	19
конвенцод	19
самуунтай	19
голуудад	19
халифатын	19
ттг	19
хурлаа	19
моан	19
аараа	19
хэсэглэл	19
буцахдаа	19
нөхөртэйгээ	19
зэвсэглэн	19
нийтлэлээ	19
коллежууд	19
дүүргүүдэд	19
үүсмэл	19
чадсанаар	19
үргэлжлүүлэхийг	19
гарны	19
унтрааж	19
дэлгэцүүд	19
хөдөлгөөнөө	19
баянговь	19
хулангийн	19
шараа	19
варвара	19
зангаараа	19
нээгддэг	19
форм	19
амтлах	19
шинэчлэхэд	19
түнэл	19
сүүнээс	19
ишдоржийн	19
бийр	19
авахуулах	19
бүрэнхаан	19
цэдэндорж	19
саадаг	19
ногтруу	19
генералуудын	19
маркони	19
соросын	19
тэрбумын	19
төвөдөөс	19
стратегич	19
лабораториуд	19
зөвлөлт-польшийн	19
занданшуулсан	19
хөөв	19
геномыг	19
коннор	19
уртнасангийн	19
сократыг	19
ардчилалтай	19
эдэлнэ	19
нөхөрлөлд	19
мягмаржав	19
баталгаажуулахын	19
барахдаа	19
төвлөрүүлдэг	19
зөөлрүүлэх	19
үзүүлэхдээ	19
явагдав	19
жүд	19
биелсэн	19
дашбалбарын	19
багтав	19
металлд	19
хүчлэн	19
ханцуйтай	19
маам	19
өвчлөлийн	19
төлийн	19
үзүүрээс	19
тосонцэнгэлийн	19
хүүхдээс	19
төслөөс	19
зонхов	19
үсэрхэг	19
өндгийг	19
шавыг	19
өдлөг	19
хацар	19
тоосыг	19
торх	19
алимын	19
камерууд	19
эдэлсэн	19
курсын	19
оруулга	19
моисей	19
өөрчлөгдөхийг	19
уруудах	19
ирмэгтэй	19
эзлэхүүнийг	19
зутан	19
пицца	19
санана	19
оньс	19
бүтэцтэйгээр	19
чулуунбатын	19
бахын	19
концертууд	19
барахынхаа	19
цайг	19
магдебургийн	19
орчины	19
үзэмжээр	19
мутацийн	19
хожих	19
ялагдлын	19
гудерианы	19
үзлэгийн	19
мокша	19
палестинд	19
далбаатай	19
конгломерат	19
томьёонд	19
мөрөнгөөс	19
тавьсны	19
кгб-ын	19
эхлэхийг	19
төлөөлүүлэн	19
шалгаруулалтыг	19
сурахыг	19
орчуулснаар	19
үргэлжлэв	19
хөхнуурт	19
сонсон	19
пенза	19
баграмян	19
сюзанна	19
уулзалтанд	19
миха	19
дэмидийн	19
шанзав	19
ширнэндамдин	19
пунцагцэрэн	19
наадах	19
омскийн	19
мөнгөгүй	19
записки	19
михайловна	19
эцэгтэйгээ	19
дүрслэгддэг	19
эрхүүдийг	19
францийн	19
байлдаад	19
сарниулах	19
семёнович	19
хойшлуулж	19
гүржийг	19
яармаг	19
шинэчлэв	19
пу	19
шевролет	19
одиссей	19
арс	19
эрдэмтэдтэй	19
загваруудад	19
хатанбаатарын	19
танигддаг	19
устгагч	19
сагсанд	19
программуудыг	19
цэцэрлэгжүүлэлт	19
зеландчууд	19
өнгөрөв	19
нэвтрүүлэхийг	19
сэлүүрт	19
шашинтнуудыг	19
хэрэгжүүлжээ	19
факто	19
марзан	19
удамчир	19
эсфахан	19
туск	19
перикл	19
канберрагийн	19
ананда	19
тогтоомжоор	19
антиох	19
мальтын	19
славын	19
днеприйн	19
луганск	19
шведтэй	19
дүрслэхэд	19
раббан	19
наймааг	19
эрос	19
бронкс	19
гестапо	19
лааган	19
йоханнесбург	19
пржевальскийн	19
балгасны	19
биелүүлээгүй	19
оршуулдаг	19
маллан	19
уурхайчид	19
майский	19
дамбадаржаа	19
жэйсон	19
лекцүүд	19
зогсоодог	19
хэрэгтнүүдийг	19
тайландчууд	19
дэлбэрсэн	19
висенте	19
филатова	19
галоген	19
крон	19
хүрсний	19
мономер	19
яндан	19
хүчирхийлэлгүй	19
дашнямын	19
нутгуудаар	19
тара	19
буриадаар	19
анатольевич	19
город	19
долли	19
утгад	19
битээр	19
алатау	19
тосч	19
секторт	19
семинарын	19
наваан-юндэнгийн	19
формал	19
суралцахуйн	19
турбулент	19
олив	19
шаардахгүй	19
хариуцлагаа	19
хамааруулсан	19
кастилья	19
чадмаг	19
мартах	19
сурталчилдаг	19
тунгалагийн	19
гадагшлуулах	19
нокаутаар	19
мэйжи	19
коллинс	19
эхчүүдийн	19
миллс	19
төлийг	19
шилжүүлэлт	19
папирус	19
артемис	19
ру	19
хэрмэл	19
буюруг	19
агра	19
хэрэглэлийг	19
тарзан	19
ханнибал	19
император	19
хүчээрээ	19
андра	19
хамгаалагчдыг	19
калка	19
данилович	19
брэдли	19
дэгдээжээ	19
тран	19
хатантай	19
хороогоор	19
хорны	19
крючков	19
хорив	19
лос-анжелест	19
пригийн	19
гүнбилэг	19
филиппийн	19
жимсээ	19
суулгацын	19
кгц	19
конусан	19
чуй	19
ввс	19
уа	19
эгшиггүй	19
мандана	19
явтал	19
намхайцэрэн	19
булсара	19
багшид	19
тунан	19
комиссийн	19
дэлхийгээ	19
кураш	19
орохоосоо	19
жанни	19
түрээслэн	19
хутган	19
фестивалд	19
хатуулагтай	19
хабаровскийн	19
барлаг	19
хуурчдын	19
марат	19
ариунбаатар	19
өрсөлдөв	19
сахиулагчид	19
мэргэшүүлэх	19
румынь	19
цой	19
крамер	19
пиночет	19
гон	19
вучич	19
фестивалийн	19
татгалзсаны	19
хурдасгаж	19
тавилцсан	19
шоуг	19
зохиомжийг	19
авиралт	19
материализмын	19
арилгасан	19
хальсаар	19
шеварднадзе	19
бооцоо	19
нугаралт	19
процессорыг	19
беларус	19
рахманиновын	19
хөндөн	19
коль	19
мирза	19
анхель	19
нефертити	19
бриан	19
ламберт	19
эхэлснийг	19
тэнэмэл	19
урсацыг	19
ёкохама	19
лунд	19
санаачлах	19
вюртембергийн	19
эврийн	19
зүтгэлийн	19
дэглэлт	19
оюунаа	19
филармонид	19
үржинэ	19
мистер	19
хоки	19
хондурасчууд	19
авилгын	19
цагаантнууд	19
евроны	19
гамала	19
гас	19
наж	19
гог	19
гиггз	19
дагзны	19
уотергейтийн	19
чезаре	19
маркиз	19
хавчиг	19
пасифик	19
безос	19
николае	19
бадруулагч	19
хитлерийг	19
эдуар	19
мүүн	19
вивальди	19
норманди	19
зүлэгний	19
дилан	19
яшин	19
бирмингемийн	19
андууд	19
проспект	19
толкунова	19
шукшин	19
шастин	19
каприо	19
генерал-фельдмаршал	19
скоулз	19
захиалагчийн	19
хөнддөг	19
захиалах	19
контекст	19
новости	19
шалгаруулалтаар	19
хайдук	19
гуйвуулга	19
удын	19
жинон	19
зуурамтгай	19
хива	19
мэлиг	19
толгойгүй	19
үрэлт	19
сантехникийн	19
дэлбэрэх	19
манлайд	19
трояны	19
масштабтай	19
довтлохыг	19
дуугаралттай	19
комьпютерийн	19
лантаноидын	19
дань	19
тотго	19
хутулун	19
сычуаны	19
туз	19
сэр-одын	19
хятадуудад	19
алтантуяа	19
кабел	19
цэвэрлэхэд	19
дамжуулагдсан	19
дашдондогийн	19
төлөөллийг	19
рсфср-ын	19
прид	19
тасалдуулж	19
лэйбл	19
хурдасгасан	19
энзимийн	19
регистрт	19
кэйш	19
коммандаар	19
ачааллах	19
китай	19
дифракцийн	19
баянбүрдийн	19
соёолох	19
санаатан	19
неоклассик	19
навчнууд	19
мальмё	19
валансьен	19
нягтлахуй	19
флюресцент	19
сегмэнт	19
айзея	19
канолагийн	19
болцтой	19
чезена	19
шошгууд	19
дэгнүүл	19
гитарчид	19
баасанбат	19
мазерати	19
пүүз	19
обеих	19
соглашаются	19
респ	19
серин	19
глиоксилатын	19
песталоцци	19
анжэй	19
түрсний	19
эластомер	19
мигжэд	19
брайл	19
сошиол	19
каннеман	19
нэвтэрнэ	18
өгүүлэхүүн	18
баяжсан	18
данжуур	18
ангижирч	18
галтай	18
аваачжээ	18
туршилтуудыг	18
импортыг	18
дийлэнхдээ	18
тарна	18
луут	18
тээвэрлэн	18
батаагийн	18
лидэр	18
уранцэцэг	18
лхамхүү	18
байруудад	18
норпилийн	18
сувилалын	18
булнайн	18
дуламсүрэнгийн	18
сүүж	18
ловон	18
болиулж	18
тарвас	18
голуудыг	18
худгаас	18
рамадан	18
габриел	18
мавритани	18
сонголтууд	18
тогтнохын	18
кейнсийн	18
өгүүлбэрт	18
зөвлөн	18
оюунбилэг	18
убдс	18
төлөвшил	18
тооцоогүй	18
галл	18
явуулаагүй	18
хэмжээн	18
базааж	18
амьдралынх	18
багцаар	18
эвдэрхий	18
соёмбын	18
төрөлжүүлэн	18
дарамтыг	18
дайжин	18
барзгар	18
хучуур	18
арчилж	18
уралдаант	18
колорадогийн	18
дэмжигчдийг	18
цөлөх	18
ийгл	18
тээг	18
хоргүйжүүлэх	18
изомер	18
саалийн	18
малтаж	18
адилбиш	18
базаррагчаа	18
механикжуулагч	18
сосор	18
ээжийг	18
үндэслэгчид	18
өндөрширээт	18
дуламдоржийн	18
чандмань-өндөр	18
сэнжит	18
гургалдай	18
замгүй	18
бичгүүдийн	18
уяатай	18
холбогджээ	18
хавчих	18
лабораторын	18
шүдэт	18
хийсвэрлэл	18
цуснаас	18
харахгүй	18
моделийн	18
хөгтэй	18
ярвигтай	18
шийтгүүлж	18
тоглолттой	18
дүрслэлтэй	18
ашигла	18
далдуур	18
зардлууд	18
хязгаарлагдах	18
нв	18
төлөвлөхөд	18
зааглан	18
захирагчтай	18
ногдол	18
хэрэгжинэ	18
шинэчлэлтийг	18
угсаат	18
нягтарч	18
тэнхээтэй	18
коэн	18
даниель	18
чиглэлт	18
татгалздаг	18
чагдаржавын	18
байгуулагдана	18
хэлмэгдэгсдийн	18
зөвшилцлийн	18
өргөдлийн	18
сүлдэнд	18
хэлэлцэхээр	18
хураалгаж	18
литвад	18
эмгэнэлтэй	18
айлгаж	18
шийтгэлийн	18
удсан	18
малгайг	18
бүтэж	18
хүрээлэлд	18
мэдэгдлийн	18
мэдүүлгийг	18
гүйцээх	18
фрайбургийн	18
намнансүрэнгийн	18
коминтерны	18
тунхаглах	18
шийтгэгдсэн	18
наана	18
шинжээчийн	18
крикет	18
катрина	18
федерации	18
алдаагаа	18
нэмэгдсэнтэй	18
хүртээдэг	18
тэжон	18
баяржаргал	18
бишрэх	18
бүсгүйд	18
хаяжээ	18
бүтээгдэхүүнтэй	18
хуваагдмал	18
намуудыг	18
гужарат	18
тэлүгү	18
христийг	18
үүрдийн	18
ивээлдээ	18
унаснаас	18
оролцогчийн	18
баганаар	18
гали	18
үлэмжхэн	18
гөрөөчин	18
стандартчилсан	18
тавигч	18
зохицдог	18
орвоос	18
хаднаас	18
измир	18
тогогийн	18
онолуудыг	18
халих	18
хуульчилж	18
сардини	18
баталгаагүй	18
лангийн	18
сайтуудыг	18
хөдлөлтөд	18
дууджээ	18
эндээ	18
бүтээлийнх	18
нээлтүүдийн	18
дэвшилттэй	18
декарт	18
туурвисаар	18
үүсээгүй	18
онолчид	18
тоологдох	18
халхлах	18
тогтоогүй	18
байгуулалтаас	18
төрөв	18
ажилчидтай	18
төгссөнөөс	18
тавилаа	18
хэрэгжүүлэв	18
улаан-үдийн	18
үзээрэй	18
хийе	18
толгойлуулсан	18
хён	18
хүчнээр	18
зурахаас	18
шүхрээр	18
тууврын	18
таримын	18
эвийг	18
хядлагад	18
жүдочид	18
иргэж	18
ойртуулж	18
дүрвэжээ	18
тогтсоны	18
орчноосоо	18
халифа	18
миронов	18
кирибати	18
тэмдэглээд	18
нэргүйн	18
алтанзул	18
эрдэнэбилэгийн	18
зохилдсон	18
банкнууд	18
авсныг	18
ухуулагч	18
гилбэрийн	18
төвийнхөн	18
ашиглалтаас	18
аннан	18
пеннсилванийн	18
уяачдын	18
хөдөлгөөнүүдийн	18
исгэж	18
чихэртэй	18
үүрийг	18
шагдаржавын	18
ата	18
зохицуулахын	18
шошготой	18
ялгавартай	18
алдахаас	18
буцалгаж	18
тэртээд	18
нүүхэд	18
солонгын	18
ботгыг	18
зөөгдөх	18
туслана	18
интернэтээс	18
суухаар	18
падуа	18
тогоочийн	18
төрлүүдтэй	18
бнху	18
бодлогодоо	18
эрэмбэлэгдэх	18
мөхөхөд	18
корпорациуд	18
ирсээр	18
нимбэг	18
оксидын	18
татагджээ	18
цуцлав	18
бригадыг	18
сахиулахын	18
нойрны	18
намагтай	18
дондогдулам	18
нэмэгдүүлэв	18
шахалтад	18
троицкосавск	18
судец	18
мазимын	18
ванчинжавын	18
реализмын	18
төгсөөгүй	18
туурвилын	18
поппер	18
уушийн	18
зэмсгийг	18
дууриуд	18
орбиталууд	18
тооцогдсон	18
нэгтээ	18
зи	18
өсөлтөөс	18
гарам	18
нэгтэйгээр	18
санхүүжүүлэхэд	18
жарантайн	18
тарихад	18
эдгэрч	18
галхүү	18
жадны	18
морилон	18
заа	18
тэргэл	18
төдийлэн	18
гэгээнтний	18
тэгшитгэлүүдийг	18
нийлжээ	18
чойжил	18
цасаар	18
аралын	18
тодотголыг	18
боловсрогдсон	18
металууд	18
хуримтлагдан	18
зарцуулна	18
дожоодорж	18
нэвтрүүлгүүдийг	18
асфальт	18
хүдрээс	18
шахуурга	18
олборлогч	18
хувин	18
шавжны	18
гоголийн	18
анир	18
юлиус	18
хутганы	18
либерти	18
бурбоны	18
хоромхон	18
цавуу	18
батлахыг	18
тулалдсаар	18
агрегат	18
хэмжигдэнэ	18
эзэлхүүнтэй	18
исэлдлийн	18
титаны	18
тохиолдвол	18
явцууд	18
дулаанаа	18
шингэнтэй	18
базальт	18
балуч	18
аргентинийн	18
ёсных	18
шилжсэнээр	18
гачиг	18
гишүүдээ	18
оын	18
иракийг	18
хэмжигдэж	18
франклины	18
нидерл	18
нормандийн	18
агч	18
арбитр	18
маршрут	18
дуртгал	18
хаахыг	18
орчуулагчдын	18
лермонтов	18
ядуугийн	18
мэдрэгддэг	18
найраглалын	18
шимээр	18
төрлөө	18
жилүүддээ	18
үггүй	18
данн	18
кирк	18
кавалер	18
хэрмээр	18
ираныг	18
төлжээ	18
ис	18
унь	18
босгодог	18
бэгзсүрэнгийн	18
мэдэхийг	18
дийлдэшгүй	18
хүндлэгдсэн	18
марли	18
евгения	18
замналдаа	18
хэрхэх	18
болохынхоо	18
дүрслэлээр	18
гарынхаа	18
тэмцэхийн	18
сунжирсан	18
суздалийн	18
мансур	18
нисэгчийн	18
алган	18
дамжуулдаггүй	18
жойс	18
нөгөөдөө	18
ширээр	18
зориулахаар	18
гүйсэн	18
карнегийн	18
өвгөнийг	18
тууриас	18
аюурбарбад	18
холин	18
системүүдээс	18
хуваагаад	18
хайлшийг	18
янаг	18
ватиканд	18
бароккогийн	18
гент	18
шүдээ	18
музейгээс	18
сонорт	18
зохиолчдод	18
таамгаар	18
видеог	18
хэрэглэгчдээс	18
авъя	18
ялуу	18
азарганы	18
флоренс	18
гэрлээгүй	18
авааль	18
содномдаржаа	18
зүүнгарт	18
тундр	18
киргизүүдийн	18
бээжинг	18
тайчуудын	18
бутрал	18
халхавч	18
залгамжлагчдын	18
хутагтад	18
зөвлөлт-японы	18
эффектийн	18
ажлуудын	18
кодод	18
дуудахад	18
генераторын	18
дашчойлин	18
шатаав	18
орлогчийн	18
кура	18
дагестаны	18
эмнэлгүүдэд	18
баячууд	18
нөлөөлөхийг	18
тоологджээ	18
казакстан	18
эхээрээ	18
агааржуулагч	18
баталгаажуулалтыг	18
урссан	18
хямралтай	18
хангахыг	18
монголиа	18
арлуудаар	18
тасдаж	18
веган	18
бүтээлчдэд	18
бэйли	18
хүчингийн	18
карсон	18
стиви	18
шүүмжлэлийг	18
синглийн	18
тайрах	18
довчин	18
товчлолыг	18
өртөв	18
хэрэгжээгүй	18
бахайн	18
хуримласан	18
харьяалагдан	18
даруулж	18
нөхрийг	18
босогчидтой	18
конкордиа	18
диор	18
корпорацид	18
ийш	18
үеүдэд	18
манлайлах	18
стилийн	18
хунтайжын	18
элсүүлэхийг	18
мордон	18
давхарласан	18
атлетикаар	18
конференцийн	18
компаны	18
алттай	18
дорлигжав	18
ня-бо	18
молом	18
хэвшлийг	18
туба	18
тогтоогдож	18
рубен	18
ялгааны	18
шульц	18
завсарлагааны	18
загварлаг	18
шинэчилжээ	18
сайхандулаан	18
цэнхэрмандал	18
бэлтгэхийн	18
гафни	18
криптон	18
нанзадын	18
өмөг	18
горхитой	18
устөрөгчөөс	18
дайруулан	18
харвалт	18
өмсөн	18
өмсч	18
маккарти	18
цээнд	18
хариугаа	18
нэлээдгүй	18
брэдфорд	18
шумер	18
түрүүлснээс	18
ёроолоос	18
шийдвэрлүүлэх	18
цацагддаг	18
шувуудыг	18
ажилчинтайгаар	18
валенттай	18
коммандын	18
харьцуулвал	18
цэрэнпагма	18
одоогийнхоо	18
хэмийг	18
реногийн	18
занзибар	18
колониудыг	18
антигуа	18
болив	18
огцрохоо	18
танго	18
баас	18
үзэмжтэй	18
гишүүдийнхээ	18
буурсаар	18
мишигийн	18
авлагыг	18
зориулалтай	18
сахиул	18
жав	18
луувангийн	18
фермерийн	18
бахархалт	18
эмхэтгэж	18
платформууд	18
ноёнтон	18
зуурдаар	18
шийдвэрүүдийг	18
доргилт	18
гэмтэлтэй	18
хурсан	18
холдуулах	18
энхцэцэг	18
тушаалтнуудын	18
тулгараад	18
бароны	18
тогтохгүй	18
хүрэлцээтэй	18
байршуулжээ	18
хайнаг	18
дархлал	18
хийлгүйгээр	18
халдварлана	18
цацралын	18
ачаалалд	18
мэдсэнээр	18
орчимдоо	18
өлзийн	18
реквием	18
птолемейн	18
зовниж	18
шүүлтээс	18
эвлэлийг	18
бүртгэлээр	18
босох	18
хувилсан	18
гүйгээд	18
ханцуй	18
авран	18
захисан	18
хөлгүүдийг	18
энтальпи	18
кварк	18
засаад	18
томруулсан	18
фрида	18
галбир	18
шатлалтай	18
металын	18
жанжныг	18
бүслэлтэнд	18
хрущев	18
василевский	18
хүчнийхээ	18
ээмэг	18
чипийг	18
асах	18
даалгавартай	18
кварцын	18
номуудын	18
микоян	18
ирмэгийн	18
принтерийн	18
хаягын	18
платформыг	18
алдсанаас	18
тухачевский	18
фронтоос	18
жаалхүү	18
баянмөнхийн	18
фестивал	18
үзүүллээ	18
империализм	18
гүйн	18
олдворуудыг	18
нуугдан	18
дэсийн	18
герцен	18
интернационалын	18
хураалтыг	18
саатсан	18
суллав	18
гданьскийн	18
порту	18
катодын	18
монополийн	18
томилохыг	18
метронд	18
есөөс	18
гээж	18
леоне	18
бадамсүрэн	18
байнам	18
юндэндорж	18
дүнжингарав	18
тулгаа	18
сармис	18
депо	18
танганьика	18
өргөжүүлэхэд	18
шивээс	18
дээрмийн	18
шекелийн	18
нестор	18
гранде	18
нүүгээд	18
биньямин	18
туяагаар	18
януш	18
гарден	18
үүлс	18
тэгээс	18
нара	18
нийгэмлэгтэй	18
дайсагнал	18
янукович	18
боловсруулахын	18
алгоритмд	18
иерусалимыг	18
амман	18
барилгаас	18
афродита	18
пөмбөгөр	18
зорчигчдод	18
зочдод	18
хийцэд	18
лонх	18
нутаглуулсан	18
тамгаа	18
ферри	18
оролцсоныхоо	18
олимпийг	18
иллинойн	18
ричардс	18
үерээс	18
шалгагдаж	18
фернандес	18
масарик	18
мароккочууд	18
ара	18
язгууртай	18
кишида	18
васэда	18
после	18
приморийн	18
санаан	18
меган	18
боловсруулахыг	18
баха	18
хувьсгалийн	18
дурдаагүй	18
өрсөлдөгчдийн	18
чеченьд	18
сайжруулагч	18
салаан	18
мэрилэндийн	18
пусан	18
полис	18
салстын	18
хооллолтын	18
алдалтын	18
гүнсэн	18
хорложээ	18
расселийн	18
вт	18
зориулалттайгаар	18
дампуурлын	18
кингстон	18
тегин	18
орхиогүй	18
экспресс	18
нийлэгжүүлсэн	18
багцаас	18
ариел	18
өдрүүдийн	18
өрөөнөөс	18
годдард	18
охидыг	18
тоглуулахаар	18
илгээгдэж	18
өртөөд	18
сахилгын	18
бөгжийг	18
ялалтууд	18
цамхагийн	18
хаусдорфын	18
ямамото	18
жүжигчидтэй	18
хийснийхээ	18
жимснүүд	18
хуанди	18
хүссэнгүй	18
йоркшир	18
хордуулсан	18
хау	18
гэрлэсний	18
үүрлэж	18
абхазын	18
рс	18
хянахын	18
саламандр	18
дорноговийн	18
тайлангаа	18
охайогийн	18
суулгацыг	18
хүлэр	18
хайрстай	18
оксана	18
хэрээд	18
атамбаев	18
садыр	18
каучук	18
керчь	18
барбаросса	18
садат	18
довтолсны	18
баазаас	18
ундраа	18
өргөлттэй	18
залгахдаа	18
хөөрчээ	18
танилцуулан	18
түрүүлдэг	18
алимаа	18
айтматов	18
цуглуулгаа	18
кац	18
үүсгэгчийг	18
жиньпин	18
зохиогдоход	18
франкуудын	18
хамаарагч	18
булгаковын	18
долгио	18
харуулыг	18
чингүнжавыг	18
хөөргөж	18
тогтносноо	18
лхаст	18
гран-прид	18
тагнуулчид	18
танкуудыг	18
алина	18
эдо	18
беларусын	18
дойче	18
римский-корсаков	18
барбадосын	18
гишүүнчлэлтэй	18
зочдын	18
түүчээ	18
зээгт	18
жагсагчдын	18
бүжигчнээр	18
трансформер	18
синглэ	18
эммигийн	18
хүргээд	18
хүйсийнхээ	18
буцахаар	18
сертификатыг	18
паян	18
ээжүүдийн	18
стэнлийн	18
халджээ	18
эли	18
гангын	18
шепард	18
ориноко	18
фритц	18
кошта	18
бухарестын	18
зураглаачаар	18
швейцарьт	18
жулиан	18
оношийг	18
клаудио	18
шампань	18
берри	18
өдөн	18
вокал	18
эхнэрээс	18
сэтгэцэд	18
югославчууд	18
байршуулан	18
каратэгийн	18
тэзү-ийг	18
зээлжих	18
зүрхнээс	18
маршийн	18
хавчаар	18
найзуудтайгаа	18
модерн	18
хамарт	18
дугуйрсан	18
цайх	18
матрын	18
аутсорсинг	18
өчил	18
осер	18
ме	18
реймс	18
лигүүдийн	18
вадим	18
хуягийн	18
форматын	18
үзүүлбэрт	18
өлгийдөн	18
сандро	18
хомсдолтой	18
цацрагаас	18
бурж	18
фиш	18
тер-петросян	18
шинь	18
иосип	18
тяньжин	18
ньюарк	18
эрд	18
тиффани	18
спор	18
тэгшлэх	18
головин	18
омгийнхний	18
тревор	18
хийжүүлсэн	18
карри	18
пойнт	18
одом	18
тоглоогүй	18
райхстаг	18
гётеборг	18
мерц	18
паттинсон	18
хэт-трик	18
эрнандес	18
бронислав	18
тамхинд	18
бичихээр	18
гацсан	18
дамжуулга	18
гидролиз	18
зэсээр	18
мэр	18
графит	18
юнайтедтай	18
төлөн	18
эрэмбэлсэн	18
индепендьенте	18
үйлдвэртээ	18
кэрролл	18
мерецков	18
гидродинамикийн	18
альцхаймерын	18
нүүрээр	18
норовсүрэн	18
лид	18
найдварыг	18
стэнд-ап	18
барулас	18
айверсон	18
бенни	18
гомологи	18
хүлэгийн	18
этернэт	18
эльдар	18
клуж	18
гольдони	18
немцов	18
задлагч	18
эсрэгбие	18
бүдгэрч	18
монгол-германы	18
агааржуулалтын	18
хамилтоны	18
архитекторуудын	18
ефимович	18
шаардлаггүй	18
египт	18
камерыг	18
нов	18
будлиан	18
сыма	18
зайран	18
лит	18
дэглэн	18
дуулагдсан	18
дамжуулагдан	18
экспедицэд	18
зорге	18
сөүлээс	18
селтикст	18
увидас	18
даймлерын	18
пуужингууд	18
гомолог	18
ням-осор	18
дофин	18
лавлагааны	18
процедурыг	18
тасалдлыг	18
програмчлагдсан	18
холболтонд	18
бүжин	18
хоншугийн	18
өрөмдлөг	18
рубикийн	18
семинарыг	18
осмосын	18
наводчик	18
банчэн	18
вопросов	18
мнр	18
бенеттон	18
мртух-ны	18
начны	18
аталанта	18
мёрдок	18
ялгаралтыг	18
метаболитууд	18
выпуск	18
эзэмшигчээр	18
тигра	18
котвич	18
иериг	18
занданбат	18
серверлүү	18
контактгүй	18
түүвэрт	18
бонифас	18
палладий	18
фомвихан	18
адвайта	18
квери	18
лахн	18
блокчэйний	18
аспарагины	18
сэргээлтэд	18
буддарь	18
фокин	18
усманов	18
хайфад	18
сионист	18
академия	18
кларемонт	18
алтанмед	18
неомицин	18
оролдоно	17
аялгыг	17
санжеев	17
даяанч	17
салдаг	17
зава	17
цээрлэ	17
амбанд	17
тэрнээс	17
хайдавын	17
продюссер	17
скай	17
чуулж	17
шавийг	17
дүгэржав	17
чойжилсүрэнгийн	17
чойжилжавын	17
бирваагийн	17
тракторч-комбайнч	17
лха-очир	17
өмнөговийн	17
нэмэгт	17
хармаг	17
сэвжидийн	17
дөргөний	17
бүтэцийн	17
лха	17
хажуугаас	17
тээлийн	17
энэтхэг-европын	17
харьцангүй	17
хугарах	17
захиас	17
шинжлэлд	17
үндэст	17
саар	17
нө	17
онцлогоор	17
хөдөлмөрт	17
манлайллын	17
бүрэлдүүлж	17
вакум	17
викимедиа	17
эвтэй	17
сүлдтэй	17
зааглах	17
цоросын	17
мкм	17
хоер	17
ухаантнууд	17
зүйрлэн	17
малчдад	17
санаачилжээ	17
унагасны	17
баазууд	17
наянтайн	17
лувсанжав	17
борхүү	17
ногоочин	17
цэвэгийн	17
адъяагийн	17
дугаржавын	17
дашдаваагийн	17
янжинлхам	17
баянхангай	17
чөдөр	17
алтанцөгц	17
ялаас	17
координат	17
зүйчид	17
үйлдвэрлэхийн	17
хэрэгслүүдэд	17
өргөссөн	17
теоремууд	17
таамаглалууд	17
алгебрт	17
ухамсартайгаар	17
савтай	17
эрчтэй	17
эротик	17
үндэсгүй	17
албадлагын	17
маргадаг	17
хуримтлалыг	17
уялдуулж	17
дутагдах	17
мэнэнгийн	17
монголжуу	17
цээр	17
ухаарах	17
русская	17
дурьдсанаар	17
ардаас	17
ярилцана	17
гэрээрээ	17
энрико	17
өртөөнөөс	17
буулгасны	17
дэмжсэнээр	17
түвшингийн	17
хүлээлгэсэн	17
сонгогчийн	17
үүрэгтэйгээр	17
ххк-ний	17
заншилд	17
тулалдахыг	17
дагуулаад	17
хүргэгдэж	17
ажиллагч	17
балингийн	17
эзэрхэг	17
хурлууд	17
гэлэгсэнгэ	17
дэгийг	17
чандра	17
тогтоосноос	17
зарлагдаж	17
теоремын	17
тэрбумд	17
энэрэлт	17
боломгүй	17
хилэгнэж	17
хархүү	17
нүглээ	17
бабур	17
могул	17
ордондоо	17
эзэмшихийн	17
жагсаавал	17
сониа	17
хайдарабад	17
урдү	17
нүгэлт	17
найдах	17
марвин	17
гайхмаар	17
итгэдэггүй	17
мөргөлдөөнүүд	17
гүүшийн	17
гурвалын	17
хоёроо	17
номлож	17
хувиралт	17
репликацийн	17
вирусээр	17
хэмжигдэх	17
рибонуклейн	17
уургаар	17
олдоц	17
татсаар	17
хэргэмтэй	17
түрэгжсэн	17
төлөвшиж	17
өвлөгдөн	17
легницийн	17
падишах	17
астраханийн	17
орда	17
яик	17
тохта	17
азиз	17
араатны	17
тора	17
туркэд	17
хэрэгжүүлсний	17
арилжаанд	17
ший	17
сургажээ	17
матиас	17
тарах	17
угалзан	17
галактикуудын	17
эрхсийн	17
шийдийг	17
далайц	17
султай	17
төгсөлтөө	17
зис	17
хугацаагүй	17
устгаад	17
хөрвүүлэгдсэн	17
пе	17
явааг	17
схн-ын	17
ашиглахтай	17
шиньжяны	17
цөлийг	17
тэмцэлдээ	17
цээрлүүлэх	17
хэрсэн	17
шавартай	17
торонд	17
коминтерн	17
гүтгэлэг	17
дүгнэлтээр	17
оноодог	17
очиров	17
хашгирч	17
хүргэгдсэн	17
хуйвалдагчид	17
ирэхийн	17
нэгтгэлүүдийн	17
хонзон	17
боксоор	17
константинос	17
өргөмжлөгдөв	17
урж	17
гантөмөрийн	17
чинбатын	17
буянжаргал	17
яамнаа	17
торнисон	17
өвчтөнүүд	17
аппликэйшн	17
гарчгийн	17
давхацсан	17
нуруундаа	17
ултай	17
тарчиг	17
тушаа	17
хэвтээд	17
эгшиглэдэг	17
заган	17
оуфо	17
жоли	17
тавьдаггүй	17
илтгэлээ	17
хазайсан	17
плитүүд	17
лай	17
дарангуй	17
бэйсбол	17
толийн	17
мултарсан	17
савлах	17
инженерчлэлийг	17
саам	17
зарцуулан	17
үрэгдсэний	17
найрамдахчууд	17
цуцашгүй	17
хангамжинд	17
хироши	17
шижинтэй	17
комсомол	17
нквд-ын	17
тулалдахад	17
халан	17
андриян	17
түүвэйн	17
мечет	17
системдээ	17
шуман	17
эрдүү	17
ойлгоод	17
сурахын	17
лазарын	17
жанждын	17
бахархаж	17
хосыг	17
хослолоор	17
зүүнэ	17
хутгах	17
давуулж	17
хөгжинө	17
цагаачдыг	17
лагранжийн	17
давталтын	17
жамсранжавын	17
хуурайдуу	17
ажилтантайгаар	17
чимэдцэрэн	17
дандарын	17
пэрэнлэйн	17
наяа	17
сүвээр	17
гүдгэрийн	17
ундарга	17
тэмцээнүүдээс	17
шаргачин	17
зээх	17
маа-н	17
давалгаанд	17
бүсэлжээ	17
оршуулж	17
бээлийн	17
хн	17
шастирын	17
үхжээ	17
дүгнэхэд	17
суперкомпьютер	17
шатуудад	17
галакси	17
артель	17
энгүй	17
нүүрснээс	17
рн-ийн	17
компютер	17
хүрэлцэх	17
радиусын	17
уусаж	17
рабфак	17
дайчилсан	17
багтраа	17
бэрхийг	17
дуунуудад	17
мэргэжилтнүүдэд	17
итгэлгүй	17
сүйдэж	17
дуурайн	17
ламп	17
эрдэст	17
молор	17
интрузив	17
дол	17
судалгаагаараа	17
энэтхэгтэй	17
халав	17
бадахшан	17
хүрээлүүлсэн	17
тогтоогдоод	17
австралийг	17
нелли	17
сонинтой	17
хөлбөмбөгийг	17
албад	17
манитоба	17
тусгаарлахыг	17
үндэстэнтэй	17
гүйцэтгэсээр	17
батистагийн	17
үүсгэв	17
өнгөрөөд	17
эверестийн	17
юлийн	17
үлгэрээс	17
сэнгийн	17
сулруулах	17
дуулна	17
охь	17
нүүв	17
интернэйшнл	17
хогвартс	17
шэлүнь	17
аюушридар	17
молибдений	17
ястанд	17
мууг	17
аваргаас	17
ал-дин	17
дюмагийн	17
ойлгогдох	17
холбожээ	17
жүжгүүдийг	17
толгойны	17
бүрий	17
сикким	17
бурангуй	17
төлөвшихөд	17
гүнзгийрч	17
цохилуур	17
хоргодож	17
туурайн	17
муулихай	17
шахалтаас	17
албатаа	17
хэрэмний	17
буцалж	17
эзэмшээд	17
хөгжмөөс	17
дэвшихэд	17
харвардад	17
уруудаж	17
музейтэй	17
шашнаар	17
аригиба	17
цохисны	17
урьжээ	17
галли	17
хүрдэггүй	17
баримлууд	17
марсел	17
хомер	17
ханилан	17
үрчилж	17
бичээгүй	17
төгсгөж	17
тэмцэхээр	17
уриалга	17
хүзүүндээ	17
явдлуудад	17
хаян	17
үзэгчидтэй	17
дос	17
цухуйж	17
нохойны	17
нанхиад	17
хамгаалагдаж	17
таньшихуай	17
гүнзгийрсэн	17
цолгүй	17
овгоо	17
бишрэлтэй	17
үйлдэлт	17
буцаадаг	17
миникомпьютер	17
хувьсагчтай	17
хувьсгуур	17
диксон	17
сайжруулалтыг	17
чийдэнг	17
явалтын	17
давтамжаас	17
пеллио	17
залрах	17
өгөгч	17
буцдаг	17
туйлыг	17
нилийн	17
дэмжүүлсэн	17
заншлаа	17
хачатурян	17
тер	17
транзит	17
эрчээ	17
алун	17
модена	17
пласидо	17
дуулан	17
даяаршлын	17
алдагдалд	17
хэмжээндээ	17
америкаар	17
чукоткын	17
нэгдээгүй	17
разин	17
гуяны	17
бүтээгдэхүүнийхээ	17
порно	17
дараалласан	17
огноог	17
ламар	17
үджээ	17
загвараасаа	17
чонг	17
тогтноод	17
англи-францын	17
шилжихээр	17
шувуутай	17
хөлгөөс	17
коломбо	17
охиндоо	17
таамгийг	17
явганаар	17
ша	17
геостационар	17
спутник	17
бүтээлүүдтэй	17
товчлуурыг	17
катод	17
францууд	17
шинэжинст	17
чүлтэмсүрэн	17
захирагдахгүй	17
нийтэч	17
дулаанаар	17
тух	17
нэгдэнэ	17
туршилтад	17
мэдлэгээс	17
дүрсгүй	17
ректорын	17
жаргалтхаан	17
ханддоржийн	17
хогшил	17
цэцэгс	17
дамдинжав	17
найрлагаас	17
тэжээлээс	17
эрдэнэцэцэг	17
олшруулах	17
лити	17
ферми	17
хөмрөгтэй	17
певцов	17
хонхорын	17
бавуужав	17
банш	17
дашдэлэг	17
спектрийг	17
байгуулагын	17
зарчимч	17
баримтжуулалт	17
инноваци	17
герман-зөвлөлтийн	17
цөллөгөөс	17
калинин	17
зөвлөлтийг	17
большевикийн	17
сүхбаатарыг	17
организмуудад	17
илэрхийлэлийг	17
дараагийнх	17
шилдгээр	17
өмгөөллийн	17
тулгарчээ	17
гүнийг	17
аргентинтай	17
данзандаржаагийн	17
гэвш	17
угаалга	17
сувгаас	17
зулзагаа	17
үйрмэг	17
дарсанд	17
базарсад	17
баталгаажуулахад	17
техникээ	17
фрай	17
бартаа	17
лесото	17
гексагональ	17
персэд	17
дайтахад	17
батчулууны	17
идлэг	17
гэрчилгээгээ	17
чөлөөлөлт	17
хулгар	17
ичинноров	17
суваргыг	17
ноцолдож	17
энхтөр	17
шингэнээр	17
авгалдайн	17
хэлбэрүүдэд	17
эрвээхэйн	17
харааг	17
өвчнүүдийг	17
австриас	17
тэмүжинг	17
махир	17
линней	17
танилцуулснаар	17
белосток	17
бариа	17
ялтай	17
угаана	17
ятган	17
баганатай	17
шавьжийн	17
кармел	17
мөхлөгт	17
цицерон	17
шатаадаг	17
нягтлах	17
хүртэхэд	17
хороогдсон	17
мориныхоо	17
хүргүүлжээ	17
баатарт	17
буурин	17
амталсан	17
империализмын	17
хромосомтой	17
үүсгэгчийн	17
гүйлгэх	17
түгээлт	17
цувралаас	17
химичид	17
тээдэг	17
рокоссовскийн	17
байя	17
коми	17
элсэнд	17
цан	17
буулгалт	17
учруулжээ	17
хал	17
идээг	17
барихдаа	17
вирусээс	17
хэрэглэгчиддээ	17
эзэмшихэд	17
магистрант	17
эльбрус	17
организмуудыг	17
баян-өлгийн	17
элиста	17
дэвтрийг	17
ойлгожээ	17
амьсгаагаар	17
бэлгэдэн	17
үлдсэнгүй	17
эволюци	17
удамшдаг	17
ятгачин	17
ятганд	17
анхнаас	17
мсдн	17
цаазлуулж	17
дуулгаваргүй	17
сууриар	17
хийлгэдэг	17
хумигдаж	17
нөхцөлтэйгээр	17
шанзудба	17
заалттай	17
кларенс	17
цөлөгдөж	17
оруулалттайгаар	17
паула	17
өдрүүдийг	17
зургуудад	17
попова	17
жишээний	17
хотжилтын	17
долгионууд	17
тушаалууд	17
хүлцэл	17
сүмүүдийг	17
гүрнүүдэд	17
дайрсны	17
фрунзийн	17
конгын	17
домини	17
галапагосын	17
тулгарав	17
өрнүүлэв	17
баллад	17
чадамжийн	17
навчинд	17
ажилгаа	17
торгоор	17
зайсангийн	17
шарагчин	17
маврикийн	17
түнхэл	17
казакийн	17
занзибарын	17
суудлаасаа	17
шибан	17
үймээнийг	17
сурвалжаар	17
нухчин	17
дэмээр	17
глюкозыг	17
насир	17
мт	17
байжу	17
осет	17
аль-жазира	17
ль	17
бүсийнхээ	17
миешко	17
енбд	17
рама	17
ват	17
мартаагүй	17
косовод	17
гүйцэтгэгчийн	17
хувьсагчдын	17
дурсамжаа	17
дэмжихээ	17
алины	17
истанбулын	17
венус	17
галлийн	17
иргэншилийн	17
буудлуудын	17
авмагц	17
еийн	17
муаммар	17
цацаг	17
метропол	17
кёото	17
хөгжсөний	17
ттг-ын	17
нүглийн	17
нормыг	17
биелээгүй	17
беллами	17
эдмонтон	17
алслалт	17
дидактик	17
лектор	17
онцлогийн	17
үзмэрүүдийг	17
захиралууд	17
сухой	17
оломоуц	17
дельта	17
печ	17
пастернак	17
аза	17
плейбой	17
моро	17
америкчуудыг	17
атлантад	17
хураав	17
сср	17
иаковын	17
рейкьявик	17
кодоос	17
путиний	17
мө	17
тайн	17
хендерсон	17
лас-вегас	17
норвег	17
хэмнэнэ	17
дуршил	17
тусгаарлагчид	17
лочин	17
явууллаа	17
үнэгэн	17
регрессийн	17
гарга	17
робби	17
дутсан	17
гэрээнүүд	17
доу	17
дайр	17
ялагдаад	17
боливар	17
лейбор	17
урсула	17
урьдач	17
болих	17
хамас	17
ханай	17
доменико	17
холбогдохыг	17
хэлэлцээрүүд	17
карфагены	17
хоан	17
ндр	17
чимэглэдэг	17
гантигаар	17
босгов	17
эгнээгээр	17
хавтангуудыг	17
мэсчин	17
инээдтэй	17
туйлийн	17
дархалсан	17
дэвшээд	17
марлон	17
брандо	17
реймонд	17
очихыг	17
ялтан	17
касьянов	17
молотовын	17
төслөө	17
фултон	17
мэйжийн	17
тоосгоор	17
бичлэгүүдийг	17
ниргэсэн	17
сайшаал	17
шалгараад	17
өндөрлөлөө	17
иннокентий	17
паулус	17
монаш	17
коктейль	17
помераны	17
мотоциклын	17
токүгава	17
нөхөхийн	17
цэвэршүүлсэн	17
арслантай	17
тооллоос	17
захирахаар	17
шороотой	17
доржханд	17
баригчдаас	17
татахаар	17
жозе	17
иорданы	17
мөргөлчид	17
хэлснийг	17
тэмдэглэхээр	17
буухиад	17
хардах	17
филармони	17
урад	17
ирвэсийн	17
харайх	17
хучар	17
явсныг	17
оролцуулахаар	17
оролцуулахыг	17
кириенко	17
жогорку	17
ливоны	17
царигтай	17
чадварлагаар	17
гүм	17
спасский	17
ажиллуулахаар	17
рийд	17
хасаг	17
анхааруулах	17
хөгжимдөнө	17
уадбч-д	17
халхголын	17
самбочин	17
дэвжээнээ	17
жакомо	17
мишел	17
рубенс	17
дьюк	17
тамхийг	17
товлогдсон	17
мягмарнаран	17
савласан	17
нарышкин	17
хуудсаас	17
олгогчийн	17
шархдан	17
шинэчлэгддэг	17
чиличүүд	17
тайлангууд	17
рсфср	17
нарва	17
үлдээв	17
йон	17
луанда	17
хэрэглэлийн	17
манханы	17
дашт-ийг	17
цараатай	17
шуранхай	17
моторууд	17
техникумын	17
тайлбарлагчаар	17
хайлтыг	17
таслав	17
боткин	17
баян-овоогийн	17
гомосекс	17
гетеросексуал	17
компанийнхаа	17
хязаалан	17
бүтцээрээ	17
вэбсайтууд	17
эрэмбэлэгддэг	17
эриксон	17
лоди	17
шейн	17
илбэ	17
стивенсон	17
фромм	17
прайс	17
антонин	17
деррик	17
киплинг	17
авагчийг	17
балканын	17
жагсагч	17
ланг	17
нуувч	17
синг	17
витторио	17
кон	17
барни	17
холден	17
нийлэгжүүлж	17
дампуурлаа	17
царицын	17
яллах	17
ханиалгах	17
борлуулжээ	17
багажаар	17
вич	17
дубна	17
кубрик	17
эвджээ	17
амлав	17
слалом	17
дэвшигчдийг	17
маркер	17
солино	17
гатлагч	17
нээнэ	17
вадуц	17
гарет	17
нэгнийх	17
тахо	17
капаган	17
молон	17
крузейро	17
дүрүүдээрээ	17
хөмрөгийн	17
сарниж	17
суурилуулалт	17
албадмал	17
ширхэгүүд	17
хайрцган	17
гэрүүд	17
лэнс	17
звиад	17
разак	17
бугатти	17
тэнцвэржүүлэх	17
базелийн	17
флетчер	17
лейк	17
мөөгийг	17
бирмын	17
буруутан	17
наньжин	17
кроуфорд	17
рамирес	17
лийн	17
катрин	17
дауни	17
абба	17
үзүүлэлттэйгээр	17
мэдээгээ	17
шойгу	17
ехбх-ны	17
тамсагийн	17
өгсөний	17
аугсбургийн	17
булат	17
төрөхийн	17
ухань	17
синди	17
саркисян	17
хордох	17
площадь	17
цочролын	17
рецепторыг	17
валютыг	17
фитнесс	17
брэндүүдийн	17
аллисон	17
бүтээлт	17
агшилтын	17
эвертонд	17
словеничүүд	17
цаасаар	17
изотопын	17
аваргалахад	17
онмх	17
мёнхенгладбахын	17
саутхэмптон	17
режи	17
найжел	17
пашутин	17
теософийн	17
дурдахдаа	17
баркер	17
хатуулагийг	17
петрушевский	17
үнэлнэ	17
мэриленд	17
интерфэйсийн	17
замчлагч	17
аек	17
алжирчууд	17
талбарууд	17
хаанчлаад	17
насри	17
о-де	17
зээлэгдээд	17
гун	17
өвөрбайгалийн	17
жолоодлогын	17
нэвчих	17
балетмейстер	17
хамгаалуулсан	17
лэе	17
куйбышев	17
тайлна	17
номинаци	17
хүчитгэсэн	17
телесериал	17
траффик	17
монхор	17
мужун	17
төө	17
айвенхоу	17
нэйш	17
оосор	17
бүч	17
богтаг	17
халууралт	17
гаргуулах	17
бичэлт	17
вед	17
ёндонсамбуу	17
астма	17
үзүүрлэлээ	17
жирэмслэлтээс	17
тохойн	17
тактын	17
эвклидийн	17
трепонем	17
сульфидийн	17
ерөнхийлсөн	17
коммандыг	17
хаягуудын	17
баглах	17
гидростатикийн	17
улаанцавын	17
ондуудад	17
бэхбаяр	17
соглашение	17
всех	17
правления	17
люмьер	17
литература	17
шиүмин	17
брукс	17
сием	17
төлөлт	17
энри	17
шушкевич	17
хужирлаг	17
биткойныг	17
леонора	17
индуктив	17
хэлбэржүүлэлт	17
жүчээ	17
ромеогийн	17
чобаны	17
ганжад	17
дэбютээс	17
нэкст	17
картодб	17
дэбүтээс	17
номиндалай	17
сикст	17
хүснэгтлэвэл	17
зүгшрүүлэгч	17
сэлүүрүүд	17
гуру	17
указанной	17
отгончимэг	17
гэрэлтэлтэй	17
бэлэглэлийн	17
фибрин	17
кидс	17
пируват	17
таналт	17
лигандууд	17
миколас	17
критикал	17
ротаракт	17
михайло	17
хилбертийн	17
ковпак	17
пропозицын	17
носсрат	17
нөхцлөөр	16
судруудыг	16
дарснаар	16
гэмээ	16
сэрэл	16
гадаадтай	16
бадар-ууган	16
умраас	16
цэрэнсодном	16
цэдэндоржийн	16
соронзонболдын	16
чимэд-осор	16
чекист	16
шаргалжуутын	16
гоёо	16
сэмбийн	16
хөгжимийн	16
кейс	16
баасангийн	16
өмөзо-ы	16
эрээнцав	16
чулуунхороот	16
жигмэд	16
мандал-овоо	16
цавын	16
эхлэлээ	16
мянгадын	16
пүрэвсайхан	16
загдсүрэн	16
батхишиг	16
дамиран	16
орлогынхоо	16
илчлэгдсэн	16
адамын	16
коморос	16
пүүсүүд	16
англи-америкийн	16
хэлнүүдийг	16
ойлгодоггүй	16
хариултууд	16
захирагдан	16
харуулууд	16
хийцээр	16
боолчлолоос	16
тэлэн	16
өндрөөрөө	16
ангилалаар	16
хэмээр	16
кулоны	16
постулат	16
биетүүдээс	16
дорх	16
ирсэнгүй	16
манаж	16
тэнгэртэй	16
биологид	16
тогтон	16
мөхөөжээ	16
байдрагийн	16
цүлхэн	16
устдаг	16
дээдэлдэг	16
машинист	16
партизануудын	16
цуглааныг	16
нийгэмтэй	16
авилгалын	16
сахиулагч	16
олгохгүй	16
жр	16
уургуудыг	16
бариултай	16
сийлбэрчин	16
лүндээжанцан	16
батдэлгэр	16
ау-ны	16
түмэнбаярын	16
дашжамц	16
чөлөөлөхийн	16
хустайн	16
батхаан	16
сибир	16
гэлэнхүү	16
бохирдуулах	16
нараасаа	16
боржигины	16
үзвээс	16
ургамалжилт	16
сэргээхээр	16
геохими	16
ашиглагдсаар	16
оношлогооны	16
хийгдсээр	16
хаосын	16
бодохын	16
үнэлэмжийн	16
асуултуудад	16
цэгүүдээс	16
ойроос	16
шүүдээ	16
харван	16
ирүүлэх	16
фенүүд	16
байлгүй	16
зомби	16
үйлдлээ	16
таль	16
сонсч	16
удмаа	16
эрхлэгчдийг	16
нэмэгдээд	16
төсөвлөсөн	16
өөрчлөхгүйгээр	16
хуулиудад	16
түрээс	16
дарангуйлалд	16
угалзаар	16
тулна	16
хальмг	16
тэв	16
бүрэлджээ	16
тэмцэлдсэн	16
тохинох	16
хавчлагаас	16
эзлэжээ	16
зохиохдоо	16
даши	16
зоны	16
фильдсийн	16
олгогддог	16
боломжтойгоос	16
зарласнаас	16
мэндсайханы	16
баталсны	16
сонголтоо	16
мэргэжилээр	16
клайпеда	16
гэхийг	16
эрмэлзсэн	16
гээгдсэн	16
бакунин	16
александрт	16
дэлгэрэнгүйг	16
хатгасан	16
хаек	16
мэргэжлийнхээ	16
шунахай	16
хуралдах	16
захиргаан	16
дансыг	16
дөрвийг	16
хуваав	16
олширсон	16
нуруудын	16
пуэрто-рико	16
мандалтай	16
тэмүгэ	16
нэгэнтэй	16
зорилгогүй	16
хүсье	16
амжиж	16
гэснээс	16
үйлээс	16
дургүйцэл	16
чармайлтаа	16
идэвхижүүлэх	16
хэлийн	16
хүндлэх	16
торнижээ	16
дипломатууд	16
ганжуурын	16
тувалу	16
автах	16
пэгжэ	16
уурагт	16
харилцаагаар	16
эмээр	16
хилсдэхгүй	16
илжиг	16
тв-ийн	16
хүрэлцээ	16
сумуудтай	16
эмблем	16
илгээлтээр	16
режеп	16
эрдоан	16
оролдлогоор	16
лилиан	16
фарерын	16
дешам	16
ширак	16
номлолд	16
бичигдсэнээр	16
жанибек	16
булак	16
айбек	16
сүрэгт	16
багассаар	16
жижиглэж	16
шунхлай	16
нүдээрээ	16
фишерийн	16
захиалгыг	16
пьеро	16
нотолжээ	16
дуурайл	16
хүрэхээсээ	16
дүүгийнхээ	16
тэнхлэгээ	16
тооцоотой	16
шатаан	16
залгиж	16
дагуулуудын	16
дагуултай	16
инженер-эдийн	16
суралцагчид	16
каролины	16
кабриолет	16
засахын	16
сэдвүүдээр	16
програмист	16
гээ	16
хувилбаруудаас	16
түрэмгийлэлийн	16
тээсэн	16
өрнүүлжээ	16
давшив	16
шархадаж	16
илтгэлд	16
нисгэгчийг	16
солонгос-ын	16
олдворуудаас	16
ладакх	16
евроазийн	16
хамил	16
градусаас	16
даврагч	16
эцсээ	16
гэгчид	16
дэмжлэгт	16
үхлээр	16
хэмжээлшгүй	16
ноёрхолд	16
угсаагаа	16
асуудаг	16
хүлээхгүй	16
цуваагаар	16
ганзага	16
м-н	16
дутаж	16
энхтайваны	16
үйтүмэн	16
хураалгасан	16
пагма	16
давхцал	16
шархүү	16
зүйлт	16
хуайс	16
элдэв-очирын	16
сапармурат	16
ашхабад	16
ялгагдахгүй	16
эрэлхийлсэн	16
мөрүүдийг	16
ашиглагдахгүй	16
хэрэгслүүдээр	16
мөлхөж	16
тоомсорлох	16
дөрөвдөгч	16
ээрч	16
сормуус	16
шүүрч	16
сураар	16
малладаг	16
туурайтан	16
үйлдвэрлэгчээс	16
жүжигчиний	16
финал	16
оролдлогуудыг	16
явагдсаны	16
тайванийг	16
ялагдсаныхаа	16
тэгү	16
ивээлт	16
хэрэглээгээр	16
кадлец	16
гидростатик	16
бүйлс	16
сурвалжуудын	16
зайрмаг	16
биетнийг	16
зарцуулалтыг	16
нягтыг	16
суртахуунтай	16
тулав	16
хөдөлмөрчид	16
дутахааргүй	16
нэвтлэх	16
курилын	16
холбоотнуудад	16
өвчлөх	16
шалтгаануудыг	16
стрессийн	16
өртөөг	16
рукавишников	16
коваленок	16
аан	16
мендель	16
опек	16
мэргэжилд	16
прелюди	16
иоханнес	16
зэмсгүүд	16
цоглог	16
чөлөөлөхийг	16
гюго	16
вердийн	16
берлинээс	16
байрон	16
хайдельбергийн	16
хоолойнууд	16
гауссын	16
нийлснээр	16
бараагаа	16
надмидын	16
яван	16
дээших	16
нийлдэггүй	16
ардынхаа	16
хичээллүүлж	16
тоолуулсан	16
цэцэрлэгтэй	16
дамбий	16
түшиглэж	16
сэлбэж	16
нумаар	16
авчраад	16
аялахдаа	16
бишийг	16
хайлааст	16
зуучлал	16
загварчлахад	16
нуклид	16
өвчлөлийг	16
баянголын	16
керей	16
зоотехникч	16
мөстэй	16
өгөршлийн	16
тойрныхоо	16
түлшинд	16
шингэрүүлэх	16
сэрэлт	16
даалгаж	16
юүгээн	16
захаараа	16
гурвалжингийн	16
өвөлд	16
нөгөөгөө	16
өрөвдөх	16
сөргүүлэн	16
хэмжээсээр	16
анион	16
эрдсүүдэд	16
шулуутгах	16
шатлалыг	16
францискогийн	16
үүссэнийг	16
талибанчууд	16
кабулд	16
афганистанаас	16
австраличуудын	16
байгуулсныхаа	16
нөөцөөрөө	16
аллотропи	16
схемд	16
кабрал	16
ассемблейд	16
эзлэгдсэний	16
нэгдлээ	16
жуковский	16
одесс	16
айлтгаж	16
хүсэхэд	16
гуйхад	16
доромжлол	16
модест	16
устөрөгчтэй	16
томордог	16
шуурган	16
гэрэлтэж	16
байшингаас	16
дэгжин	16
аягатай	16
дундуураа	16
алдархааны	16
бристол	16
харригийн	16
ээжийнх	16
эзэгнэсэн	16
шихихутуг	16
хархорумыг	16
мхзэ	16
овжин	16
танхай	16
оролдон	16
мэдлэгтэн	16
романаараа	16
хуруугаа	16
яльгүй	16
ванлигийн	16
жанжинд	16
хөдлөхийн	16
давсаар	16
автдаг	16
тариалахад	16
тэгшхэн	16
нийлэгжих	16
загасчин	16
элиас	16
икэл	16
дарангуйллаас	16
оруулснаас	16
сүүлийг	16
чанартаа	16
хүрхрээний	16
октавиан	16
хуул	16
холдсон	16
рейтинг	16
толуй	16
гүйцэлдүүлэх	16
кэш	16
бордогч	16
иогийн	16
бунхныг	16
чимэглэх	16
толкины	16
мэдэхээр	16
хөтлөгчийн	16
өмнөтгөл	16
харуй	16
урнаар	16
үнэлэмжийг	16
симуков	16
стоунз	16
хувцаслалт	16
синглээ	16
гарснаасаа	16
иранчууд	16
энхтайвныг	16
дөхөх	16
шимгүй	16
нүүдэллэх	16
тувад	16
цавчих	16
нируны	16
жүрхин	16
эрхшээл	16
космологи	16
дамжуулагчаар	16
чөлөөгүй	16
э-мэйл	16
иммануэл	16
дугаарлагдсан	16
хандахдаа	16
санаархал	16
амсчээ	16
энийг	16
дэлгүүрийг	16
байгуулагад	16
нино	16
чарга	16
хадагтай	16
матвеевич	16
тасс	16
цейлон	16
валютаар	16
батыг	16
буянт-ухаа	16
файлтай	16
махтай	16
залхуу	16
нанжин	16
титмээ	16
арваны	16
дуундаа	16
кид	16
хой	16
дү	16
арабууд	16
самаркандад	16
үсэггүй	16
тонож	16
габриель	16
богота	16
интерпретер	16
ксения	16
зогсч	16
зөвшөөрөгджээ	16
нью-йоркоос	16
шаргалжуут	16
асаасан	16
лхамжав	16
цөөвөр	16
дөш	16
оюуныг	16
долгионтой	16
өнгөнүүд	16
үргэлжийн	16
ухамсарлах	16
хүчтэйгээр	16
төвөдөөр	16
нат	16
баруунбаян-улаан	16
дэлгэрбат	16
сүндэрлэн	16
раднаабазар	16
баянжаргал	16
яргай	16
бүртгэгдээд	16
эмэгтэйчүүдээс	16
абта	16
бавуу	16
зху-н	16
оныхоос	16
бялзуухай	16
бори	16
резерфорд	16
тугны	16
муруйн	16
шараар	16
интеграцийг	16
генералиссимус	16
будённый	16
хоршоодын	16
болсноосоо	16
тэнхлэгийг	16
экспо	16
харди	16
шийдээд	16
эхнэрүүд	16
хэрэглэхгүйгээр	16
баривчилгаа	16
якутын	16
түркмен	16
гишүүнтийг	16
владимировна	16
плимут	16
суваргын	16
тасалгаатай	16
дугарсүрэн	16
сэвжид	16
дамжуулагчаас	16
фторын	16
исэлдэх	16
сундуйн	16
сумдаар	16
хэмнэсэн	16
өнцгүүдийн	16
судлагддаг	16
мальдивын	16
каталони	16
гвиней-бисау	16
кайманы	16
куэльяр	16
хөнгөвчилсөн	16
левант	16
финикийн	16
аккад	16
голаны	16
ярилцлагандаа	16
хагалан	16
гэрэлмаа	16
санжжав	16
камераар	16
сувилагчийн	16
дээшлүүлэхийн	16
тэргүүлэгчийн	16
талруугаа	16
бутлах	16
олгогчид	16
дагз	16
эрхтэнтэй	16
сэртэн	16
ялааны	16
тайлбарлагдана	16
нүднээс	16
ялзарсан	16
малаас	16
ухамсаргүй	16
таксономи	16
санагдах	16
сайтаар	16
тулаантай	16
тэнцсэнээр	16
ботвинник	16
ажилбар	16
хүзүүгээ	16
бэхлэн	16
шүжан	16
дээврийг	16
дүгээрт	16
манзуширын	16
мөхлөг	16
тохирдоггүй	16
зөвшөөрөгддөг	16
зөөхөд	16
хуучирч	16
баварын	16
чадахаар	16
бенилюксийн	16
хөвүүний	16
гаргадаггүй	16
тусгаарлагддаг	16
талынх	16
спин	16
лептон	16
пм	16
индонезид	16
рай	16
фен	16
тайфун	16
хагалгаанд	16
загваруудтай	16
занарын	16
одоор	16
караван	16
антоновын	16
өргөмжилдөг	16
бүлэглэлд	16
өөрсдөд	16
халифын	16
талстыг	16
идэгдсэн	16
боорцог	16
хөндөх	16
зөрчвөөс	16
баталгаажуулан	16
улирлуудад	16
файлуудад	16
баримтаа	16
сэтгэлээс	16
тосолгооны	16
дэлгэрүүлэн	16
хардалт	16
аллелийн	16
рецессив	16
залгаад	16
фин-угор	16
туваг	16
народа	16
сборник	16
ваймар	16
хөгт	16
белорусийн	16
байгуулагдсны	16
болгогч	16
натуралист	16
түргэвчилсэн	16
тулгамдаж	16
тэтгэгчид	16
быков	16
удирдлагуудад	16
башир	16
хаагдсаны	16
мэхлэх	16
пикассогийн	16
максимович	16
хийснээрээ	16
мөлжлөг	16
холбоотойг	16
тусгалыг	16
зүйлийнхээ	16
хамгаалалтаа	16
зохиолчдыг	16
араб-израилын	16
тангарагаа	16
өдрөөсөө	16
илгээмжийн	16
калвин	16
ажлуудад	16
туурийг	16
элизабетын	16
зохицуулагдаж	16
механизмууд	16
баядууд	16
доогуурх	16
арилж	16
ходоодонд	16
чөмгөнд	16
зохицуулагдсан	16
чигжээс	16
суварган	16
равжаагийн	16
зурлаа	16
маргад	16
дайнуудад	16
цомхон	16
шивээг	16
дуртайяа	16
глеб	16
урсган	16
фракийн	16
дээдсийнхээ	16
гэдэгтээ	16
цөөрөх	16
колоничлолоос	16
чөлөөлөгджээ	16
баден	16
биетүүдэд	16
жавагийн	16
шүтлэгтэн	16
кувейтийг	16
моше	16
байгуулсаар	16
линзээр	16
гэрчийн	16
залгих	16
абахагийн	16
хмельницкийн	16
венецид	16
сугалаагаар	16
хуваагч	16
райхын	16
колизей	16
утгаа	16
цайзаас	16
тосгодыг	16
гангаар	16
ласло	16
убдс-д	16
дефо	16
ялагдлаар	16
төрөлжүүлэх	16
марати	16
хордуулж	16
самба	16
лений	16
хорооллууд	16
тарина	16
шаардагдаж	16
голомтод	16
ладога	16
өсгий	16
гавьяаныхаа	16
үйлчлүүлэгчдийг	16
иллинойс	16
объектийг	16
квийнслэндийн	16
кэмбрижийн	16
ноолууран	16
хөгшрөлт	16
кибернетикийн	16
зөрчигдөж	16
воеводина	16
ангела	16
ке	16
мөчрүүд	16
давалгааг	16
судлахдаа	16
кекконен	16
лхасын	16
сургахаар	16
сахагийн	16
грэхэм	16
атос	16
мексик-америкийн	16
ноёдууд	16
цөлжээ	16
хэмчиг	16
бнтуву	16
канзасын	16
судсыг	16
сийвэнгийн	16
шингэнээ	16
обьектуудыг	16
хамгаалахаас	16
озеро	16
ерөнхийлөгчдийн	16
убис-ийн	16
чирч	16
амралтаа	16
тохижилтын	16
хөгжүүлсээр	16
эксперт	16
топографийн	16
арбитражийн	16
зарахаар	16
жонсын	16
насанбат	16
македончууд	16
кэйо	16
пригожин	16
орсоор	16
аль-каида	16
цаглашгүй	16
ирмэгц	16
хэрэглэв	16
тэшүүрч	16
полипептид	16
клон	16
диплоид	16
хувиргалтыг	16
яллагдсан	16
шоколадан	16
гэргийн	16
мам	16
смитсоны	16
буцахыг	16
уулзахад	16
бусадтайгаа	16
цогцолборууд	16
лидийн	16
сөнөөжээ	16
ичдэг	16
кистоун	16
жүжиглэж	16
ханджээ	16
шийдвэрлэхээр	16
докуз	16
асгарсан	16
петра	16
кайпин	16
наду	16
сүмүүдийн	16
өршөөлийн	16
каганович	16
копенхагены	16
татварт	16
апостол	16
галапагос	16
тодорхойлолттой	16
визуал	16
интоор	16
электро	16
хөнөөв	16
апартейд	16
алчууртны	16
лапу	16
зета	16
фрайбергийн	16
гүйцээн	16
манаач	16
мэгжид	16
хуралдайг	16
турктэй	16
өрөгт	16
тэргээ	16
гоа	16
ядамын	16
сем	16
горилсон	16
ирвин	16
тайванбат	16
инстаграм	16
хоншү	16
гүдэн	16
чиглүүлэхэд	16
дурсамжууд	16
боровтор	16
сухай	16
хөлөндөө	16
днх-ийг	16
нүүрт	16
цагаанаас	16
галуагийн	16
даргалсан	16
багцлан	16
томуугийн	16
зүйгээс	16
хэвлэгчийн	16
ажиллагаан	16
загварчлагдсан	16
обег-ын	16
монж	16
янзага	16
тавихгүй	16
конденсацийн	16
фредди	16
гунгаагийн	16
амралтанд	16
сэлэлтээр	16
айлаас	16
өнөржаргал	16
жүүрёо	16
визний	16
аваргалжээ	16
галицийн	16
захиралын	16
лужков	16
хядагчид	16
думд	16
хэрэгжүүлэхдээ	16
греф	16
саакашвили	16
бүртгүүлэв	16
ятгалгаар	16
эстоничууд	16
врайт	16
довтолгооноо	16
катарина	16
жибзундамба	16
мюзик	16
биллборд	16
тянь	16
суис-ийг	16
танигджээ	16
эберт	16
танигдаагүй	16
бисексуал	16
нэвтрүүллээ	16
сим	16
хуралдаанаас	16
хэлтгий	16
анч	16
өргөжих	16
социаль	16
кенни	16
шагналтнуудыг	16
пулитцерийн	16
хотд	16
детектив	16
уольтер	16
угтах	16
везуви	16
кириленко	16
завьчин	16
италиа	16
агентлагын	16
пауль	16
эрхээсээ	16
нефертитигийн	16
босогчдод	16
виториа	16
беннетт	16
нэмэгдүүлснээр	16
йенс	16
туршив	16
чехословакын	16
ниргэв	16
хохиролыг	16
карахан	16
сюй	16
калашников	16
хуа	16
цэр	16
ягаандуу	16
карлес	16
амжилтуудын	16
тавилт	16
талстуудын	16
дагдангийн	16
гартлаа	16
транссибирийн	16
лозанн	16
байгуулагчаар	16
дахомей	16
ашт-ийн	16
натали	16
нэгээрээ	16
амжив	16
галууны	16
мужын	16
хорхойг	16
сортой	16
симона	16
савой	16
фирмд	16
техникумыг	16
диоклетиан	16
үүрлэн	16
мелани	16
бе	16
ябгу	16
ог	16
лаврин	16
кроссовер	16
барселонагийн	16
зарлалын	16
хөгийн	16
бухимдсан	16
леверкузений	16
хөргөлт	16
фк	16
отгонбаярын	16
мартина	16
ховилоор	16
нугалсан	16
дино	16
ахмадуудын	16
зорилгоос	16
хурдад	16
суринамын	16
арктик	16
симмонс	16
терроризмыг	16
буучид	16
вү	16
хувиргалтын	16
дамжуулагдах	16
аманда	16
ахматова	16
студио	16
лавров	16
бичигдэв	16
ватерлоо	16
өгж	16
сарьдагийн	16
ацс-ын	16
хичкок	16
пател	16
норгай	16
фильм	16
өнгөрлөө	16
шигтгэж	16
нарендра	16
дээрэмджээ	16
хүчирхийлэлтэй	16
нэш	16
хожигдов	16
кусто	16
зингер	16
виола	16
або	16
брин	16
өмсгөлтэйгээр	16
гитартай	16
хэмжүүрийг	16
телевизээс	16
илүүрхэн	16
насьональ	16
уртасгасан	16
театрийн	16
трофи	16
интернасьонал	16
пулемётчин	16
слесарь	16
виолетта	16
яго	16
халддаг	16
одно	16
фиба	16
айчи	16
дуусгасны	16
фристайлийн	16
хаяглалт	16
дамжуулагдаж	16
оюутнуудаас	16
райн-вестфален	16
монгольская	16
рао	16
анкетын	16
зарын	16
редакцын	16
портоор	16
сталлоне	16
эспрессо	16
задралаас	16
зээллэг	16
менгеле	16
сонсогдсон	16
либертадорес	16
питерборо	16
бавариа	16
камерунчууд	16
англитай	16
ачааллаас	16
ойрадтай	16
брондбю	16
болгохдоо	16
загалмайт	16
портод	16
статистика	16
цаныг	16
анахайм	16
снукер	16
хөхөгчин	16
чага	16
примаковын	16
рекомбинант	16
үүсэлт	16
элемэнт	16
институтийг	16
цитозол	16
пёнъань	16
живзундамба	16
заануудын	16
ясанд	16
кори	16
линзээс	16
вальекано	16
галерейд	16
менежментэд	16
амарсанаагийн	16
масштабын	16
ханжоу	16
третьяков	16
бэйж	16
хамгаалаад	16
ухна	16
хэл-уран	16
натрий	16
шигүшидэй	16
пенсильванийн	16
руан	16
хүсдэггүй	16
барилгуудад	16
дугаарласан	16
максимум	16
галаарид	16
давлагаа	16
кэйжийн	16
тэнцээгүй	16
идэвхжүүлснээр	16
ралли	16
упанишад	16
йог	16
аст	16
удэт	16
эрхзүйч	16
трусевич	16
быть	16
унион	16
угалзтай	16
дубчек	16
гарина	16
дугаарлах	16
тэмбүүтэй	16
моссад	16
резонанс	16
давхаргуудын	16
холимогийг	16
регистер	16
параметртэй	16
програмчлагдах	16
байтуудыг	16
мессежүүд	16
соронзын	16
шахагдах	16
ургалтад	16
ксч	16
бэхэлж	16
исэлдэлтээс	16
мултикс	16
аллель	16
импортлох	16
грассхоппер	16
мөнх-од	16
права	16
нилл	16
дипломыг	16
гажилтын	16
издание	16
аудитор	16
гумилёвын	16
кировоград	16
хеш	16
стекийг	16
монцамэ-гийн	16
лувсанцэвээн	16
никотины	16
хавсралтаар	16
латтис	16
кишинёв	16
данцигийн	16
сегмэнтийг	16
хантингтон	16
мотагуа	16
саприсса	16
бөн	16
роснефть	16
черниговын	16
э-худалдаа	16
аргазүй	16
цег-ын	16
далангуудын	16
мерива	16
рэндалл	16
тохируулгыг	16
ильф	16
фишинг	16
дота	16
давирхайн	16
чинтулга	16
микроскопийн	16
важпи	16
э-худалдааны	16
керберосын	16
бнпу-ын	16
таслуур	16
кожон	16
хуванцрын	16
ацетат	16
потоцки	16
сунак	16
фосфолипидын	16
песня	16
соёололтын	16
гончаров	16
бергений	16
полиуретан	16
боса	16
психодинамик	16
анхаар	15
түгжээг	15
хүмүүстээ	15
түнхэн	15
буддаг	15
батлагддаг	15
зовлонгийн	15
зовлонд	15
гэтлэх	15
өнөөгийнхөөр	15
танина	15
ойртуулсан	15
экологид	15
мөнхзаяа	15
бүүвэйн	15
гоньд	15
дорноос	15
лувсанбалдан	15
раднаасүмбэрэлийн	15
чойдогийн	15
мангалын	15
бямбажавын	15
цохионы	15
гавьяатнууд	15
эергээр	15
чогсом	15
боловсруулагдаж	15
түвшинээс	15
бүсүүдийн	15
сэржмядаг	15
даваадалай	15
цэрэнбаатарын	15
алгана	15
баян-агт	15
анагаахад	15
оргилон	15
гэсэнд	15
тулдаг	15
мухаммедийн	15
алигийн	15
хэвлэгдсэнээс	15
зууж	15
зүйлдээ	15
албадлага	15
танилцуулахад	15
гд	15
нандигнан	15
далбаагаа	15
илтгэлүүд	15
ла-маншийн	15
зургаад	15
алдарч	15
бастилийн	15
туйлдсан	15
үйлдвэржиж	15
арваас	15
тивүүдийн	15
хэмжүүрээр	15
гүйцэтгэхээс	15
хэлэхгүй	15
агуулан	15
загвартаа	15
уэйлс	15
болгохгүй	15
монголоо	15
ойлгогдож	15
тогтнодог	15
жасаа	15
хутгалдан	15
байрлуулав	15
төвхөн	15
плазман	15
институтыг	15
удирдагчидтай	15
хувьчилж	15
малчдыг	15
онгол	15
сангуудад	15
суданд	15
амлалтыг	15
өрсөлдөгчөөсөө	15
гарсанаар	15
полисахарид	15
глицерин	15
олдворуудын	15
дондовын	15
довчингийн	15
сугаржаргал	15
давхрагын	15
зоргол	15
жодоо	15
сэрдэг	15
буудаллаж	15
судлалтай	15
америго	15
баялагийг	15
машинуудад	15
цагирагтай	15
линн	15
фейнман	15
топологийг	15
буулгахад	15
үеүүд	15
хүрэгчдэд	15
хичээнэ	15
мэргэжлүүд	15
гэе	15
нийцнэ	15
ногдуулж	15
төлбөргүйгээр	15
тодорхойлсоноор	15
томруулж	15
гарсантай	15
бнху-ын	15
бүрэлдэхэд	15
зонхилогч	15
өмнөш	15
шуумал	15
төрхтний	15
тэргэн	15
үүрэх	15
мангуд	15
сибири	15
өөрсдөдөө	15
буриадыг	15
буриадаас	15
зайдуу	15
сэлгэж	15
сарнин	15
ястнуудын	15
эрдэнэбатхаан	15
чойвон	15
тао	15
нго	15
эрэмбэлэх	15
хамаарахгүйгээр	15
намаасаа	15
хууртай	15
болмоор	15
улус	15
түмнүүд	15
байдлууд	15
албадах	15
коллеги	15
оногдуулсан	15
дэлүү	15
хуралтай	15
харилцахад	15
дансаа	15
үүргүүд	15
ёсчлон	15
рабиндранат	15
эрэгтэйд	15
ноогдоно	15
библиотека	15
основные	15
өнөболд	15
зоригоо	15
каннада	15
алуулав	15
тэтгэлэгээр	15
англичуудын	15
буруутгав	15
жаната	15
керала	15
уснаа	15
суран	15
уналтаас	15
буулгадаг	15
заншлаар	15
мөгөөрсөн	15
уургаас	15
сэнсний	15
тодрох	15
цэцэглэлтийг	15
эгшгүүд	15
хувьсаж	15
адуутай	15
өөрчлөгдсөөр	15
хөгжлөөрөө	15
үйсэн	15
хэмжээгээ	15
заагдан	15
зинедин	15
тэнцээгээр	15
хүртээв	15
хайгаад	15
хөвүүдийн	15
бүртэй	15
өрхөөс	15
үлүг	15
иудаизм	15
гарсанаас	15
корсика	15
байгууламжуудын	15
родосын	15
хялбарчилсан	15
хонгилд	15
винчигийн	15
нийлэгжиж	15
микрометр	15
шаардагдсан	15
лут	15
с-д	15
нейтрино	15
мөргөлдөн	15
дэргэдүүр	15
перри	15
нямдаваагийн	15
түншийн	15
судлагааны	15
тонны	15
доромжлох	15
хэлнийхээ	15
буйд	15
вулгат	15
гаргасаар	15
уулны	15
удирдлагуудын	15
бүслэгдэн	15
танктай	15
давахад	15
явуулаад	15
барсын	15
ухралт	15
армийнхан	15
сын-ман	15
ажиглагчаар	15
лоб	15
харъяаны	15
малгайтны	15
кашгар	15
хами	15
хотгорыг	15
ууршдаг	15
алдахгүйн	15
ярьснаар	15
эвлэршгүй	15
төрлөхтний	15
газрынх	15
шөнөжин	15
багадах	15
тээврээр	15
хэлмэгдүүлэлтийг	15
илчлэх	15
зовоосон	15
дарамтанд	15
хэлтсүүд	15
үүнээсээ	15
шанг	15
бариж	15
ангилалтай	15
раднаабазарын	15
лодойн	15
буянтогтох	15
зөвшөөрлөө	15
ушаандар	15
туужууд	15
ниснэ	15
хүүхдийнхээ	15
маркосын	15
ялагчийг	15
өпсала	15
жискар	15
засгаар	15
морьтны	15
жанлавын	15
наранцацралт	15
балыг	15
ундаанд	15
хүнснээс	15
үржүүлэг	15
тасраад	15
хаалтан	15
кодлогч	15
хөтчүүд	15
хамааруулах	15
өөрчлөхөөр	15
харпер	15
нелсоны	15
хормын	15
эдэлгээнд	15
азиар	15
үржүүлсэн	15
ноосыг	15
хүзүүнд	15
амардаг	15
эртэй	15
учирна	15
шийдлээ	15
эхлэдэг	15
алдаануудыг	15
хөрж	15
литосфери	15
сонгогдоно	15
март	15
даам	15
сангидорж	15
кайшигийн	15
захирагдана	15
тогтоохоос	15
улиралтай	15
манжтай	15
куанжү	15
эрсдэлт	15
самсон	15
зорчдог	15
цэдэн	15
жүржийн	15
ногоонд	15
үйлтэй	15
буйтай	15
зүйлүүдтэй	15
талбайнууд	15
элэгдлийг	15
мэдрэгдэж	15
бололцоогоо	15
нөхөдтэй	15
эрчмийг	15
москватай	15
цусаа	15
эскадрилийг	15
хүчнээ	15
тултал	15
гепатитын	15
ретровирусын	15
биенээс	15
улаантнууд	15
чойбалсанд	15
бадарсан	15
зохиолынхоо	15
ганцаардмал	15
мазепа	15
гачигдал	15
хөндийрсөн	15
тэйдээ	15
метрополи	15
атомуудаас	15
онгодын	15
унжлага	15
жавхааг	15
төдийд	15
хормойд	15
эрдэнэзуу	15
энх-амгалангийн	15
цацралт	15
рашаантай	15
хэрэмт	15
чандага	15
сойр	15
дагинын	15
салхинаас	15
халууныг	15
сурагчидтай	15
здтг	15
айлууд	15
шархдсан	15
завсарын	15
гозгор	15
ажиглагдаагүй	15
тааруулах	15
алхмын	15
шалгагдсан	15
астероид	15
хувьчлагдсан	15
цэвэг	15
сүрэнхорлоо	15
ажиллагаагаараа	15
мурат	15
тэгшитгэлд	15
муруйлттай	15
анимаци	15
өгөршил	15
давирхайг	15
хордуулах	15
ради	15
ангижруулж	15
геохимийн	15
дэнлүү	15
керосин	15
дарх	15
очтол	15
давчдах	15
верхнеудинск	15
идеалист	15
сэдвүүдэд	15
цамхгийг	15
гавшгай	15
түрүүчийн	15
хэллэгтэй	15
зургаараа	15
тэмцэгчдийн	15
кафед	15
бүжигчид	15
хүрээлэл	15
ренуар	15
капитализмыг	15
плато	15
цаанаа	15
локк	15
идеализм	15
сурьма	15
тогтворжуулагч	15
заагийн	15
хавтангуудын	15
түний	15
алдагдуулдаг	15
шургаж	15
дарагджээ	15
солив	15
тодотгосон	15
автономи	15
тооллогод	15
мендоза	15
номынхоо	15
хавтангаар	15
тугаа	15
өсгөхөд	15
норфолк	15
англикан	15
атеист	15
залууд	15
ялтсын	15
эно	15
суурингуудыг	15
хайхран	15
төлөөлүүлсэн	15
гевара	15
гавриил	15
мусоргскийн	15
целлюлоз	15
бүрхэвчинд	15
төрлүүдээр	15
мзэ	15
эмчлүүлсэн	15
бүслүүрт	15
шагшуурга	15
сэлгэх	15
хэвлэхийг	15
луужин	15
чөлөөлөхөөр	15
хөөхөд	15
шамбалын	15
импекс	15
тойруулж	15
будаатай	15
дуурайлал	15
адгуус	15
аавыг	15
тайзнаас	15
сондор	15
альфонс	15
егор	15
ялгаруулалтыг	15
сэтгэлгээнд	15
хождог	15
хангуудын	15
сэрэн	15
дэргэдээс	15
довтолдог	15
ноу-тилл	15
илгээгджээ	15
кришна	15
дарлалын	15
тэмүүллийг	15
уламжлагдаж	15
алашаа	15
эрхи	15
парисыг	15
угтсан	15
гажигтай	15
харшид	15
хайрлажээ	15
худалдаачдад	15
идэвхийн	15
драйверууд	15
транзисторын	15
иончлолын	15
сугарын	15
дуусжээ	15
шүүгдэж	15
язгууртнуудад	15
клайв	15
бүтээлүүддээ	15
эхлүүлэхийн	15
хаягаа	15
баримтуудын	15
зогсон	15
доромжлон	15
чамтай	15
гашуудаж	15
роуд	15
жагсаажээ	15
дурсгалтай	15
шатуудын	15
моюнчур	15
мэргидүүд	15
дайтахаар	15
штернберг	15
үечлэл	15
искусство	15
холбогдсоноор	15
вильхелм	15
ритчи	15
програмчилсан	15
эрэмбэтэй	15
дүүрэх	15
болгосоноор	15
бууруулан	15
загварчлан	15
салгадаг	15
тусгаарлагдана	15
судласан	15
кремльд	15
байшингаа	15
вермахт	15
нөгчив	15
барилдлагатай	15
хүчнүүдтэй	15
ормузын	15
түлшээр	15
балбад	15
байхгүйгээс	15
альбедо	15
эвэнх	15
плехановын	15
интервенц	15
хьюндай	15
багтахгүй	15
чанартайгаар	15
терек	15
негев	15
бүртгэгдээгүй	15
шанз	15
эзэгтэйн	15
шариатын	15
тохирчээ	15
бразилтай	15
цомгуудыг	15
ронни	15
бестселлер	15
мэдэгдэлгүйгээр	15
нийтлэв	15
төөрөгдөлд	15
вьетнамтай	15
тухн	15
мордоод	15
сэргэжээ	15
тогтворжиж	15
оклэндийн	15
эвдрэлийг	15
лат-га	15
тайдаа	15
дээдсүүд	15
багачуудад	15
даунинг	15
зугаалах	15
илүүдэлтэй	15
компьютеруудад	15
нэвтэрснээр	15
байконур	15
тангаргаа	15
нэгтгэгч	15
зөрчилдөөнд	15
гартай	15
объектод	15
хангахуйц	15
тохижуулах	15
мөнхтогтох	15
мат	15
ундармаа	15
амарзаяа	15
хивсний	15
батлуулжээ	15
алтанхундага	15
гэзэгт	15
үржингийн	15
поляна	15
дня	15
явуулга	15
хонжоо	15
сэргээгч	15
нинжин	15
нөлөөллөөр	15
хослолын	15
дүүрэггүй	15
нуклеотидуудын	15
мэдрэн	15
оршдоггүй	15
танилцав	15
үнэмшүүлэх	15
мөрдсөн	15
захирлыг	15
даланжаргалан	15
түвшинширээ	15
таа	15
хусан	15
гавъяатан	15
гуанз	15
өрөл	15
эрэгтэйчүүдээс	15
түвдэндорж	15
зааварлах	15
харуулснаар	15
бигэрийн	15
ефремовын	15
жасрай	15
урианханы	15
толбыг	15
нейроны	15
төлөвлөгөөгөөр	15
мэдэгдэн	15
иваны	15
унгерны	15
нэгжүүдээс	15
полимерууд	15
хослолоос	15
аденин	15
сууриудын	15
чартуудад	15
бөмбөрчнөөр	15
хучилтын	15
хоногшин	15
бурхдыг	15
өгүүлбэрүүд	15
далдан	15
лайхур	15
дүүргэгч	15
абуху	15
белфаст	15
международная	15
сануулсан	15
хадыг	15
рашаантын	15
цэврээр	15
бинар	15
уламжлалууд	15
ононгийн	15
аким	15
бургасан	15
балганы	15
дүрсүүдийн	15
синусын	15
бурса	15
дээшлэх	15
барбадос	15
габон	15
принсипи	15
элен	15
арцах	15
дугаарлалтын	15
время	15
дэгдэхэд	15
сухайт	15
буянхишиг	15
пэлжээ	15
дагийранз	15
дугтуй	15
дарам	15
ишжамц	15
уувал	15
шүдгүй	15
судлууд	15
атугай	15
үзэгдэгч	15
фиде	15
хожигдсоноор	15
наалдсан	15
авс	15
сорих	15
эзлээгүй	15
хагалсан	15
хишигбаатар	15
гаргуулан	15
хамрагджээ	15
дэвүүр	15
халбаган	15
цөлөөр	15
бсшуя	15
ойдоо	15
үүсвэрт	15
багажууд	15
нэвтрэхгүй	15
хайлалтын	15
зэврэлд	15
дивизонд	15
клиффорд	15
архимедийн	15
хүрдний	15
бямбадоржийн	15
вальядолид	15
сальвадорын	15
тэрний	15
болонийн	15
птоломейн	15
барилаа	15
суурьшив	15
франц-пруссийн	15
канцлерын	15
отгоос	15
төлөөлөгчөө	15
ирсэнд	15
улируулан	15
хэмээгдэн	15
буяныг	15
бэлдэн	15
оусс	15
балансын	15
чао	15
хүлээцтэй	15
туршилтуудын	15
сануулах	15
чансаагаар	15
ээлжилсэн	15
муром	15
урвалж	15
нягталж	15
зүйлээрээ	15
командалж	15
шавхан	15
гардуулав	15
үтэр	15
нэгжлэг	15
зусланд	15
шүүгээ	15
үлдээхийг	15
байгууллагуудаар	15
батальонд	15
манхайм	15
хучсан	15
метаморф	15
диагональ	15
комьпютер	15
сахалины	15
бүтцээ	15
илтгэлүүдийн	15
тавган	15
солилцон	15
хунар	15
унжуулсан	15
элэгтэй	15
ричи	15
зарахыг	15
эргүүлсэн	15
кернель	15
тасалдлын	15
зөөгддөг	15
түшмэдийг	15
нэршилд	15
маклеод	15
бошогт	15
милл	15
ногдсон	15
хуурчаар	15
тасарчээ	15
материалаа	15
таарав	15
нийтлэсэн	15
гэсний	15
бүлийнх	15
халагджээ	15
сүсэгт	15
зохиомжтой	15
саатуулжээ	15
туйлдаа	15
өмчлөгч	15
жефферсоны	15
швейцари	15
солонгон	15
агентын	15
белгийн	15
зөөсөн	15
хүндрэлийг	15
сербийг	15
ухрааж	15
сонсоно	15
ёрын	15
дадли	15
брянскийн	15
транснистрийн	15
аристид	15
луйжи	15
диаз	15
өрөнд	15
райс	15
врангелийн	15
лайн	15
сүзүки	15
черненко	15
итгүүлэн	15
ханхөхий	15
халууны	15
олзлогдогч	15
айсингиоро	15
залгамжлагчаа	15
шүн	15
бэрхшээлүүд	15
амуу	15
эхэлсэнээс	15
халдагчийн	15
ариутгагч	15
программд	15
пума	15
реакторт	15
хараагийн	15
сүлжээгээ	15
маоригийн	15
эрчимжүүлсэн	15
кей	15
веллингтоны	15
грейс	15
өгөөш	15
дайсагнагч	15
барсныг	15
углич	15
ниргэжээ	15
мавераннахр	15
едигейн	15
үүсгэлт	15
дийлсэн	15
жоны	15
хүржээ	15
кинотой	15
хаменеи	15
хуваахыг	15
ороон	15
ромоос	15
сан-францискод	15
найзынхаа	15
вальдхайм	15
антониу	15
хмонг	15
ёо	15
афонсо	15
занг	15
колоничлогч	15
давслаг	15
наварра	15
патриарх	15
приднестр	15
холбосноор	15
донбасс	15
рестораны	15
навигаци	15
атлантагийн	15
спартагийн	15
иль-де	15
хот-улс	15
сайжирдаг	15
холбогчийн	15
эзлэгдэх	15
поляков	15
дасгалжуулсан	15
константинополийн	15
исфахан	15
амир	15
тель-авив	15
бүсчилсэн	15
налайхад	15
ногооноос	15
ударник	15
цэрэгжүүлсэн	15
газарчин	15
төөрсөөр	15
нүүрсээр	15
каймиш	15
мажор	15
калийг	15
хамаатнууд	15
ширүүхэн	15
мэтэд	15
зөндөө	15
цагаригийн	15
мадридыг	15
уимблдон	15
хантааз	15
татваргүй	15
жавзан	15
гүрнүүдтэй	15
тбб-ыг	15
орсонд	15
сульфатыг	15
хамж	15
токаев	15
костанай	15
харвагч	15
испанитай	15
тейлорын	15
озава	15
орсоны	15
урхо	15
байдалын	15
туринд	15
самаранч	15
үржүүлэгч	15
исландад	15
ватерлоогийн	15
бату	15
сост	15
мэйрэн	15
америкчуудад	15
эндотелийн	15
бүтжээ	15
цаасаа	15
өгөгдөлийн	15
гүйцэтгэгдэж	15
малый	15
шор	15
владикавказ	15
редакторласан	15
талбартай	15
мадрас	15
давсаг	15
хөөцөлдсөн	15
денни	15
биржээр	15
жүжгүүдэд	15
аугусто	15
хэрчим	15
туулахын	15
өөрчлөөд	15
харважээ	15
сургаалийн	15
одри	15
филипе	15
сүүдэртэй	15
хэвтсэн	15
нишингийн	15
кг-аас	15
норматив	15
тэйлорын	15
шүхрийн	15
грантын	15
хөгшрөлтийн	15
веракруз	15
голдрил	15
маяагийн	15
зайлуулжээ	15
коммандууд	15
голоо	15
чингэлэг	15
далдалсан	15
уэбб	15
ордонтой	15
хэсүүлч	15
тэнүүлч	15
нэгдэхээр	15
ээдрээт	15
нууцлагдмал	15
гүүгл	15
миссиссиппи	15
финляндын	15
тоглуулдаг	15
спортс	15
томасын	15
винс	15
солихыг	15
посейдон	15
ваттын	15
плеханов	15
хоригдсоны	15
хөхтөмөр	15
таргудай	15
алав	15
мордов	15
пауэлл	15
собиески	15
рабин	15
хуйвалдан	15
ягелло	15
үхэн	15
ролан	15
хөргөж	15
нимбэгний	15
хүүтэйгээ	15
инж	15
үрчлэн	15
худуга	15
афганистаныг	15
шуа-д	15
гуйхаар	15
гаралтанд	15
дундговийн	15
оролцуулжээ	15
ельцины	15
зуран	15
мохандас	15
хамтрах	15
гандиг	15
цацагдах	15
попын	15
харангын	15
дарайсүн	15
улсболд	15
гренобль	15
судалгааныхаа	15
сандерс	15
нислэгээр	15
брауншвайг	15
боджээ	15
эберхард	15
байлгана	15
алимны	15
унжсан	15
ломе	15
чихгүй	15
функцүүдийг	15
липецк	15
жапаров	15
баткен	15
могилёв	15
ямагүчи	15
цэгц	15
роуз	15
оршихын	15
дэлбээтэй	15
өвддөг	15
үзүүрлэв	15
заставыг	15
харьсан	15
цээжтэй	15
лос-анжелесийн	15
чингиз	15
авирсан	15
юмсанж	15
нямдоржийн	15
баттон	15
черчиль	15
хүртэхдээ	15
заналыг	15
паалантай	15
овоолсон	15
гаргалгүй	15
дашжав	15
бнхау-аас	15
манжийг	15
хормойн	15
тэрбишийн	15
нислэгүүд	15
бодров	15
уахх-ны	15
эрчимжүүлэх	15
березовский	15
блэр	15
николайн	15
солиотой	15
алек	15
хүүхдүүдийнхээ	15
де-юре	15
туужаас	15
камбожийг	15
орхихоор	15
хоригийн	15
засаглалаа	15
баянбүрдийг	15
дэниэл	15
хүрээлэх	15
баривчилсны	15
наймаачид	15
сонсоцгоо	15
ичээнд	15
лиу	15
куинси	15
сноубордчин	15
тайлор	15
парсонс	15
кутв	15
хүйстнүүдийн	15
есүнгэ	15
тодотгох	15
улаач	15
венесуэлд	15
амрагууд	15
биелэлтэд	15
шилжихдээ	15
хэмжигдэхүйц	15
спрингс	15
заахыг	15
суурилуулжээ	15
зола	15
олаф	15
стивенс	15
ида	15
деметриус	15
хуульчилжээ	15
дугуйч	15
казан	15
рефлекс	15
эскобар	15
лукаш	15
селестин	15
үзлэгт	15
ингрид	15
альдо	15
эллис	15
алдагсдын	15
мел	15
оренбургийн	15
квебекийн	15
дасал	15
даррен	15
зүйлсэд	15
ямайкийн	15
мюррей	15
шингэнээс	15
каталонийн	15
хийлгүй	15
нерчийн	15
удааширсан	15
тендерт	15
дрю	15
марсын	15
уппсала	15
хаджи	15
хбб	15
хуар	15
меццо-сопрано	15
биений	15
бичлэгээс	15
спилбергийн	15
бьорн	15
цирроз	15
хөнгөвчилдөг	15
эзэмшихийг	15
сэзис	15
сэзис-ийн	15
суралцуулах	15
харагчин	15
мюнстер	15
нээдэг	15
клерк	15
үнэгний	15
харбор	15
даллах	15
дугуйнаас	15
минейро	15
хэлхээгээр	15
хожжээ	15
пловдив	15
алунгоо	15
шийтгэлийг	15
конвенцын	15
псж	15
фейсбүүк	15
мөнгөөрөө	15
туннел	15
вэйн	15
ховдлын	15
цүнхээл	15
сонсчээ	15
үйлдэхэд	15
тэгшилж	15
сэрүүлэг	15
доройтлыг	15
мишлен	15
босс	15
франц-пруссын	15
ирсэнтэй	15
бодибилдинг	15
артурын	15
каролин	15
вале	15
нуугдах	15
тэтчерийн	15
ушинский	15
спайк	15
малколм	15
гестапогийн	15
коменский	15
спөрс	15
чөтгөрүүд	15
тоглогчын	15
ману	15
живаго	15
ураныг	15
пиаст	15
морено	15
автобусанд	15
жина	15
эзэмшигчдэд	15
хөтлүүрийн	15
өн	15
саут	15
брендийн	15
харден	15
модулийг	15
тв-н	15
должинжав	15
нуудаг	15
дуулганы	15
гэсгүй	15
айвазовский	15
власов	15
явагдан	15
селен	15
давчуу	15
карма	15
форлан	15
канал	15
ноттс	15
продюсерын	15
найруулжээ	15
хүзүүдсэн	15
бэртлээс	15
морилж	15
тэнцээний	15
луиш	15
киган	15
комиксоос	15
үзэглэжээ	15
ивуарчууд	15
электролит	15
трабзонспор	15
фристайльчин	15
гала	15
оригинал	15
дедуктив	15
общество	15
студиуд	15
лет	15
валентинович	15
анжи	15
словакчууд	15
мангасын	15
тенерифе	15
райкконен	15
биетээр	15
продюсераар	15
дирак	15
үхэгсдийн	15
сунгалтын	15
маягаа	15
шилдэгээр	15
бүтээгээд	15
оюутнуудаа	15
сайжруулахыг	15
црвена	15
черногорийн	15
реакторын	15
ургенч	15
жолоог	15
жовани	15
командад	15
хаб	15
фрэйм	15
халиль	15
дүүргэлттэй	15
алдуулах	15
түндэвийн	15
жаред	15
идэвхтнүүд	15
лухан	15
славиа	15
ноёрхолыг	15
жумаг	15
газета	15
чимбай	15
үүшин	15
марек	15
коньюгат	15
в-ийн	15
баганан	15
лимфоцит	15
авуур	15
лизосомын	15
монгуш	15
өнгөлсөн	15
тооцоолно	15
поликарпов	15
хавличек	15
жолоодлогот	15
заводын	15
өгсүүр	15
севильяд	15
нанометрийн	15
туршилтанд	15
хайберниан	15
хойшх	15
заставт	15
үечилсэн	15
юаний	15
ачаатай	15
ахаасаа	15
бэхжүүлэхийг	15
эхлэлээс	15
бүтэцэд	15
пужа	15
хэлэлцүүлэн	15
булшнууд	15
ренин	15
шүүлтийн	15
хуудсаараа	15
дэгү	15
котов	15
онцгойрч	15
шиньжү	15
ежов	15
импровизаци	15
архан	15
антиоксидант	15
шүдлэг	15
клименко	15
путистин	15
гончаренко	15
бачка	15
чонжү	15
кёнгийн	15
хүлээлгийн	15
сеймын	15
морфины	15
вэн	15
тотгорыг	15
дүрслэлүүд	15
борхардт	15
дао	15
пос	15
гайхуулан	15
гарваа	15
өлзийбаярын	15
логарифм	15
химмлер	15
эрхтнүүдэд	15
гүйлсэн	15
изотоник	15
дээжийн	15
регистрийн	15
тооцоот	15
урсамтгай	15
харахын	15
хендэлийн	15
чиглэлтэйгээр	15
олборлоход	15
тохиргоотой	15
рубик	15
атомтай	15
фазат	15
хөтлүүр	15
харьяатын	15
жоуль	15
аравч	15
царийн	15
шэньян	15
драфтлагдаж	15
адмон	15
сөөгөн	15
галсандаш	15
хэлээрэй	15
цэдэнсоном	15
ургамалжуулах	15
мүхаүт	15
ган-од	15
тэмээгээ	15
сербиудын	15
нарийвчлалын	15
лба	15
лодойсамбуу	15
кикбокс	15
пауэрлифтингийн	15
тойрг	15
алексе	15
тангудууд	15
молекулуудтай	15
бадабарын	15
дүүрэгсэн	15
нотолгоонд	15
фармакологийн	15
үлээж	15
өжм	15
вольфсбургт	15
пэйнтболыг	15
гялтганасан	15
вердерийн	15
округ	15
хэрэгслэлийн	15
камертай	15
шк	15
ню	15
даваацэрэн	15
кабрио	15
нэвтрүүлгээс	15
ситроэн	15
антара	15
хандыг	15
даманский	15
зүтгүүрийг	15
дегидрогеназа	15
феттел	15
хиагтаас	15
контроллёр	15
солли	15
бналау-д	15
афанасьевийн	15
манжинг	15
восточная	15
контрбасс	15
штайнвэй	15
простагландин	15
талер	15
серины	15
глюконеогенез	15
алифатик	15
молекулар	15
тромбин	15
вайда	15
яблоко	15
сваровски	15
ямал	15
нафталиныг	15
бутирозин	15
кернберг	15
улайсдаг	15
термосифон	15
таносын	15
стрэнжийн	15
черняховский	15
үрслэгээ	15
майклын	15
форестууд	15
зургаалсан	15
ариунгэрэл	15
кийосаки	15
фрийдланд	15
бэлнээр	14
золгосон	14
сууриас	14
буряад	14
языка	14
занабазарыг	14
удаанаар	14
моддын	14
мөнхзул	14
аюурын	14
цэвэлийн	14
ядамжавын	14
хөшөөн	14
сумъяагийн	14
шагж	14
маамын	14
дармаабазар	14
жүгдэрнамжил	14
хийдтэй	14
атираат	14
үйлдвэрүүдтэй	14
сайханбилэг	14
үдье	14
мяасүрэн	14
чогсомын	14
дөр	14
солбицолд	14
хайлшаар	14
нөмөрсөн	14
бэлчирээс	14
чамаас	14
биелдэг	14
нигүүлсэнгүй	14
тайлагдаагүй	14
ханамжийн	14
харилцахдаа	14
авиагаар	14
дуугардаг	14
төгсгөх	14
уях	14
комбинатад	14
кельтийн	14
дхб	14
тоймгүй	14
нарийвчилбал	14
шалтгаанд	14
шилжүүлэхээс	14
үндэслэгддэг	14
материйг	14
нөлөөлөв	14
хэрэглэгддэггүй	14
нагар	14
шидийг	14
галаа	14
мөнхрөн	14
шашнаа	14
барисан	14
түвдэд	14
найралт	14
гадагшлах	14
сонингууд	14
ерөнхийлөгчөө	14
сайдаа	14
оролдоод	14
витаминууд	14
сахароз	14
лактоз	14
хэлхээнээс	14
туйлгүй	14
дамдиншарав	14
тракторч	14
ишгэн	14
цэрэнжав	14
сэрсэн	14
сургаалд	14
ухаанаараа	14
асралт	14
борнуур	14
цэгмэдийн	14
мужлалаар	14
шаваг	14
бүрхэн	14
өртөөн	14
шивээговь	14
эвийн	14
бернхард	14
тогтлын	14
мөрүүд	14
рациональ	14
оркестрын	14
танилцуулна	14
тэсэн	14
үүдээд	14
өрсөлдөнө	14
өрнөлт	14
платформын	14
тиймээ	14
сонголтоос	14
ширхэгийн	14
ашиглагдаагүй	14
төлөвлөлтөд	14
хорогдуулах	14
сорьцын	14
нэвтрүүлнэ	14
ирэгсэд	14
өрөнгө	14
бортал	14
харгол	14
шүтдэггүй	14
дунху	14
гаплогрупп	14
бадамхатан	14
байсанаас	14
татаруудад	14
африкчууд	14
мира	14
бичээсүүд	14
соёд	14
маккензи	14
комбинаторик	14
цэрэндоржийг	14
хангажээ	14
товлон	14
орлуулан	14
халимагаар	14
хэл-угсааны	14
харамж	14
судалгаатай	14
арилжаалах	14
ордныхон	14
шалгуулж	14
зүүгээд	14
зурахыг	14
дурьджээ	14
батламжилсан	14
либертари	14
хэлэлцсэний	14
болъё	14
ардад	14
хортойгоор	14
болмой	14
батлахын	14
үргэлжлээд	14
ньюфаундленд	14
залбирдаг	14
төөрөгдүүлсэн	14
хориглохыг	14
бэлэглэдэг	14
гупта	14
овгуудыг	14
дэлгэрэхэд	14
хуваагдав	14
персээс	14
шахыг	14
тэргүүнээ	14
эзэний	14
найдварын	14
тогтвор	14
тогооноос	14
вайоминг	14
маргалдаж	14
тасалдаж	14
матай	14
лук	14
уядаг	14
шүлгүүдийг	14
хуфу	14
гэдэстэй	14
нийцүүлсэн	14
тахийг	14
бэлчиж	14
сэргэг	14
харьцуулна	14
зосон	14
имам	14
зүтгэгчид	14
халуунаар	14
сикстиний	14
таазны	14
татвараа	14
жанибег	14
давлет	14
зайлуулан	14
хурганы	14
бурханаас	14
мэдээллүүдийн	14
тивээр	14
карфаген	14
баримтуудаас	14
триест	14
геродот	14
бунханг	14
паскалийн	14
махбодыг	14
бодохоор	14
церера	14
гаригтай	14
эзэлхүүнд	14
бөөгнөрөн	14
ододтой	14
фридманы	14
дагуулуудыг	14
үүлийг	14
брюссельд	14
төгсөгчдөөс	14
отгонсүрэн	14
сэрээнэнгийн	14
төгсөгчдийг	14
тоннын	14
газ-м	14
а-г	14
транспортер	14
вский	14
ажлуудаас	14
талархах	14
илгээлтийн	14
армийнхаа	14
десант	14
пёньяны	14
пэн	14
пёнъян	14
гардуулан	14
харшлах	14
үйлдэхийг	14
тэжээхэд	14
сахлаг	14
баянбүрдүүд	14
уйгарууд	14
жилээсээ	14
бүтсэнгүй	14
цуглуулаад	14
намдаа	14
сүйрлийг	14
байцаасан	14
нарынх	14
ажилла	14
хүлээгээгүй	14
зэвсэгийг	14
эрэх	14
элсээгүй	14
үнэлэгдэх	14
громов	14
хашбаатарын	14
гандболын	14
утасныхаа	14
боулинг	14
багтдаггүй	14
хүлээгээд	14
сэргэдэг	14
дидро	14
лхагвадоржийн	14
галбадрахын	14
сүнжидмаа	14
зүүнбаян	14
өсөхбаатар	14
заалгажээ	14
чармайн	14
аялгуут	14
үзэгдээгүй	14
бахдан	14
баяндэлгэрийн	14
барилдахад	14
суралцав	14
мун	14
лиссабоны	14
уулзалтаас	14
үүрний	14
харилцаандаа	14
сангуудыг	14
хөтчийн	14
арваннэгэн	14
бөглөх	14
зайлсан	14
уншигдах	14
мэдүүлгийн	14
берт	14
нүүдэлчний	14
төсөөлөхөд	14
ууцны	14
үсэн	14
хөнжил	14
хөллөсөн	14
үзүүртээ	14
ац	14
хатуурах	14
бүрхдэг	14
тоор	14
агар	14
аясын	14
шүтлэггүй	14
урамшуулдаг	14
дүрмэнд	14
няцаагч	14
боломжоос	14
хэтрэх	14
кутаиси	14
астеносфери	14
тэмцэлтэй	14
тэнцүүлэх	14
монголчилбол	14
үүрэггүй	14
анхы	14
хараар	14
курёгийн	14
бэлтгэгджээ	14
каннам	14
газарын	14
грекүүд	14
цөөрөмд	14
хаягдлаас	14
эврика	14
хөдлөлөө	14
хүмүүстэйгээ	14
төлөөс	14
хоригоо	14
германий	14
цыганууд	14
анчдын	14
аймшиггүй	14
малер	14
вируст	14
хамааруулна	14
төлжилт	14
хэвтэх	14
диализ	14
гемодиализ	14
чанамал	14
дөө	14
жолоодогч	14
ятгах	14
нурах	14
драфт	14
зохиолчдоос	14
эгэн	14
сурталтай	14
тэврэн	14
контрабасс	14
олныхоо	14
максимилианы	14
хэллэгт	14
арман	14
сүртэй	14
мөнхөрчээ	14
зохиолуудаас	14
үйлчлэлээс	14
үүсгэсний	14
алдагдана	14
шилжсэний	14
дээлний	14
хадсан	14
үеэрх	14
олгогдож	14
эргэлзэх	14
данстай	14
алдаршуулж	14
хавсаргаж	14
жанлав	14
солбицол	14
цэвдгийн	14
дээгүүрээ	14
жирх	14
цармын	14
цоггэрэл	14
манаанд	14
сарууд	14
бээсийн	14
голлоно	14
эрчимжүүлж	14
пайз	14
тарнын	14
хаяглах	14
царван	14
цэдэнсодном	14
ором	14
рашаанд	14
здтг-ын	14
бүтээгдэхүүнээрээ	14
симуляцийн	14
уламжлалуудыг	14
загварчлалд	14
сугалан	14
асфальтан	14
баригдаагүй	14
суурьшаад	14
төвлөрчээ	14
нийлбэрийн	14
астрофизикийн	14
геоморфологи	14
ангижруулагч	14
техникчээр	14
асч	14
иргэддээ	14
сэргээгдэхгүй	14
ширэм	14
тослох	14
ванганы	14
циркт	14
худалдагчийн	14
мопассан	14
боломжид	14
өрөвч	14
асууна	14
далдын	14
магнайд	14
амьсгалж	14
шинжит	14
хайрган	14
харшийн	14
герберт	14
шалгахыг	14
транзисторыг	14
апатит	14
текстур	14
зөөгчийн	14
хязгаарлагч	14
товчлуурын	14
хөдлөхөд	14
гулсах	14
конвекц	14
паштун	14
мөрд	14
аймак	14
нэрийдэв	14
гарчигт	14
зөвшөөрвөл	14
кокос	14
нүб-ыг	14
лес	14
дүрмээс	14
хавтанд	14
будан	14
хоолойгоороо	14
лох	14
конденсаторын	14
тогтносноос	14
хүрээлүүлдэг	14
бретон	14
зөрчилдөх	14
львович	14
бахчисарайн	14
пугачёвын	14
бөөгнөрч	14
судлагч	14
сэцэний	14
биндэрийн	14
ажаа	14
хоногийг	14
амалсан	14
өмгөөлөн	14
зөвлөжээ	14
хэвлэв	14
арилгахыг	14
эзэгнэн	14
халифыг	14
диу	14
бүрх	14
викторийн	14
цөхрөл	14
цөллөг	14
эндсэн	14
хязгаарлан	14
жан-поль	14
үхэхийн	14
ангижирсан	14
ишнээс	14
өлсөж	14
даавууг	14
тоогоо	14
бэлгүтэйн	14
товойн	14
шаардахад	14
дэмжихээс	14
хэтрүүлсэн	14
цэргүүдийнхээ	14
зузаатгаж	14
вангаар	14
татаарын	14
домгууд	14
махаа	14
интеркосмос	14
бантан	14
асбест	14
загасчны	14
жигшин	14
августин	14
залхаж	14
зөрүүд	14
прагад	14
чавхдас	14
сүхийн	14
тройн	14
түүврээ	14
ягштал	14
нээгдээгүй	14
зүйрлэж	14
интерфейсийг	14
хавтсыг	14
тажикийн	14
сахиусны	14
редуктаза	14
вакцинд	14
прайм	14
ихсэнэ	14
хандана	14
санти	14
засахыг	14
рафаэлийн	14
лизаг	14
бишрэгчдийн	14
тогтоолоо	14
зуршилтай	14
халив	14
чимээгүйхэн	14
магтдаг	14
цуут	14
соколов	14
лүгээ	14
дугаарлаж	14
гарчгийг	14
уухыг	14
хүзүүн	14
амьдрахдаа	14
шүлэглэсэн	14
нүүрлэсэн	14
туулийг	14
байсаны	14
европчуудаас	14
хамрана	14
уншихдаа	14
үлгэрлэн	14
хөөгдөн	14
сибирээс	14
зөвлөлдөн	14
гэсэнтэй	14
космос	14
хэдийг	14
технологиос	14
сеута	14
хүрдийг	14
хамарчээ	14
владимир-суздалийн	14
нураан	14
баримжааны	14
россын	14
өнцөгтийг	14
ильхам	14
дуусашгүй	14
левон	14
худалддаг	14
тажикууд	14
буянбадрах	14
огтлолцох	14
пуччинигийн	14
давхцан	14
туркмений	14
нууруудыг	14
жигнэж	14
чавга	14
бүртгэлээс	14
сабах	14
байд	14
явдлаа	14
өөрсөддөө	14
продюсерлэж	14
продюсерууд	14
ковер	14
мэтээс	14
зүтгэдэг	14
текстээс	14
дуусгана	14
бэхэжсэн	14
хивын	14
умрын	14
эмирийн	14
түймэртэй	14
монгол-төвөдийн	14
ёнзон	14
бөөгнөрөлд	14
гэрчилгээнд	14
фэнүүд	14
бардо	14
орхиход	14
магдалена	14
найзтайгаа	14
сурталчилгаагаа	14
албаар	14
микросхем	14
программуудын	14
фау	14
зодов	14
гэцэл	14
стандартчилал	14
тэлэлтийг	14
тамирчныг	14
тайлсны	14
чонжу	14
бреттон	14
төсвөөр	14
төлөвлөлтөнд	14
балжир	14
шанаа	14
цэмбэл	14
ясная	14
оршуулгад	14
тэгийг	14
эрхэмлэгч	14
метафизикийн	14
биелүүлэхийг	14
төгсөхдөө	14
гуталчин	14
анхдагчид	14
зүүнбүрэн	14
батбилэг	14
дашдэндэв	14
заяатай	14
уулаа	14
ингэт	14
жавзмаа	14
шандын	14
савлаж	14
цогт-очирын	14
дэлгүүрүүдэд	14
асуулгыг	14
лхасүрэнгийн	14
саму	14
зангуу	14
эмжээр	14
энергиэс	14
маастрихтын	14
ленинийг	14
зиновьев	14
суллагдан	14
тайгер	14
молекулуудад	14
антверпений	14
микс	14
урсгаж	14
цэцэрлэгжүүлэлтийн	14
жаргалд	14
танаас	14
рамстедт	14
дэвшүүлэхэд	14
гайхсан	14
үсэрдэг	14
стоунхенж	14
викинг	14
нэгдлээр	14
зээгийн	14
хадархаг	14
доной	14
хэвтэн	14
мэргэшил	14
афганчууд	14
дүнзэн	14
зандраа	14
нударган	14
гишүүддээ	14
хандын	14
нийлбэртэй	14
талтын	14
иррационал	14
зааглагдсан	14
ангиллаас	14
унагаасан	14
леоны	14
аяллыг	14
барбуда	14
полинез	14
гууль	14
оксидыг	14
ажигладаг	14
хрущёвын	14
эндэх	14
дэрсэн	14
авай	14
буянт-овоо	14
байцаагчийн	14
дутуугийн	14
сурлагын	14
зөөгдөж	14
ардуудыг	14
сага	14
гаралгүй	14
хотгойдууд	14
гялалзан	14
майдарын	14
гүүн	14
нугасан	14
касс	14
биен	14
хэвэл	14
голио	14
илтэс	14
хайрсан	14
бүрдэн	14
хумхаагийн	14
цохууд	14
боом	14
ашгаас	14
фрайберг	14
цацруулдаг	14
хавхлага	14
жангарын	14
яригдсан	14
чанах	14
баптисм	14
түвшинтөгсийн	14
гацаанд	14
нугалам	14
хүзүүг	14
хүснэгтүүд	14
дүүрдэг	14
сорокин	14
тандах	14
цэргүүддээ	14
эзлэхийн	14
гангар	14
алхамууд	14
идеаль	14
тэнцүүлж	14
темпратурын	14
хөвсгөр	14
наалдан	14
тимберволвес	14
скотти	14
бөөмд	14
сиракузын	14
сиракуз	14
тодорхойлогдоогүй	14
антикийн	14
хүлээхийг	14
конгрессыг	14
зохиолчидтой	14
фигарогийн	14
хиймлээр	14
мэдээтэй	14
босоход	14
булж	14
бяртай	14
мориноос	14
завсаргүй	14
бүүвээ	14
зөөвөрлөж	14
биоанагаахын	14
бүлүүр	14
гэдэгийг	14
жонстон	14
нейтроныг	14
барион	14
хэг-ын	14
мас	14
тана	14
төсөөлдөг	14
фифа-гаас	14
ууршуулах	14
азарган	14
хелена	14
солонгосчуудын	14
аарцагны	14
хазайлтыг	14
гринвич	14
лиан	14
тухачевскийн	14
дурсчээ	14
одессын	14
мар	14
хайхаар	14
тангараглаж	14
аляскад	14
царсны	14
чийгээр	14
дэлгэцний	14
компьютеруудыг	14
тайлант	14
хойрго	14
хүргэхгүй	14
припять	14
төгсбуянтын	14
ундаагаар	14
тохойг	14
бэлгэдэлтэй	14
зулу	14
үлгэрийг	14
зөрдөг	14
перестройка	14
освальд	14
цэцгүүд	14
засаглаж	14
вв	14
эрхэмлэж	14
зовнил	14
тэнүүн	14
бүслэгдэж	14
цөмөрч	14
хүчиндээ	14
корк	14
арпа	14
шилдгүүдийн	14
сорхагтани	14
мүан	14
тавихын	14
болмогцоо	14
хамбаар	14
бадамдоржийн	14
төлнө	14
фракцийн	14
томтой	14
муурны	14
новая	14
дмитриевна	14
село	14
нийтлэгчид	14
хувийнхаа	14
дө	14
хүсэлд	14
учирдаг	14
ханилсан	14
үдэх	14
нотолгооны	14
социологийг	14
тодордог	14
ардчилалыг	14
баримтлалууд	14
хавтастай	14
зарцуулагдах	14
македоний	14
цэргийнхний	14
барьцаалан	14
командлав	14
дивизид	14
авсыг	14
итали-туркийн	14
хаяв	14
дейли	14
чеслав	14
арваннэгээс	14
дюрер	14
өтөг	14
одвогийн	14
гандангийн	14
үндэсийг	14
дарамсала	14
лавай	14
уулга	14
айлдаж	14
хаянхирваа	14
алгоритмаар	14
шатласан	14
лхамжавын	14
осолдон	14
убтз-ын	14
тасман	14
урсгах	14
салсны	14
киви	14
өсөлтөөр	14
сонгохоор	14
цэгцлэн	14
хөвүүнийг	14
калита	14
дарамтад	14
бүслэлтээ	14
мөчийн	14
буцахад	14
тулжээ	14
хятаны	14
фарс	14
тэкүдэр	14
судсан	14
манфред	14
хувилан	14
дийлдэж	14
байгуулаагүй	14
түншлэлийг	14
дүүргэгдсэн	14
юлиуш	14
культура	14
жигтэй	14
эллиптик	14
мэндэлсэний	14
хураахад	14
атташегаар	14
копенгагены	14
мельбурнд	14
виши	14
популист	14
туркестанд	14
дэмжүүлэн	14
черновцы	14
ацс	14
дрон	14
норберт	14
саума	14
холливуд	14
илюмжинов	14
серге	14
хиех	14
рыцариуд	14
туркуудын	14
бүсэндээ	14
тушаалтнуудыг	14
робинзон	14
туршуулын	14
сонгоод	14
юинг	14
стандартуудын	14
хэвлэлтэй	14
оролцогчдоос	14
тулаад	14
балгасанд	14
ийнх	14
импульсийн	14
тооцохгүйгээр	14
намжилдорж	14
ачигч	14
аваар	14
ослыг	14
ложистик	14
дансран	14
зүйчээр	14
лабрадор	14
иоланта	14
нойрсож	14
нба-ийн	14
виллиамс	14
сандалд	14
өөрчлөхийн	14
хөндөлт	14
хохирогчдод	14
хөгжүүлэгчдэд	14
толедо	14
стифен	14
сонсогдох	14
нутаглажээ	14
товчооноос	14
хавел	14
шкода	14
замбези	14
австритай	14
төмсийг	14
ишим	14
города	14
авсанаас	14
плов	14
халаагаа	14
шилжүүлэхдээ	14
албадын	14
ермак	14
тура	14
гарднер	14
шонхрын	14
төлөөллөөс	14
данитай	14
бурханч	14
якутск	14
ен	14
салаатай	14
волков	14
цөөрмийн	14
документ	14
блокийг	14
адыг	14
зөвшөөрөөд	14
очихоор	14
харснаа	14
зохиогчоор	14
хөлгүй	14
тодруулга	14
хавдрыг	14
обьектын	14
сегунда	14
эрсдэлгүй	14
боломжоороо	14
жиргээ	14
архидалт	14
дайтан	14
хоакин	14
тоохгүй	14
тааж	14
сүйтгэгч	14
зорилттой	14
ашиглахгүйгээр	14
эсгэж	14
хутгаж	14
дюк	14
ольмекууд	14
майягийн	14
илэрхийлэгдэж	14
түшлэгтэй	14
гондурас	14
абрамович	14
дурсгалуудын	14
халимын	14
үзэлтнүүдийг	14
хорезмыг	14
хотруу	14
хадаа	14
зөвлөлдсөний	14
манихейн	14
ахеменидын	14
очихоос	14
улстөр	14
байгуулсанаар	14
жиоржиа	14
сонинуудад	14
аялалынхаа	14
хүүвер	14
дууриал	14
ортол	14
дүрсэнд	14
инь	14
зохицуулахыг	14
тушаалтнуудад	14
нугаснууд	14
гишүүнчлэлийг	14
корнелиус	14
бейбарс	14
пётрын	14
оператороор	14
мэригийн	14
квентин	14
арменичуудыг	14
ромчуудыг	14
оттогийн	14
кэй	14
искра	14
эвлэрэл	14
акко	14
эзлүүлэхээр	14
хаадад	14
хорчи	14
хуай	14
зодооны	14
гандантэгчинлэн	14
карлтон	14
харшийг	14
тоглогчдод	14
идсэний	14
макаог	14
мөчиртэй	14
этилийн	14
хэрэглэгчдийнхээ	14
төлбөрөөс	14
гав	14
михайль	14
нисэв	14
наймаалж	14
мэнд-амар	14
бороохой	14
гитараа	14
эвенк	14
хуваарилахад	14
фёдоровна	14
филадельфийн	14
цинциннати	14
элдэх	14
агваансамдангийн	14
хуарангийн	14
мариинский	14
агнес	14
оройлон	14
манлайн	14
жералд	14
самрыг	14
хувирамтгай	14
хяналтууд	14
кёрлинг	14
диско	14
магистраар	14
тонг	14
делон	14
багцтай	14
хашилт	14
мандтугай	14
хасна	14
жүжигчинээр	14
спартакиадад	14
булганыхан	14
нарийсч	14
чойбалсаны	14
туслалцааны	14
дүгэржавын	14
такэши	14
сэкивакэ	14
турхирсан	14
анжелика	14
сато	14
леди	14
гидротермал	14
наганогийн	14
киевын	14
телевизтэй	14
баттөмөрийн	14
бөмбөлгийг	14
пугачёв	14
ооо	14
өртөөнүүд	14
залуутай	14
кофейн	14
егоровын	14
улираан	14
буруутгажээ	14
халамжийг	14
фрост	14
рибери	14
рохас	14
слободан	14
милошевич	14
лийр	14
гүйцээд	14
гамп	14
заналхийлэх	14
сэргээлтийг	14
вьетнамаас	14
кхмерууд	14
тэрсэлсэн	14
малиновский	14
аавуудын	14
хуульчид	14
дамжуулалтанд	14
актив	14
түдгэлзүүлсэн	14
конференц	14
хамгаалагчийг	14
дурсамждаа	14
хитийг	14
холливүүдийн	14
спарт	14
тургенев	14
дээрхтэй	14
дайрвал	14
деканаар	14
туннелийн	14
икер	14
улирах	14
пейж	14
ито	14
белградад	14
сокс	14
кузнецов	14
тодд	14
скаутын	14
плутон	14
хуберт	14
бутрос	14
брага	14
эммелин	14
мексико	14
призрен	14
дамдинсүрэнг	14
уолкотт	14
фигаро	14
брагг	14
зохиохоор	14
бүтэлгүйтжээ	14
гинзбург	14
зэвсэглэлийн	14
форбес	14
перейра	14
царское	14
кубан	14
воронежийн	14
брокхаус	14
тархвар	14
зуучлагчаар	14
роббинс	14
булаалдан	14
йоан	14
эхнэрийнх	14
хоккейч	14
весна	14
матрицыг	14
пенни	14
секундийн	14
өдрөөрөө	14
фенол	14
вуд	14
житомир	14
айовагийн	14
арилган	14
имени	14
найки	14
камала	14
ансамбль	14
амина	14
овогийн	14
хүйтнээр	14
холтсон	14
китано	14
охидод	14
нямгаваа	14
хоббитой	14
гавар	14
хүйтнээс	14
мужуудаар	14
ирдэггүй	14
тайлбарлагддаг	14
судлуудтай	14
лихтенштайнд	14
буугдах	14
чинсангийн	14
зэдуны	14
арилжаалагддаг	14
остров	14
барретт	14
тэнгри	14
хайнань	14
мэргэшиж	14
байшингуудын	14
кёльны	14
зулзаган	14
арилгадаг	14
метрополитен	14
буцаагаад	14
илтэд	14
мадридтай	14
робсон	14
роналдиньо	14
фабрегас	14
оношлогдсон	14
данеброг	14
комет	14
төвгөрийн	14
ширхгүүд	14
түүвэрлэн	14
тогтнолд	14
ливерпуль	14
утай	14
стрийт	14
лерой	14
брайль	14
жейк	14
сугалаа	14
маттео	14
кабо	14
силикон	14
холли	14
меригийн	14
цукерберг	14
саратовын	14
пиерпонт	14
гибб	14
дрогба	14
бишопын	14
рояал	14
тоноглосон	14
белоусов	14
явуулахаас	14
рэнэ	14
мусоргский	14
левада	14
моторола	14
гүйцэтгэснээр	14
амрааж	14
автын	14
иоахим	14
амьсгалаа	14
воны	14
хакерын	14
сабха	14
меттерних	14
картанд	14
окуджава	14
кэрол	14
виейра	14
утгуурт	14
үерхсэн	14
иврит	14
гидрофиль	14
ассанж	14
хоншоорт	14
гүйцэтгэсний	14
риши	14
гоолдсоноор	14
тэднийд	14
тэпистри	14
дүрслэхдээ	14
алхамаар	14
уншигчтай	14
примиер	14
минор	14
люцерн	14
компанидаа	14
хасуулж	14
бүртгүүлэн	14
бабуша	14
яньтөмөр	14
кроу	14
дуугаралт	14
уэнсдей	14
крус	14
фб	14
ильюшин	14
генгам	14
тунляо	14
бэлтгэгдээд	14
идэвхижсэн	14
сурвалжлан	14
хандахын	14
зулькафиль	14
хаягны	14
шинжүүдтэй	14
баллак	14
билэгдлийн	14
сильвестр	14
пэйтон	14
консерваторийг	14
цогцолбороос	14
бэлтгэгдэн	14
тарнийг	14
хутагтай	14
турхаг	14
компьютерүүдийн	14
бриж	14
ука	14
форестийн	14
майнфрэйм	14
сегментэд	14
онори	14
гараалуулжээ	14
чимж	14
зүтгэлт	14
характеристик	14
лувсанданзангийн	14
ботсванын	14
туузыг	14
микробын	14
өдөөгддөг	14
буудалт	14
дармштадтын	14
митохондрид	14
орлосон	14
ляодун	14
арилна	14
хип-хоп	14
өөрчлөлтгүй	14
икэбана	14
шагайгаа	14
шалгуурууд	14
резинийг	14
хужанд	14
бафта-д	14
төрбатын	14
хөөмэй	14
галаас	14
таниулан	14
кларксон	14
эвлүүлж	14
эвдрэлээс	14
кинонуудаар	14
хэлхээст	14
мөргөлийг	14
солонгостоо	14
рецептортой	14
цөгц	14
яриг	14
ховилт	14
пулемётоор	14
майнз	14
шоугийн	14
бүлэн	14
гулдмай	14
шатуудаас	14
хөрөөдөх	14
шихихутаг	14
овгын	14
академитай	14
өртөхөд	14
клээ	14
хуваарилагч	14
гластонбури	14
асрын	14
клэптон	14
карла	14
олдманыг	14
митя	14
ална	14
ээжтэй	14
туузны	14
полонез	14
үзүүлэгчид	14
комиссариат	14
атм	14
сарайг	14
билэгжаргалын	14
үзэгтэн	14
коронавирусын	14
хельсингборг	14
цэцэглэнэ	14
шэньжэнь	14
гонсалес	14
балакин	14
сталинградыг	14
хуваагчийн	14
сеймд	14
гир	14
түлхүүрээ	14
островскийн	14
цогийн	14
гэрлээ	14
гитис	14
ысыккөл	14
тунгаас	14
удах	14
гуммын	14
шилбэний	14
хүчлүүдээс	14
мнемоник	14
азеотроп	14
холимогт	14
бт	14
боловсруулахдаа	14
кэйшийн	14
хангамжыг	14
энциклопедия	14
радиан	14
портуудыг	14
факультетууд	14
ажилтнуудаа	14
удирдахыг	14
часть	14
панкратов	14
биелэг	14
моя	14
залруулга	14
миномётын	14
нэмэлттэй	14
өлзийбатын	14
уусгалт	14
тэнгийн	14
хаддерсфилд	14
бериллийн	14
сувидын	14
автономной	14
настоящего	14
материалы	14
загарай	14
фресно	14
трипл-даблаа	14
жерсигийн	14
оюутнуудтай	14
бэлтгэгдэгч	14
бнагу-д	14
сиракьюс	14
крафтын	14
хүргэлт	14
эттли	14
радченко	14
гхя	14
пирогов	14
рамзай	14
канола	14
рсдрп	14
монк	14
черн	14
гидротехникийн	14
тавилтат	14
бэдэрсэн	14
нугаралтын	14
навааны	14
зураглаачийн	14
далангаас	14
вауксхалл	14
багажны	14
бруклины	14
аюулууд	14
хэрэгслэл	14
гаргалтыг	14
боксер	14
чав	14
уртбаяр	14
эрдэстэй	14
пенитрэшин	14
буувал	14
даваа-очир	14
цээсүрэн	14
боардинг	14
хлороз	14
хорьдол	14
обоих	14
договар	14
намзх-ны	14
кыдырали	14
диссертацийг	14
дериватив	14
фосфолипаза	14
баатарсүхийг	14
бя	14
хлестаков	14
рачневскийн	14
сочинений	14
феллини	14
гтбү-ийн	14
чадавхийн	14
конденсат	14
грушевский	14
вкн-ын	14
алесь	14
стрэнжийг	14
халкийн	14
лещенко	14
сийрүүлэлт	14
ягеллонка	14
токены	14
орторомбик	14
алун-гоо	14
холбогдохгүй	13
нээгээд	13
сайтуудад	13
бүртгэгддэг	13
тэмдэглэснийг	13
таслахыг	13
транс-сибирийн	13
бат-оргил	13
тауэр	13
хиргисүүрийн	13
сэгс	13
суурьшуулсан	13
равсалын	13
мөнхөөгийн	13
жигмэдийн	13
дарма	13
цахиурт	13
мижид	13
чингэл	13
мөлхөгчдийн	13
тэзү	13
батнасангийн	13
дэмчигжавын	13
хөтөлийн	13
автобусаар	13
төрмөлийн	13
боомын	13
цэрэнчимэдийн	13
тугтай	13
дархлан	13
чойсүрэнгийн	13
му-н	13
бөхөө	13
отгонцагаан	13
цутгалууд	13
биширсэн	13
ядууст	13
баяжуулахад	13
амьжиргаагаа	13
эхэлсэний	13
нөхцлүүд	13
зангаа	13
хүслээс	13
чиглэх	13
заахын	13
нэ	13
тушаан	13
сийлэх	13
мөрдөнө	13
арлуудтай	13
дулаарч	13
довтлож	13
карлд	13
гэгдсэн	13
ширээнээ	13
хувьсч	13
эмманюэл	13
хувиарлалт	13
хуваарилалтад	13
тулгуурлана	13
бэхжих	13
физикийг	13
электролизийн	13
үйлчлэлцэх	13
онолоос	13
үзэгдлүүдэд	13
ландау	13
тохиолдуулагч	13
зурлага	13
асна	13
заяагаа	13
амьтай	13
түшмэг	13
судлахаас	13
гээгдэх	13
лэг	13
элбэгд	13
шийтгэдэг	13
наасан	13
рж	13
зэрэгийн	13
хувирлын	13
холбогдлоор	13
мөрнүүд	13
дэлхийгээр	13
мичин	13
хангайд	13
раднаагийн	13
рэнцэнгийн	13
сангисүрэн	13
галмандах	13
түвдэн	13
нутагшиж	13
шинжээс	13
лийдсийн	13
хахуулийн	13
тольт	13
морозов	13
чиглэгдэнэ	13
бүтцүүдийг	13
евклид	13
сэтгэхүйд	13
формаль	13
тунгааж	13
зөвшилцөх	13
тоглоомуудад	13
тоглоомнуудын	13
алуурчид	13
зорчигчдыг	13
үнэлэхдээ	13
өссөнөөр	13
сулардаг	13
кейнс	13
бууралтыг	13
зорилтод	13
зөвшилцөн	13
этгээдээс	13
янчаан	13
тэмдэгттэй	13
сэлбэн	13
тооцов	13
дуудлагатай	13
ангилжээ	13
олддоггүй	13
төвт	13
культуры	13
хэлтнүүд	13
ардуудын	13
тататунга	13
уйгуржин	13
сааль	13
зүлгэ	13
сүйтгэгдсэн	13
балдандоржийн	13
ефим	13
макси	13
чиглэлгүй	13
хуудаснуудын	13
төгс-очирын	13
тэнцүүлэн	13
сургамжтай	13
амьжиргааг	13
сэргээсний	13
биелэлтийг	13
томьёолол	13
анкет	13
төөрөг	13
мордохдоо	13
зодох	13
кабо-верде	13
нордикийн	13
солилцоно	13
ёроолоор	13
язык	13
русские	13
бест	13
линц	13
хааис	13
устан	13
тэлэхийн	13
султаныг	13
буурснаар	13
манмохан	13
пентагон	13
амбагян	13
монголчилсон	13
төвдөөр	13
номлодог	13
нэвтрүүлэхээр	13
бүтэцгүй	13
сааб	13
вандализм	13
танака	13
үйлдэнэ	13
хавчлагад	13
тогтоход	13
пирамидууд	13
амьтадын	13
зугтаах	13
барилгуудаас	13
аргачлалууд	13
автозам	13
окладников	13
тайип	13
роналдо	13
солилцжээ	13
оноотойгоор	13
өнжиж	13
сугалж	13
сульдсан	13
болиулсан	13
татаруудыг	13
хызр	13
мурид	13
кадыр	13
балеарын	13
хэмжээнүүдийн	13
цислейтанийн	13
хөлсөө	13
эцэслэтлээ	13
анатомич	13
математикаар	13
гайхшруулж	13
нойргүйдэл	13
молекулуудаас	13
орчинтойгоо	13
зүйлээсээ	13
галактикт	13
дэлбэрэлтээс	13
үүлэнд	13
хангамжаа	13
эзэмшүүлж	13
ашуүис-ийн	13
дуулаач	13
харьяаллыг	13
гм	13
гутенбергийн	13
бичигтээ	13
үеийнхтэй	13
нотлогддог	13
шархтай	13
талынхаа	13
бүрэлдэхүүнээ	13
фашизмыг	13
олзлогдогсдыг	13
война	13
сяопин	13
гүрнүүдийг	13
аксу	13
тэтгэсний	13
өндөрлөгүүд	13
эрдэнийг	13
мюнхены	13
хэнтэй	13
хэрчиж	13
зайгүй	13
жижүүр	13
тэднээр	13
үрэгдэгсдийн	13
тасрахгүй	13
ерээд	13
дарангуйлж	13
бүгж	13
архинаас	13
дөрвөөс	13
тавцангаас	13
хөрөнгөтөн	13
сэхээтнүүдийг	13
өмгөөлөх	13
ухуулан	13
хатгалга	13
марков	13
сүрдүүлж	13
зөвшөөрүүлж	13
бнмау-зөвлөлтийн	13
жанейрогийн	13
уралдаанууд	13
эгшиглэсэн	13
самбаагаа	13
оюунбилэгийн	13
пүрэвбаатар	13
сэлэлтэд	13
хэвлэлээс	13
пүрэвсүрэнгийн	13
гансүхийн	13
чийгэнд	13
ленинградаас	13
гянданд	13
хулгайд	13
нөгчиж	13
хөвгүүнийг	13
баруунтурууны	13
вагоны	13
туузат	13
баруун-хойд	13
цугладаг	13
таннин	13
балтай	13
мүох-ны	13
хотхонтой	13
барахаас	13
харилцагчдын	13
тохирлын	13
модулиудыг	13
хавсаргах	13
таах	13
боломжуудын	13
хавтгайг	13
ялгалгүй	13
эдэлгээ	13
шинжиж	13
хатган	13
нөөцөлж	13
пэлжээгийн	13
дуугарч	13
виржиний	13
барьсаар	13
ээлжиндээ	13
дуусгахад	13
гүрвэлүүдийн	13
хөнгөнцагаан	13
нэвтэрдэггүй	13
тм	13
оливин	13
нийлүүлээд	13
градусаар	13
апеннины	13
арлаар	13
таллан	13
тосгод	13
монизм	13
бургасны	13
суурьшилт	13
хавиас	13
амынх	13
зүдгүүрийг	13
цусгүй	13
унгараас	13
сулран	13
мүнь	13
арабт	13
ажилласнаас	13
нээснийхээ	13
лах	13
дүнгээрээ	13
урамшуулж	13
ханамжгүй	13
флотоо	13
тактикаа	13
хаахад	13
тусгаарлахын	13
илгээмж	13
зсбнху-аас	13
нийлүүлжээ	13
харлем	13
шалтгаант	13
зохицуулга	13
нөлөөт	13
эдгэрэх	13
тоолоход	13
танилцуулъя	13
ботиор	13
очоогүй	13
уурлан	13
лиз	13
асинхрон	13
обьектийг	13
сэтгэхүйг	13
хосолж	13
веберийн	13
чавхдасыг	13
цөхрөнгөө	13
электроноо	13
өдний	13
гуд	13
түрүүлбэл	13
корпорациас	13
тоодоггүй	13
олгосноор	13
фрэймворк	13
компютерийн	13
компьютераас	13
форекс	13
малтайгаас	13
хаагчдад	13
эрдэнэ-уул	13
үүсгэл	13
хотула	13
түмэнбаяр	13
татмын	13
хорогдох	13
үертэй	13
археологч	13
археологчид	13
горхийг	13
сүсэглэн	13
дүүргэлтийн	13
азаргын	13
барамсай	13
лувсандагва	13
хөөцөлдсөний	13
овоохой	13
үйлдэхээр	13
чорос	13
ууландаа	13
жамъянмядаг	13
дээхэн	13
эрдэнэболд	13
хуланц	13
зэвийг	13
түрэмгийлэгчдийг	13
хэтэрдэггүй	13
сууриуд	13
вашингтоныг	13
аддис	13
биоинформатик	13
голомтот	13
микробиологи	13
хэлүүд	13
татуургын	13
тоологдсоноос	13
өмчилж	13
асгатай	13
ххк-тай	13
адуунд	13
ахмет	13
мараа	13
структур	13
нүүхийг	13
гидрогеологи	13
утаагүй	13
коксжих	13
уурхайнуудын	13
берилли	13
батлагдан	13
царцдаст	13
агуулгаас	13
бууран	13
бакуд	13
хүсэлдээ	13
мажиг	13
тоосноос	13
өгүүлэг	13
үндэслэлтэйгээр	13
филадельфид	13
холдуулж	13
зохицлын	13
импрессионизмын	13
камиль	13
онолчдын	13
ойлголтуудад	13
философчид	13
шигдэж	13
гүйдэлд	13
ойсон	13
барит	13
чөлөөлөгдөн	13
харимхайн	13
ховилын	13
газни	13
масуд	13
аконкагуа	13
канадаас	13
бүүкер	13
хажуудаа	13
алеко	13
тусгаарлагчийн	13
хүрээлдэг	13
үүсгэснээр	13
бататгасан	13
скотиа	13
декабристуудын	13
ойж	13
сурвалжтай	13
гадуурхаж	13
бударын	13
мутрын	13
хазаарын	13
эхлэнгүүт	13
учран	13
найргийг	13
цацарсан	13
завханыхан	13
баячуудын	13
эмэгтэйгээр	13
кэтлин	13
поттэрийн	13
суурьшилтай	13
электорат	13
ихэссэнээр	13
исгэрээ	13
тоглоомоос	13
гишгэж	13
борисов	13
болзошгүйг	13
доройтолд	13
заншжээ	13
судалсаар	13
дуурайх	13
хайгч	13
мяндаг	13
эгшиглэнт	13
өглөгийн	13
баяжин	13
хуваагдаад	13
рязанийн	13
васнецов	13
шонд	13
отолтонд	13
угра	13
ашигласнаас	13
этгээдтэй	13
индра	13
беккет	13
холдуулсан	13
эцэгт	13
чамлахааргүй	13
хэлгүй	13
цартай	13
сийлбэртэй	13
туурвилыг	13
чонотой	13
хэсч	13
гу	13
фэй	13
шагшин	13
туулийн	13
сэтгэлээрээ	13
энейн	13
явдалыг	13
өрлөгийн	13
байлдсаар	13
ихирэс	13
дөргөнэ	13
тэмдэглэгдэнэ	13
шинжүүдээр	13
халхалж	13
дискүүд	13
нитратыг	13
ургамлуудтай	13
сфер	13
тайлбарлана	13
шатан	13
жонн	13
худалджээ	13
залхсан	13
халхалсан	13
хорын	13
судалгаануудыг	13
жоржио	13
романаар	13
санахгүй	13
болшгүй	13
ганхаж	13
цээрлэл	13
ганцаардсан	13
хандлагаар	13
хэмх	13
хилэнт	13
учирчээ	13
коллежд	13
гаргуун	13
лесби	13
бэлгэнд	13
зэвсгүүд	13
гаршуулах	13
хүрлээр	13
тугухунь	13
орду	13
алтайгаас	13
өш	13
жамухын	13
цэдэнбалд	13
моах-ны	13
ярихыг	13
аалзны	13
залгагдсан	13
альбертын	13
вин	13
гүйдлээр	13
индүү	13
халаагч	13
киншаса	13
мелилья	13
дүрсэлнэ	13
хэвлүүлснээс	13
тохиолдуулж	13
сульдаж	13
нэмэгдсэний	13
мөсийг	13
антарктик	13
махбодод	13
зузааныг	13
евразид	13
кавказыг	13
арменийг	13
буудахад	13
боомтуудын	13
маскат	13
арабуудын	13
пуштун	13
см-ээр	13
филиппинийн	13
нөхөдтэйгээ	13
хурднаас	13
даяаршил	13
хариуцлагаас	13
басан	13
глориа	13
море	13
аэро	13
се	13
хөмөл	13
мэргэжилтнийг	13
эминэмийг	13
детройтын	13
соул	13
хэллэгүүд	13
дэйли	13
элэглэгч	13
карьерт	13
дуунуудаараа	13
халуухан	13
скайлер	13
оруулсанаар	13
розенберг	13
талийгаачийн	13
мөрдөхийг	13
нанг	13
шугамаа	13
эсэхээр	13
үйлдвэрлэхээс	13
гахайг	13
идэвхтэйгээр	13
овгийнхны	13
белая	13
өгүүлэгч	13
багтахаар	13
гэрчилгээтэй	13
тээвэртэй	13
мурын	13
хаадаас	13
зонховын	13
дүрслэгдэнэ	13
худагт	13
агссан	13
цамба	13
уадбч-ын	13
цахилдаг	13
баянхошуу	13
бөөрөг	13
нарийвтар	13
халуу	13
сөөгөнцөр	13
өмчтэй	13
арбат	13
бодохдоо	13
манлайллыг	13
шифрлэж	13
хэвшүүлэх	13
баталлаа	13
цацрагаар	13
хороодыг	13
сүпер	13
савангийн	13
найрамдалын	13
уулсад	13
манал	13
висмут	13
полони	13
жолооддог	13
сарнисан	13
битүүний	13
урагшлан	13
очирхүү	13
өгөөмөрийн	13
цацарч	13
спектроскопийн	13
сөнөх	13
үүслээр	13
мэдэгдсэний	13
хушга	13
элин	13
шинэчлэгдэх	13
нийлэгжүүлэхэд	13
гуанин	13
плазмид	13
яарч	13
өөрсдийнхөөрөө	13
толгодтой	13
савнаас	13
хошуугаар	13
хороохыг	13
азотлог	13
бетоноор	13
челленжер	13
ромтой	13
зангилаан	13
эрүүлжүүлэх	13
дулдуйтын	13
цацабшир	13
зээлдэгч	13
жендерийн	13
тархаагүй	13
ханштай	13
буяндэлгэр	13
ясли	13
анхын	13
аймгын	13
булгантамир	13
хичээллэн	13
нарангийн	13
илэрхийлбэл	13
селфриж	13
шлесвиг-хольштайны	13
төхк	13
зөвлөмжөөр	13
багамын	13
нитратын	13
этиопийн	13
друз	13
египеттэй	13
мамлюкын	13
дуучдыг	13
ээлжээр	13
адены	13
үрэгдэн	13
угаагч	13
загастайн	13
мандолин	13
адис	13
дондовдорж	13
үлдэгдэлийг	13
мэдээжээр	13
загаснаас	13
хазаж	13
уртсаж	13
үзүүрээр	13
үеүд	13
радиаль	13
далавчгүй	13
зангилаанууд	13
сүвийг	13
наалдаж	13
нисдэггүй	13
шалмаг	13
вандуйн	13
хагдарч	13
жейкоб	13
цохилтот	13
малтлагаар	13
нукуз	13
тэмцэнэ	13
лазар	13
ханиадны	13
хуруугаар	13
сэрвээний	13
өвдөлтийн	13
чангаар	13
барилдаантай	13
мэдсэнгүй	13
штернбергийн	13
уриалгыг	13
өмнөдөөс	13
төмөрхүлэг	13
өгзөг	13
сойз	13
шалтгаангүйгээр	13
зангилаанд	13
гэрэлийн	13
өргөхийг	13
чанаруудаас	13
гадаах	13
шингээлтийг	13
жнь	13
даахгүй	13
дайтагч	13
өмнөхөөс	13
кум	13
гриззлийз	13
визардс	13
биегүй	13
боомтуудыг	13
багахүү	13
цогбаяр	13
зальцбургийн	13
торунь	13
банкуудад	13
боден	13
мекленбургийн	13
үүнээ	13
засагчийн	13
өлзийсайханы	13
ринчиннямын	13
карно	13
протоныг	13
позитрон	13
бэрхшээлийн	13
оруулагчдад	13
гондурасын	13
калдерон	13
анализатор	13
аюулгүйгээр	13
өсгөвөр	13
суудаггүй	13
жигүүрээр	13
арчиж	13
ярилцлагыг	13
шапошников	13
можайн	13
зургуудаа	13
очвол	13
хориглолтыг	13
далайчдын	13
байхгүйг	13
удирдлагагүй	13
идиш	13
хангамжуудыг	13
алдагдалгүй	13
биелнэ	13
хунх	13
даваасамбуугийн	13
иоханы	13
блокууд	13
түгээгүүрийн	13
хөгжүүлэгдсэн	13
харвана	13
брежневийн	13
ца	13
шөнийг	13
уралдуулах	13
авснаа	13
бэхжүүлдэг	13
линуксийн	13
персональ	13
хөрвүүлжээ	13
рүүт	13
мелисса	13
хангамжуудын	13
ленинтэй	13
дургүйг	13
этгээдээр	13
нуук	13
славуудын	13
тариачдад	13
вилкинс	13
аллел	13
научных	13
нотыг	13
сууршиж	13
хувцаслах	13
дууриан	13
хөгжимддөг	13
генд	13
жирэм	13
дэмч	13
өвгөөс	13
ятгач	13
ятганы	13
жаха	13
захирчээ	13
уэтерфорд	13
гладиатор	13
василь	13
йлович	13
тохиролцох	13
анхааруулжээ	13
нэгдэлгүй	13
битүүлгээр	13
барагтай	13
жүүд	13
семипалатинск	13
висбаден	13
патрисио	13
роке	13
багшилдаг	13
хэвлүүлдэг	13
ажилчдаас	13
даамжирч	13
магна	13
зулын	13
төлөөлөгчдөө	13
хянагддаг	13
фашистууд	13
фердинандыг	13
сава	13
баясал	13
итгэлцлийн	13
шалгахаар	13
хулгайлжээ	13
больщевик	13
судласных	13
тициан	13
роттердамын	13
кампанелла	13
туужид	13
онолуудын	13
мөхөөх	13
бэхээр	13
булсан	13
цайзууд	13
магдебург	13
дамжуулав	13
жя	13
жиан	13
маарамба	13
казакстаны	13
шигтгэн	13
цаасанд	13
өргөтгөлийг	13
ажилладаггүй	13
шүүсээр	13
хөрвүүлнэ	13
габоны	13
тамсагбулаг	13
бурам	13
актиноидын	13
таслагдсан	13
нэгдсэнээс	13
үүргээсээ	13
фрейм	13
хувцасладаг	13
сургамжийг	13
константины	13
мамлюкуудтай	13
данило	13
хаанчлалынхаа	13
цион	13
сфинкс	13
хэтбуха	13
антиохын	13
шашиндаа	13
ахалсан	13
гулгахад	13
угсарчээ	13
давхрааны	13
нээгдсэнээр	13
мандатыг	13
этимологи	13
инертийн	13
мазовецки	13
шоолж	13
мицкевичийн	13
сауд	13
суулгаснаар	13
ихсэхэд	13
зарцуулалтын	13
хангаагүй	13
удаахь	13
кортес	13
карпат	13
ивано-франковск	13
кучма	13
евромайдан	13
шугмыг	13
лумпур	13
зааглагдана	13
чёрч	13
карьерийн	13
хязгаарлахыг	13
загалмайтан	13
гвт	13
рабат	13
кирсан	13
торийн	13
үндэслэх	13
версаль	13
ордноо	13
холболтод	13
порттой	13
каирын	13
урчуудыг	13
аден	13
хэлнүүдээс	13
зэмсгүүдийн	13
бүтэхгүй	13
бэхтэй	13
гутенберг	13
исламабад	13
үдэшлэгийн	13
дүүргүүдийг	13
вайсс	13
гудамжууд	13
тел-авивт	13
хөгжимчдийг	13
чиглэлүүдийн	13
бегин	13
мартан	13
хэлэлгүй	13
евангелийн	13
кран	13
нэвтрүүлдэггүй	13
турхан	13
сюит	13
идвэл	13
уашт-д	13
нотлогдож	13
боксчдын	13
пхеньян	13
үхдэл	13
утах	13
цавчиж	13
утааг	13
картерын	13
луо	13
түүнгүйгээр	13
дагч	13
флавиус	13
оролцогсод	13
кар	13
өмчлөл	13
барималууд	13
таймырын	13
чехословакийг	13
жижка	13
эльба	13
үрлэн	13
буцалгаад	13
жуз	13
могойнууд	13
сармагчингууд	13
сүргээрээ	13
тэтгэлгийн	13
цайзуудыг	13
кайли	13
сердар	13
нассаугийн	13
хувьсагчууд	13
серов	13
оролдлогод	13
боловсруулсны	13
байгууламжуудад	13
түлхүүрт	13
адыгей	13
төвхнөсөн	13
карачай	13
нийтлэгчдийн	13
шилтэй	13
багшдаа	13
залилангийн	13
дунайн	13
ирээдүйгээ	13
орцыг	13
хүртэхүй	13
худалдагдаж	13
хүлээлтийг	13
голландад	13
хулсаар	13
гэтэлж	13
добу	13
эрдэнэзаан	13
биеттэй	13
дооших	13
гарсныхаа	13
нанхиадын	13
залгагдах	13
хэлтнүүдийн	13
оролдлогоо	13
зөрчилдөөнөөс	13
логикийг	13
урвалт	13
сахаров	13
хараалын	13
паттерсон	13
түгшүүрийн	13
гургуулынхан	13
осолджээ	13
каддафи	13
ясир	13
арафат	13
тоолуурын	13
амилуулж	13
хулганууд	13
хуулбарлалт	13
илэрхийлдэггүй	13
полипептидийн	13
организмаас	13
доминант	13
олдвороос	13
ольмекийн	13
дайснуудаа	13
архитектуртай	13
зак	13
сэтгүүлтэй	13
эрнан	13
цочирдсон	13
нүдэт	13
очсоны	13
давснаас	13
кирене	13
дугуйнууд	13
стефано	13
номхотгох	13
суурилуулдаг	13
чулуунуудыг	13
сержио	13
лсэн	13
халуурал	13
удирдлагуудтай	13
бүлэглэлүүдийн	13
мөнхжүүлсэн	13
ататүрк	13
томилогдсоны	13
банкыг	13
куржакуз	13
лахор	13
сванети	13
мутар	13
донг	13
сд	13
гүсан-ын	13
мумтаз	13
зангидсан	13
гоёдог	13
наполеонд	13
өсөөд	13
күросава	13
дагалдангаар	13
канны	13
мэйжигийн	13
зүүнтээ	13
ээрүүл	13
симбирск	13
хэвтэрт	13
никатор	13
куан	13
мариус	13
цагаантөмөр	13
дэвсгэрийнхээ	13
кипчакууд	13
чормаган	13
кромвелл	13
гуо	13
ямагата	13
дарагч	13
старк	13
гүйцэн	13
оролдлогоороо	13
издательство	13
илгээснээр	13
хага	13
тэмүжинийг	13
өргөжүүлэхийн	13
зуучлагчийн	13
өргийн	13
тэмдэглэгээнд	13
шалан	13
шинжилгээнээс	13
каракалпак	13
жүз	13
ода	13
тараахыг	13
өнгөрөөнө	13
хөдөлдөггүй	13
хананаас	13
язов	13
байсныхаа	13
гандигийн	13
намжаах	13
маамуу	13
ухаарал	13
асколи	13
шихэр	13
исмэл	13
мангус	13
арболд	13
кобальтын	13
гриззли	13
цыгануудын	13
бордох	13
мөчрийн	13
урттайгаар	13
каротин	13
сироп	13
аккорд	13
аймхай	13
тирана	13
журмаа	13
бамбарууш	13
абижан	13
хүрээнийхэн	13
малгайны	13
үнэмлэхийг	13
гэснээр	13
сарык	13
өглөөнөөс	13
баатар-хот	13
леонтьев	13
соня	13
чигийн	13
алмазбек	13
бналау	13
андерссон	13
вязьма	13
олбооны	13
стокхольмд	13
идэхгүй	13
гүйдэлтэй	13
бүхээгт	13
цацалт	13
загдын	13
дэрсний	13
тавыг	13
махнаас	13
номерын	13
ерөөлтэй	13
нэгтгэлд	13
шуугигч	13
сэргэлэний	13
пянзанд	13
өмсөөд	13
харандаагаар	13
хотонтын	13
нихон	13
первый	13
день	13
гэргийг	13
ахтайгаа	13
дадсан	13
башёд	13
тайши	13
хааснаар	13
пиза	13
магадан	13
ваарны	13
мэндлэх	13
мөнххайрханы	13
хөшөөд	13
туран	13
чингэс	13
ганцэцэг	13
амараа	13
зүүв	13
жүжигчнийг	13
уолкер	13
смоктуновский	13
уитакер	13
прасад	13
халагдсаны	13
греноблийн	13
инсбрук	13
инсбрукийн	13
дьем	13
итгэлцлийг	13
шидэлтээр	13
чангатгах	13
ромеро	13
патрис	13
гашуунсухайт	13
нунтаглах	13
наамал	13
заналхийллийн	13
пил	13
распутин	13
байгаасай	13
бэкон	13
конт	13
нэмэгдүүлэхээр	13
хэрэглэгчдэдээ	13
ялгарлыг	13
мессэж	13
уулчдын	13
хатах	13
ухаандаа	13
жадамбаагийн	13
герцийн	13
саксони	13
пальма	13
моор	13
нилс	13
золтан	13
бүүт	13
мариано	13
будлианы	13
луиз	13
линдберг	13
хьюс	13
колмогоров	13
арам	13
артуро	13
норд	13
унагажээ	13
каннингем	13
баазаа	13
дамжлагын	13
эмилиано	13
бүлэглэлтэй	13
оролцогсдын	13
кейн	13
прохоров	13
белла	13
крафт	13
фүкүшима	13
шварц	13
родни	13
днипро	13
пикчерс	13
жохар	13
боловсруулагчид	13
абдалла	13
офицерыг	13
физик-химийн	13
тавигдана	13
алгоритмийг	13
шампанск	13
карбонатыг	13
импортлогч	13
ямайкачууд	13
халамжлан	13
дион	13
шүршиж	13
сонголтод	13
бүлэглэж	13
жоржиагийн	13
штуттгарт	13
юнайтедын	13
алгасалгүй	13
хорхойгоор	13
ангаахайгаа	13
тайлсныхаа	13
дурсамжид	13
тулгатны	13
народной	13
сардин	13
гвадалахара	13
латераны	13
өмгөөлөл	13
тэрбумтнуудын	13
галуунууд	13
терминатор	13
планктон	13
орхисны	13
гранж	13
мултимедиа	13
хайна	13
дуулахын	13
нуруугаа	13
нэртийн	13
буталж	13
хуурайших	13
клайн	13
дэйл	13
гудын	13
хэвлийтэй	13
зорино	13
уотерс	13
өрөгтөмөр	13
дүүрэнтөмөр	13
чирэх	13
рын	13
дасгалжуулдаг	13
суулгаснаас	13
чиглэлүүдэд	13
жамъяндагва	13
цэнгэлдэхийг	13
марадона	13
гуардиола	13
шави	13
неймар	13
трэш	13
төвөнхийн	13
легница	13
цэрэгтэйгээ	13
мальдини	13
режина	13
марсельд	13
керри	13
хуулар	13
нейротрансмиттер	13
хожигдолтойгоор	13
жейми	13
юри	13
горан	13
голги	13
мадлен	13
үйлчлэхээс	13
келдыш	13
маастрихт	13
бернулли	13
гровер	13
гэмтэв	13
квон	13
иванишвили	13
тэмцээндээ	13
пүрш	13
спектрт	13
карпентер	13
кассиус	13
бата	13
сенаторууд	13
нейт	13
мигел	13
леонов	13
кхмерын	13
фү	13
тинто	13
руж	13
тарковский	13
армандо	13
гера	13
донни	13
кирстен	13
лила	13
соннам	13
хандивлах	13
болдуин	13
далтон	13
ггц	13
кадар	13
тог	13
лорка	13
каспар	13
сузуки	13
касым	13
папыг	13
ришар	13
ченнай	13
брауныг	13
жан-мари	13
лампард	13
аджани	13
фидес	13
тэнхимээс	13
блокуудын	13
экскаваторын	13
сурвалжуудыг	13
атф	13
чимгийг	13
оззи	13
фибоначчийн	13
польшуудад	13
ширер	13
явсаны	13
хошимин	13
риверсайд	13
дүрээс	13
венчур	13
түрүүлгэсэн	13
малахит	13
маалайдай	13
говоров	13
хийлдэг	13
родион	13
фулхэмийн	13
кин	13
пэт	13
магуайр	13
хоув	13
астраханий	13
давтана	13
эндрюсийн	13
тайлгад	13
курсээ	13
мельников	13
гиббсийн	13
пондекстер	13
орлуулдаг	13
тэтгэгчээр	13
индукц	13
роль	13
сониноо	13
шуналтай	13
аялгын	13
самир	13
эркулес	13
бүрээстэй	13
чендлер	13
михайлов	13
консерваторын	13
сухарев	13
захар	13
хуваагдлыг	13
освенцим	13
цуглуулгууд	13
хөөртэй	13
сионизмын	13
гараалуулсан	13
скифүүд	13
уруд	13
армия	13
харачар	13
ханство	13
тодруулна	13
найзуудын	13
мёрфи	13
даланд	13
рүүтэр	13
топологид	13
схемээр	13
интерфэйстэй	13
холбохын	13
дайлахад	13
барнсли	13
карвингийн	13
бэхэлгээний	13
лейкерсийн	13
цвейг	13
дундажлан	13
ухамсарлаж	13
русенборг	13
уллевол	13
жадаран	13
дунджилжээ	13
гармоник	13
хаалганаас	13
үхэв	13
авшиг	13
хэрэглээндээ	13
ургахаас	13
экипаж	13
виг	13
иммуноглобулин	13
гадагшлуулдаг	13
бенуа	13
жанейрын	13
бэлтгэгч	13
росберг	13
а-ийн	13
үзүүлэлтэд	13
нөмрөн	13
суваргад	13
явбаас	13
мажарууд	13
овогоо	13
эскиз	13
ийлдэс	13
алайн	13
семенов	13
панмонголизм	13
сб	13
батарейны	13
тандалтын	13
трубадур	13
дэлгүүрээр	13
гончигсумлаагийн	13
карлсен	13
пэ	13
салаад	13
ньепс	13
нама	13
феррейра	13
тома	13
наадмуудаас	13
шарлах	13
хөөмийн	13
хатингар	13
ялзарч	13
хувилай	13
сөөм	13
онго	13
сүлдийн	13
ачаагаа	13
оспаныг	13
сканнердах	13
хэлбэлзэлд	13
сянь	13
илл	13
шидэхэд	13
уухай	13
чарлес	13
интернетийг	13
чечен	13
хулж	13
алхаан	13
нэгдэлчдийн	13
бабухан	13
жюнь	13
эсэхү	13
бэлхэн	13
нямбуугийн	13
катализаторыг	13
хөгц	13
хяналт-шинжилгээ	13
зурагны	13
хятадуудтай	13
байгуулалтгүй	13
нэлсон	13
мазови	13
кареер	13
алгоритмуудын	13
смайлэй	13
захаамин	13
хабаан	13
ажилчдаа	13
жүжиглэлтийн	13
нэвтрүүлгүүдэд	13
хөнөөлийн	13
уулзварын	13
второй	13
замчлалыг	13
лагерфелд	13
махбодийг	13
постмодерн	13
эрзин	13
управление	13
хурлатын	13
черкасова	13
намуу	13
илэрхийлэхдээ	13
ххв	13
бристолийн	13
свиридовский	13
рух	13
авчрахыг	13
боловсролоос	13
феттель	13
катовице	13
түүвэрлэлт	13
такттай	13
гүрсэдийн	13
галуа	13
саруулсайхан	13
шуйский	13
асем-ын	13
бохай	13
зэсэн	13
флотацийн	13
иньжу	13
доторлогоо	13
дугааруудыг	13
интерфэйсээр	13
берголио	13
сканнер	13
дуудалт	13
хундагаа	13
ундрал	13
отгоо	13
ачаалагдсан	13
хайрцгийг	13
шифрлэдэг	13
дамжуулагдана	13
гантөр	13
казакевич	13
магнийг	13
дадлагыг	13
нууцлан	13
цоожны	13
призмэн	13
катионы	13
силу	13
мы	13
михаи	13
окситани	13
уусгаж	13
сэндберг	13
бакич	13
управления	13
раббани	13
торновский	13
хэрмэнд	13
шатарчид	13
хонхорцог	13
евролигийн	13
трипл-дабл	13
кпоп	13
лүна	13
стекийн	13
бюллетень	13
маркизын	13
договор	13
сопхистууд	13
себу	13
хүсэлтэнд	13
будилаан	13
бине	13
дирихлегийн	13
тагнан	13
банат	13
мандельштам	13
скоша	13
хостоос	13
канолаг	13
генээр	13
университета	13
словарь	13
уссури	13
мерседесийн	13
новагийн	13
урь	13
азерб	13
ламин	13
банкуудаас	13
бэлдэцийг	13
ламинар	13
хашиц	13
хашицад	13
пел	13
криптографын	13
хдт	13
хүртээмжийн	13
цонхон	13
хлоржуулсан	13
аргачлалд	13
полимерын	13
гэмшил	13
эрчлүүр	13
шурагны	13
анфо	13
дмю	13
төрбилэгт	13
кировыг	13
агила	13
эрукийн	13
алтани	13
калиш	13
фарина	13
алалтун	13
россо	13
компрессорын	13
фиксаци	13
нагтан	13
рахули	13
октет	13
стеганографик	13
тхип	13
аксесс	13
лхагва-очир	13
факел	13
күүпэр	13
ганнам	13
пежогийн	13
нефрон	13
апостиль	13
хормойтой	13
сагагийн	13
интермед	13
метилмалоны	13
хурна	13
хиро	13
аху	13
аспарагин	13
бодисуудад	13
нажиб	13
хэмцэгийн	13
антонович	13
финтек	13
гидрофобик	13
даалгаврууд	13
цитозолын	13
кребсийн	13
сэмуэл	13
мүонрт	13
ахмат	13
кимура	13
мгимо	13
махорн	13
шудр	13
дазайн	13
шилоах	13
горчаков	13
льевич	13
хазайлттай	13
газпромын	13
ладакхын	13
кампусыг	13
хойдхи	13
фулбрайтын	13
капет	13
каллиграфийн	13
абдуллахыг	13
зурабишвили	13
кодеин	13
детский	13
либреттог	13
хөөрөгч	13
фестивалиуд	13
ромерисын	13
гаврилов	13
бурр	13
эгүнэ	13
валенс	13
ковалевская	13
баянбүрдүүдийг	13
мирнх	13
сополимер	13
онниудын	12
нөхдөдөө	12
залгамал	12
салбарлаж	12
теравада	12
судрууд	12
судруудад	12
эрхшээж	12
баригдсанаар	12
өргөөгийн	12
ххк-ий	12
ононы	12
тэрх	12
суурьшуулах	12
чимэдрэгзэнгийн	12
лэгшидийн	12
рашаанууд	12
цулхир	12
дүгэрсүрэнгийн	12
овоотын	12
тундасны	12
цэрэнжавын	12
далхсүрэнгийн	12
чулуунцэцэг	12
днб-ний	12
лхагвагэрэл	12
цэрэннадмидын	12
өрхөөр	12
тост	12
салхитын	12
суурьшуулжээ	12
хагийн	12
кембрийн	12
оргихын	12
зангад	12
мнт-ны	12
хавцлыг	12
тогтцын	12
халзангийн	12
хануйн	12
пирамидыг	12
үздэгээр	12
судалгаандаа	12
политика	12
нийгмээ	12
сануулан	12
ишин	12
заахдаа	12
хушуу	12
амфитеатр	12
нормандын	12
зуунуудад	12
номлолоор	12
хавийг	12
цөлжилтийн	12
дулаарлыг	12
таамаглалаар	12
загварчилдаг	12
хэмжигдэхүүнүүдийн	12
өгүүлэлтэй	12
анхаараарай	12
асаж	12
тухайлан	12
эвлэрүүлэх	12
зохиов	12
эмэгтэйлэг	12
важраяна	12
биологийг	12
зүсмийг	12
хоолойноос	12
рг	12
элбэгдоржийг	12
депутатаас	12
тээр	12
эхлэхтэй	12
олуулаа	12
брүүк	12
дисахарид	12
липидүүд	12
хучлага	12
дурсгалуудтай	12
мөнхбаатарын	12
дуламын	12
жигмэддорж	12
долгоржавын	12
түмэннаст	12
батхүү	12
омгийг	12
дарамтаас	12
хөндийнүүд	12
хэмээгдсэн	12
долоод	12
ёндонжамц	12
зааглагдаж	12
намуудтай	12
зүсэлтийн	12
хамаарагдаж	12
тө	12
азын	12
баялгаа	12
тэрэгнээс	12
седан	12
санаануудын	12
хэмжигдэхүүнүүдийг	12
бахдал	12
функционал	12
энтропи	12
мэдлэгээр	12
урьтаж	12
тоглоомоо	12
харахаас	12
тэхээр	12
багийнхны	12
дайснуудын	12
сурна	12
хайрцагны	12
цэнгэлд	12
эмчлэн	12
сонгогдоогүй	12
үйлчилгээнүүдийн	12
худалдаагаа	12
дутах	12
эрхэлнэ	12
тайлагнаж	12
зангидан	12
тэгшитгэх	12
уялдсан	12
фондыг	12
инфляц	12
дараалуулан	12
орсоноос	12
иссык-куль	12
кириллээр	12
хөхөчү	12
европжуу	12
арьстны	12
уулаасаа	12
хутула	12
байсанчлан	12
булаалдах	12
аажимаар	12
шалтгаанаа	12
тулаанаас	12
ястныг	12
хариад	12
өгөгдлөөр	12
жан-пьер	12
нөгөөгийнхөө	12
зохилтой	12
ан-аас	12
логийн	12
танилцуулгыг	12
казахстанаас	12
загалмайтнуудын	12
чадлынхаа	12
люблины	12
итгэлээр	12
адилтгал	12
сууснаас	12
тэмцсэний	12
солилцоотой	12
нийлүүлэгчийн	12
иллинойсын	12
хөөрөө	12
коммунистуудад	12
өүлэн	12
зааснаас	12
засагчаар	12
уншихыг	12
буулгаад	12
ахул	12
уламжлуулан	12
ярилцан	12
судлаачдаас	12
оройт	12
хүйсний	12
мадейра	12
магма	12
кориолисын	12
урсгалуудыг	12
хөвдөг	12
русского	12
плата	12
долгормаа	12
гэдсэн	12
барьсны	12
делид	12
шилжсэнээс	12
филипс	12
төлөвлөгөөнөөс	12
зөрүүтэйгээр	12
ялзрал	12
биелүүлэхгүй	12
нэрлэсний	12
эрчээрээ	12
алахаар	12
дагагчид	12
дотноор	12
сион	12
эцэж	12
ихэсгэсэн	12
бот	12
орооцолдсон	12
ёсоороо	12
авардаг	12
зохицлыг	12
давхих	12
нягтралын	12
нягтралыг	12
савнууд	12
эрзурум	12
монгол-туркийн	12
хочоороо	12
большая	12
сарайд	12
иргэншлүүдийн	12
ромчуудад	12
өргөнөөрөө	12
дамжаад	12
өгүүлье	12
эвдрэн	12
өвлөгдөж	12
ааваасаа	12
лейбниц	12
муудан	12
ажилгааны	12
орчлонт	12
гялаан	12
уудамд	12
км-ээр	12
сингуляр	12
гаригуудыг	12
тоосонцрын	12
үүлнээс	12
элементээр	12
одноос	12
хөдөлмөрөөрөө	12
баазтай	12
энтрепренер	12
өргөтгөжээ	12
бадмаараг	12
администраторын	12
хуудсаа	12
давснаар	12
олзлогдов	12
бусаны	12
онгоцуудын	12
зарлана	12
хомроглон	12
нянгаар	12
маневрлах	12
тайванд	12
шахаад	12
зүүнгарыг	12
хийснээ	12
оройтсон	12
соёрхсон	12
шэньси	12
марксизмын	12
югославт	12
гайхах	12
ажиллаагүй	12
дүүжлэх	12
бөмбөгдөлтөөс	12
маханд	12
дарангуйлагчийн	12
загатнах	12
тани	12
дэлгэгдсэн	12
үнэнээс	12
лоохууз	12
нотлогдоогүй	12
байлган	12
зуугаар	12
ачаад	12
шургуу	12
ролийг	12
ульрих	12
улаан-үдээс	12
баривчлагдаад	12
цугларах	12
жудо	12
пүсан	12
тамирчинд	12
египтэд	12
түвшинтөр	12
мөнгөнтуул	12
дамдинбазарын	12
эмгэнэлийн	12
аяганд	12
дорнот	12
дантай	12
хүүхэдтэйгээ	12
дресдений	12
барашгүй	12
цайнд	12
сурталчилан	12
еренхий	12
боломжуудтай	12
кодуудыг	12
төлөөлүүлж	12
өвчүүний	12
баримжаагаа	12
алддаггүй	12
амьсгалдаг	12
биетнүүд	12
ботгоны	12
цахилгаантай	12
буйл	12
сааж	12
жигтэйхэн	12
эврээ	12
санаад	12
хоормог	12
ялснаас	12
эри	12
амралтаар	12
тоглосоноор	12
сараевогийн	12
болго	12
оноонд	12
сейсмийн	12
хавтгайтай	12
таруу	12
катаниа	12
микробиологийн	12
сэргийлэлт	12
политеизм	12
као	12
чулуунхүү	12
үндсээ	12
оёмол	12
юаны	12
шахалтанд	12
хиллэлдэг	12
золгожээ	12
чонь	12
гоймон	12
мартагдаж	12
ургамалыг	12
шива	12
сайжруулснаар	12
эмгэгт	12
хөхөж	12
шинжүүдийн	12
тодруулахыг	12
идэвхиждэг	12
хувиарлах	12
болзолгүй	12
довтолгооноор	12
дорнодоос	12
элба	12
ардуудаас	12
лагерт	12
бэлдмэлийн	12
гломерулонефрит	12
бронхит	12
аврагдаж	12
багатайгаар	12
биелэнэ	12
мөргөлд	12
сүрдүүлсэн	12
бэлгийг	12
тавиланг	12
хувьссан	12
словен	12
беллен	12
сураагүй	12
пьетро	12
цэлмүүн	12
шуманы	12
хуримыг	12
хорлохыг	12
гөрөөсний	12
төлөг	12
оёсон	12
хөнжлийн	12
зайлах	12
үргэлжид	12
жамтай	12
томчуудын	12
хөтөчтэй	12
обьектууд	12
програмчлалд	12
гочоо	12
зуухтай	12
бүсчлэлийн	12
сүрийг	12
хурдсын	12
рихтерийн	12
орчил	12
хэлтэг	12
алжаал	12
хэцийн	12
мий	12
бичигтэн	12
дорждэрэм	12
санахад	12
төхөм	12
онч	12
жуулчлалд	12
диний	12
сүйрүүлж	12
аялахад	12
нууруудаас	12
олшрох	12
паркууд	12
хатуугийн	12
тосгонтой	12
уралдуулж	12
бүслүүртэй	12
бэлчээртэй	12
радиотой	12
хөшөөтэй	12
кристаллографи	12
зориулагдаж	12
кокс	12
нүүрсустөрөгчид	12
олборлолтоор	12
цамхагийг	12
аргаараа	12
убх-ын	12
лууль	12
даруулга	12
ярилцахдаа	12
өвгөд	12
баярлан	12
магнайн	12
өнгөлгөөний	12
субъектуудын	12
вүүди	12
эрмэлзлэл	12
театртай	12
классицизмын	12
сандарсан	12
зунд	12
зураасны	12
карбонатууд	12
галит	12
флюорит	12
чимдэг	12
гулсалт	12
идэвхжих	12
плитийн	12
болисон	12
оролсон	12
хессийн	12
сасаны	12
ирантай	12
мөхөөсөн	12
дагуулав	12
сөргөлдөж	12
зүүн-өмнөд	12
сургуулилтын	12
хайделбергийн	12
хүртээгүй	12
хязгаарлана	12
утганд	12
шүүнэ	12
фарад	12
нидер	12
эдээ	12
тасалжээ	12
колониудад	12
байсных	12
эмчилнэ	12
мөрөөдөлдөө	12
ганнибалын	12
хойгоор	12
тэндэхийн	12
диаметрээс	12
циркони	12
чойжи	12
цоморлог	12
дайчлагдан	12
бутач	12
янзтай	12
дурсамжийг	12
амьдын	12
хүмүүнийг	12
багшийгаа	12
бэлдэнэ	12
лувсаннамсрайн	12
ээзгий	12
дээрэнгүй	12
баатраар	12
өгүүллүүдийн	12
ваня	12
ивээж	12
наслахдаа	12
бослогоос	12
тавхан	12
трапец	12
оннигуд	12
эрхлэж	12
зөгнөн	12
литовын	12
жараад	12
шархадсаны	12
олдсонгүй	12
молцог	12
овоонд	12
барагсдын	12
үрээс	12
хатуурдаг	12
заагдаж	12
гэдсийг	12
колоний	12
виолончель	12
альт	12
үхэлтэй	12
харгалзсан	12
баатруудтай	12
тарьдаг	12
номлосон	12
зэрэгцэхүйц	12
умартан	12
нунтагласан	12
олхонуд	12
бензолын	12
асаахад	12
радиуст	12
лаав	12
дүрмүүдийн	12
чадаагүйгээс	12
шохойгоор	12
өрөвдөлтэй	12
хадгалаж	12
мөрдлөгө	12
өлгөх	12
колон	12
хомерийн	12
хэрд	12
өлмий	12
түгжиж	12
сурвалжаа	12
гүүг	12
зааглаж	12
таашаалыг	12
августа	12
зууч	12
хэмнэдэг	12
бэрхтэй	12
дайтжээ	12
цагадайд	12
эрхшээлээс	12
аваачдаг	12
ульм	12
баталгаажуулахыг	12
гэрэлтүүлгийг	12
зүр	12
хөргөлттэй	12
дэглэмүүд	12
козин	12
байгуулалтай	12
метрог	12
оролдлогоос	12
экспортоор	12
арбатын	12
буве	12
нэгнийхээ	12
эзэлсээр	12
чадсанаараа	12
бахархах	12
бараадан	12
спирит	12
жаргаж	12
тропик	12
хүрэлгүй	12
өгүүллэгүүдийг	12
спам	12
сониноос	12
институтууд	12
юнеско-оос	12
автаагүй	12
ахиу	12
таксин	12
эстрада	12
хэвэндээ	12
олборлолтоос	12
түрсийг	12
бууцай	12
даруссалам	12
нөлөөлдөггүй	12
брунейн	12
үхэртэй	12
саванна	12
энни	12
стерео	12
имиж	12
ёслол-д	12
левин	12
цээргүй	12
ялагдалгүй	12
айхтар	12
хийгээрэй	12
засварлахад	12
товчлох	12
хаалтанд	12
постер	12
вахтанг	12
парф	12
хоршин	12
шийтийн	12
урц	12
түймрийг	12
мемориал	12
срын	12
хемингуэй	12
тайзанд	12
сувилалд	12
ума	12
нойрсоорой	12
бэтмэн	12
халдсаны	12
гималай	12
болдгоороо	12
казаний	12
данжила	12
ёстойгоо	12
өнхрөх	12
адагтаа	12
холер	12
чемберлэн	12
шидэлтээ	12
жорданы	12
люмино	12
монголчууддаа	12
клипүүд	12
этник	12
вудсын	12
лего	12
хангадаггүй	12
ойжуулах	12
сум-нэгдлийн	12
дашпунцаг	12
нэгдээд	12
цэцэгмаа	12
баянбулагийн	12
үржлийнхээ	12
тэквондогийн	12
ялалттай	12
хүж	12
хүүхдүүдээс	12
атгах	12
байгсад	12
аливааг	12
сэтгэлийнхээ	12
сайжирна	12
дарио	12
модернизмын	12
оролдоход	12
априори	12
сонирхолдоо	12
үгүйг	12
дээдсийг	12
зоогт	12
даатгаж	12
багшлахын	12
аспирантурын	12
дулаанхаан	12
оорцог	12
тужийн	12
депутатын	12
багтайгаар	12
ххк-ны	12
астат	12
радон	12
сүндэрлэж	12
сүргээр	12
барсанд	12
намарт	12
хувцасаа	12
цацав	12
чулуугаа	12
нэвтрүүлэгийн	12
биелэлт	12
засалт	12
статистикийг	12
байраас	12
талбаруудыг	12
баригдсаны	12
сталинизм	12
өлсгөлөнг	12
маленков	12
хуйвалдааныг	12
зугатсан	12
цитозин	12
тимин	12
грекээс	12
биллбоардын	12
зайлуулахыг	12
халиах	12
хошуунууд	12
тууривсан	12
сонгосноор	12
теором	12
хайчилж	12
тогтносоор	12
гибралтар	12
невис	12
үлдэхээр	12
гэхийн	12
танхимаар	12
маргах	12
дасаж	12
сайханчдын	12
ассоциаци	12
туслалцааг	12
сунадаг	12
ойлгогч	12
шүргэгч	12
цагаантаны	12
гурвалжинг	12
уртууд	12
тогтмолыг	12
хоёулангийнх	12
хялбарчилж	12
харьяалахын	12
хийгдэв	12
нижер	12
эсватини	12
тристан	12
сомалиланд	12
цитрусын	12
рус	12
татсанаар	12
яамдыг	12
насангийн	12
номгоны	12
даатгуулагч	12
тороор	12
механикчаар	12
сурагчийг	12
музейнүүд	12
шувуугаар	12
адарсүрэн	12
довдон	12
дүйнхорын	12
цонж	12
лодой	12
гаржээ	12
галданцэрэнгийн	12
үелсэн	12
батист	12
жоом	12
ялгаруулалтын	12
цацруулах	12
балын	12
айлгах	12
эсээр	12
насална	12
мэрэгчдийн	12
залгалт	12
далавчиндаа	12
давуутай	12
хүүр	12
номнуудыг	12
шүүрэл	12
тусламжаас	12
банз	12
байлгахаар	12
монреалын	12
хөдөөнөөс	12
тагнаж	12
таарамжгүй	12
хавсралтад	12
хоргой	12
сонсоогүй	12
сэт	12
судалбар	12
моментын	12
дисперс	12
спектрометр	12
босчээ	12
графикийг	12
диракийн	12
томъёолж	12
компаниудаар	12
спарс	12
централ	12
пиппен	12
таниулахад	12
режжи	12
уулзахыг	12
балбар	12
гринвичийн	12
нийцээгүй	12
хувьсалд	12
бүртгэгдсэнээс	12
индекстэй	12
огтлон	12
холимгийг	12
электрохимийн	12
цөмүүд	12
хүхрийг	12
най	12
үгнүүдийг	12
синдромтой	12
салалт	12
жишээнүүдийг	12
мхбх	12
оухбх-ны	12
бактериас	12
барилт	12
дээжинд	12
биологичид	12
аягыг	12
түлж	12
галлон	12
самарын	12
тулалдаануудад	12
жуковыг	12
бессараби	12
хэллээ	12
отолтод	12
цу	12
гёттинген	12
хүлээснээр	12
үйлчлүүлэгчдээ	12
огтлолцлын	12
мухардалд	12
сурталд	12
авлигад	12
доройтуулж	12
беловежийн	12
засаглалаас	12
каталон	12
шагайгаар	12
эвлүүлэх	12
индрийн	12
биелүүлнэ	12
дуудсанаар	12
чичерин	12
бэлтгээд	12
цохисноор	12
уртассан	12
байлдаанаар	12
нийлэгжилтэнд	12
бнхалу	12
заагтай	12
улан-удэ	12
кантат	12
удсангүй	12
сонсохыг	12
боннын	12
баттүвшин	12
хатуужилтай	12
буцахгүй	12
екатеринагийн	12
улайран	12
операц	12
танкын	12
геббельс	12
фюрер	12
сарниулагч	12
шүлгэнд	12
зүчийг	12
уудад	12
хүргэнд	12
омголон	12
илрэн	12
фронтоор	12
япончуудад	12
ноёдоор	12
гэрээн	12
жен	12
шошны	12
тимофеевич	12
некрасов	12
хэвлэгдсэний	12
цоллож	12
урьтал	12
зөвшөөрсний	12
эцгүүдийн	12
туршигдаж	12
өшөөгөө	12
тампере	12
принцип	12
хилэгнэсэн	12
хэлсэнээр	12
арчер	12
антонина	12
сэрэмж	12
сартуулыг	12
хунтайжаар	12
харриет	12
уорд	12
сименс	12
тодор	12
санаандаа	12
филиппо	12
дүрслэхийг	12
төлөвүүд	12
онцлогуудыг	12
үнэлгээнүүд	12
тэрийг	12
үнэхээрийн	12
наймаагаа	12
шившлэг	12
цэцээ	12
елисейн	12
дараачаар	12
баярлах	12
ялгуулсан	12
саатах	12
туршлагаасаа	12
лавран	12
ажилуулж	12
түшмэлд	12
модгүй	12
системын	12
рекурсив	12
бүрэлдэхүүнүүд	12
дэмжигддэг	12
шалгахдаа	12
баастын	12
тусгаарлагдмал	12
заншсанаар	12
суурилах	12
днб-д	12
үргэлжлүүлэхийн	12
отож	12
жалутын	12
тэмтэрсэн	12
хүйнчи	12
хуралдайд	12
пештийн	12
дутаан	12
эдэн	12
үйлдэгдсэн	12
гуйв	12
бердийг	12
хөхүүр	12
альбумин	12
уусагч	12
рр	12
аскорбины	12
мисир	12
төлөөгүй	12
ажиллалаа	12
хувьчлалыг	12
хагаралтай	12
мамлюкуудын	12
илгээхдээ	12
сэжиглэн	12
сефевийн	12
дариус	12
түрэлтийг	12
шийдлээр	12
ширааз	12
курдистан	12
каирт	12
гази	12
директор	12
саул	12
еврейчүүдэд	12
холокост	12
эгнүүлэн	12
балучистан	12
воевод	12
кор	12
сүхболд	12
таиланд	12
исан	12
огцруулжээ	12
барилаас	12
оувс-гийн	12
хүсжээ	12
транснистр	12
закарпат	12
казакуудыг	12
кравчук	12
ющенко	12
луханск	12
малайзад	12
бодолтыг	12
франциск	12
дискийн	12
амарна	12
хименес	12
крузо	12
кэмп	12
холуур	12
салливан	12
дүрвэгчид	12
трамвайн	12
хэвлэлтийн	12
виндзорын	12
уншлагыг	12
делигийн	12
рум	12
хэрэгсэлийн	12
ней	12
өзо-ы	12
зөрөлдөж	12
горхийн	12
арвижуулах	12
пуд	12
мавлет	12
удирдамжийн	12
төгрөгт	12
өрөөл	12
өстөн	12
яллагдагчаар	12
сент-луйс	12
айленд	12
хаган	12
петтит	12
спартакиад	12
аллагыг	12
зэ	12
обамагийн	12
ийст	12
хуульчаар	12
фүкүда	12
хөрвүүлэлтийн	12
классын	12
төрчийн	12
зарцуулагдсан	12
эстудиантес	12
франсис	12
олимпуудад	12
мөнхжүүлж	12
печора	12
хөлддөггүй	12
саарч	12
бнчу-ын	12
хойтон	12
эйндховен	12
тт	12
центээр	12
хонолулу	12
нүүрстөрөгчтэй	12
нэгдлүүдэд	12
пёньян	12
өлсгөлөнгөөр	12
нутгуудаас	12
байрнаасаа	12
тогтсоноос	12
руй	12
коизүми	12
социалистуудын	12
хялбарчлах	12
гэйтс	12
нэгтнүүд	12
катунь	12
цэх	12
бердымухамедов	12
оруулбал	12
гольфстримийн	12
айлчлалаар	12
калгарийн	12
харальд	12
эдмонд	12
даваач	12
удаашруулдаг	12
боловсруулагддаг	12
кеннел	12
карачай-черкес	12
тунхаглагдсан	12
батсүмбэрийн	12
хадаастай	12
бүрэг	12
тэгшлэн	12
мягмарсүрэнгийн	12
луугийн	12
тохиодолд	12
өөрийнхээ	12
цүлхэнгийн	12
сигма	12
брокерын	12
харилцагчид	12
ямх	12
дүүтэйгээ	12
згхэг-ын	12
эрдэнэтуяа	12
парламентаар	12
эвлэлээс	12
информации	12
хачиун	12
холбоолж	12
захируулахаар	12
нөгөөгөөсөө	12
ядалт	12
тоох	12
хаосыг	12
дэгдээд	12
луйврын	12
хөдөлгөөнийхөн	12
дагуулжээ	12
хувцаснаас	12
захиралуудын	12
вита	12
киданчуудын	12
мессенжер	12
эхуд	12
версингеторикс	12
юкатан	12
кими	12
ндрович	12
дээдсээ	12
дарагдах	12
клайд	12
яснаас	12
унгернийг	12
барилгажилт	12
итцагийн	12
валле	12
микений	12
эллиний	12
мөрөнтэй	12
ичгүүр	12
алхамт	12
сүсэгтнүүдийн	12
мэтью	12
хаммурапи	12
герард	12
хорватад	12
чаплинд	12
тогтоогчид	12
уртасгаж	12
эдна	12
байхтай	12
гитлерийг	12
улстөрчид	12
чагнаж	12
пий	12
минарет	12
агустин	12
мүгдэн	12
орисса	12
загваруудаа	12
юдит	12
артём	12
тон	12
иствүүд	12
үхтлээ	12
родригез	12
алдраа	12
колоничлолыг	12
цочролд	12
каплан	12
стара	12
бхарат	12
тайзун	12
македоныг	12
суворов	12
флотод	12
шүтлэгтнүүд	12
норрис	12
хөдөлгөв	12
залгамжлалыг	12
хуягласан	12
хубилайд	12
дүрсэн	12
оноогдсон	12
макаод	12
кодекс	12
дартс	12
штабыг	12
актыг	12
балхжав	12
пүрэвдаш	12
эрхмүүд	12
дуулагч	12
исмайл	12
баяндара	12
очирболд	12
вятка	12
тусгаарлагдах	12
бүтээснээрээ	12
кг-аар	12
хучих	12
модожсон	12
хөлдөөсөн	12
далласын	12
цайвардуу	12
даллан	12
турж	12
гаршсан	12
хуралдуулсан	12
харавтар	12
романович	12
таксономийн	12
гомдлын	12
тронхейм	12
биатлон	12
ысык	12
ширдэг	12
тоннд	12
тулалдаанууд	12
бремений	12
гүйгчдийн	12
луангпрабанг	12
континентал	12
өөрчлөхдөө	12
өлзийбат	12
дашцэрэнгийн	12
яа	12
үйлт	12
таслаж	12
саранд	12
лимбэчин	12
зодоглосон	12
медалиудыг	12
баян-өнжүүлийн	12
нэт	12
могодын	12
дорнодынхон	12
баригдаад	12
шутис-д	12
подстамын	12
кубыг	12
тунхагалсан	12
шаар	12
төвлөрнө	12
айзек	12
сергеевна	12
мөрөнг	12
жанчхүү	12
урианхайчуудын	12
гурваар	12
тархаан	12
путинтай	12
литвиненко	12
мишустин	12
хоригт	12
чарльзын	12
томилогдсоноор	12
пугачёва	12
марианна	12
ббсб	12
чарльзыг	12
сөнөдийн	12
пац	12
асгаруулсан	12
нху	12
дөхлөө	12
ортер	12
улаанцав	12
портсмутын	12
алиевын	12
цыши	12
баттиста	12
аваргалав	12
тоглоомтой	12
батарейн	12
лотус	12
грибоедов	12
амьсгалахад	12
хөрөнгөгүй	12
сатурны	12
убдс-ийг	12
бнэу-д	12
лесбиян	12
дины	12
дурдаад	12
цэрэгтээ	12
мөнхсайханы	12
цангах	12
процессүүд	12
рий	12
шрёдингерийн	12
контроллер	12
шонхорын	12
иддэггүй	12
капитолын	12
малкольм	12
тэшигч	12
маус	12
батлуулав	12
ньюман	12
стефани	12
кребс	12
бинг	12
бодибилдингийн	12
мау	12
эффектийг	12
иргэнээс	12
сантиаго	12
македонийн	12
шайбтай	12
буунд	12
дууриар	12
эмэгтэйгээс	12
бергер	12
уланова	12
фредерикийн	12
худини	12
викториано	12
венустиано	12
ят	12
арлингтон	12
хурдын	12
брандт	12
тохиожээ	12
дойл	12
сүйрэв	12
брест-литовск	12
электрик	12
блаттер	12
бергман	12
няцаав	12
хайти	12
нис	12
либералууд	12
чү	12
бойер	12
виннипег	12
задлаж	12
дарби	12
нормал	12
версаче	12
бүтээгчээр	12
цардуулын	12
лотар	12
кофег	12
авъяасаа	12
миссиссипи	12
канагава	12
болгондоо	12
танилцана	12
сурвалжуудаас	12
дамжуулахаас	12
муэх-ны	12
амилуулах	12
эгнээт	12
оперативын	12
неругийн	12
ахх	12
мадурогийн	12
боксит	12
элла	12
гиннессийн	12
хочлох	12
крилл	12
настайгаас	12
саундерс	12
нүүхээр	12
селекцийн	12
холтостой	12
үнсэлт	12
униар	12
төрүүлэхэд	12
ковач	12
тэжээнэ	12
дива	12
зөөнө	12
өдөржингөө	12
хамгаалагдах	12
хөхүүлэх	12
нүүдэллэнэ	12
гхах	12
хөөндэй	12
гөлтгөнийг	12
арьснаас	12
замба	12
клауд	12
айвор-новелло	12
өчиг	12
бэгэрсэн	12
уясан	12
хэлсэнчлэн	12
кеничүүд	12
пинк	12
өлгөсөн	12
төгстөмөр	12
хархуцаг	12
буллок	12
бааранд	12
бетоны	12
дифлимпийн	12
гран-пригийн	12
бүтээгдэхүүнүүдийн	12
нугастай	12
уз-ийн	12
сахигч	12
дэвшсэнээс	12
ноу	12
дуурсгасан	12
сиро	12
осасуна	12
цэгцгийнхэн	12
шижирбаатар	12
спиртийг	12
хонхрын	12
булчирхайд	12
гэмтэлд	12
бохио	12
саажилттай	12
туяанаас	12
өгүүлэн	12
террористууд	12
сильва	12
эньлай	12
пэйн	12
коко	12
чианг	12
нэйсмит	12
костнер	12
жагсав	12
хөндөлтийг	12
фитнессийн	12
давуулсан	12
хосни	12
хиггинс	12
вега	12
полк	12
манагуа	12
ковбой	12
ребекка	12
назарет	12
курдистаны	12
элли	12
икс	12
рондо	12
бүлтгэр	12
кавендиш	12
ирснээ	12
бүлтэйгээ	12
вэбсайтад	12
минкус	12
самюэль	12
байдены	12
пехлеви	12
барь	12
дарамтлах	12
рүүни	12
солт	12
эмээдэг	12
дохь	12
камилла	12
черномырдин	12
бүрэнхий	12
людвик	12
чадагч	12
селена	12
өвчтөнүүдийн	12
цацжээ	12
жарвис	12
аннэ	12
сабонис	12
хепбёрн	12
хувцастнууд	12
готье	12
тахлаар	12
корчной	12
үйлдвэрлэхээр	12
соломин	12
бахархлын	12
зои	12
самора	12
шанаганы	12
няцаан	12
өршөөж	12
дохиоллыг	12
рибосомын	12
антенны	12
стандартаас	12
тажикстан	12
чарлз	12
герек	12
тайрдас	12
ойртуулан	12
шүүсний	12
украинка	12
цусархаг	12
онцсайн	12
термоцөмийн	12
сургахыг	12
туан	12
ягеллон	12
бетис	12
үдэшлэгт	12
салгана	12
чарити	12
туузтай	12
гьян	12
дуучин-дуу	12
дүрүүдээр	12
дэлгэрүүлбэл	12
үгүйлэгдсэн	12
хөгжимчидтэй	12
мөхөсдөж	12
хөдөлгүүрээ	12
ливэрпүүл	12
тайпин	12
минамото	12
өргөмжлөөд	12
петерийн	12
осборны	12
ут	12
тосгондоо	12
шөрмөсний	12
сноубордын	12
эргүүлийн	12
тоглосоны	12
трофей	12
холболтуудыг	12
словений	12
үйлдвэрлэгдэн	12
уранил	12
тайжид	12
өөрчлөлтгүйгээр	12
тохтоа	12
булгарын	12
загвараараа	12
телевидения	12
нанси	12
олажьювон	12
рэд	12
агнета	12
панов	12
бизнесээс	12
наадаг	12
мөргөсөн	12
итгэлээ	12
зад	12
кантабрийн	12
элсэгч	12
тайжтай	12
консорциумын	12
албандаа	12
францискан	12
байтаар	12
жан-клод	12
байтыг	12
кэхилл	12
эстебан	12
дуйсбург	12
үжээд	12
уваш	12
гвинет	12
болоньягийн	12
байрлуулаад	12
шүүдэг	12
свичийн	12
свичүүд	12
эмполи	12
витесс	12
тогтсоноор	12
мичел	12
хэмпшир	12
снукерийн	12
тувачуудын	12
шороодон	12
гетта	12
уиллисийн	12
залдаг	12
хашиха	12
ишлодой	12
мөгөөрс	12
авро	12
гелийг	12
халалт	12
өрлөгөн	12
пенициллиний	12
цохихоор	12
бөөрнөөс	12
тоноглолууд	12
антенна	12
рокетст	12
вгик	12
льюисийн	12
аюурвед	12
элэгдлээс	12
хогны	12
борохулын	12
бүслэхэд	12
пянзыг	12
гэсээр	12
батальоныг	12
страсбур	12
задаргаа	12
симметрийн	12
эрдэнэдалайн	12
стрессийг	12
хянганд	12
тайлбараар	12
морли	12
цэдэн-ишийн	12
кипиани	12
элеонор	12
масхадов	12
аламосын	12
агуулахаас	12
оппортунист	12
жирардо	12
гафт	12
доргон	12
рүүки	12
ану-руу	12
тоглосноороо	12
пикселийн	12
мөчлөгтэй	12
байшиндаа	12
яунде	12
жинхэлсэн	12
вэбсайтыг	12
дэвисон	12
шань	12
тангийн	12
улаанхүүгийн	12
караганда	12
тоньюкук	12
маралжингоо	12
асаг	12
ривз	12
хавтагийн	12
тоорцог	12
монгол-солонгосын	12
яддаг	12
нэйшийн	12
залгиур	12
цацраган	12
хорсол	12
борисовна	12
хуваалт	12
санаатнууд	12
дэмидбаатар	12
модуны	12
жэнийг	12
одоогын	12
отгонцэцэг	12
лекцэнд	12
ооно	12
бөөрөн	12
эгнээтэй	12
хувьсамтгай	12
хангахаар	12
полимерүүдийн	12
дамжуулгын	12
арзгар	12
сувганцрын	12
девон	12
ажиллагчдын	12
акоустик	12
каталогийн	12
психосоматик	12
жижүүрийн	12
дүй	12
боловсролоор	12
юрьевич	12
нана	12
боодлын	12
олдманы	12
мүхаүт-ын	12
шимтгэлийг	12
хэрэгжүүлснээр	12
найралд	12
зэмсгүүдийг	12
модуляци	12
удирдав	12
аялалыг	12
протоколтой	12
ведийг	12
равжирын	12
цэвэрлэгээг	12
шүүрэх	12
үдэлтийн	12
хэвгий	12
зураглах	12
кашкай	12
исследование	12
лигурийн	12
кузьменко	12
слово	12
бичвэрүүдийг	12
бордогийн	12
сонжун	12
дистрибьютер	12
үүрээд	12
только	12
гадуурхагдсан	12
ладены	12
эргүүлэлтийн	12
сел	12
биелүүлэн	12
янни	12
тунгаах	12
жэнь	12
агнесса	12
хэсэгчилэн	12
жүжиглэсэн	12
юна	12
зодоглосноос	12
нулимсанд	12
жагаа	12
войны	12
өвөрмонгол	12
кейсон	12
бүрэнбэх	12
рф	12
лаборант	12
серологийн	12
даянбүүвэй	12
изоморф	12
гл	12
концентрац	12
мвт-ын	12
халиагуур	12
бизнесүүдэд	12
коммандуудыг	12
циклд	12
борхүүгийн	12
англи-монгол	12
постдрамын	12
деканы	12
симферополь	12
баронууд	12
цоож	12
они	12
шооны	12
педолитүүд	12
гетто	12
төлүүлэх	12
гел	12
отгонбат	12
бичснээр	12
цементийг	12
мой	12
матьё	12
хартман	12
вський	12
зэврэлтэд	12
гэсэржавын	12
золбоот	12
подписания	12
будалт	12
исследования	12
никст	12
массивын	12
марковын	12
торвардс	12
шавилж	12
жан-франсуа	12
болохсон	12
реап	12
аа-ийн	12
вандермондын	12
кастили	12
гель	12
адтай	12
дзо-ны	12
семестр	12
империализмыг	12
дудаевын	12
тухайлах	12
гөлгөржүүлэх	12
ирүүлжээ	12
эминэм-ийн	12
кофактор	12
трнх	12
нэшнлз	12
хожуул	12
тайшийг	12
генк	12
халкын	12
трансфермаркт	12
тернополь	12
уичито	12
шалькегийн	12
судлаагүй	12
век	12
параметрүүдийн	12
хашицын	12
насжилт	12
кристаллан	12
капитен	12
бадамжавын	12
цүлтэмийн	12
бүрнээбаяр	12
цолноос	12
хадгалдаггүй	12
хэлбэржилт	12
тохиолдлуудыг	12
рэнцэнханд	12
фасад	12
шведүүдийг	12
цэнэглэгчийн	12
гломалин	12
айртон	12
феррарид	12
хүн-чүүдийн	12
гомбоев	12
работа	12
нейтрофил	12
чуулгыг	12
пакетуудын	12
флов	12
свитч	12
найдандорж	12
нэтфловийн	12
трожанууд	12
юникаст	12
элбэгтөгс	12
теории	12
шүүдэрцэцэг	12
дүүрэнсаран	12
чиглүүлэг	12
тунав	12
экэ	12
криоген	12
айсмарк	12
тарифыг	12
бэррон	12
тоулмен	12
манхаймын	12
коламбия	12
институц	12
филогенетик	12
пулем	12
холтослог	12
отношения	12
соглашается	12
одного	12
министр	12
павловна	12
центрального	12
түрүүлвэл	12
чарушин	12
тогмидын	12
штайнвег	12
холдингийн	12
фенилаланины	12
фенилаланиныг	12
лизиний	12
нийцлийн	12
ацил	12
ацетатын	12
энагурэ	12
чогров	12
хуурцагт	12
тэргэнцэртэй	12
хориог	12
розалин	12
стармер	12
манегийн	12
каляев	12
амати	12
ваалсын	12
херцль	12
альдаратын	12
фруктозыг	12
кутб	12
көчөм	12
аксиоматик	12
артезийн	12
спицэр	12
октаэдр	12
сеченов	12
ухтомский	12
пму	12
зименс	12
нетбол	12
эрзя	12
агамоттогийн	12
хулк	12
всесоюзного	12
феминизмийн	12
сенсор	12
бускареллус	12
сэтгэлтийн	12
песталоццийн	12
стубб	12
уучлаарай	11
холбогдохын	11
гээхгүй	11
норманд	11
сургаалаа	11
түрхэж	11
тэмцэлдэн	11
голомтын	11
кинотеатр	11
багахангай	11
чунчин	11
сэрдамба	11
жимсгэний	11
дааган	11
тоологдож	11
тоолуулж	11
дэлэгийн	11
шижээ	11
тууварчин	11
шархүүгийн	11
үнэгт	11
сономбалжирын	11
хөхтний	11
отгонтэнгэрийн	11
санжмятавын	11
ширбазарын	11
медал	11
баянзаг	11
арвинтай	11
цогт-овоо	11
хяргасын	11
харлаг	11
баярхүүгийн	11
ширнэн	11
лувсандаш	11
машлай	11
орхан	11
гидрокарбонат	11
хүннүчүүдийн	11
хөөмөл	11
үнэмшилд	11
фракцын	11
геометрын	11
эрмэлзэн	11
википедиатай	11
шуургыг	11
ялгалаар	11
вал	11
үгүйсгэн	11
блүмингтон	11
колониос	11
антантын	11
санасандаа	11
хүрэхтэй	11
туркээс	11
термометр	11
алинаас	11
жагсааж	11
солиод	11
аплоуд	11
голомтоо	11
зүрхээ	11
хүмүн	11
далбаанд	11
төвдүүд	11
ерөөгийн	11
өвөрхангайнхан	11
зориглон	11
хүлээхээр	11
болохгүйг	11
гажсан	11
журмуудыг	11
саяхныг	11
уулзсаны	11
огцруулав	11
партнерс	11
юугаараа	11
гайхагдсан	11
таацын	11
уранчимэгийн	11
дамын	11
рэнцэндорж	11
мугб	11
муау	11
гаутама	11
айлджээ	11
заншилын	11
төвөө	11
үрэлгэн	11
баянтал	11
геоморфологийн	11
хааис-ийн	11
цээжинд	11
веспуччи	11
мөрөөдөлтэй	11
хөгширсөн	11
өргөсөж	11
бензиний	11
дизелийн	11
сампин	11
гацах	11
тэгэлгүй	11
хийсвэрлэн	11
гайхалтайгаар	11
дэлгүүрүүдээр	11
дүрийнхээ	11
харагдахаар	11
элсээр	11
тулалдахдаа	11
артиллер	11
саадын	11
шийдвэрээс	11
засварлан	11
мухлаг	11
тэмдэглэгээгээр	11
багцалж	11
ойртолт	11
эдэлгээтэй	11
давна	11
загварчилж	11
онилж	11
актууд	11
гэрчээр	11
мэдрэхгүй	11
цалингаар	11
жишгийг	11
хадгалагджээ	11
хэтрээгүй	11
үндэстнүүдэд	11
бнхау-н	11
евразии	11
хөлөнбуйрт	11
буриадуудыг	11
ия	11
яу	11
перельман	11
олонлогоос	11
төгсгөлүүд	11
төвхнүүлэх	11
баталгаажуулсны	11
оруулсныг	11
парламентат	11
хуралдав	11
санаачлагчид	11
батлуулах	11
агро	11
еабхаб	11
ойлговол	11
гэсэндээ	11
хэлмэгдүүлж	11
нөгөөгөөс	11
сегментчилэл	11
оёдог	11
илчлэн	11
байцаалтад	11
цагаатгал	11
цаазны	11
давтамжтайгаар	11
майскийн	11
бүртгэнэ	11
тоологдсоны	11
сүслэн	11
сурталын	11
зээлдсэн	11
концесс	11
сонгохоос	11
тэргүүлэгчдээс	11
үржлээр	11
гутаах	11
жагсч	11
дайтав	11
тараахад	11
бөөгнөрлийг	11
үзэхээ	11
ферма	11
мөрөөдлийг	11
сумъяабат	11
солигджээ	11
шүлэгтэй	11
эстер	11
бхарата	11
залгуулан	11
кастын	11
хүчирхийллээс	11
бүлүүдэд	11
ханлигууд	11
брикс-ийн	11
нутгын	11
заваан	11
дууслаа	11
орчуулахад	11
бараар	11
галиглан	11
тэнцүүлсэн	11
дезоксирибонуклейн	11
хангагдах	11
американ	11
уурт	11
ажилтанд	11
меккагийн	11
гуйвуулсан	11
монотеизм	11
хэмээвээс	11
зугатах	11
терра	11
замчдын	11
эзэмшилт	11
ювентуст	11
өмсгөлөө	11
толгойгоороо	11
оруулалгүй	11
болцгоожээ	11
чэйн	11
нэвтрээд	11
золотая	11
дагуулснаар	11
анжис	11
тулабуга	11
кильдибег	11
одос	11
пасха	11
иудейчүүд	11
блогийн	11
иштар	11
майлен	11
электродын	11
гүйцэлдүүлж	11
асуужээ	11
явагддаггүй	11
бодисоо	11
тогтоцын	11
цацрах	11
хамгийг	11
бөмбөлгөн	11
нийцдэггүй	11
багтамгүй	11
боловсруулснаар	11
цацаргалт	11
физикчдийн	11
таржээ	11
багштайгаар	11
стейт	11
бэлтгэхийг	11
магистрантурт	11
цэрэнлхам	11
автомашинаас	11
дайралтууд	11
хуудсуудын	11
дамжуулагчид	11
зэвсэглэж	11
туслуулахаар	11
бүслээд	11
тамлаж	11
батерейг	11
батарейг	11
устжээ	11
экспортолж	11
үзүүлэхээ	11
дараанаас	11
сений	11
эвсэлийн	11
бөмбөгдөлтөнд	11
сонсголгүй	11
сийн	11
пүрэвжал	11
хомсдолоос	11
дуудлагад	11
толуйн	11
тогоонтөмөрийг	11
сонирхлоор	11
жуу	11
оргилтой	11
нол	11
кхмерүүдийн	11
татгалзвал	11
зүсэн	11
хөнөөдөг	11
булах	11
дамжлагыг	11
кек	11
санхүүгээр	11
шийтгэгдэж	11
дамбажав	11
зөвлөлгөө	11
эсэргүүцлээс	11
зэвсэглэлийг	11
пуанкарегийн	11
медалиас	11
сорилго	11
цогтжаргал	11
янжиндулам	11
гэрэлтуяа	11
мэндбаярын	11
цэрэнбат	11
буяндэлгэрийн	11
лувсанчүлтэм	11
түшээд	11
дама	11
хоккайдогийн	11
уртдаа	11
хожлоо	11
ажилтанаар	11
огцроход	11
татахгүй	11
мэдрэгдэх	11
хэтрүүлэх	11
бусаддаа	11
холбоодыг	11
дашдовдон	11
сайнгүй	11
тэмдэгтээс	11
хүйтэрдэг	11
ухааран	11
атан	11
сайхнаа	11
ростислав	11
шалгардаг	11
төлөөлнө	11
литосферийн	11
үзэглэсэн	11
сурагчтайгаар	11
аралыг	11
бослогууд	11
цин	11
канвонийн	11
тайлагдалт	11
хэдээр	11
эе	11
дэлгэрэн	11
дэглэмээр	11
сын-мань	11
дампуурал	11
хөгжөөд	11
хаа-д	11
хөлдөөх	11
дээшлүүлдэг	11
хэрэгцээндээ	11
тонноор	11
тонныг	11
буудайг	11
сортуудыг	11
бохирдолд	11
аммиакийг	11
өтгөрүүлсэн	11
тэжээлүүд	11
эргэлздэг	11
идэвхжүүлэхэд	11
албадлагаар	11
тэтгэмжийн	11
биелэгдэж	11
хүчнүүдийг	11
зсбнху-тай	11
тайландаа	11
уэлсийн	11
тогтоолтыг	11
сульдах	11
дэмб-аас	11
аэрозол	11
креатинин	11
зүйлст	11
түүдгэнцрийн	11
бөөрөөр	11
эмчилгээгээр	11
бөөрийг	11
эрхтэнг	11
сандагдоржийн	11
баран	11
азидаа	11
үүргийнхээ	11
өрнүүлэн	11
дургүйцэн	11
гуйлгачин	11
төчнөөн	11
алжирийн	11
брамс	11
аяллаар	11
аяллаас	11
ханноверт	11
иргэнээр	11
түрэмгийлэгчдээс	11
хэдэнтээ	11
дуусгаагүй	11
алхсан	11
шатаахад	11
гивлүүр	11
угсран	11
чимэгийг	11
томчууд	11
интерполяцийн	11
үйлчлэн	11
хоолт	11
хөвгүүддээ	11
тэмүүжиний	11
феодалуудын	11
убаш	11
алгаа	11
няндагийн	11
шинжээ	11
цоог	11
тэжээгдэж	11
огдой	11
төвдөөс	11
сэрүүнд	11
ямаатай	11
царам	11
өвөлжиж	11
аянчин	11
хошууныхан	11
суурших	11
уламбаярын	11
чаган	11
идээшиж	11
цухас	11
дашравдан	11
орхонбаяр	11
мандахбаяр	11
эрхбиш	11
хүндрүүлж	11
буянаа	11
голуудтай	11
сүүлээсээ	11
дакар	11
насан-аривжих	11
үзмэрүүдийн	11
хамруулна	11
петрологи	11
анархизм	11
металлурги	11
хийдгээрээ	11
тусгаарлагдан	11
цэрэв	11
норжин	11
хэлмэгдлийн	11
усжуулах	11
ямааг	11
га-г	11
ажиглагчдын	11
хясааны	11
хэмхдэст	11
халаан	11
технологиудын	11
багасан	11
норжмаа	11
баталгаажуулна	11
эрдсээс	11
шавхагдаж	11
алгасан	11
хүзүүт	11
нус	11
түгшүүрт	11
олборлолтод	11
микеланжелогийн	11
галзуурсан	11
булаах	11
люсьен	11
дарлан	11
уурлах	11
философч	11
аймшиг	11
менделеевийн	11
силикатын	11
целестин	11
ислүүд	11
трансформ	11
биентэйгээ	11
үүсэхдээ	11
туйлтай	11
нормаль	11
кундуз	11
кабулын	11
шугмаар	11
захир	11
тахар	11
яамаа	11
тэмдэглэснээс	11
мандуулжээ	11
баруун-өмнөд	11
биржүүд	11
галерейг	11
майлс	11
дээрэмчний	11
кидман	11
дөрвөлсөн	11
хүчдэлээр	11
үржүүлсэнтэй	11
захиргаа-нутаг	11
атолл	11
доминион	11
акадиа	11
хилэнг	11
канадыг	11
толгойгоос	11
шүүхүүд	11
нато-г	11
оргилолт	11
дуэль	11
эфирийг	11
төмрөөс	11
ойртдог	11
үүрт	11
ялд	11
өвлөсөн	11
матадын	11
тэндгүй	11
зурна	11
шуудай	11
чойномын	11
эрхэмлэнэ	11
дассан	11
урхинд	11
хураангуйлан	11
бичсээр	11
янгирын	11
даатган	11
хөрөнгөөрөө	11
суралцсаны	11
хорлоход	11
шуугиж	11
волдеморт	11
саяхнаас	11
дайдуг	11
хөсөр	11
галданд	11
бүгсэн	11
гурилтай	11
төрүүлээд	11
анзаараагүй	11
бодот	11
камю	11
атеизмын	11
таганрог	11
энергиэ	11
засварлажээ	11
ертөнцөөр	11
тавгийн	11
бэлчээрээс	11
үхэхэд	11
таахад	11
дурдсанаас	11
шийтгэнэ	11
ноёрхлоос	11
залагдсан	11
салам	11
эргүүлээд	11
биеээр	11
летопись	11
симеон	11
жигүүрээс	11
хэргэмээр	11
дэмийг	11
тохож	11
шөрмөсөн	11
найраглалыг	11
ирландыг	11
романдаа	11
илрүүлэхийн	11
голдман	11
поллак	11
түрэгээр	11
арилсан	11
туульд	11
бусниулах	11
хөнгөлөх	11
суурьшсанаар	11
төлөвшин	11
хаднаа	11
албанаасаа	11
дуурайсан	11
шота	11
өгүүлэмжийн	11
баясгах	11
виржил	11
эней	11
лолита	11
нүүрэндээ	11
хуртэл	11
инчоны	11
хөвөөн	11
изотопуудын	11
зэсийг	11
програмуудтай	11
титэмтэй	11
богиноор	11
анаэроб	11
лааз	11
металлуудын	11
микеланжело-гийн	11
одот	11
цуцлагджээ	11
дүүргэсний	11
лейден	11
жокондагийн	11
хөргийн	11
зураачийг	11
шүүмжүүд	11
сархад	11
гайхуулж	11
элитийн	11
электра	11
сүлжиж	11
баяжих	11
линкийг	11
клаудиа	11
арчих	11
солиорол	11
ганцаарчлан	11
ивановын	11
жүжгүүдийн	11
алхаар	11
салман	11
эрсэн	11
эхнийхээ	11
дуусан	11
бүсгүйчүүдэд	11
нөхөртэй	11
дэвшүүлэхээр	11
парадад	11
мэргэжилийн	11
хуваахдаа	11
тарбозавр	11
угсаатнаас	11
банхар	11
өвч	11
нүүдэлчдээс	11
тариаланчдын	11
хүлэгүг	11
тусгаарлахад	11
нуган	11
чадсаны	11
хурдсах	11
өртөөгөөр	11
чихмэл	11
үргэлжлүүлэхэд	11
хоносон	11
программаа	11
зөрөх	11
нэмэлтүүд	11
бүрийд	11
функцээс	11
трансформаторын	11
нэршилийг	11
гвинейд	11
орос-польшийн	11
польшуудыг	11
хуралджээ	11
бунханы	11
дэлгүүрүүдийн	11
антарктидыг	11
хөлтний	11
абу-даби	11
эмиратын	11
севан	11
ургамалжилтын	11
багдадад	11
хэлдгээр	11
тутарга	11
ново	11
ургал	11
унахгүй	11
мөснөөс	11
шваб	11
хазайлтын	11
оролдсоор	11
паваротти	11
бохем	11
суралцуулахаар	11
ути	11
харилцаан	11
багасган	11
рейтингийг	11
байцай	11
явагдаагүй	11
чингэж	11
хашихаар	11
ногддог	11
хавчигдсан	11
бухимдал	11
цомгуудаа	11
жосеф	11
кэйн	11
андерграунд	11
доог	11
слим	11
новш	11
дууных	11
ярив	11
гага	11
жагсжээ	11
дисктэй	11
трампыг	11
уорлд	11
үзэлттэй	11
бичихээс	11
далдуу	11
султанаас	11
концессын	11
мирзиёев	11
сельжук	11
ынх	11
алишер	11
ивээлийн	11
зохицуулагчаар	11
синхал	11
норма	11
анжелесийн	11
дүрдээ	11
зүйчийн	11
бостонд	11
ноолуурыг	11
давтамжаар	11
оройны	11
салаанууд	11
нэрүүд	11
лондоноос	11
байгуулсантай	11
хүрээлэнгүүдэд	11
нууран	11
микропроцессорын	11
корпорацууд	11
үйлдийн	11
хүснэгтэн	11
инженерүүдийг	11
бүлээсээ	11
хөдөлгөжээ	11
галдмаа	11
хэргэмээ	11
тулгах	11
чахундоржийн	11
дайснуудыг	11
элчээ	11
дамжигдаж	11
селтиксийг	11
амжиллтай	11
мишигдорж	11
оджаргал	11
сугар-очир	11
төмөрсүх	11
тахисан	11
мөнхжаргалын	11
молибдены	11
дэгнүүлт	11
агвааны	11
цэдэнжавын	11
леонидович	11
халдвараар	11
язгуураас	11
нөхцөлүүдийг	11
шийдмэг	11
босон	11
ганимед	11
есөнбулаг	11
цэгээн	11
лувсанжамба	11
батцоож	11
зүүнээрээ	11
тахилт	11
аргалын	11
болдхуяг	11
харуулбал	11
сүрлэн	11
таримлын	11
үхэрчин	11
иттри	11
роди	11
сономпил	11
хурай	11
сөхөрч	11
авхиа	11
улаанхүү	11
хэрэгслээ	11
супернова	11
найрлагаар	11
утаснуудын	11
инк	11
чулуулагтай	11
аналитикийн	11
конфедерацийн	11
хөөгджээ	11
катыний	11
информатикийн	11
гренадын	11
параллел	11
полимерийг	11
пентоз	11
хэлхээнүүдийн	11
спиралын	11
ховилыг	11
холбогдохдоо	11
худалдаалагдсан	11
хамтлагуудыг	11
цомгоосоо	11
нягтшилтай	11
түвшнээр	11
усалгаанд	11
нэвчдэг	11
дуслаар	11
хүндгүй	11
зэмлэн	11
яваагүй	11
нөхөддөө	11
нуклеиний	11
манж-тунгус	11
унахыг	11
хувааснаар	11
отгууд	11
баянхонгорын	11
арматур	11
трент	11
оху-ыг	11
мзх-ны	11
малаар	11
гильбертийн	11
дундаасаа	11
халаасан	11
унц	11
нэмбэл	11
зохимжгүй	11
дарьзавын	11
хүдэрчулуун	11
районыг	11
батлалцсан	11
түмэндэлгэр	11
дарамзагд	11
синус	11
огтлолцсон	11
гэйт	11
готын	11
гарвалтай	11
заир	11
мартиник	11
кубаас	11
эсэргүүцэгчдийн	11
аббасын	11
юнеско-д	11
хохирч	11
ойлгогдоно	11
малынхаа	11
шавьд	11
хавсруулан	11
ажиллагчид	11
надмид	11
баянбат	11
шавиас	11
бүсд	11
баянзүрхийн	11
дуламжав	11
хангав	11
үйлсээрээ	11
яндаг	11
борог	11
цэндээхүү	11
баримтуудад	11
сегментүүд	11
эрвээхийн	11
нарийсаж	11
талстуудыг	11
гүйцэтгэгдэнэ	11
багалзуурын	11
гормоны	11
шөвгөр	11
авгалдайг	11
нүдгүй	11
бүлээр	11
алдагдуулах	11
эммануэл	11
бизнестэй	11
фройдын	11
долгионоос	11
эмхтгэн	11
шүтээнд	11
шувуунд	11
үгсээс	11
монгол-англи	11
уралдуулдаг	11
хүүнүүд	11
никитин	11
амжилтынхаа	11
томилгоо	11
ханиах	11
хуруунд	11
бинтээр	11
нярайд	11
дасгалжуулагчтай	11
испаничуудын	11
мөргөхөөр	11
бодоог	11
хархорумын	11
доошилж	11
зарцуулга	11
хомсдох	11
дурсагдах	11
аравгар	11
хавьталд	11
дох-той	11
аксон	11
хуваагдашгүй	11
гангуудыг	11
зурвасууд	11
жигнэх	11
баянжаргалын	11
родман	11
хэмжихийн	11
хүнхэр	11
унагадаг	11
аихт-ийн	11
ёсоо	11
заяамандах	11
үзүүлсэнгүй	11
маягаараа	11
омуль	11
хэвлүүлэхийг	11
түүнийхээр	11
зарчмаас	11
авахаасаа	11
задарчээ	11
франкын	11
баварид	11
хотогойд	11
аймагийн	11
гүнгүүдийн	11
роскосмос	11
орчуулагддаг	11
металлуудыг	11
нуклон	11
гэлэнхүүгийн	11
бөөмийг	11
цочроогч	11
төрхөд	11
царайны	11
шүүгчийг	11
байдлаарх	11
томшгүй	11
админд	11
бүлгүүдээр	11
төрлийнх	11
пгу-ын	11
днх-ын	11
бөөмүүд	11
хуванцарыг	11
бүлүүрийн	11
дүрж	11
гамшгийг	11
оператив	11
хальснаас	11
чадахааргүй	11
харагдав	11
хэлдэггүй	11
шулуухан	11
бодоогүй	11
брюсселийн	11
таалагдахгүй	11
байрлуулахад	11
эсэргүүцэлгүйгээр	11
аүк	11
огтлолцдог	11
төлөвших	11
советских	11
горбачёвыг	11
гаргагчид	11
төлөхгүй	11
хавтай	11
өрөх	11
далны	11
чимэх	11
ороогоод	11
уйлах	11
хагацаж	11
ашиглагч	11
заагчийг	11
хүмүүсд	11
удамшсан	11
шагнагдав	11
эрслэн	11
нэгдэхийн	11
аранжин	11
тэрслүү	11
шведийг	11
гүнг	11
ану-аар	11
өвлүүлэх	11
сурталчлагч	11
баясгаланг	11
симфониуд	11
хэмнэлийн	11
минутаар	11
явдлуудаас	11
деникиний	11
түйвээн	11
галлаж	11
рейхийн	11
тэжээлтнүүд	11
хослох	11
морганы	11
самбаатай	11
анаксимандр	11
хөөгөөд	11
зургыг	11
белорусын	11
санхүү-эдийн	11
лов	11
явдлуудтай	11
ойлгуулсан	11
таалагдах	11
азов	11
зөвшөөрүүлсэн	11
и-гийн	11
сэмхэн	11
ямбыг	11
примат	11
хийгчид	11
илрүүлнэ	11
завсрыг	11
карамазовын	11
алёна	11
ахдаа	11
чернышевский	11
сэтгүүлээ	11
флоренцид	11
старая	11
тэргүүт	11
инкийн	11
сонирхолоо	11
хэллэгээс	11
ардчилагчид	11
даунс	11
иргэдээр	11
хаадтай	11
алсны	11
хэцүүхэн	11
хийнд	11
бослогоор	11
зарлахыг	11
хэрэгтнийг	11
шагнан	11
командлах	11
бнпау	11
сесил	11
нисчээ	11
туслахад	11
мадеро	11
ятсен	11
хурлуудын	11
залгуулах	11
монтень	11
мэтгэлцэх	11
техникүүдийн	11
бийч	11
овгуудаас	11
хагалбарын	11
угт	11
арсенат	11
шарлийн	11
сэлмийн	11
барьцаалагдсан	11
нийлээгүй	11
ажилгааг	11
ундыг	11
цэдэнсономын	11
түшмэдэд	11
цянь	11
гүнчин	11
ажилын	11
эсний	11
макрофаг	11
мезозойн	11
хурдсанд	11
лхаарамба	11
хөгжүүлэгдэж	11
насалж	11
фонт	11
жар	11
лувсангомбын	11
хэмнэлтийн	11
санаачилгууд	11
зүссэн	11
тэнцжээ	11
мэдэгдэхдээ	11
тулунбег	11
мөнхтөмөрийн	11
унгарыг	11
болгосноос	11
тэмцэлийг	11
залав	11
дурсгалуудад	11
эдигу	11
хорезмд	11
хандлагаас	11
сүлдүс	11
байду	11
сати	11
сицилид	11
сукарно	11
авлигыг	11
зургааг	11
үчимбэр	11
ассирын	11
харьяанаас	11
бөмбөгдөн	11
шри-ланк	11
македони	11
суурьшигчдын	11
тохируулгатай	11
импортолдог	11
иоанна	11
авирыг	11
айдсын	11
хүйстэй	11
гутерреш	11
гүйцэтгээд	11
байлдсаны	11
эзэмшээгүй	11
михаэл	11
байрлуулахаар	11
маргаанаас	11
неолитийн	11
гот	11
наранцэцгийн	11
винер	11
мусса	11
гүйцэтгэгчид	11
дүрслэхийн	11
бөмбөгчид	11
давтжээ	11
төслүүдээс	11
дийлдсэн	11
багшаас	11
шашинтнуудад	11
захидлаас	11
конвенцоор	11
зурагтаар	11
дүрсүүдийг	11
нэршлүүд	11
лувр	11
франсын	11
кадр	11
бангкокийн	11
норманы	11
гүнлиг	11
цагаавтар	11
тосканагийн	11
харьяалах	11
нуухын	11
ялагдалтай	11
тоглогчоо	11
хитэд	11
ховардын	11
мехмет	11
жанейрод	11
модернист	11
цугларалтыг	11
авив	11
савхи	11
үсэнд	11
хөххот	11
ажиллуулахыг	11
үргэлжилсний	11
вид	11
сүмод	11
гүрёо	11
папад	11
эхлэлд	11
өвөртөлсөн	11
хулгайгаар	11
найруулгад	11
африк-америк	11
ялсанаар	11
түрүүтэй	11
боловсруулаагүй	11
кашмер	11
володя	11
димитровын	11
бохемид	11
шүүгчээс	11
гуталтай	11
барилдахдаа	11
цагаан-үүрийн	11
эздэд	11
тасалдалтай	11
дуулгад	11
бийрийн	11
зэвсэгийн	11
полинг	11
касым-жомарт	11
харганат	11
чимкент	11
салбарладаг	11
усархаг	11
гахайнууд	11
будагдсан	11
корасон	11
олсноор	11
вила	11
цыбиков	11
ушаков	11
барнс	11
хэлэгдэнэ	11
салбаруудаас	11
шинэчлэлтүүд	11
эдмон	11
дээд-үд	11
благовещенск	11
пальмов	11
советская	11
айлчлалынхаа	11
тыва	11
ширхтэн	11
вилхельм	11
сурга	11
жорлонгийн	11
усалж	11
ингуш	11
ваш	11
хөрвүүлэхэд	11
кабардино-балкар	11
нальчик	11
горно-алтайск	11
өөрчлөгдөв	11
ангийнхаа	11
завсарлаж	11
оюунд	11
блү	11
эрсдлээс	11
олдоно	11
хөндөгдөөгүй	11
сулрал	11
өгөөжийн	11
своп	11
вэнь	11
түмдийн	11
хиан	11
уусган	11
эрсийг	11
ариунбуян	11
ган-очир	11
өсөх-ирээдүй	11
титикака	11
индианчуудыг	11
илгээсэнд	11
инфляцид	11
нон	11
нэмэгдсэнээс	11
төрөлийн	11
хүлээсээр	11
нэмэв	11
рэнд	11
украинтай	11
хүүгийнх	11
бүри	11
хүргэгдэн	11
полгар	11
турбиныг	11
чадалд	11
бойжуулах	11
халаадаг	11
юпитер	11
амтархан	11
оппенхаймер	11
хөшөөнөөс	11
маклин	11
генотипийн	11
концепц	11
салалтын	11
юкатаны	11
майячуудын	11
чичен	11
цагалбарын	11
донтож	11
ёслолоор	11
цзи	11
байршина	11
нэмэгдүүлсэнтэй	11
давжаа	11
тунисийн	11
селевкидийн	11
бариулахаар	11
мани	11
ямархуу	11
лиди	11
готуудын	11
рэг	11
энэх	11
ичиж	11
одлоо	11
алдарыг	11
самуунд	11
форман	11
чимээтэй	11
симоне	11
хөдөлмөрлөсөн	11
брайен	11
гишүүнчлэлд	11
станбул	11
белостокийн	11
познанийн	11
урууд	11
банг	11
прабанг	11
мони	11
рельеф	11
лазарь	11
галлах	11
андоррын	11
самуил	11
хийгдсэний	11
зүүнтний	11
фонда	11
ирмэгцээ	11
дэмон	11
хасагдав	11
зугтсаар	11
ратна	11
селевкийн	11
максимус	11
спартакийн	11
чжао	11
гунну	11
брук	11
геринг	11
батори	11
эвита	11
пероны	11
накамүра	11
тойны	11
хувилгааны	11
плоцк	11
боливарын	11
бхх	11
хонхотан	11
нэрлэгдэв	11
хүйстэнтэйгээ	11
дурсгалаас	11
чонынхон	11
чампагийн	11
рун	11
негевийн	11
илрүүлээд	11
хоригдлын	11
үгсээр	11
ядсан	11
суртахуунгүй	11
салбадай	11
зүүдэндээ	11
түйвээж	11
дутааж	11
төрболдын	11
үзэмчиний	11
тайшид	11
байсахал	11
жаруудын	11
неман	11
урхи	11
популяцийг	11
алта	11
хонгийн	11
зочлогч	11
сөргөлдөөний	11
гэрээслэн	11
гёттингений	11
нүхнүүд	11
бордоогоор	11
бууцаар	11
мөчрөөр	11
нохойд	11
орогнох	11
невский	11
гректэй	11
департмент	11
котян	11
чөлөөлөгдөв	11
суан	11
харийнхан	11
клас	11
кувейтэд	11
шатжээ	11
нгум	11
менахем	11
тоёода	11
түрүг	11
эхнэрээсээ	11
биелүүлэхээс	11
удааширдаг	11
лхагваагийн	11
ау	11
тогло	11
эвдээгүй	11
гацаж	11
чангаах	11
тоочин	11
хэсэглэн	11
сарлагийг	11
үрэгдэх	11
архангайнхан	11
булаацалдан	11
дагвацэрэнгийн	11
баргийн	11
намжилваанчиг	11
шорооджээ	11
баянбараат	11
төгсгөөд	11
шүтсээр	11
ватанабэ	11
новый	11
өнөд	11
шинель	11
марксист-ленинист	11
батсууриар	11
дамирангийн	11
дайана	11
штауффенберг	11
антарктидаас	11
хутагтаар	11
вакцинжуулалт	11
увидастай	11
зэлмийн	11
конторын	11
угалзын	11
бүтэд	11
алдлаа	11
глория	11
октября	11
путинд	11
фрадков	11
өрнүүлэхэд	11
шрёдер	11
живэв	11
танка	11
үсэрсэн	11
хурмаст	11
атакама	11
кристен	11
ханойн	11
бослогуудыг	11
бамбарыг	11
болзлоо	11
өмөзо	11
берни	11
кур	11
могилев	11
сүлжмэлийн	11
монтини	11
пьерр	11
мэдлээсээ	11
зохиогдов	11
оношлоход	11
эрэмбэлэн	11
даргаа	11
финиксийн	11
шакира	11
халид	11
аллилуева	11
овен	11
уйлдаг	11
хийхээсээ	11
бодгалийн	11
шуугианыг	11
гомосексуал	11
цаанаасаа	11
шалтгаангүй	11
корпорацийг	11
үйлчилгээнийхээ	11
сурыг	11
цэнгүүлэх	11
оношлогдож	11
валент	11
дейвис	11
нода	11
залрав	11
тиаго	11
йенсен	11
алойс	11
констанс	11
скүэр	11
нури	11
снайдер	11
неврологич	11
амсав	11
миннесотагийн	11
саксонийн	11
кадиллак	11
сонгогдсоныхоо	11
зээлэхээр	11
йонг	11
мөнхөлжээ	11
хилчдийн	11
адольфо	11
бала	11
бей	11
бөмбөгджээ	11
гаррос	11
суарез	11
сикорский	11
жоел	11
дэлбэлжээ	11
мора	11
ливорно	11
вердунийн	11
жидда	11
сербүүдийн	11
донбассын	11
веймарын	11
эрсэджээ	11
лессинг	11
мөргүй	11
бүтээгдхүүнийг	11
жирэмслэлт	11
хэмнэлээр	11
хашек	11
кодны	11
барьцаалав	11
ньерере	11
витаминаар	11
сангижавын	11
бэх-очирын	11
дагуулаар	11
эндээсээ	11
арканзасын	11
висконсины	11
хорст	11
өмгөөлж	11
ахиулжээ	11
хөрөх	11
ёшида	11
башо	11
харааж	11
авчиржээ	11
нэмэхийг	11
маскот	11
мессигийн	11
шигшээгээс	11
халсны	11
ягаавтар	11
будапештэд	11
сургуулилалт	11
улай	11
өвстэй	11
штутгартад	11
байтагийн	11
халимнууд	11
гимнастикаар	11
мэргэжилтнүүдтэй	11
шувтан	11
хурданд	11
сандлын	11
ужгород	11
голди	11
хутаг-өндөрийн	11
шварценеггер	11
зогдор	11
тусламжгүйгээр	11
бовуар	11
хасав	11
ла-платын	11
гуарани	11
үзүүлэлтээс	11
ажиллуулан	11
расизм	11
вирусаар	11
цооногийн	11
системс	11
хүлээлгүйгээр	11
элтэрэс	11
алп	11
аригбуха	11
махагүргис	11
субадай	11
аялсны	11
асунсион	11
евгеньевич	11
дурсжээ	11
процессороор	11
никитич	11
эрчүүдээс	11
исгэрэх	11
дасгалжуулах	11
зөвшөөрөлт	11
даваагүй	11
гоген	11
барселоначууд	11
цуглах	11
реалын	11
барселонаг	11
давгүй	11
болчихоод	11
клубд	11
сунгахгүй	11
хожигдолгүй	11
манчэстэр	11
тирасполь	11
ховилтой	11
морьны	11
сэрэх	11
гаднаа	11
бэлхүүсний	11
карлсруэгийн	11
дасгалжуулахаар	11
черкас	11
золотой	11
солисон	11
элвин	11
филологич	11
барлас	11
каз	11
янжуур	11
хэлэлцэхийг	11
сиссе	11
дюваль	11
макаров	11
муту	11
миддлтон	11
бюрен	11
дю	11
туркийг	11
тело	11
эштон	11
макдональд	11
арьен	11
женко	11
сонг	11
гамингийн	11
хөөргөлт	11
арилах	11
намба	11
полын	11
монголы	11
хави	11
бернийн	11
кендалл	11
үсрэгч	11
беатрис	11
нэвтрүүлэгчээр	11
фүүдс	11
терешкова	11
бэн	11
очи	11
рейна	11
онассис	11
бөмбөгдсөний	11
спа	11
калхун	11
саскачеваны	11
маркосыг	11
гутьеррес	11
барбера	11
коллер	11
левинсон	11
йоахим	11
гречко	11
авхад	11
атгасан	11
гатлага	11
шлесвиг	11
цагдаагийнхан	11
агасси	11
устга	11
данст	11
наоми	11
сүлжих	11
этьен	11
валентино	11
чоу	11
георгиев	11
пирло	11
новак	11
ньюэллс	11
ювентусийн	11
илүүрхэж	11
хүсээд	11
эрхмийн	11
наранбаатарын	11
демократууд	11
фримен	11
телангана	11
озеров	11
буруутайд	11
коморовски	11
надя	11
депп	11
янник	11
фицжеральд	11
бункер	11
димитров	11
батлагдсанаас	11
тажикистанд	11
гажигт	11
тээвэрлэгдэх	11
хэлбэрүүдтэй	11
органелл	11
идэвхжин	11
лайбниц	11
маршак	11
литвагийн	11
блан	11
корделл	11
крайский	11
концентрацтай	11
валенсиад	11
програмаас	11
йена	11
нэхэмжлэлийн	11
лү	11
тоглогчдоос	11
сали	11
хочийг	11
касильяс	11
уругвайчууд	11
мэдээлэгдсэн	11
тёрнер	11
армстронгийн	11
хамгаалалтаар	11
симфоний	11
өнгөрүүлэхдээ	11
дубль	11
клүбийн	11
карлайл	11
өсийг	11
уэмблийн	11
лирийн	11
жэйкоб	11
толбухин	11
хутгаа	11
сэнт	11
манхэттэний	11
хуваарилагдах	11
харбины	11
челсид	11
гараалан	11
унтраасан	11
процессороос	11
мессежүүдийг	11
чемпионшипийн	11
евробаскет	11
шидэлтээс	11
кальцийг	11
сорьжээ	11
фри	11
зайлсхийхэд	11
св	11
шаардлагуудын	11
тусд	11
хашгирах	11
подкаст	11
монгольских	11
синтактик	11
саналуудыг	11
борлуулалтаас	11
мэдлэггүй	11
оруулахгүйгээр	11
дүрвэх	11
увас	11
дир	11
тайган	11
хубилайг	11
жөн	11
хамилтоныг	11
үзүүлэнгийн	11
анни-фрид	11
белов	11
шарлотта	11
констанца	11
лионд	11
билэгддэг	11
колдуэлл	11
автоматын	11
хүсэгч	11
зовдог	11
бэлтгэхээр	11
тиймэрхүү	11
бөмбөрцөгийг	11
суиндон	11
хилэнц	11
үйлээ	11
пэйж	11
статистикч	11
өгүүлсэнээр	11
болай	11
корниловыг	11
вернадскийн	11
залбиран	11
операторыг	11
мантисс	11
уинслет	11
шагналуудын	11
оро	11
жамал	11
хязгааргүйн	11
хашлагыг	11
хван	11
карью	11
овогтнууд	11
триатлоны	11
хатунхай	11
ингэмэл	11
амирлангуй	11
всемирная	11
гусиноозёрск	11
орион	11
ялтсыг	11
хуягтай	11
пенициллин	11
нууд	11
вацлавын	11
симпозиум	11
барцад	11
барагшун	11
бүхийл	11
бүтээцийн	11
алталун	11
эрдэнээр	11
контейнер	11
тригональ	11
онгойлгож	11
талсждаг	11
шоун	11
цэнэгээ	11
поликарповын	11
өндөрөөр	11
ухрахаас	11
иосифович	11
бодъё	11
питерс	11
операторуудын	11
нейсмит	11
панда	11
форстер	11
цэвэршилтийн	11
заналхийллийг	11
арчибальд	11
осск	11
конвенцыг	11
буковский	11
монацит	11
баясгалантай	11
хөлөгийн	11
пэгсан	11
бренда	11
лайбницын	11
гэрэлт-од	11
баяжуулалтын	11
гинжээр	11
хөргөгчинд	11
күнз	11
шаньюйн	11
хуань	11
тэнгэризмийн	11
каган	11
зурахдаа	11
зуурдын	11
шавхаж	11
тахилчийн	11
оху-н	11
төвлөрүүлэв	11
жужанд	11
атган	11
эрдни	11
шахалтыг	11
меркатор	11
гацааны	11
дуучидтай	11
тулгарна	11
эзэмшлийг	11
шүрээр	11
талбайгаа	11
терийн	11
очлоо	11
зуурмагийн	11
гаанс	11
йг	11
хоббс	11
кокто	11
дурсамжтай	11
мариан	11
күин	11
халдлагийн	11
арслант	11
атомд	11
михалковын	11
солнцем	11
хуваарилалтаас	11
амдо	11
стриминг	11
химки	11
сонгохын	11
дүрүүдээс	11
амрыг	11
илгээгддэг	11
дадлагажигчаар	11
пальмас	11
упанишадад	11
субъектийн	11
пракрита	11
аригийн	11
мхөзэ-ийн	11
цэл	11
гургалдайн	11
отгоны	11
царыг	11
мориноосоо	11
лак	11
хавдарын	11
радослав	11
аквариум	11
шилжүүлэлтийн	11
дуугаралтыг	11
дуудагсан	11
бнбд	11
пүрэвсүх	11
чинбаатар	11
гийнгоо	11
морилсон	11
делсон	11
сударшан	11
морил	11
манден	11
саутхемптонд	11
шиань	11
нганасан	11
блэйзерсийн	11
трипл-дабль	11
үүсгэхээр	11
караян	11
үүсдэггүй	11
агваандамба	11
замуудтай	11
дас	11
гаадамбын	11
пт	11
шилэнд	11
сяньян	11
сказка	11
гажилтанд	11
нууцлалтайгаар	11
карналлит	11
жүмун	11
астафьевын	11
своих	11
наалдац	11
соруул	11
зулгархай	11
батга	11
тагнай	11
хүдрүүд	11
гигроскоп	11
чиглүүлэлт	11
ачаалж	11
туузаар	11
оновчлолын	11
ишдулам	11
чину	11
вх	11
үсчний	11
төхөөрөмжүүдээс	11
татвартай	11
желал-ад	11
чагнах	11
дамжуулалтад	11
уурласан	11
хакеруудын	11
интерполяц	11
аквариумд	11
уутанцар	11
гербицидын	11
дандархайдав	11
пулемет	11
хориглолтонд	11
бретань	11
арсенопирит	11
нигүүлсэхүй	11
приус	11
идэвхижүүлдэг	11
легран	11
агууллага	11
китаем	11
месяца	11
человек	11
двух	11
впредь	11
страны	11
невадагийн	11
райнланд-пфальц	11
жанго	11
илдийг	11
зээлэгдэж	11
сухомлинов	11
бароныг	11
кайгородов	11
девин	11
милитарист	11
войск	11
дьюкийн	11
эллингтон	11
эксо-м	11
хаяглал	11
шагналуудаар	11
спрингфилд	11
пескара	11
вагонд	11
революции	11
бийск	11
кларнет	11
косовогоос	11
лира	11
хийлийг	11
чавхдастай	11
говиор	11
бүрдүүлэхийн	11
локи	11
группэд	11
сагсны	11
лечче	11
овогийг	11
болзоот	11
чуулалт	11
хангахаас	11
шийтүүд	11
эхлүүлснээр	11
путинтэй	11
анхцэцэг	11
бакау	11
хөлгүүдийн	11
нүүрстөрөгчид	11
сэргээлтэнд	11
гөлтгөнтэй	11
өвчтөнүүдийг	11
цср	11
тайпингийн	11
лазан	11
уоттс	11
сараана	11
хадаасгана	11
вишневский	11
дайчилгааны	11
лейкерст	11
жайварман	11
зогсоосны	11
төөнүүр	11
одной	11
ишийн	11
фраме	11
фрамийн	11
автомашинтай	11
коста-рикачууд	11
синтезийг	11
аустриа	11
коннектикутын	11
мөнгөнцэцэг	11
ярославлийн	11
йелловстоун	11
десна	11
дебютэлсэн	11
рюсселсхаймд	11
сигнум	11
удбэт-т	11
авардс	11
шаравнямбуу	11
шагалын	11
шажинбатын	11
буудаад	11
далангуудыг	11
тс	11
мт-ийн	11
намуудаас	11
ээвэр	11
нүүргэвч	11
прототип	11
дугуйнуудыг	11
михаэлийг	11
субудай	11
гань-су	11
шамба	11
тэгшилэх	11
аяако	11
гальваникийн	11
ауксиний	11
эртийн	11
дүүргэч	11
рутерууд	11
цэгээс-цэгт	11
серверүүдийг	11
таб	11
ринбүүчий	11
халдварууд	11
фреймийн	11
клиэнт	11
брокерийн	11
отношений	11
филдсийн	11
жисү	11
импакт	11
сайханжаргал	11
батмагнай	11
бүрэнбаатар	11
алти	11
зузугийн	11
меткальфийн	11
самсараг	11
цитохром	11
форс	11
тэжээлүүдийг	11
дуугуй	11
электропоп	11
схд-ийн	11
импичмент	11
аргамж	11
управлением	11
общ	11
хнн-ийн	11
сорилтууд	11
бордож	11
тайр	11
шелийн	11
стихи	11
витольд	11
люлли	11
монгольский	11
зюсмайер	11
ирвайн	11
анхмаа	11
биосинтезд	11
агонист	11
сукцинат	11
антагонист	11
нейротрансмиттерийн	11
лейциний	11
малонил-коа	11
ацетатыг	11
уф-ийн	11
блинкен	11
нетанияд	11
перевод	11
каллас	11
эразмус	11
игуасу	11
казимирын	11
ректорууд	11
гомулка	11
лаванда	11
рустад	11
этт	11
цогдэлгэр	11
вероятностей	11
вэнс	11
хотгуужин	11
полипропилен	11
мирович	11
ацетаминофен	11
ацетаминофенийн	11
галактозыг	11
гликозаминогликаны	11
дерматан	11
опиоид	11
оумэ-дийн	11
грайворонский	11
бруксын	11
геномикийн	11
полиэфир	11
куз-ийн	11
этвөш	11
маделунгийн	11
корнуолл	11
раимон	11
гукеш	11
удмуртчуудын	11
асгард	11
мефисто	11
аффин	11
аметист	11
селжүүк	11
циррус	11
ёшико	11
мультимодал	11
савитиа	11
буршик	11
пиджин	11
тхб	11
боржоми	11
феминистүүд	11
пиррус	11
моноклиник	11
аржиродайт	11
бастнесит	11
жайшанкар	11
аль-туси	11
бэйзэ	11
үгээрээ	10
руух	10
руднев	10
халхуудын	10
интернетээс	10
үзүүлбэл	10
цогцолсон	10
шатаагдсан	10
хорум	10
өвөрмөцөөр	10
цогбадрахын	10
тайхар	10
дагалдсан	10
гүррагчаагийн	10
цогбадрах	10
чуваамэд	10
номингийн	10
хүрэмт	10
чанрав	10
дэлгэрдалай	10
санжид	10
шинжлэлч	10
бизъяа	10
дөрөвдөгчийн	10
малтмалтай	10
тогоогийн	10
гажид	10
маналжавын	10
ваны	10
чагнаа	10
нутагтны	10
болц	10
махгалын	10
мөнхтулга	10
салхилдаг	10
захчины	10
уулууд	10
бодонч	10
эрүүг	10
чөлөөтийн	10
сүхээгийн	10
батзул	10
паралимпийн	10
сорьдог	10
хөлдүү	10
шидэн	10
тэгэж	10
аваачаад	10
хятад-төвөд	10
австронез	10
нүглийг	10
жорыг	10
сонго	10
дархчууд	10
харьцахад	10
угро-фин	10
зоргоор	10
тусагдахуун	10
өгүүлэгдэхүүн	10
ооч	10
соёмбот	10
далбаанууд	10
анкарагийн	10
тойрныг	10
прованс	10
доройтох	10
нидерландтай	10
уршигаар	10
шилжилтэд	10
сааруулдаг	10
хүрээлэнгүүдийн	10
удирдуулдаг	10
томьёолсон	10
статистикт	10
сарнаас	10
уншвал	10
сахиусыг	10
хаагджээ	10
данзанг	10
адилтгадаг	10
тодруулав	10
циклин	10
алдагдсанаас	10
зэрэгтэйгээр	10
ржийн	10
хэлмэгдүүлэх	10
үйлчилгээндээ	10
олбрайт	10
холестерол	10
ижилсэх	10
цэвэгмидийн	10
чимидбазарын	10
лонжид	10
гаваагийн	10
сампилдэндэв	10
сэнгэцохио	10
чулуундорж	10
бямбабаяр	10
даншгийн	10
сэржбүдээ	10
дэмбээ	10
урамшуулан	10
заамарын	10
жанчивлан	10
багтаав	10
ямаатын	10
шүхэрч	10
шандтай	10
мужлалын	10
маршрутаар	10
сасаки	10
учиг	10
эрчмийн	10
үндэстнээ	10
тогтмолын	10
биосфер	10
баримтлана	10
макинтош	10
бүтээц	10
тодорхойлолтонд	10
механизмаас	10
гангаас	10
үүсвэрүүдийг	10
уламжлах	10
уншигчийг	10
нинтендо	10
эзэгнэж	10
байнаа	10
хачир	10
ажиглана	10
өрсөлдөөнөөс	10
хамтрагчийнхаа	10
айдаст	10
ярианууд	10
байсандаа	10
жанрыг	10
аркаде	10
хяналтгүйгээр	10
бөгөд	10
татахаас	10
фенүүддээ	10
бууралтаас	10
бууралтын	10
үзүүлэлтүүдээр	10
дефляци	10
нэмэхээс	10
ногдож	10
зарчмуудад	10
хураамжийн	10
зардалыг	10
нөлөөлөхөд	10
төлөхөөр	10
цутгуулж	10
хураамжийг	10
тэмдэгтэд	10
чимэглэн	10
мөнгөнөөс	10
минжүүр	10
зуйван	10
нүүсээр	10
бост	10
шяньд	10
соёлууд	10
нумны	10
санаагаараа	10
сумдаас	10
олзлогдон	10
буруулан	10
цугларан	10
цээрлэх	10
шүтлэгээс	10
центральной	10
государства	10
өндөрлөгүүдийн	10
цинхай	10
номтон	10
улзын	10
халх-ойрадын	10
жамъянжав	10
гүрбазарын	10
бюу	10
олгогдоогүй	10
жэсс	10
седрик	10
харьяаллаас	10
энхсайханы	10
урагшлуулах	10
эмхтгэлд	10
азитай	10
оных	10
тэлэнгэд	10
инээдэмтэй	10
цагаатгагдсан	10
сэдвээс	10
нэвтрэлтийг	10
майнинг	10
амарыг	10
шүтсэн	10
заагаад	10
бүдүүлгээр	10
ёсноос	10
тооллогоос	10
иргэнтэй	10
хүргэлээ	10
хөрөнгөнд	10
хэтрүүлж	10
байваас	10
хуульдаа	10
аих	10
тусгаарлажээ	10
дакка	10
европынхон	10
хамаарчээ	10
саарсан	10
энэтхэг-ари	10
шүтлэгээр	10
нурав	10
рикогийн	10
азорын	10
фолклендийн	10
система	10
анхааралдаа	10
болохоороо	10
бнэу	10
бодо	10
хуврага	10
гашуудан	10
эзлэгдээгүй	10
султанууд	10
өрнүүлдэг	10
ист	10
чангатгаж	10
тойргуудад	10
сикх	10
журамгүй	10
методист	10
чейни	10
цацагдан	10
ялагдлаа	10
эрхэмлэсэн	10
намхайжамц	10
уншихын	10
өмнийн	10
мефодий	10
зөгнөж	10
чөлөөлнө	10
тоочвол	10
хүсэлтүүд	10
зузаатгах	10
хуулиндаа	10
хашим	10
мосе	10
бурхнаас	10
бишрэлийг	10
дуудахдаа	10
бодлогот	10
уурхайтай	10
эмоци	10
өвөлжөөнд	10
адамыг	10
гирей	10
хажжи	10
бичигчид	10
хазарын	10
тодмөнх	10
бердибег	10
эдигугийн	10
литваас	10
чэкрэ	10
дервиш	10
күчүк	10
сүрэгтэй	10
сүргээсээ	10
барыг	10
апостолын	10
хэлэгдэж	10
хэвтдэг	10
александрия	10
сүндэрлэх	10
гайхамшигийг	10
шинэчилдэг	10
нээлтэнд	10
түүнийх	10
дөхөмтэй	10
авъяастан	10
блез	10
хуучныг	10
орхисонгүй	10
микрометрийн	10
станцуудыг	10
туулна	10
оддоос	10
зуугаас	10
тэгшитгэлээс	10
алдсаар	10
хөрч	10
бүрхэвчийг	10
оддог	10
байгуулагдахын	10
агрономийн	10
нийцэхүйц	10
харьяалуулсан	10
бүхээг	10
ульяновскийн	10
тоноглож	10
засварууд	10
байцгаана	10
самари	10
бичмэлүүдийн	10
илчлэлт	10
иаков	10
бэхжин	10
өмнөдийг	10
баяжмалыг	10
амсан	10
занга	10
үний	10
сөнөж	10
бнхау-ыг	10
хиам	10
олзлох	10
авагчаар	10
шинжаан-уйгурын	10
булаасан	10
заагладаг	10
хубилайтай	10
нэрж	10
дүүрч	10
эзэмшсэний	10
амбицтай	10
бүсгүйчүүдийг	10
ноогдсон	10
хүлээхэд	10
комендант	10
яргалал	10
хумсны	10
шаврыг	10
доха	10
хэлмэгдүүлэн	10
хамруулжээ	10
читад	10
мэдээлэлгүй	10
хонгилоор	10
заалтад	10
наадмууд	10
афина	10
медальд	10
тайлбарлагчид	10
амжихгүй	10
уншсанаар	10
хорхойтон	10
иргэншлүүд	10
баттөгс	10
золзаяа	10
даваанямын	10
баярцэцэг	10
эрдэнэ-очирын	10
капитрон	10
хэнз	10
вильгелм	10
погийн	10
хэрээний	10
жаргаагүй	10
тархахад	10
санжжавын	10
үнэлүүлж	10
жоржтаун	10
тэргүүнүүдийг	10
шүүмжлэлүүд	10
аль-кайда	10
японоор	10
идэхээс	10
устгахаас	10
шүгэл	10
бүжигчдийн	10
тагийг	10
бүртгэлгүй	10
хаяглагдсан	10
мэдүүлэгт	10
парадигм	10
заантай	10
тавагтай	10
бөгсөн	10
бууцыг	10
өл	10
уухгүй	10
өөхийг	10
шинжих	10
хурууд	10
уугаад	10
унахаар	10
мексиктэй	10
хүргүүлэв	10
саламанка	10
ленни	10
зөвөлгөө	10
графикаар	10
дурьдах	10
удирдагчтай	10
мохийн	10
гпа	10
хомерын	10
ямартаа	10
өгүүлэв	10
индексүүд	10
агуйнууд	10
эпистемологи	10
криминалистик	10
будаагаар	10
эдлэлүүд	10
удирдлагаа	10
мара	10
бохирдож	10
шиллагийн	10
эзлэгдэв	10
жагсаалаар	10
хёньдэ	10
хунам	10
саримс	10
засчээ	10
тонноос	10
сортыг	10
минас	10
зөөлрүүлж	10
тарлан	10
сэдлийг	10
хангагдана	10
тайлбарлая	10
австрийг	10
молотов-риббентропын	10
орнууддаа	10
иво	10
мянгаад	10
цэнэглэгдсэн	10
сүрьеэтэй	10
эмний	10
киназа	10
үйлчилдэггүй	10
репликацийг	10
бэлдмэлүүд	10
хавагнах	10
сувилгаа	10
тохироо	10
хэлцлийг	10
үүсвэрээ	10
бишийн	10
унгартай	10
намуудад	10
бербер	10
династийн	10
берлиоз	10
лайош	10
хөгжөөнтэй	10
карлосын	10
менделсон	10
зовлонт	10
клавесин	10
набукко	10
бизегийн	10
чаддагаараа	10
хазайж	10
фторт	10
цохиурыг	10
оргой	10
угсраа	10
шуудаг	10
хандлагат	10
үгүйсгэхгүй	10
зал	10
батсүрэнгийн	10
дойтын	10
хөлдөлтийн	10
цуварсан	10
хэрмээс	10
чилэн	10
үелэн	10
адгаар	10
урсахдаа	10
чандмань-өлзийт	10
жинс	10
нугалан	10
өлийн	10
дөрвөлжингийн	10
хушны	10
өнгөрөхдөө	10
сунжирч	10
ширгэдэг	10
эмчтэй	10
хөшөөтийн	10
сийлмэл	10
бумандорж	10
төртогтох	10
оргилуудын	10
жимээр	10
баригдахаас	10
голуудаас	10
тоочиж	10
баримтжуулж	10
тушаалуудад	10
феодор	10
номлогчдын	10
сонголтонд	10
эвэртэн	10
ботаник	10
кактус	10
алхими	10
тугалгын	10
индексжүүлсэн	10
сумуудын	10
сайханч	10
статусаар	10
зайсанов	10
метрик	10
гадагшилдаг	10
ванади	10
селени	10
түгээхийг	10
изотопийн	10
пино	10
янзлах	10
циркийг	10
эсэргүүний	10
луначарскийн	10
мандахын	10
зардас	10
шогч	10
тайлагдашгүй	10
шашнууд	10
арайхийн	10
импрессионист	10
батлаад	10
экзистенциализм	10
үндэслэлүүд	10
шаштир	10
ололгүй	10
боловсруулаад	10
хлорит	10
чичирч	10
газрынхаас	10
нотлохыг	10
вүүд	10
магм	10
туйлууд	10
узбекистантай	10
индийн	10
балх	10
арабаас	10
хорасаны	10
сафавын	10
нүб-ээс	10
бамиан	10
индекст	10
есдүгээрт	10
мэдэлтнүүд	10
бүрдүүлэв	10
уутат	10
динго	10
мэдүүлдэг	10
гайхагддаг	10
хуулиараа	10
бүрээсээ	10
цуурайтсан	10
хүндлэгддэг	10
аэробик	10
драматик	10
шилжихээс	10
брабант	10
худалдаан	10
эцгүүд	10
нью-брансвик	10
чэ	10
найраглалаа	10
өршөөлд	10
завдаж	10
романыхаа	10
ойртсоор	10
барицентр	10
мөргөлдсөн	10
шөнөөс	10
өвөөгийнхөө	10
туужаа	10
хоригдоод	10
нахя	10
таталбар	10
бодлоороо	10
эмээн	10
дээжээс	10
ошанин	10
бүтээлчдээс	10
сэвгүй	10
урлахуйн	10
туурвигч	10
цувралаа	10
нууцат	10
поттерийн	10
баруунтаа	10
зууралдан	10
дагуулсаар	10
бутарчээ	10
ирсэнээс	10
үнэлэгдэн	10
илгээгээд	10
мсүт	10
хуримлав	10
жалам	10
алтнаас	10
айдаггүй	10
хэлсний	10
зараад	10
клавдия	10
оноон	10
манах	10
жаргалгүй	10
заваа	10
дундажтай	10
албатууд	10
боолчлох	10
судлагдахууны	10
вертерийн	10
шаналан	10
нууцаа	10
энхжингийн	10
хилэнцэт	10
бэлчих	10
хоноглох	10
цэгээ	10
нааддаг	10
тоглогчоос	10
хуруугаараа	10
мөхөс	10
хэрэглэгдэхүүнийг	10
дайчны	10
түмнүүдийг	10
бояр	10
эмхэлж	10
удирдагчаа	10
бараатай	10
чулуудыг	10
нүдэж	10
хатаана	10
тагтан	10
гурилаа	10
сүүгээ	10
тариалалтад	10
боловсролт	10
цухуйсан	10
жинхэн	10
клопиралид	10
дурлалыг	10
гэндэндарам	10
биесээ	10
тамд	10
гутранги	10
тэмцлээс	10
хялгасаар	10
байдгаар	10
өнчирсөн	10
адуугаа	10
хорлол	10
унагыг	10
тайвшруулж	10
эмхэтгэлд	10
санагч	10
номуудаа	10
эрика	10
гэрлүүлэхээр	10
дөчөөд	10
мантуа	10
тачаангуй	10
ада	10
алиса	10
гванак	10
баялун	10
ширин	10
төвтөмөр	10
илэрхийлэлтэй	10
цөмүүдийг	10
ионоор	10
сонгинын	10
блокуудад	10
түвэд	10
ацаг	10
нийлэмжийн	10
булцуутай	10
нитрит	10
бокситын	10
нэгдлүүдээс	10
лимнологи	10
хуриманд	10
маягыг	10
салбаруудаар	10
жоконда	10
өлгөөтэй	10
үгүйсгэв	10
байснаасаа	10
антигона	10
хаяна	10
тэмдэглээ	10
холбохыг	10
хуудаснууд	10
захианд	10
админуудад	10
мэхлэлт	10
өгүүлбэрээр	10
суултын	10
үзэгдэлийн	10
сохроор	10
халахыг	10
тэмцэхийг	10
худалдаалахыг	10
мэдрүүлж	10
яриатай	10
плутарх	10
элэглэсэн	10
зурагчид	10
харрисоны	10
барсболдын	10
хувьсгалууд	10
обручев	10
ихэсчээ	10
европчуудад	10
угшил	10
амгай	10
малтсан	10
дуань	10
ляодуны	10
байгуулагдсанаа	10
танилц	10
удаашрах	10
ярихгүй	10
давалгаан	10
ажлынх	10
процедурын	10
хаалтаар	10
буффер	10
гиббс	10
ороомгийн	10
цэнэгүүд	10
цэнэгүүдийн	10
тэрхэн	10
арванд	10
шилтгээний	10
баригдав	10
кавказаас	10
чеченьчүүд	10
антарктидад	10
ширван	10
сэргэв	10
сувдны	10
язгууртнуудыг	10
нэгтгэгдэж	10
армениар	10
өргөөшөө	10
катманду	10
төвөд-бирм	10
момо	10
үргэлжилбэл	10
колката	10
давагдашгүй	10
дэмжигдэж	10
миеэгомбо	10
шри-ланка	10
тогоотой	10
зээлүүд	10
зохицуулалтаар	10
чадамжгүй	10
байлгасан	10
огцруулан	10
эрээний	10
гарцаар	10
лаптевын	10
суриков	10
үнэгүйгээр	10
элдэж	10
хэрчсэн	10
тутрага	10
харилцаагүй	10
миссуригийн	10
талархалыг	10
кимберли	10
жэйд	10
клейр	10
хөнөөхийг	10
радионы	10
зарагджээ	10
папа	10
чартуудын	10
гвен	10
ортиз	10
гуревич	10
цагалбар	10
хоа	10
тю	10
юэ	10
автжээ	10
дык	10
экспортлодог	10
гори	10
орхигдож	10
онгоцнуудад	10
үүсвэрүүдийн	10
шавкат	10
газрынхан	10
каримов	10
архиваас	10
булшин	10
нерчинск	10
төгсөлгүй	10
клинтоныг	10
замуудаар	10
чогчин	10
уимблдоны	10
нейманы	10
цагаадсан	10
дизайнтай	10
нисгэсэн	10
сайрам	10
омбо	10
товчлуурууд	10
авхуулаад	10
даблин	10
сонсогчиддоо	10
үйлдвэрлэхээ	10
чагатай	10
хэсэн	10
суралцагчийн	10
хорооллыг	10
цэвдэгтэй	10
констракшн	10
магваны	10
оролцуулалгүйгээр	10
цэвлээ	10
самбалхүндэв	10
чойжингийн	10
эрдэнэхуяг	10
бэлээс	10
бүсдээ	10
маналжав	10
гавъяатай	10
мишиг	10
жавзандулам	10
дэвшихээс	10
гэрээсэлсэн	10
хүрэхдээ	10
трансцендент	10
хариулахдаа	10
ойлголтонд	10
фридрихийн	10
эшлэлүүд	10
уулбаян	10
очирсүх	10
пиньинь	10
нууруудад	10
юмдүүжин	10
саа-д	10
тусламжид	10
эрдэнэсийг	10
галтын	10
бужгар	10
эргэл	10
ириди	10
рени	10
цези	10
твен	10
флоридад	10
лодойхүү	10
адх	10
ширгэх	10
малталт	10
нанжидын	10
дуранд	10
зэгсний	10
тооройн	10
дэлийн	10
ман-д	10
диаметрийн	10
эзэлснээс	10
онцлов	10
өргөжилт	10
ажилч	10
булганин	10
скорцени	10
давав	10
өмдний	10
марлен	10
дарааллууд	10
хөрвүүлэлтийг	10
хэлхээнүүд	10
эукариотуудад	10
полимеразын	10
хамтлагуудтай	10
нэгнийгээ	10
билет	10
консоль	10
хэрэгжсэнээр	10
шүршигч	10
кпа	10
алсдаа	10
байгаагаасаа	10
нөхдөөсөө	10
хөрөнгөний	10
бэсүдийн	10
омбо-эрдэнэ	10
бабу	10
бетоныг	10
үржвэрийн	10
банн	10
хүчээс	10
хирсний	10
угшилтай	10
тохиролцоог	10
бор-өндөрийн	10
насанжаргал	10
цээлийн	10
үүрлэх	10
нуруугүйтэн	10
идээшин	10
овоон	10
цэдэвсүрэн	10
хөсгөөр	10
үйлчлэгчээр	10
суль	10
журмууд	10
микронез	10
эвангелийн	10
төрүүлсний	10
давсуудыг	10
тооцогдон	10
интервалд	10
хурдатгалын	10
хангаад	10
чойбалсангаас	10
додийн	10
ванн	10
даатгалд	10
шугуйтай	10
гурванбаян	10
авсантай	10
эдирне	10
плаза	10
хүчинтэйд	10
хөлсөлсөн	10
оманд	10
залгав	10
гваделуп	10
сент-китс	10
реюньон	10
гвиней-биссау	10
буцалдаг	10
нүүрстэй	10
алхимич	10
дарлинг	10
төрүүлэхийн	10
дамаскийг	10
иранаас	10
говь-сүмбэр	10
энергээр	10
чагдаржавыг	10
дэмчиг	10
дамбадаржаагийн	10
уухайлан	10
нүүдлээр	10
худгийг	10
хашин	10
содномдоржийн	10
улиастайгаас	10
цөхүр	10
ойгон	10
шинжгүй	10
бүхэндээ	10
товцог	10
хэрэгсэлийг	10
настнууд	10
лангуу	10
банзан	10
сарвууны	10
бясаа	10
нээгдэнэ	10
судсууд	10
тархинаас	10
хувиралттай	10
хавчигдаж	10
түлхэгдэн	10
булчирхайтай	10
цээжиндээ	10
шүүрэн	10
зогсолтын	10
өвчилдөг	10
ерөөлийн	10
хэлүүдийн	10
мөнхлөн	10
овогтноос	10
карпов	10
хойшлогдсон	10
найтаах	10
агааржуулах	10
ивээс	10
хөдөлгөхөд	10
халтай	10
тоолон	10
суганы	10
байгуулъя	10
оюунгэрэлийн	10
харгиа	10
болдогоороо	10
пунсалдулам	10
сонирхохоор	10
мориндоо	10
мижиддоржийн	10
маллагааны	10
биесийг	10
хэмжигдэхүүнээр	10
зөгнөсөн	10
инвариант	10
хэмжигдэхүүнүүд	10
чанаржуулагч	10
хайлшууд	10
аустенитын	10
нүхнээс	10
австралазийн	10
шулуунтай	10
монголжсон	10
лигүүд	10
аба	10
оффисууд	10
сэлтикс	10
севентисиксерс	10
хөөрдөг	10
фи	10
дансранбилэгийн	10
батбаясгалан	10
нямбаатар	10
очсоноор	10
тусаад	10
зөвтгөж	10
бундестаг	10
бана	10
элбэ	10
заале	10
цөсийг	10
янзлан	10
өөлдүүд	10
болхыг	10
кельвин	10
ажилыг	10
атомуудтай	10
дагаварыг	10
үржихүй	10
засварладаг	10
католикийн	10
лоренцын	10
фэнүүдийн	10
өшиглөх	10
зеландыг	10
мехикод	10
тархитай	10
липпи	10
нийлэгжилтэд	10
пипетик	10
айрагнаас	10
белоруссын	10
довтолгоогоо	10
фашистуудын	10
маршалууд	10
коневын	10
яалт	10
сэтлэх	10
өөрсдийг	10
тооцоолоогүй	10
чемодан	10
нэвтрүүлсний	10
холбогдов	10
харваагаар	10
процесстой	10
баттерей	10
логикоор	10
ромб	10
өөртэйгээ	10
гээчийг	10
битүүдийг	10
советский	10
солигдов	10
гагарины	10
боогдуулж	10
ойшоож	10
компаниар	10
өвчүү	10
улыг	10
цуварч	10
сөгдөн	10
зөрүүлж	10
чацуу	10
зөрүүлэн	10
эхэлбэл	10
будаанд	10
бүслэж	10
сангын	10
нигүүлсэл	10
платформд	10
хэрэгсэлүүд	10
тараз	10
феодализм	10
болгарыг	10
хоёулангаас	10
аллелийг	10
тодотгожээ	10
арад	10
трудов	10
бүрээч	10
бадралт	10
минорын	10
найздаа	10
германчуудтай	10
антант	10
давлаа	10
братиславын	10
эволюц	10
лексингтон	10
ёр	10
наадамтай	10
таньсан	10
макдоналд	10
сметана	10
бүрээчин	10
советского	10
тулалдаануудын	10
ярилцлагууд	10
чуцкаев	10
сэрэмжтэй	10
онцлогоо	10
дорхи	10
хайрлагч	10
цэрэндоржид	10
цэ	10
хаяад	10
хүмүүжүүлэхэд	10
эрхлүүлэх	10
мышкин	10
уршигтай	10
ямархан	10
тагтааг	10
гертруда	10
сонирхдоггүй	10
бичилцэж	10
ачийг	10
удирдуулах	10
суурингуудад	10
төстэйгээр	10
орнуудынхаа	10
цогцлоон	10
тулалдана	10
тактикууд	10
нацизм	10
сириус	10
ойлгов	10
ингушет	10
эксон	10
айлчлалаа	10
зүсэгч	10
болл	10
жалан-аажав	10
думаагийн	10
үүссэнтэй	10
хот-улсууд	10
пармад	10
гален	10
хүчийн	10
томмазо	10
жишээнүүдийн	10
тулгаралтын	10
жамбалсүрэн	10
санжсүрэн	10
хүрэлхүү	10
хорхойтой	10
тэжээгч	10
би-би	10
эйзенхауэрын	10
мяо	10
зүтгэсний	10
хэргэмийн	10
хуврагуудын	10
нэрлэхийн	10
жаягийг	10
эдүүдийн	10
гэмтэхээс	10
хувилбаруудтай	10
гб	10
хоногтойдоо	10
хардуу	10
нисэхдээ	10
форматад	10
латекс	10
фасогийн	10
мадагаскарын	10
амарбаярын	10
цагаачийн	10
сүндэрлэсэн	10
чимэдцэеэ	10
цооногт	10
кларкийн	10
мөөгөнцөрийн	10
синай	10
эмэгтэйчүүдийнх	10
зөөлрүүлсэн	10
нур	10
бололцож	10
угсаанаас	10
муудалцсан	10
хуагчин	10
коломна	10
бохемийг	10
иса	10
захирахын	10
хүүгээс	10
чихрийг	10
стрептококкийн	10
богданов	10
сүлдүсийн	10
тэжээлтний	10
өнгөрөн	10
моодонд	10
үхүүлсэн	10
суматрын	10
альборзын	10
авиценна	10
курдын	10
израилыг	10
израилтай	10
алимыг	10
электроноор	10
гэмтээхгүй	10
зайлуулахад	10
синд	10
иргэнээ	10
сиенкевич	10
константи	10
бородины	10
норв	10
ангилагдсан	10
шилжлээ	10
сириэс	10
паркерийн	10
донец	10
хулганаа	10
удирдлагийн	10
дэвшилтэй	10
эдвардс	10
анимейшн	10
хөхүүлж	10
аргуныг	10
хорлонтой	10
аляскийн	10
дюнан	10
бишкекийн	10
нэртэйгээ	10
аригбөхтэй	10
константинопольд	10
саксофонч	10
ориент	10
өвүүдийн	10
манхаттан	10
шийдэгддэг	10
загасч	10
хомсдож	10
мсдн-ын	10
санчо	10
орлуулалт	10
плэй-оффын	10
хиллийн	10
тоглогчдоор	10
хоншүү	10
зориулагдана	10
дүүсээ	10
сов	10
ашдод	10
тел	10
венето	10
үснээс	10
угаал	10
дэлгэрүүлэхийг	10
оногддог	10
төлөвлөв	10
цалингаа	10
бушхүүгийн	10
апу	10
скаймедиа	10
алтайг	10
римини	10
аашт-ээс	10
коузи	10
валлес	10
аренад	10
гучин-усын	10
лүнгийн	10
интернациональ	10
амралтад	10
самбын	10
дасгалд	10
навигац	10
индикатор	10
лэн	10
шалгаруулалтаас	10
волтер	10
цементэн	10
марихуан	10
жаггер	10
хандалтад	10
кубертэн	10
допинг	10
оксфордод	10
мадридаас	10
ванкуверт	10
брайнт	10
хандмаа	10
аварзэдийг	10
музейнүүдийн	10
степановна	10
баренц	10
острава	10
чөлөөлснөөр	10
угсаатанд	10
бусгаа	10
харьяалагдсан	10
родези	10
синт	10
өвөөгийн	10
анкориж	10
ихэсгэнэ	10
шееле	10
ирийг	10
году	10
