нь	170543	noun	1
ангилал	106362	noun	2
онд	79876	noun	3
оны	61770	noun	4
ба	50802	noun	5
юм	49457	noun	6
монгол	48896	noun	7
байна	41534	noun	8
улсын	41132	noun	9
болон	39448	noun	10
сарын	39326	noun	11
бол	39071	noun	12
байсан	37385	noun	13
их	35518	noun	14
хүн	34561	noun	15
бөгөөд	34193	noun	16
улс	32069	noun	17
энэ	31446	noun	18
газар	29985	noun	19
нэг	29134	noun	20
олон	27129	noun	21
гэж	24859	noun	22
он	23267	noun	23
нд	22646	noun	24
байдаг	22243	noun	25
дахь	22233	noun	26
байх	21207	verb	27
түүний	20538	noun	28
бүх	19798	verb	29
нар	19777	noun	30
тус	19642	noun	31
төрсөн	19611	noun	32
зэрэг	18849	noun	33
нутаг	18405	noun	34
мөн	18385	noun	35
болсон	18384	noun	36
хаан	18236	noun	37
нэр	18182	noun	38
хэл	17717	noun	39
орон	17239	noun	40
дараа	16935	noun	41
эх	16772	noun	42
нас	16581	noun	43
хоёр	16396	noun	44
үед	15399	noun	45
аймгийн	15233	noun	46
байв	15216	noun	47
төв	15198	noun	48
гэх	14804	verb	49
хэсэг	14695	noun	50
болох	14663	verb	51
хот	14572	noun	52
хамгийн	14501	noun	53
гол	14212	noun	54
тэрээр	14205	noun	55
байгаа	13970	noun	56
дээр	13647	noun	57
дэлхийн	13458	noun	58
эрх	13337	verb	59
буюу	13164	noun	60
сургууль	13124	noun	61
түүх	13108	verb	62
кино	12943	noun	63
өөр	12636	noun	64
зураг	12376	noun	65
гэдэг	12267	noun	66
гэсэн	11979	noun	67
үйл	11856	noun	68
төрийн	11755	noun	69
анхны	11704	noun	70
гэр	11274	noun	71
байжээ	11116	noun	72
засгийн	11006	noun	73
тэд	10971	noun	74
жил	10697	noun	75
холбоос	10592	noun	76
байдал	10489	noun	77
тал	10383	noun	78
ажил	10360	noun	79
удаа	10338	noun	80
хотод	10209	noun	81
цаг	10025	noun	82
албан	9922	noun	83
нийт	9770	noun	84
ажиллагаа	9737	noun	85
тоглогч	9730	noun	86
өдөр	9666	noun	87
бусад	9561	noun	88
дуу	9433	noun	89
сайд	9420	noun	90
анх	9408	verb	91
сан	9353	noun	92
цэргийн	9194	noun	93
оросын	9185	noun	94
дунд	9152	noun	95
уран	9135	noun	96
аварга	9134	noun	97
бага	9117	noun	98
ерөнхий	9046	noun	99
жилийн	9015	noun	100
шинэ	8931	noun	101
бүтээл	8912	noun	102
хүртэл	8886	noun	103
бие	8877	noun	104
өндөр	8813	noun	105
гишүүн	8709	noun	106
ану-ын	8701	noun	107
дээд	8453	noun	108
тэр	8448	noun	109
эсвэл	8421	noun	110
хотын	8368	noun	111
тоо	8310	noun	112
ерөнхийлөгч	8206	noun	113
файл	7911	noun	114
хийх	7843	verb	115
үндэсний	7827	noun	116
үеийн	7801	noun	117
ам	7799	noun	118
амжилт	7783	noun	119
сард	7782	noun	120
систем	7773	noun	121
өмнөд	7691	noun	122
цэрэг	7654	noun	123
үндсэн	7437	noun	124
тул	7425	noun	125
бүр	7420	noun	126
хооронд	7415	noun	127
шагнал	7407	noun	128
эзэн	7378	noun	129
хамгаалах	7332	verb	130
аж	7304	noun	131
тухай	7291	noun	132
хамт	7285	noun	133
орос	7252	noun	134
эдийн	7139	noun	135
хэмжээ	7129	noun	136
баруун	7127	noun	137
бий	7124	noun	138
цахим	7046	noun	139
зууны	7038	noun	140
буй	7025	noun	141
сургуулийн	6985	noun	142
том	6973	noun	143
дайн	6963	noun	144
сум	6952	noun	145
зүйл	6945	noun	146
гадаад	6885	noun	147
авах	6870	verb	148
зарим	6863	noun	149
би	6825	noun	150
ухааны	6813	noun	151
зүүн	6813	noun	152
засаг	6812	noun	153
зам	6800	noun	154
хэд	6782	noun	155
сумын	6780	noun	156
үр	6754	noun	157
хүч	6754	noun	158
төр	6704	noun	159
хэрэг	6701	noun	160
ийн	6689	noun	161
бөх	6675	verb	162
ажиллаж	6671	noun	163
төрөл	6608	noun	164
үг	6580	noun	165
зохион	6550	noun	166
дарга	6533	noun	167
барсан	6515	noun	168
хүмүүс	6490	noun	169
шинжлэх	6468	verb	170
орчин	6434	noun	171
америкийн	6424	noun	172
өөрийн	6417	noun	173
руу	6400	noun	174
гар	6359	noun	175
учир	6277	noun	176
авч	6220	noun	177
германы	6202	noun	178
цол	6202	noun	179
салбар	6194	noun	180
боловч	6190	noun	181
хар	6155	noun	182
бүс	6153	noun	183
дугаар	6057	noun	184
тухайн	6036	noun	185
нэгэн	6036	noun	186
үзэх	6022	verb	187
хан	6013	noun	188
шигшээ	6008	noun	189
болжээ	6007	noun	190
холбоо	5977	noun	191
өмнө	5972	noun	192
сар	5958	noun	193
дор	5958	noun	194
байр	5952	noun	195
маш	5863	noun	196
жүжигчин	5789	noun	197
хувьд	5779	noun	198
сая	5762	noun	199
уг	5693	noun	200
энэхүү	5664	noun	201
бичиг	5626	noun	202
үүний	5619	noun	203
үе	5615	noun	204
хууль	5612	noun	205
орчим	5594	noun	206
арга	5588	noun	207
авсан	5551	noun	208
ардын	5550	noun	209
мэдээлэл	5547	noun	210
олимпын	5508	noun	211
илүү	5498	noun	212
орших	5473	verb	213
хойш	5427	noun	214
багш	5427	noun	215
одон	5417	noun	216
мужийн	5405	noun	217
хүү	5396	noun	218
эсрэг	5394	noun	219
бүгд	5388	noun	220
км	5354	noun	221
эшлэл	5350	noun	222
алтан	5332	noun	223
байгуулагдсан	5329	noun	224
үүрэг	5321	noun	225
харин	5316	noun	226
мэт	5313	noun	227
талаар	5292	noun	228
англи	5289	noun	229
явдал	5285	noun	230
хөгжмийн	5259	noun	231
хошуу	5248	noun	232
хийсэн	5244	noun	233
гурван	5241	noun	234
зохиолч	5238	noun	235
хийж	5202	noun	236
аймаг	5202	noun	237
эхэлсэн	5190	noun	238
сайн	5189	noun	239
эдгээр	5180	noun	240
гаруй	5148	noun	241
ус	5144	noun	242
холбооны	5124	noun	243
францын	5120	noun	244
ирсэн	5107	noun	245
тоглолт	5107	noun	246
цагаан	5089	noun	247
хойд	5070	noun	248
хэдэн	5069	noun	249
харилцаа	5032	noun	250
хэмээх	5019	verb	251
чанар	4951	noun	252
хэмээн	4904	noun	253
зүй	4881	noun	254
шилдэг	4840	noun	255
хувь	4833	noun	256
урт	4831	noun	257
шинж	4811	noun	258
амь	4805	noun	259
хөлбөмбөгийн	4771	noun	260
ном	4768	noun	261
бүлэг	4716	noun	262
ашиглах	4694	verb	263
ургамал	4683	noun	264
хэлбэр	4665	noun	265
шагналтан	4659	noun	266
дэх	4653	verb	267
бус	4646	noun	268
асуудал	4589	noun	269
дүр	4589	noun	270
гүйцэтгэх	4573	verb	271
сэтгүүл	4537	noun	272
нийслэл	4527	noun	273
бүрэн	4507	noun	274
гүн	4488	noun	275
хэрэглэх	4475	verb	276
дайны	4419	noun	277
дотор	4402	noun	278
европын	4394	noun	279
онгоц	4388	noun	280
зху-ын	4381	noun	281
санал	4381	noun	282
оролцогч	4370	noun	283
өргөн	4350	noun	284
муж	4328	noun	285
ухаан	4290	noun	286
тулд	4280	noun	287
хүчин	4259	noun	288
улаан	4244	noun	289
хятад	4221	noun	290
герман	4195	noun	291
цомог	4195	noun	292
байдлаар	4194	noun	293
гадна	4165	noun	294
болгон	4150	noun	295
загвар	4139	noun	296
чухал	4131	noun	297
ван	4126	noun	298
удирдах	4124	verb	299
байгуулсан	4122	noun	300
тодорхой	4118	noun	301
үздэг	4089	noun	302
бүтэц	4088	noun	303
утга	4062	noun	304
ёсны	4048	noun	305
байгуулах	4042	verb	306
хоёрдугаар	4036	noun	307
ард	4014	noun	308
нам	3988	noun	309
төрлийн	3976	noun	310
гарсан	3966	noun	311
боломжтой	3945	noun	312
найрамдах	3941	verb	313
эмэгтэй	3939	noun	314
медаль	3916	noun	315
улаанбаатар	3908	noun	316
билээ	3904	noun	317
ямар	3867	noun	318
байгууллага	3854	noun	319
хүлээн	3833	noun	320
нийгмийн	3826	noun	321
хөлбөмбөгчин	3824	noun	322
зөвхөн	3810	noun	323
дэлхий	3793	noun	324
арал	3785	noun	325
зүйн	3781	noun	326
эцэг	3776	noun	327
хүүхэд	3763	noun	328
дэд	3757	noun	329
талбай	3745	noun	330
зохиол	3741	noun	331
хүчний	3730	noun	332
эртний	3718	noun	333
английн	3709	noun	334
гарч	3701	noun	335
нуур	3692	noun	336
франц	3688	noun	337
сэтгэл	3683	noun	338
холбоотой	3669	noun	339
өнгөрсөн	3652	noun	340
намын	3650	noun	341
далайн	3641	noun	342
нэгдүгээр	3628	noun	343
болгох	3612	verb	344
москва	3609	noun	345
одоо	3602	noun	346
тэргүүн	3584	noun	347
уул	3582	noun	348
ар	3579	noun	349
хурал	3571	noun	350
төмөр	3550	noun	351
цахилгаан	3523	noun	352
үзэл	3522	noun	353
үнэ	3432	noun	354
та	3431	noun	355
үл	3429	noun	356
залуу	3424	noun	357
орж	3423	noun	358
хөдөлгөөн	3402	noun	359
бүл	3400	noun	360
бүрийн	3391	noun	361
хувийн	3373	noun	362
ихэвчлэн	3351	noun	363
хятадын	3348	noun	364
ихэнх	3341	verb	365
зах	3322	verb	366
хуудас	3319	noun	367
хагас	3318	noun	368
хүрээлэн	3276	noun	369
лигийн	3273	noun	370
үсэг	3264	noun	371
баатар	3261	noun	372
ашиг	3257	noun	373
ийм	3227	noun	374
эрдэм	3226	noun	375
соёлын	3224	noun	376
тэмцээн	3221	noun	377
суурин	3220	noun	378
үйлчилгээ	3216	noun	379
урлагийн	3212	noun	380
дагуу	3211	noun	381
намтар	3207	noun	382
мөнгөн	3194	noun	383
наадмын	3182	noun	384
нөлөө	3178	noun	385
үеэр	3172	noun	386
ын	3170	noun	387
нөхцөл	3153	noun	388
дотоод	3151	noun	389
тэмдэг	3131	noun	390
гаргасан	3112	noun	391
овог	3110	noun	392
өгөх	3107	verb	393
хөгжим	3103	noun	394
хатан	3096	noun	395
хугацаанд	3093	noun	396
жижиг	3092	noun	397
ажээ	3089	noun	398
британийн	3084	noun	399
мэдэх	3071	verb	400
зөвлөлтийн	3065	noun	401
тогтоох	3063	verb	402
дөрвөн	3061	noun	403
дүн	3053	noun	404
ирж	3045	noun	405
японы	3038	noun	406
ой	3033	noun	407
ны	3023	noun	408
төлөөлөгч	3012	noun	409
толгой	3001	noun	410
нисэх	3000	verb	411
жишээ	2991	noun	412
америк	2982	noun	413
соёл	2981	noun	414
янз	2976	noun	415
улмаар	2966	noun	416
орсон	2957	noun	417
гаргах	2929	verb	418
онол	2927	noun	419
мянган	2924	noun	420
азийн	2913	noun	421
шашны	2913	noun	422
судалгаа	2910	noun	423
хэмжээний	2905	noun	424
уур	2900	noun	425
томоохон	2899	noun	426
бодис	2899	noun	427
шүүх	2884	verb	428
мэргэжлийн	2873	noun	429
олимпод	2867	noun	430
компани	2860	noun	431
мэдээллийн	2852	noun	432
бичгийн	2837	noun	433
хэвлэл	2833	noun	434
хүртсэн	2832	noun	435
гаралтай	2822	noun	436
хүрээ	2822	noun	437
нуруу	2814	noun	438
аль	2799	noun	439
зуны	2798	noun	440
өөрчлөлт	2796	noun	441
хугацаа	2791	noun	442
байгалийн	2789	noun	443
физик	2788	noun	444
шууд	2782	noun	445
хөтөлбөр	2782	noun	446
дуучин	2772	noun	447
түүхэн	2766	noun	448
ашигладаг	2763	noun	449
анги	2762	noun	450
оюутан	2761	noun	451
ёсоор	2760	noun	452
доктор	2760	noun	453
суурь	2748	noun	454
оршин	2745	noun	455
үйлдвэр	2739	noun	456
хамтлаг	2738	noun	457
усны	2737	noun	458
италийн	2729	noun	459
бас	2727	noun	460
сүм	2727	noun	461
төхөөрөмж	2724	noun	462
харьяат	2715	noun	463
боловсруулах	2706	verb	464
биш	2701	noun	465
одоогийн	2696	noun	466
шашин	2694	noun	467
боловсрол	2688	noun	468
тушаал	2683	noun	469
гавьяат	2670	noun	470
амьдрал	2667	noun	471
ил	2664	noun	472
бүтээгдэхүүн	2661	noun	473
дараах	2660	verb	474
хамтран	2658	noun	475
болов	2656	noun	476
алдарт	2655	noun	477
тусгай	2653	noun	478
сагсан	2646	noun	479
мэдээ	2643	noun	480
явах	2638	verb	481
аюулгүй	2631	noun	482
арслан	2620	noun	483
ийг	2611	noun	484
адил	2611	noun	485
сурвалж	2608	noun	486
сонин	2607	noun	487
япон	2606	noun	488
дээрх	2592	verb	489
дэвсгэр	2586	noun	490
уулын	2577	noun	491
хэрэгсэл	2566	noun	492
сүлжээ	2566	noun	493
төлөө	2562	noun	494
эрэг	2560	noun	495
төсөл	2539	noun	496
профайл	2536	noun	497
ажилласан	2531	noun	498
тодорхойлох	2531	verb	499
аад	2516	noun	500
оролцож	2511	noun	501
үүнд	2508	noun	502
рүү	2499	noun	503
мал	2497	noun	504
солонгосын	2496	noun	505
солонгос	2494	noun	506
барих	2494	verb	507
оролцсон	2493	noun	508
өрх	2491	verb	509
химийн	2487	noun	510
төгссөн	2476	noun	511
баримт	2472	noun	512
өвчин	2464	noun	513
охин	2456	noun	514
агаарын	2455	noun	515
хорооны	2449	noun	516
баяр	2447	noun	517
таван	2446	noun	518
лам	2444	noun	519
нэрлэдэг	2441	noun	520
алдартай	2432	noun	521
ёстой	2431	noun	522
хөх	2429	verb	523
ажиллах	2413	verb	524
оноо	2403	noun	525
ганц	2398	noun	526
бичсэн	2393	noun	527
үүсгэх	2393	verb	528
хангах	2392	verb	529
зүтгэлтэн	2388	noun	530
хий	2385	noun	531
оруулсан	2383	noun	532
урлаг	2383	noun	533
гаргаж	2370	noun	534
гэрэл	2366	noun	535
чадвар	2360	noun	536
байгуулж	2358	noun	537
шар	2353	noun	538
материал	2350	noun	539
хурлын	2349	noun	540
далай	2346	noun	541
зай	2340	noun	542
замын	2329	noun	543
мод	2327	noun	544
өгсөн	2323	noun	545
ахуйн	2316	noun	546
нөөц	2312	noun	547
радио	2298	noun	548
хуучин	2295	noun	549
үзүүлэх	2294	verb	550
судалгааны	2292	noun	551
эрүүл	2292	noun	552
өмнөх	2290	verb	553
найруулагч	2281	noun	554
ноён	2274	noun	555
хадгалах	2271	verb	556
хүрэл	2268	noun	557
ижил	2263	noun	558
үнэн	2263	noun	559
европ	2261	noun	560
гэвч	2259	noun	561
номын	2254	noun	562
умард	2252	noun	563
үү	2246	noun	564
захиргааны	2244	noun	565
ач	2243	noun	566
сүүл	2243	noun	567
хувилбар	2242	noun	568
урсгал	2241	noun	569
боловсролын	2238	noun	570
дамжуулах	2235	verb	571
онцлог	2234	noun	572
хөдөлмөрийн	2229	noun	573
байгаль	2228	noun	574
ойр	2227	noun	575
үндэс	2225	noun	576
удирдлага	2220	noun	577
хороо	2218	noun	578
захирал	2215	noun	579
үүнээс	2213	noun	580
хяналт	2206	noun	581
програм	2204	noun	582
банк	2201	noun	583
эд	2194	noun	584
га	2192	noun	585
дэмжих	2190	verb	586
гурав	2188	noun	587
хэн	2176	noun	588
үүсгэн	2173	noun	589
жин	2166	noun	590
эхлэн	2163	noun	591
цомын	2162	noun	592
эрчим	2160	noun	593
шийдвэр	2154	noun	594
гүрний	2153	noun	595
сүүлийн	2151	noun	596
нууц	2150	noun	597
танхим	2146	noun	598
байрлах	2144	verb	599
зөвлөлийн	2136	noun	600
сайхны	2129	noun	601
хэрэгжүүлэх	2129	verb	602
усан	2111	noun	603
болгосон	2109	noun	604
эс	2106	noun	605
улмаас	2105	noun	606
хөгжил	2100	noun	607
компьютер	2100	noun	608
зуунд	2095	noun	609
үүсэх	2095	verb	610
хэв	2092	noun	611
ирэх	2090	verb	612
бнмау-ын	2087	noun	613
тай	2076	noun	614
жагсаалт	2074	noun	615
шаардлагатай	2071	noun	616
хүрэх	2069	verb	617
орох	2066	verb	618
ашиглан	2060	noun	619
тохиолдолд	2059	noun	620
энд	2057	noun	621
хил	2057	noun	622
худалдаа	2056	noun	623
хувьсгал	2053	noun	624
гарын	2048	noun	625
арми	2034	noun	626
клуб	2034	noun	627
хөгжүүлэх	2032	verb	628
олж	2026	noun	629
ахлах	2023	verb	630
ашиглаж	2022	noun	631
орд	2020	noun	632
товч	2017	noun	633
туслах	2008	verb	634
нэгдэл	2008	noun	635
хожим	2005	noun	636
музей	2005	noun	637
од	2002	noun	638
чөлөөт	2001	noun	639
зуун	2001	noun	640
театр	1994	noun	641
арван	1993	noun	642
үйлдвэрлэх	1993	verb	643
оюун	1992	noun	644
мөрөн	1990	noun	645
зориулсан	1986	noun	646
иргэний	1984	noun	647
тамирчин	1978	noun	648
барилгын	1967	noun	649
хуулийн	1964	noun	650
лавлах	1963	verb	651
испанийн	1961	noun	652
цом	1959	noun	653
байгууллагын	1958	noun	654
болгож	1953	noun	655
даргаар	1949	noun	656
үзүүлэлт	1946	noun	657
эм	1944	noun	658
хэрэв	1943	noun	659
алба	1940	noun	660
нэрэмжит	1938	noun	661
дүрэм	1931	noun	662
түмэн	1930	noun	663
хөрөнгө	1929	noun	664
зохиолын	1928	noun	665
хөгжлийн	1926	noun	666
даваа	1924	noun	667
зэвсэгт	1922	noun	668
хурдан	1921	noun	669
тоглоом	1920	noun	670
өнгө	1919	noun	671
өгч	1916	noun	672
дүгээр	1913	noun	673
инженер	1906	noun	674
элемент	1905	noun	675
тойрог	1904	noun	676
хүсэл	1902	noun	677
начин	1901	noun	678
түүнд	1899	noun	679
барилга	1899	noun	680
хүндэт	1898	noun	681
армийн	1893	noun	682
гуравдугаар	1879	noun	683
жон	1878	noun	684
буу	1878	noun	685
хязгаар	1868	noun	686
байрладаг	1867	noun	687
дүнд	1866	noun	688
гадны	1866	noun	689
үүссэн	1859	noun	690
процесс	1856	noun	691
оруулах	1847	verb	692
нобелийн	1844	noun	693
заан	1844	noun	694
цуврал	1842	noun	695
бурхан	1842	noun	696
судлаач	1841	noun	697
хүрээнд	1840	noun	698
нийгэм	1833	noun	699
зээл	1827	noun	700
бүрэлдэхүүн	1826	noun	701
ойлголт	1824	noun	702
ану	1823	noun	703
цэг	1821	noun	704
оху-ын	1817	noun	705
ажилтан	1817	noun	706
ёс	1816	noun	707
эрдэмтэн	1814	noun	708
явц	1814	noun	709
давхар	1811	noun	710
спортын	1810	noun	711
хэрэгтэй	1807	noun	712
лиг	1806	noun	713
ихээхэн	1804	noun	714
чингис	1800	noun	715
тээврийн	1798	noun	716
польшийн	1796	noun	717
зорилгоор	1793	noun	718
ардчилсан	1791	noun	719
генерал	1774	noun	720
богд	1774	noun	721
ромын	1772	noun	722
бараг	1771	noun	723
олгох	1771	verb	724
чин	1769	noun	725
энгийн	1766	noun	726
түүнчлэн	1762	noun	727
яруу	1762	noun	728
бодлого	1760	noun	729
машин	1757	noun	730
стандарт	1757	noun	731
үеэс	1749	noun	732
жишээлбэл	1739	noun	733
тоглож	1739	noun	734
тэрбээр	1738	noun	735
хоол	1737	noun	736
гал	1736	noun	737
академийн	1735	noun	738
ойн	1734	noun	739
уу	1734	noun	740
манай	1729	noun	741
наадам	1729	noun	742
эмч	1727	noun	743
ах	1726	noun	744
хангамж	1726	noun	745
хүчил	1726	noun	746
дурсгал	1726	noun	747
үйлдвэрийн	1724	noun	748
турш	1724	noun	749
ялалт	1723	noun	750
энэтхэгийн	1717	noun	751
бөмбөг	1717	noun	752
тос	1716	noun	753
мэө	1715	noun	754
зөвлөлт	1714	noun	755
түвшин	1712	noun	756
гоол	1711	noun	757
британи	1708	noun	758
хамтлагийн	1703	noun	759
сургуулийг	1703	noun	760
тэнгисийн	1700	noun	761
ан	1700	noun	762
чулуу	1697	noun	763
холбогдох	1696	verb	764
дээш	1691	noun	765
удирдагч	1690	noun	766
түүнээс	1689	noun	767
шалтгаан	1687	noun	768
бор	1686	noun	769
хатуу	1682	noun	770
хилийн	1679	noun	771
хөдөө	1676	noun	772
хоолой	1676	noun	773
хэм	1675	noun	774
өв	1674	noun	775
хурд	1672	noun	776
техник	1671	noun	777
богино	1670	noun	778
яамны	1670	noun	779
метр	1669	noun	780
шувуу	1667	noun	781
наймдугаар	1666	noun	782
шиг	1665	noun	783
см	1662	noun	784
ахуй	1660	noun	785
үлдсэн	1659	noun	786
шүлэг	1659	noun	787
дэвжээнд	1658	noun	788
иргэн	1650	noun	789
өгөгдөл	1641	noun	790
хэргийн	1632	noun	791
ази	1631	noun	792
дүү	1630	noun	793
польш	1627	noun	794
үйлдэл	1625	noun	795
гишүүд	1621	noun	796
лондон	1620	noun	797
иргэд	1617	noun	798
ял	1609	noun	799
харилцан	1607	noun	800
тэнд	1604	noun	801
амьд	1603	noun	802
сүлжээний	1601	noun	803
түрүү	1600	noun	804
халх	1600	verb	805
сайхан	1599	noun	806
чулуун	1595	noun	807
дипломат	1594	noun	808
тоглодог	1593	noun	809
эр	1592	noun	810
ховд	1591	noun	811
бэлтгэх	1588	verb	812
технологийн	1587	noun	813
хоног	1585	noun	814
агаар	1584	noun	815
сургалт	1584	noun	816
тоглох	1582	verb	817
техникийн	1581	noun	818
хүүхдийн	1581	noun	819
судлал	1581	noun	820
чиглэлээр	1578	noun	821
код	1578	noun	822
өвлийн	1576	noun	823
судлалын	1575	noun	824
байгуулалт	1575	noun	825
элчин	1574	noun	826
зөвлөл	1572	noun	827
байгууллагууд	1570	noun	828
амьсгал	1568	noun	829
профессор	1567	noun	830
шат	1563	noun	831
зорилго	1562	noun	832
эрэгтэй	1561	noun	833
гарах	1561	verb	834
тоглосон	1555	noun	835
академи	1552	noun	836
долоо	1548	noun	837
ялангуяа	1546	noun	838
үйлдвэрлэл	1546	noun	839
аялал	1545	noun	840
нью-йорк	1544	noun	841
юу	1543	noun	842
хувьсгалын	1542	noun	843
хөлөг	1542	noun	844
бөмбөгийн	1541	noun	845
боломж	1532	noun	846
ний	1531	noun	847
гүрэн	1530	noun	848
зураач	1528	noun	849
нэмэлт	1519	noun	850
жүжиг	1517	noun	851
шалгаруулах	1512	verb	852
бодит	1509	noun	853
устгах	1505	verb	854
нэвтрүүлэг	1503	noun	855
коллеж	1501	noun	856
авчээ	1498	noun	857
коммунист	1495	noun	858
наадамд	1490	noun	859
тоглолтонд	1488	noun	860
тэнгис	1488	noun	861
хөшөө	1488	noun	862
явуулж	1487	noun	863
энэтхэг	1487	noun	864
шугам	1486	noun	865
молекул	1486	noun	866
тэмцээнд	1485	noun	867
төлөв	1484	noun	868
тэрбум	1483	noun	869
дан	1482	noun	870
онцгой	1481	noun	871
эрдэс	1481	noun	872
яам	1478	noun	873
жанжин	1477	noun	874
тогтолцоо	1477	noun	875
температур	1476	noun	876
шинжилгээний	1473	noun	877
ур	1468	noun	878
ажилладаг	1466	noun	879
спорт	1465	noun	880
зүйлс	1464	noun	881
оролцох	1462	verb	882
мөнгө	1461	noun	883
эхнэр	1460	noun	884
мэдлэг	1460	noun	885
худалдааны	1458	noun	886
дөрөв	1457	noun	887
метрийн	1451	noun	888
хайр	1451	noun	889
амьдарч	1450	noun	890
даасан	1447	noun	891
татвар	1447	noun	892
тэмдэглэл	1445	noun	893
хаяг	1444	noun	894
сүхбаатар	1443	noun	895
санхүүгийн	1441	noun	896
дулаан	1440	noun	897
мэргэжил	1440	noun	898
хэт	1439	noun	899
хөл	1437	noun	900
бичиж	1436	noun	901
морь	1436	noun	902
ялгаатай	1434	noun	903
замнал	1434	noun	904
хөнгөн	1431	noun	905
доллар	1431	noun	906
хөрс	1428	noun	907
долоодугаар	1425	noun	908
доод	1425	noun	909
итали	1419	noun	910
өртөө	1416	noun	911
шингэн	1411	noun	912
украины	1408	noun	913
мянга	1403	noun	914
хүрч	1400	noun	915
амиа	1398	noun	916
зөвлөх	1396	verb	917
хэлэх	1396	verb	918
хугацааны	1395	noun	919
зарчим	1395	noun	920
кг	1393	noun	921
галт	1392	noun	922
суралцаж	1391	noun	923
байгуулжээ	1390	noun	924
телевизийн	1390	noun	925
тавдугаар	1388	noun	926
даяар	1386	noun	927
байгууламж	1385	noun	928
хос	1382	noun	929
ногоон	1381	noun	930
сүүлд	1380	noun	931
суваг	1380	noun	932
улирал	1379	noun	933
боломжийг	1378	noun	934
эсийн	1376	noun	935
өгөгдлийн	1376	noun	936
орлогч	1376	noun	937
домог	1373	noun	938
бодол	1372	noun	939
ордог	1369	noun	940
дасгалжуулагч	1369	noun	941
буудал	1368	noun	942
барьж	1365	noun	943
түрэг	1364	noun	944
анагаах	1362	verb	945
канадын	1360	noun	946
дугуй	1360	noun	947
шинээр	1354	noun	948
де	1353	noun	949
аас	1352	noun	950
ийнхүү	1348	noun	951
латин	1348	noun	952
хэрэглэдэг	1347	noun	953
бараа	1346	noun	954
хуур	1344	noun	955
сав	1343	noun	956
алдаа	1343	noun	957
эцэст	1342	noun	958
сурах	1340	verb	959
тавих	1338	verb	960
хэрэглэж	1335	noun	961
технологи	1334	noun	962
байрлал	1332	noun	963
өнөөгийн	1331	noun	964
тогтмол	1329	noun	965
австралийн	1327	noun	966
дундаж	1327	noun	967
эргэлт	1326	noun	968
амьдралын	1319	noun	969
мөр	1317	noun	970
хэрхэн	1312	noun	971
утас	1311	noun	972
олимп	1310	noun	973
олгодог	1309	noun	974
санах	1300	verb	975
засах	1300	verb	976
эхэн	1299	noun	977
үзэсгэлэн	1297	noun	978
хариу	1294	noun	979
нөгөө	1293	noun	980
буриад	1291	noun	981
удалгүй	1290	noun	982
зан	1288	noun	983
театрын	1287	noun	984
компанийн	1287	noun	985
хэлбэрээр	1285	noun	986
сонгох	1284	verb	987
ойролцоогоор	1281	noun	988
дөрөвдүгээр	1278	noun	989
тусламж	1278	noun	990
захирагч	1277	noun	991
явсан	1276	noun	992
давж	1275	noun	993
судлах	1273	verb	994
эргэн	1272	noun	995
зөв	1272	noun	996
улиралд	1270	noun	997
александр	1269	noun	998
тайлбар	1269	noun	999
түр	1268	noun	1000
өвөр	1266	noun	1001
гэгээн	1264	noun	1002
морин	1264	noun	1003
алт	1262	noun	1004
бүрэлдэхүүнд	1261	noun	1005
сансрын	1259	noun	1006
урд	1259	noun	1007
булган	1258	noun	1008
да	1256	noun	1009
зүг	1254	noun	1010
хөндий	1254	noun	1011
зайд	1253	noun	1012
зэвсэг	1250	noun	1013
сэдэв	1250	noun	1014
эхэлжээ	1249	noun	1015
элсэн	1249	noun	1016
хүрсэн	1248	noun	1017
чадсан	1247	noun	1018
тэргүүлэх	1247	verb	1019
есдүгээр	1245	noun	1020
тэгш	1245	noun	1021
грек	1244	noun	1022
бүхэл	1244	noun	1023
олох	1244	verb	1024
оруулж	1239	noun	1025
халуун	1238	noun	1026
муу	1238	noun	1027
явцад	1236	noun	1028
сонгодог	1234	noun	1029
суудал	1234	noun	1030
захиргаа	1233	noun	1031
хамаарах	1233	verb	1032
сайжруулах	1230	verb	1033
сургалтын	1229	noun	1034
математик	1229	noun	1035
бүтээх	1228	verb	1036
зургаадугаар	1227	noun	1037
эзлэн	1224	noun	1038
зохиогч	1223	noun	1039
уламжлалт	1222	noun	1040
удирдлагын	1222	noun	1041
боомт	1219	noun	1042
хэрэгцээ	1217	noun	1043
цөмийн	1216	noun	1044
идэвхтэй	1216	noun	1045
тухайлбал	1215	noun	1046
яриа	1215	noun	1047
хэлбэл	1214	noun	1048
мөрний	1214	noun	1049
дархан	1212	noun	1050
зогсоох	1210	verb	1051
амьдардаг	1209	noun	1052
эзлэх	1208	verb	1053
түмний	1205	noun	1054
эрхлэгч	1205	noun	1055
тогтоосон	1204	noun	1056
сэргээх	1204	verb	1057
төстэй	1202	noun	1058
шинжилгээ	1202	noun	1059
дүрс	1200	noun	1060
амьтан	1198	noun	1061
сөрөг	1198	noun	1062
нэмэр	1193	noun	1063
загалмай	1189	noun	1064
энх	1188	verb	1065
үйлдлийн	1187	noun	1066
мах	1184	verb	1067
электрон	1183	noun	1068
улам	1182	noun	1069
чуулган	1182	noun	1070
тогтвортой	1179	noun	1071
сонгогдсон	1177	noun	1072
унших	1177	verb	1073
испани	1176	noun	1074
ертөнц	1176	noun	1075
арьс	1169	noun	1076
ши	1169	noun	1077
ыг	1168	noun	1078
дараалал	1168	noun	1079
үйлдвэрлэлийн	1165	noun	1080
байлдааны	1163	noun	1081
нисгэгч	1163	noun	1082
сити	1161	noun	1083
батлан	1157	noun	1084
төлөвлөгөө	1157	noun	1085
аравдугаар	1154	noun	1086
өгдөг	1153	noun	1087
харьцангуй	1153	noun	1088
хүртэлх	1152	verb	1089
гарал	1152	noun	1090
на	1152	noun	1091
премьер	1146	noun	1092
мандал	1146	noun	1093
хөвсгөл	1145	noun	1094
дэмжлэг	1145	noun	1095
цэцэрлэг	1142	noun	1096
буцаж	1141	noun	1097
загас	1141	noun	1098
довтлогч	1140	noun	1099
механик	1137	noun	1100
эрдэнэ	1136	noun	1101
нэмэгдүүлэх	1135	verb	1102
эзэлж	1128	noun	1103
түгээмэл	1127	noun	1104
гэмт	1123	noun	1105
орно	1120	noun	1106
явуулах	1118	verb	1107
журам	1118	noun	1108
өгүүлэл	1117	noun	1109
гавьяаны	1115	noun	1110
үнэлгээ	1115	noun	1111
төлбөр	1115	noun	1112
зүгт	1111	noun	1113
үндэстний	1109	noun	1114
нэрлэж	1109	noun	1115
өөрсдийн	1107	noun	1116
чиглэл	1107	noun	1117
барил	1106	noun	1118
цөөн	1105	noun	1119
хөдөлгүүр	1103	noun	1120
жинхэнэ	1099	noun	1121
төгөлдөр	1097	noun	1122
тав	1097	noun	1123
аливаа	1093	noun	1124
тулалдаан	1093	noun	1125
шийдвэрлэх	1088	verb	1126
зэрэгцээ	1087	noun	1127
суух	1085	verb	1128
тэнхим	1084	noun	1129
алдар	1081	noun	1130
грекийн	1080	noun	1131
биологийн	1076	noun	1132
хийн	1076	noun	1133
хянах	1076	verb	1134
хувцас	1075	noun	1135
зохицуулах	1075	verb	1136
байнгын	1073	noun	1137
долоон	1072	noun	1138
ховор	1069	noun	1139
бизнесийн	1068	noun	1140
тиймээс	1068	noun	1141
нба-гийн	1068	noun	1142
еврей	1068	noun	1143
явж	1067	noun	1144
тийм	1067	noun	1145
хувийг	1066	noun	1146
уламжлал	1066	noun	1147
бүтэн	1064	noun	1148
парламентын	1062	noun	1149
африк	1061	noun	1150
зорилготой	1060	noun	1151
тавьсан	1060	noun	1152
ноёд	1059	noun	1153
социалист	1057	noun	1154
өсөлт	1056	noun	1155
шаардлага	1054	noun	1156
нислэг	1053	noun	1157
найрагч	1052	noun	1158
өвөрмөц	1049	noun	1159
давуу	1049	noun	1160
хүнсний	1048	noun	1161
мэргэн	1047	noun	1162
худалдан	1046	noun	1163
боломжгүй	1046	noun	1164
тэмцэл	1045	noun	1165
төдийгүй	1044	noun	1166
толь	1044	noun	1167
хүйтэн	1044	noun	1168
даралт	1044	noun	1169
өнөөдөр	1042	noun	1170
сууж	1041	noun	1171
аргаар	1041	noun	1172
австрали	1040	noun	1173
үндэстэн	1038	noun	1174
мэндийн	1036	noun	1175
удам	1036	noun	1176
африкийн	1035	noun	1177
минут	1035	noun	1178
уугуул	1034	noun	1179
хөрсний	1033	noun	1180
тохиолдол	1033	noun	1181
орой	1032	noun	1182
мөнх	1030	verb	1183
яс	1030	noun	1184
хол	1028	noun	1185
зээлийн	1025	noun	1186
баялаг	1024	noun	1187
бичих	1022	verb	1188
цус	1022	noun	1189
үүсэл	1022	noun	1190
сонгуульд	1021	noun	1191
эрт	1018	noun	1192
амьдрах	1018	verb	1193
парис	1018	noun	1194
хур	1018	noun	1195
хэвээр	1017	noun	1196
чөлөөлөх	1016	verb	1197
булан	1015	noun	1198
хуурай	1011	noun	1199
өөрчлөх	1011	verb	1200
хамгаалалт	1008	noun	1201
ахмад	1007	noun	1202
чадал	1007	noun	1203
тайван	1006	noun	1204
дагуул	1006	noun	1205
урьд	1005	noun	1206
компаниуд	1003	noun	1207
нэрлэх	1002	verb	1208
түвшинд	1001	noun	1209
халхын	1001	noun	1210
цэцэг	999	noun	1211
алс	999	noun	1212
эхлэв	997	noun	1213
агуулсан	995	noun	1214
яг	994	noun	1215
шведийн	994	noun	1216
тод	994	noun	1217
супер	993	noun	1218
вэ	993	noun	1219
төгсөгч	993	noun	1220
роман	993	noun	1221
найман	992	noun	1222
үзэгдэл	992	noun	1223
өргөө	992	noun	1224
дашт-д	990	noun	1225
үзүүлсэн	990	noun	1226
протокол	986	noun	1227
сурч	985	noun	1228
ану-д	985	noun	1229
суурилсан	984	noun	1230
өнгөтэй	984	noun	1231
тэмээ	983	noun	1232
тэнгэр	982	noun	1233
завхан	981	noun	1234
хорих	981	verb	1235
бизнес	980	noun	1236
ариун	978	noun	1237
хичээл	976	noun	1238
станц	976	noun	1239
шинэчлэл	976	noun	1240
нүб-ын	975	noun	1241
намар	975	noun	1242
асар	974	noun	1243
ээж	974	noun	1244
сайт	974	noun	1245
хэрэглэгчийн	973	noun	1246
тойргийн	972	noun	1247
хоногийн	972	noun	1248
мэргэжлээр	972	noun	1249
украин	972	noun	1250
араб	971	noun	1251
ингэснээр	970	noun	1252
архангай	969	noun	1253
түрүүлсэн	969	noun	1254
аюул	969	noun	1255
миний	968	noun	1256
итгэл	968	noun	1257
эхлэх	966	verb	1258
чиг	965	noun	1259
үүсгэдэг	964	noun	1260
хувиар	964	noun	1261
жорж	963	noun	1262
командлагч	963	noun	1263
дүүрэг	963	noun	1264
эрс	962	noun	1265
бөмбөгчин	961	noun	1266
программ	960	noun	1267
цогцолбор	960	noun	1268
хиймэл	958	noun	1269
нийтлэг	958	noun	1270
сэргийлэх	957	verb	1271
жүжгийн	955	noun	1272
хэвлэх	953	verb	1273
арванхоёрдугаар	951	noun	1274
хөгжиж	951	noun	1275
арваннэгдүгээр	950	noun	1276
шалгах	949	verb	1277
увс	946	noun	1278
цаашид	944	noun	1279
тэрэг	944	noun	1280
илрүүлэх	943	verb	1281
ойролцоо	942	noun	1282
барьсан	941	noun	1283
тэй	940	noun	1284
гадаргуу	940	noun	1285
элссэн	939	noun	1286
тэмцэх	939	verb	1287
зху	938	noun	1288
нидерландын	938	noun	1289
шавь	936	noun	1290
хавар	934	noun	1291
дамжуулан	933	noun	1292
цэвэр	927	noun	1293
эхлэл	927	noun	1294
аян	925	noun	1295
бэлтгэл	925	noun	1296
ангийн	924	noun	1297
сүүлчийн	923	noun	1298
чадвартай	923	noun	1299
ордны	923	noun	1300
нээлт	923	noun	1301
хунтайж	921	noun	1302
нээлттэй	919	noun	1303
төгсгөл	918	noun	1304
дивиз	918	noun	1305
хэлэлцээр	917	noun	1306
австрийн	916	noun	1307
ла	916	noun	1308
ойлгох	916	verb	1309
урьдчилан	915	noun	1310
аав	915	noun	1311
сүү	913	noun	1312
тодорхойлсон	911	noun	1313
уб	906	noun	1314
тун	903	noun	1315
бээжин	900	noun	1316
өдгөө	899	noun	1317
бослого	898	noun	1318
нийтлэл	898	noun	1319
судлаачид	895	noun	1320
автомашины	895	noun	1321
харах	894	verb	1322
хамтарсан	893	noun	1323
нөхөн	892	noun	1324
металл	891	noun	1325
түрүүлж	889	noun	1326
юнайтед	889	noun	1327
ирээд	888	noun	1328
нэлээд	888	noun	1329
буддын	887	noun	1330
хүснэгт	886	noun	1331
бодох	886	verb	1332
тархсан	883	noun	1333
зарласан	882	noun	1334
төрх	881	verb	1335
чаддаг	880	noun	1336
зардал	879	noun	1337
манж	878	noun	1338
улирлын	875	noun	1339
тодорхойлолт	875	noun	1340
иргэдийн	874	noun	1341
оргил	874	noun	1342
үүсвэр	873	noun	1343
илэрхийлэх	873	verb	1344
доор	872	noun	1345
сонгуулийн	871	noun	1346
уралдааны	870	noun	1347
өнцөг	870	noun	1348
чадаагүй	867	noun	1349
сонгууль	866	noun	1350
үйлдвэрлэгч	866	noun	1351
гийн	865	noun	1352
томьёо	865	noun	1353
сервер	863	noun	1354
нийгэмлэг	862	noun	1355
тавьж	861	noun	1356
бүртгэл	860	noun	1357
хохирол	859	noun	1358
парламент	859	noun	1359
тайлан	856	noun	1360
мужид	855	noun	1361
найз	855	noun	1362
телевиз	855	noun	1363
байшин	854	noun	1364
манжийн	853	noun	1365
харцага	853	noun	1366
төгс	853	noun	1367
гарган	851	noun	1368
минь	849	noun	1369
байршил	849	noun	1370
зун	845	noun	1371
эцсийн	844	noun	1372
хойг	844	noun	1373
нэмж	843	noun	1374
явуулдаг	842	noun	1375
тогтсон	842	noun	1376
бичлэг	842	noun	1377
харагдах	841	verb	1378
үргэлжилсэн	840	noun	1379
байнга	838	noun	1380
тагнуулын	837	noun	1381
тив	837	noun	1382
канад	836	noun	1383
дуурийн	835	noun	1384
асан	834	noun	1385
хүлээж	832	noun	1386
цааш	832	noun	1387
хаалга	832	noun	1388
дамжин	831	noun	1389
агуулдаг	830	noun	1390
хүртэж	829	noun	1391
эрсдэл	829	noun	1392
даргын	828	noun	1393
карл	827	noun	1394
мэнд	827	noun	1395
байгуулагдаж	826	noun	1396
вирус	826	noun	1397
үгүй	825	noun	1398
суралцах	825	verb	1399
уулс	825	noun	1400
хандах	824	verb	1401
агуулга	823	noun	1402
бууруулах	820	verb	1403
математикийн	819	noun	1404
хоорондох	819	verb	1405
бодлогын	817	noun	1406
уих-ын	817	noun	1407
олсон	817	noun	1408
тойрон	816	noun	1409
гээд	813	noun	1410
тариа	813	noun	1411
чөлөө	812	noun	1412
хөдөлмөр	811	noun	1413
давсан	810	noun	1414
говь-алтай	809	noun	1415
барилдааны	809	noun	1416
мастер	808	noun	1417
мөсөн	808	noun	1418
нүүж	808	noun	1419
өрөө	807	noun	1420
анхаарал	806	noun	1421
тосны	805	noun	1422
өвөрхангай	805	noun	1423
харьцаа	803	noun	1424
элбэг	799	noun	1425
уурхай	799	noun	1426
дүүргийн	798	noun	1427
үзүүр	798	noun	1428
очиж	794	noun	1429
нэрлэсэн	794	noun	1430
цацраг	794	noun	1431
унгарын	793	noun	1432
нээсэн	793	noun	1433
оржээ	792	noun	1434
нэмэх	792	verb	1435
пап	790	noun	1436
урвал	790	noun	1437
хүчирхэг	789	noun	1438
сургах	789	verb	1439
довтолгоо	787	noun	1440
сэлэнгэ	785	noun	1441
олгосон	785	noun	1442
хутагт	785	noun	1443
үзүүлж	784	noun	1444
фон	784	noun	1445
нүүр	783	noun	1446
эзэлсэн	781	noun	1447
баталсан	780	noun	1448
элч	779	noun	1449
түлхүүр	779	noun	1450
ээс	777	noun	1451
талаарх	776	verb	1452
авалт	773	noun	1453
үүсдэг	772	noun	1454
ширхэг	772	noun	1455
дэмжиж	771	noun	1456
алтайн	770	noun	1457
томъёо	770	noun	1458
хэр	770	noun	1459
нягт	769	noun	1460
турк	769	noun	1461
шатанд	768	noun	1462
үндэслэгч	768	noun	1463
алдсан	767	noun	1464
багц	767	noun	1465
баян	766	noun	1466
автомашин	766	noun	1467
гараг	766	noun	1468
бөмбөрцөг	764	noun	1469
дуурь	763	noun	1470
орлого	763	noun	1471
агентлаг	763	noun	1472
хөрөнгийн	762	noun	1473
татан	761	noun	1474
нийгэмлэгийн	761	noun	1475
гоцлол	761	noun	1476
заасан	760	noun	1477
халдвар	760	noun	1478
манчестер	759	noun	1479
сурагч	759	noun	1480
харьяа	757	noun	1481
дамжуулалт	756	noun	1482
хэрэглэгч	756	noun	1483
органик	755	noun	1484
тэжээл	755	noun	1485
цорын	754	noun	1486
гитар	752	noun	1487
далбаа	752	noun	1488
байвал	751	noun	1489
владимир	751	noun	1490
ордон	751	noun	1491
интернэт	749	noun	1492
зөвшөөрөл	749	noun	1493
эгшиг	748	noun	1494
харуулсан	744	noun	1495
вашингтон	744	noun	1496
функц	744	noun	1497
гарчээ	743	noun	1498
долларын	743	noun	1499
хурц	743	noun	1500
далан	743	noun	1501
чадахгүй	742	noun	1502
николай	741	noun	1503
цэнхэр	741	noun	1504
туркийн	740	noun	1505
нээж	740	noun	1506
ингээд	739	noun	1507
эхэлж	739	noun	1508
онц	738	noun	1509
сул	736	noun	1510
таних	736	verb	1511
мөргөлдөөн	734	noun	1512
байгуулав	733	noun	1513
нэрлэгддэг	733	noun	1514
гүүр	733	noun	1515
үхэр	732	noun	1516
өнгөөр	732	noun	1517
маяг	731	noun	1518
түвшний	729	noun	1519
мэдэлд	729	noun	1520
номхон	727	noun	1521
туршлага	726	noun	1522
философи	726	noun	1523
салхи	726	noun	1524
холболт	726	noun	1525
тулалдаанд	725	noun	1526
христийн	724	noun	1527
унгар	724	noun	1528
ид	724	noun	1529
уурхайн	722	noun	1530
уулзалт	722	noun	1531
цөм	721	noun	1532
норвегийн	720	noun	1533
сонирхол	720	noun	1534
уян	719	noun	1535
бай	719	noun	1536
холбогдолтой	718	noun	1537
исламын	718	noun	1538
халимаг	718	noun	1539
хонь	718	noun	1540
эзэлдэг	717	noun	1541
тосгон	717	noun	1542
зар	715	noun	1543
хүртжээ	714	noun	1544
угсаатан	714	noun	1545
суулгах	714	verb	1546
хо	714	noun	1547
буруу	713	noun	1548
төгсөөд	712	noun	1549
зэвсгийн	711	noun	1550
атомын	711	noun	1551
соронзон	711	noun	1552
хүссэн	710	noun	1553
хана	710	noun	1554
нэвтрүүлэх	710	verb	1555
нэршил	709	noun	1556
гүйгч	708	noun	1557
уралдаан	708	noun	1558
судар	708	noun	1559
тээвэр	707	noun	1560
ёслол	706	noun	1561
шилжүүлэх	706	verb	1562
цэнгэлдэх	705	verb	1563
тарих	705	verb	1564
туршид	703	noun	1565
формула	702	noun	1566
тийш	702	noun	1567
ширээнд	701	noun	1568
зөвшөөрсөн	701	noun	1569
өвөг	700	noun	1570
роберт	700	noun	1571
татах	700	verb	1572
дохио	699	noun	1573
хэзээ	698	noun	1574
үүр	698	noun	1575
хошой	696	noun	1576
үндэслэн	695	noun	1577
зайн	695	noun	1578
цайз	695	noun	1579
хээрийн	694	noun	1580
ром	694	noun	1581
бразил	694	noun	1582
нэрлэгдэх	693	verb	1583
төлөөх	692	verb	1584
хүрэн	692	noun	1585
махн-ын	692	noun	1586
энерги	692	noun	1587
хавтгай	692	noun	1588
холбогдсон	691	noun	1589
факультет	691	noun	1590
зориг	691	noun	1591
зориулж	690	noun	1592
хэлтсийн	690	noun	1593
зурсан	690	noun	1594
гавьяа	690	noun	1595
жимс	690	noun	1596
мэдэгдэж	690	noun	1597
вьетнам	689	noun	1598
тугийн	688	noun	1599
медальтан	688	noun	1600
казах	688	verb	1601
засаглал	688	noun	1602
сургуулиа	687	noun	1603
швед	686	noun	1604
атом	686	noun	1605
найм	686	noun	1606
компьютерийн	685	noun	1607
үлгэр	685	noun	1608
тооцоо	685	noun	1609
хямрал	685	noun	1610
зохиосон	683	noun	1611
тооллын	681	noun	1612
офицер	681	noun	1613
хүргэсэн	679	noun	1614
нэн	677	noun	1615
алтай	676	noun	1616
продюсер	676	noun	1617
статистик	675	noun	1618
хуулийг	673	noun	1619
сонгон	672	noun	1620
марк	671	noun	1621
амар	671	noun	1622
үржил	670	noun	1623
явуулсан	669	noun	1624
суусан	669	noun	1625
суугаа	669	noun	1626
ер	669	noun	1627
иргэншил	669	noun	1628
бууж	668	noun	1629
тохиромжтой	667	noun	1630
гүйлтийн	667	noun	1631
сэцэн	667	noun	1632
тор	666	noun	1633
тасралтгүй	665	noun	1634
тоног	665	noun	1635
тооцогддог	665	noun	1636
дэргэд	665	noun	1637
хааж	665	noun	1638
цохилт	665	noun	1639
сонирхолтой	664	noun	1640
зориулан	664	noun	1641
тусламжтайгаар	664	noun	1642
сэргээн	663	noun	1643
агуулах	663	verb	1644
хувьцаа	662	noun	1645
израилын	661	noun	1646
хүнс	661	noun	1647
мадрид	660	noun	1648
дүрслэх	659	verb	1649
хандлага	659	noun	1650
найрал	658	noun	1651
тонн	658	noun	1652
шилжих	658	verb	1653
гадас	656	noun	1654
үлдэж	656	noun	1655
тэргүүтэй	656	noun	1656
дуртай	656	noun	1657
ли	656	noun	1658
талбар	656	noun	1659
дэргэдэх	655	verb	1660
иран	654	noun	1661
адуу	654	noun	1662
хийц	654	noun	1663
онцлох	653	verb	1664
гаргажээ	653	noun	1665
нөхөр	653	noun	1666
сонголт	653	noun	1667
дэглэм	653	noun	1668
хялбар	652	noun	1669
дууссан	652	noun	1670
ая	650	noun	1671
говь	649	noun	1672
жагсаал	649	noun	1673
захидал	649	noun	1674
хүннү	649	noun	1675
хад	649	noun	1676
малчин	648	noun	1677
тодорхойлдог	648	noun	1678
объект	648	noun	1679
шатны	646	noun	1680
дөрвөлжин	645	noun	1681
вьетнамын	644	noun	1682
этгээд	644	noun	1683
сургуулиуд	644	noun	1684
тэнгэрийн	643	noun	1685
нохой	643	noun	1686
эрин	642	noun	1687
ардчилал	642	noun	1688
үзвэл	641	noun	1689
харьцуулахад	641	noun	1690
шим	640	noun	1691
бразилын	639	noun	1692
хэвлэгдсэн	637	noun	1693
нэмэгдэж	637	noun	1694
инженерчлэл	637	noun	1695
шотландын	636	noun	1696
гарц	636	noun	1697
османы	635	noun	1698
маршал	633	noun	1699
аялгуу	633	noun	1700
томилогдсон	632	noun	1701
бэлэн	630	noun	1702
туяа	630	noun	1703
цуглуулах	630	verb	1704
хийд	629	noun	1705
вэб	629	noun	1706
төрөлх	629	verb	1707
навч	629	noun	1708
мм	628	noun	1709
юань	627	noun	1710
казахстан	627	noun	1711
хаах	627	verb	1712
дайсны	626	noun	1713
хамгаалалтын	625	noun	1714
эхлүүлсэн	625	noun	1715
зүрх	625	verb	1716
жеймс	623	noun	1717
ширээ	622	noun	1718
голчлон	621	noun	1719
тогтнолын	621	noun	1720
мэдэл	620	noun	1721
эзэмшил	620	noun	1722
зарлигаар	619	noun	1723
зааж	619	noun	1724
сансар	619	noun	1725
заах	619	verb	1726
магадгүй	618	noun	1727
хүргэж	618	noun	1728
урианхай	618	noun	1729
католик	617	noun	1730
орчуулагч	617	noun	1731
цэнэг	616	noun	1732
арабын	615	noun	1733
язгууртан	615	noun	1734
ердийн	614	noun	1735
тариалан	614	noun	1736
алхам	612	noun	1737
аваргуудын	611	noun	1738
нүүрс	611	noun	1739
хамааран	610	noun	1740
татаж	610	noun	1741
баянхонгор	610	noun	1742
алдаршсан	609	noun	1743
саад	609	noun	1744
ххк	608	noun	1745
дашт-ий	608	noun	1746
концерт	608	noun	1747
шөнө	607	noun	1748
оролцоо	607	noun	1749
үүднээс	606	noun	1750
эмчилгээ	606	noun	1751
шалгалт	606	noun	1752
багтаж	605	noun	1753
өссөн	605	noun	1754
километр	605	noun	1755
ирээдүйн	604	noun	1756
ээд	604	noun	1757
бут	604	noun	1758
тэмдэглэсэн	604	noun	1759
иван	603	noun	1760
эв	603	noun	1761
хөгжимчин	602	noun	1762
шалгарсан	602	noun	1763
чимэг	601	noun	1764
масс	600	noun	1765
баталгаа	600	noun	1766
байлгах	600	verb	1767
дизайн	599	noun	1768
дундуур	598	noun	1769
өвөл	598	noun	1770
халдлага	597	noun	1771
эерэг	596	noun	1772
хүргэх	596	verb	1773
ингэж	595	noun	1774
бельгийн	595	noun	1775
практик	595	noun	1776
сонсох	595	verb	1777
хуваагддаг	594	noun	1778
алга	593	noun	1779
зурвас	593	noun	1780
бөө	593	noun	1781
тутмын	592	noun	1782
шударга	591	noun	1783
бнхау-ын	591	noun	1784
чиглэсэн	590	noun	1785
атлантын	590	noun	1786
драмын	589	noun	1787
модон	588	noun	1788
эмнэлгийн	588	noun	1789
явган	588	noun	1790
дурдсан	588	noun	1791
гудамж	588	noun	1792
холбогдол	586	noun	1793
дайсан	586	noun	1794
хурандаа	583	noun	1795
хэцүү	583	noun	1796
михаил	583	noun	1797
рок	583	noun	1798
тивийн	582	noun	1799
харьцаагаар	582	noun	1800
мэндэлсэн	582	noun	1801
израил	582	noun	1802
шалтгаалан	581	noun	1803
туршилт	581	noun	1804
гайхалтай	579	noun	1805
групп	579	noun	1806
тогтоол	579	noun	1807
авто	578	noun	1808
хэмжих	578	verb	1809
агуу	576	noun	1810
дарах	576	verb	1811
заавал	575	noun	1812
гэвэл	575	noun	1813
чан	575	noun	1814
зөвшөөрөх	575	verb	1815
зуур	575	noun	1816
доторх	574	verb	1817
ярьдаг	574	noun	1818
баржээ	573	noun	1819
холбох	573	verb	1820
самбар	573	noun	1821
доорх	572	verb	1822
видео	572	noun	1823
дүгнэлт	572	noun	1824
есөн	571	noun	1825
бүрхүүл	570	noun	1826
хорт	569	noun	1827
калифорни	569	noun	1828
сүүлээр	568	noun	1829
зэс	568	noun	1830
өрсөлдөгч	568	noun	1831
хэлтэс	568	noun	1832
үс	568	noun	1833
боть	567	noun	1834
маргаан	567	noun	1835
ажиллуулах	567	verb	1836
үнэлэх	566	verb	1837
оролцдог	565	noun	1838
гоо	564	noun	1839
фронт	564	noun	1840
хөндлөн	563	noun	1841
алгоритм	563	noun	1842
удирдан	562	noun	1843
дараалан	562	noun	1844
хангалттай	562	noun	1845
аар	562	noun	1846
уураг	562	noun	1847
өөрчилж	562	noun	1848
захирах	562	verb	1849
дайралт	561	noun	1850
өнгийн	560	noun	1851
тооцох	560	verb	1852
тогтоолоор	559	noun	1853
судалж	559	noun	1854
мартин	559	noun	1855
исэл	559	noun	1856
болгожээ	558	noun	1857
сургуулиудын	557	noun	1858
вэбсайт	557	noun	1859
мин	557	noun	1860
хавтан	557	noun	1861
тэнцэх	557	verb	1862
өөд	556	noun	1863
зөвшөөрч	556	noun	1864
википедиа	556	noun	1865
султан	555	noun	1866
нээх	555	verb	1867
түшээт	554	noun	1868
чойбалсан	554	noun	1869
төгрөг	554	noun	1870
судалдаг	553	noun	1871
мэргэжилтэн	553	noun	1872
доош	553	noun	1873
дуусах	553	verb	1874
илэрхийлдэг	551	noun	1875
хамааралтай	551	noun	1876
илтгэх	551	verb	1877
нээгдсэн	550	noun	1878
очсон	550	noun	1879
эрхлэх	550	verb	1880
тува	550	noun	1881
харилцах	550	verb	1882
сибирийн	549	noun	1883
шах	549	verb	1884
ертөнцийн	548	noun	1885
өндөрлөг	548	noun	1886
парисын	547	noun	1887
чехийн	546	noun	1888
чех	546	verb	1889
суртал	546	noun	1890
угсаатны	545	noun	1891
туршилтын	544	noun	1892
зохиогдсон	544	noun	1893
гэтэл	544	noun	1894
холимог	544	noun	1895
рашаан	544	noun	1896
стратегийн	543	noun	1897
аялан	543	noun	1898
танк	543	noun	1899
берлин	543	noun	1900
цаас	543	noun	1901
цусны	541	noun	1902
санхүү	541	noun	1903
философийн	540	noun	1904
бодлогыг	540	noun	1905
дижитал	540	noun	1906
дундговь	540	noun	1907
долгионы	540	noun	1908
чөлөөний	539	noun	1909
дийлэнх	539	verb	1910
тархалт	539	noun	1911
барилдаан	539	noun	1912
голдуу	538	noun	1913
ердөө	538	noun	1914
уефа	538	noun	1915
карт	538	noun	1916
бааз	538	noun	1917
ирландын	537	noun	1918
аваргын	536	noun	1919
бакалаврын	536	noun	1920
ухаалаг	536	noun	1921
үргэлж	536	noun	1922
зориулалттай	535	noun	1923
дээгүүр	535	noun	1924
австри	535	noun	1925
элс	535	noun	1926
өнөө	534	noun	1927
эвлэлийн	533	noun	1928
нэгтгэх	533	verb	1929
байлдан	532	noun	1930
уралдаанд	532	noun	1931
өмнөговь	532	noun	1932
тойм	532	noun	1933
эсэргүүцэл	531	noun	1934
очих	530	verb	1935
төсвийн	529	noun	1936
мексикийн	529	noun	1937
шил	529	noun	1938
дутагдал	528	noun	1939
магистрын	527	noun	1940
олдсон	527	noun	1941
ээр	527	noun	1942
цогц	527	noun	1943
тохируулах	527	verb	1944
чадах	526	verb	1945
аргентин	526	noun	1946
тамир	526	noun	1947
атлетик	526	noun	1948
ай	526	noun	1949
арилжааны	524	noun	1950
зөөлөн	523	noun	1951
перс	523	noun	1952
тэмдэглэгээ	522	noun	1953
наас	521	noun	1954
евро	521	noun	1955
төлөх	521	verb	1956
хими	520	noun	1957
эмгэг	520	noun	1958
шүтлэг	520	noun	1959
давс	520	noun	1960
эмнэлэг	519	noun	1961
онлайн	518	noun	1962
эзэмших	517	verb	1963
талст	516	noun	1964
хөвгүүн	514	noun	1965
шоу	514	noun	1966
баримтлал	514	noun	1967
тогтох	514	verb	1968
арав	514	noun	1969
хуваах	514	verb	1970
үйлчлэл	514	noun	1971
мэдрэлийн	513	noun	1972
сергей	513	noun	1973
гэгдэх	513	verb	1974
багтана	512	noun	1975
хөлбөмбөгч	512	noun	1976
хүдэр	512	noun	1977
тайлбарлах	512	verb	1978
асуулт	512	noun	1979
шатрын	511	noun	1980
томас	511	noun	1981
элсэж	511	noun	1982
ноос	511	noun	1983
дээ	511	noun	1984
хөрш	510	noun	1985
египет	510	noun	1986
айл	510	noun	1987
хор	509	noun	1988
төлөвлөлт	508	noun	1989
суугчид	508	noun	1990
түүнтэй	507	noun	1991
төсөв	507	noun	1992
ууган	506	noun	1993
өөрчилсөн	506	noun	1994
хүмүүжүүлэх	506	verb	1995
даалгавар	506	noun	1996
мэс	505	noun	1997
редактор	505	noun	1998
байгуулагджээ	504	noun	1999
сербийн	504	noun	2000
барселона	504	noun	2001
засвар	504	noun	2002
түргэн	502	noun	2003
танин	501	noun	2004
нэрлэгдсэн	501	noun	2005
болгар	501	noun	2006
институт	501	noun	2007
аваад	500	noun	2008
хамарсан	500	noun	2009
захирч	500	noun	2010
шилжин	500	noun	2011
болгарын	500	noun	2012
бүрдэх	500	verb	2013
сингл	499	noun	2014
менежмент	498	noun	2015
ген	498	noun	2016
эгч	497	noun	2017
мэ	497	noun	2018
алаг	497	noun	2019
өгүүллэг	497	noun	2020
нэгтгэсэн	496	noun	2021
жан	496	noun	2022
тусгаарлах	496	verb	2023
зарлав	495	noun	2024
тогтносон	495	noun	2025
тэс	495	noun	2026
бэлэг	495	noun	2027
чулуулаг	495	noun	2028
байгуулагдав	494	noun	2029
дэлгүүр	494	noun	2030
су	494	noun	2031
саарал	493	noun	2032
хуваарь	493	noun	2033
автомат	493	noun	2034
дэлгэц	493	noun	2035
финландын	492	noun	2036
чи	492	noun	2037
румын	492	noun	2038
хээ	492	noun	2039
шийдэл	491	noun	2040
давтамж	491	noun	2041
дагаж	490	noun	2042
харуулж	490	noun	2043
чөлөөтэй	490	noun	2044
сонгогдож	490	noun	2045
иш	490	noun	2046
чиглэлд	488	noun	2047
дэвшсэн	488	noun	2048
үлдэгдэл	488	noun	2049
кампус	488	noun	2050
найдвартай	487	noun	2051
гэрлэж	487	noun	2052
осол	487	noun	2053
дэлгэцийн	486	noun	2054
чарльз	486	noun	2055
аз	486	noun	2056
олонх	486	verb	2057
цас	486	noun	2058
байгуулан	485	noun	2059
ялгах	485	verb	2060
хязгаарлах	485	verb	2061
ургадаг	484	noun	2062
хубилай	484	noun	2063
логик	484	noun	2064
хэрэм	484	noun	2065
жүдогийн	483	noun	2066
реал	483	noun	2067
өргөгдсөн	483	noun	2068
угсаа	483	noun	2069
нүх	483	verb	2070
хаа	483	noun	2071
дэвшил	483	noun	2072
дэг	482	noun	2073
хавдар	482	noun	2074
бүрдүүлдэг	481	noun	2075
ирэв	481	noun	2076
алджээ	481	noun	2077
давхарга	481	noun	2078
унасан	481	noun	2079
португалын	480	noun	2080
цалин	480	noun	2081
тооцоолох	480	verb	2082
төвөгтэй	479	noun	2083
ойролцоох	479	verb	2084
нөлөөлж	479	noun	2085
хичээлийн	478	noun	2086
тунадас	478	noun	2087
бирж	478	noun	2088
өөрийнхөө	477	noun	2089
дуулсан	477	noun	2090
илтгэл	477	noun	2091
нэгдэж	476	noun	2092
милан	476	noun	2093
тамга	476	noun	2094
механизм	476	noun	2095
анхдугаар	475	noun	2096
хамаарна	475	noun	2097
зүгээс	475	noun	2098
орхон	475	noun	2099
шилжиж	475	noun	2100
засал	475	noun	2101
нацист	475	noun	2102
оху	474	noun	2103
оскарын	474	noun	2104
шаарддаг	474	noun	2105
нөлөөлөх	474	verb	2106
хамаарч	473	noun	2107
өнөөг	473	noun	2108
идэр	473	noun	2109
эрхүү	473	noun	2110
чикаго	473	noun	2111
комисс	473	noun	2112
зорилт	472	noun	2113
бэхжүүлэх	472	verb	2114
өмнөөс	471	noun	2115
багасгах	471	verb	2116
пол	470	noun	2117
гэмтэл	470	noun	2118
ди	470	noun	2119
бүрдэнэ	469	noun	2120
ираны	469	noun	2121
магистр	469	noun	2122
опел	469	noun	2123
пакистан	469	noun	2124
хамаарал	469	noun	2125
оруулалт	468	noun	2126
булш	468	noun	2127
барах	468	verb	2128
тэмдэглэх	467	verb	2129
ярих	467	verb	2130
хэвлүүлсэн	465	noun	2131
баян-өлгий	465	noun	2132
тэрхүү	464	noun	2133
майкл	464	noun	2134
хаад	464	noun	2135
харри	464	noun	2136
түлш	464	noun	2137
угсааны	463	noun	2138
хуулиар	463	noun	2139
зочид	463	noun	2140
гуай	463	noun	2141
нөлөөлсөн	462	noun	2142
тэнцүү	462	noun	2143
нөлөөлдөг	462	noun	2144
өөх	462	verb	2145
эсэх	462	verb	2146
зөрчилдөөн	462	noun	2147
батлах	462	verb	2148
буга	462	noun	2149
бэлгийн	461	noun	2150
киргиз	461	noun	2151
хаалгач	461	noun	2152
баригчид	461	noun	2153
муис-ийн	460	noun	2154
гэрлэсэн	460	noun	2155
график	460	noun	2156
токио	460	noun	2157
худал	459	noun	2158
дүүрэгт	458	noun	2159
ажиллажээ	458	noun	2160
сэдвээр	458	noun	2161
казахстаны	457	noun	2162
авав	457	noun	2163
даруй	457	noun	2164
солилцоо	457	noun	2165
григорийн	456	noun	2166
хээр	456	noun	2167
ян	456	noun	2168
дамдинсүрэн	456	noun	2169
дон	456	noun	2170
нөлөөлөл	456	noun	2171
хүргэдэг	455	noun	2172
санкт-петербург	455	noun	2173
сөүл	455	noun	2174
ялж	454	noun	2175
дурын	454	noun	2176
гүрж	454	noun	2177
дүрслэл	454	noun	2178
аюултай	453	noun	2179
дайчин	453	noun	2180
дуустал	452	noun	2181
цөл	452	noun	2182
арай	451	noun	2183
чуулга	451	noun	2184
эвсэл	451	noun	2185
жаргал	451	noun	2186
говийн	450	noun	2187
ким	450	noun	2188
шалгарч	449	noun	2189
зайлшгүй	449	noun	2190
бичлэгийн	449	noun	2191
ричард	449	noun	2192
овоо	449	noun	2193
борлуулалт	449	noun	2194
суралцсан	448	noun	2195
хасагдах	448	verb	2196
генийн	447	noun	2197
утасгүй	447	noun	2198
ярилцлага	447	noun	2199
путин	447	noun	2200
зориулагдсан	446	noun	2201
маань	446	noun	2202
уильям	446	noun	2203
өвс	446	noun	2204
өндөг	446	noun	2205
худалдаж	445	noun	2206
зэрлэг	445	noun	2207
үнэлж	445	noun	2208
ялгаа	444	noun	2209
чиглэлийн	444	noun	2210
утгыг	444	noun	2211
аргентины	444	noun	2212
гүржийн	444	noun	2213
нилээд	444	noun	2214
хэлэлцээ	444	noun	2215
симфони	443	noun	2216
египетийн	443	noun	2217
урагш	443	noun	2218
салаа	443	noun	2219
үндэслэл	443	noun	2220
тэргүүлж	442	noun	2221
халимагийн	442	noun	2222
цар	442	noun	2223
ягаан	441	noun	2224
ёслолын	441	noun	2225
зеландын	441	noun	2226
менежер	441	noun	2227
тэгшитгэл	441	noun	2228
төрөх	441	verb	2229
алдаж	440	noun	2230
сталин	440	noun	2231
нийлүүлэх	440	verb	2232
зүүнгарын	439	noun	2233
үргэлжлүүлэн	439	noun	2234
ангиуд	439	noun	2235
батлагдсан	438	noun	2236
пакет	438	noun	2237
харъяат	437	noun	2238
татар	437	noun	2239
харуулах	437	verb	2240
зүүлт	436	noun	2241
дэвид	435	noun	2242
эцэс	435	noun	2243
сурган	434	noun	2244
парк	434	noun	2245
төвлөрсөн	433	noun	2246
баримтат	433	noun	2247
швейцарын	433	noun	2248
дэвшиж	433	noun	2249
таамаглал	433	noun	2250
ирээдүй	433	noun	2251
нэгтгэн	432	noun	2252
тохиолддог	432	noun	2253
зарлиг	432	noun	2254
сүрэг	432	noun	2255
газарзүйн	431	noun	2256
нацагдорж	431	noun	2257
азербайжан	430	noun	2258
харгалзан	429	noun	2259
сонгосон	429	noun	2260
ялгарах	429	verb	2261
оновчтой	428	noun	2262
дорноговь	428	noun	2263
магадлал	428	noun	2264
үүдэлтэй	427	noun	2265
археологийн	427	noun	2266
компанийг	427	noun	2267
төрөгсөд	427	noun	2268
тариалангийн	426	noun	2269
авчирсан	426	noun	2270
фронтын	426	noun	2271
заншил	426	noun	2272
өр	426	noun	2273
бичил	425	noun	2274
хайрхан	425	noun	2275
нидерланд	425	noun	2276
мотор	425	noun	2277
чадна	424	noun	2278
тэгээд	424	noun	2279
хөвүүн	424	noun	2280
өрсөлдөх	424	verb	2281
тогоо	424	noun	2282
даян	423	noun	2283
нийлбэр	423	noun	2284
хүлээх	423	verb	2285
хангал	423	noun	2286
албыг	422	noun	2287
шуа-ийн	422	noun	2288
интернет	422	noun	2289
зөрчил	421	noun	2290
огт	420	noun	2291
нэгтгэж	420	noun	2292
тунгалаг	420	noun	2293
санкт-петербургийн	419	noun	2294
хувааж	419	noun	2295
тогтнолоо	419	noun	2296
си	419	noun	2297
киев	419	noun	2298
үхэл	419	noun	2299
зүрхний	418	noun	2300
оролдлого	418	noun	2301
ялагдсан	418	noun	2302
баавгай	418	noun	2303
дагавар	418	noun	2304
хашиж	417	noun	2305
поп	417	noun	2306
шилжсэн	417	noun	2307
бүжиг	417	noun	2308
хог	417	noun	2309
булаг	417	noun	2310
бар	417	noun	2311
хортой	416	noun	2312
дэслэгч	416	noun	2313
зху-д	416	noun	2314
шоронд	416	noun	2315
дуудлага	416	noun	2316
оролт	416	noun	2317
эсэхийг	415	noun	2318
зохицох	415	verb	2319
засварлах	415	verb	2320
зохицуулалт	415	noun	2321
дур	415	noun	2322
тэргүүлэгч	414	noun	2323
эзэмшиж	414	noun	2324
долгион	414	noun	2325
борис	413	noun	2326
нүүрстөрөгчийн	413	noun	2327
нээлтээ	413	noun	2328
бүрдүүлж	413	noun	2329
квант	413	noun	2330
биологи	413	noun	2331
язгуур	413	noun	2332
тогтоожээ	412	noun	2333
тэсвэртэй	412	noun	2334
фермент	412	noun	2335
мэдлийг	411	noun	2336
порт	411	noun	2337
тэргүүлэгчдийн	410	noun	2338
хит	410	noun	2339
өлзийт	410	noun	2340
үйлчлэх	410	verb	2341
хийл	410	noun	2342
билэг	410	noun	2343
уншиж	409	noun	2344
босоо	409	noun	2345
нэмэгдсэн	409	noun	2346
тусам	409	noun	2347
эрхэм	408	noun	2348
нүүрсний	407	noun	2349
хязгаарлагдмал	407	noun	2350
нью	407	noun	2351
чинь	407	noun	2352
бөөрний	407	noun	2353
эзэмшсэн	407	noun	2354
дүрсэлсэн	406	noun	2355
хамрах	406	verb	2356
штабын	405	noun	2357
дэлгэрэнгүй	405	noun	2358
боловсруулалт	405	noun	2359
дээшлүүлэх	405	verb	2360
алдах	405	verb	2361
гавъяат	404	noun	2362
болзошгүй	404	noun	2363
боржигин	404	noun	2364
нэвтрүүлсэн	404	noun	2365
архитектур	404	noun	2366
тээвэрлэх	404	verb	2367
жуулчлалын	403	noun	2368
чадалтай	403	noun	2369
хариуцсан	403	noun	2370
лениний	403	noun	2371
зохих	403	verb	2372
зузаан	403	noun	2373
биелүүлэх	403	verb	2374
даа	402	noun	2375
шийдэх	402	verb	2376
хувиргах	402	verb	2377
хөрөг	401	noun	2378
гариг	401	noun	2379
баталж	400	noun	2380
томилогдон	400	noun	2381
уруу	400	noun	2382
хамаг	400	noun	2383
яваа	399	noun	2384
өмч	399	noun	2385
бал	399	noun	2386
бодож	398	noun	2387
бололтой	398	noun	2388
даван	398	noun	2389
ашиглалтад	398	noun	2390
инээдмийн	398	noun	2391
ливерпүүл	398	noun	2392
текст	398	noun	2393
өсч	398	noun	2394
хайх	398	verb	2395
өөрчлөн	397	noun	2396
дөнгөж	397	noun	2397
ажилчин	397	noun	2398
хөгжих	397	verb	2399
даан	396	noun	2400
диск	396	noun	2401
суудаг	395	noun	2402
эхэлдэг	395	noun	2403
зангилаа	395	noun	2404
менежментийн	394	noun	2405
эрүүгийн	394	noun	2406
автономит	394	noun	2407
чоно	394	noun	2408
өгүүлсэн	394	noun	2409
төгсгөлд	393	noun	2410
жүдо	393	noun	2411
зөвлөгөө	393	noun	2412
мембран	393	noun	2413
хамба	392	noun	2414
тархины	392	noun	2415
барагсад	392	noun	2416
зуу	392	noun	2417
өрсөлдөөн	392	noun	2418
технологийг	391	noun	2419
химич	391	noun	2420
авьяас	391	noun	2421
түгээх	391	verb	2422
улсынхаа	390	noun	2423
шөнийн	390	noun	2424
үнэхээр	390	noun	2425
шүү	390	noun	2426
ор	390	noun	2427
сайтай	389	noun	2428
унаж	389	noun	2429
яаж	388	noun	2430
гр	388	noun	2431
ион	388	noun	2432
ядуу	387	noun	2433
мюнхен	387	noun	2434
авиа	387	noun	2435
ачаа	386	noun	2436
дурсамж	386	noun	2437
сөнөөгч	385	noun	2438
армийг	385	noun	2439
шүүмжлэгч	385	noun	2440
зөвшөөрөгдсөн	384	noun	2441
адилхан	384	noun	2442
бүртгэгдсэн	384	noun	2443
нэвтрэх	384	verb	2444
бүлэглэл	384	noun	2445
ширүүн	383	noun	2446
бостон	383	noun	2447
бүрдүүлэх	383	verb	2448
хүчирхийлэл	383	noun	2449
эрхэлсэн	382	noun	2450
тулгуур	382	noun	2451
мэндэлжээ	381	noun	2452
холбон	381	noun	2453
фунт	381	noun	2454
цуглуулга	381	noun	2455
баримал	381	noun	2456
санхүүжилт	381	noun	2457
хуваарилах	381	verb	2458
бүтээн	380	noun	2459
бяцхан	379	noun	2460
комиссын	379	noun	2461
аялагч	379	noun	2462
түшмэл	379	noun	2463
туг	379	noun	2464
дэлгэр	379	noun	2465
тоолол	379	noun	2466
хэлэлцэх	379	verb	2467
шилжүүлэн	378	noun	2468
серби	378	noun	2469
дэвшигч	378	noun	2470
олимпиад	378	noun	2471
зонхилох	378	verb	2472
тулалдаж	377	noun	2473
заяа	377	noun	2474
хаадын	376	noun	2475
аажмаар	376	noun	2476
англиар	376	noun	2477
тоглогчид	376	noun	2478
оруулжээ	376	noun	2479
район	376	noun	2480
хаалт	376	noun	2481
мөрдөх	376	verb	2482
тамгын	375	noun	2483
англ	375	noun	2484
конгресс	375	noun	2485
сурталчилгаа	375	noun	2486
баталгаажуулах	375	verb	2487
цэвэрлэх	375	verb	2488
туйл	375	noun	2489
жирийн	374	noun	2490
цай	374	noun	2491
гутал	374	noun	2492
илгээх	374	verb	2493
төлөөлөл	374	noun	2494
солих	374	verb	2495
яагаад	373	noun	2496
үзүүрлэсэн	373	noun	2497
суурьшсан	373	noun	2498
шилэн	373	noun	2499
динамик	373	noun	2500
чухам	373	noun	2501
ургах	373	verb	2502
сургаал	373	noun	2503
сэргэн	372	noun	2504
татгалзсан	372	noun	2505
багтах	372	verb	2506
челси	372	noun	2507
лос-анжелес	372	noun	2508
тэжээлийн	371	noun	2509
энергийн	371	noun	2510
галдан	371	noun	2511
эмчилгээний	370	noun	2512
долдугаар	370	noun	2513
эл	370	noun	2514
зааг	370	noun	2515
дээдэс	370	noun	2516
тамхи	369	noun	2517
хэллэг	369	noun	2518
хүзүү	369	noun	2519
хошин	368	noun	2520
цайвар	368	noun	2521
харагддаг	368	noun	2522
виктор	368	noun	2523
геологи	368	noun	2524
афганистан	368	noun	2525
студи	368	noun	2526
эдлэл	368	noun	2527
мэдрэмж	368	noun	2528
организм	368	noun	2529
магадлалтай	367	noun	2530
эргэж	367	noun	2531
чаджээ	367	noun	2532
калифорнийн	367	noun	2533
тутамд	367	noun	2534
залгамжлагч	367	noun	2535
айраг	367	noun	2536
блок	367	noun	2537
сүнс	367	noun	2538
ачаалал	367	noun	2539
луи	366	noun	2540
аугаа	366	noun	2541
либерал	366	noun	2542
насан	366	noun	2543
оскар	366	noun	2544
дарж	366	noun	2545
хүүхэлдэйн	365	noun	2546
хүлээсэн	365	noun	2547
үлдэх	365	verb	2548
уусмал	365	noun	2549
өсөх	364	verb	2550
зоос	364	noun	2551
секунд	364	noun	2552
нөхөд	364	noun	2553
засаглалын	363	noun	2554
маягийн	363	noun	2555
балгас	363	noun	2556
шавар	363	noun	2557
вест	362	noun	2558
явжээ	361	noun	2559
урьдчилсан	361	noun	2560
уулзаж	361	noun	2561
төгсөж	361	noun	2562
энхтайвны	361	noun	2563
боол	361	noun	2564
далавч	361	noun	2565
тулгуурлан	360	noun	2566
шулуун	360	noun	2567
ногоо	360	noun	2568
тэг	360	noun	2569
бо	360	noun	2570
гахай	359	noun	2571
шугаман	358	noun	2572
зодог	358	noun	2573
бакалавр	358	noun	2574
персийн	357	noun	2575
тэмдэглэдэг	355	noun	2576
тайзны	355	noun	2577
гитарчин	355	noun	2578
хатагтай	355	noun	2579
португал	355	noun	2580
ундаа	355	noun	2581
хамар	355	noun	2582
томилсон	354	noun	2583
намайг	354	noun	2584
хүлэг	354	noun	2585
эргэх	354	verb	2586
бнхау	353	noun	2587
солилцооны	353	noun	2588
еашт-д	353	noun	2589
явагдаж	352	noun	2590
нэгдмэл	351	noun	2591
амархан	351	noun	2592
төлөөлөн	351	noun	2593
луу	351	noun	2594
зеланд	351	noun	2595
курс	351	noun	2596
тохиолдох	351	verb	2597
зарлаж	350	noun	2598
холбосон	350	noun	2599
дашт	350	noun	2600
жолооч	350	noun	2601
солилцох	350	verb	2602
буцах	350	verb	2603
хиллэдэг	349	noun	2604
шилжүүлсэн	349	noun	2605
амбан	349	noun	2606
арсенал	349	noun	2607
ямаа	349	noun	2608
шан	349	noun	2609
али	349	noun	2610
шинэчлэх	349	verb	2611
команд	349	noun	2612
байсаар	348	noun	2613
дэлгэрүүлэх	348	verb	2614
оос	347	noun	2615
атлетикийн	347	noun	2616
туйлын	347	noun	2617
биеэ	347	noun	2618
боломжит	347	noun	2619
наран	347	noun	2620
өөрчлөгдөж	347	noun	2621
хэргэм	347	noun	2622
хүмүүнлэгийн	346	noun	2623
тууж	346	noun	2624
жо	346	noun	2625
өгүүлэх	346	verb	2626
айлын	345	noun	2627
төдий	345	noun	2628
төлөвлөж	345	noun	2629
хөдлөх	345	verb	2630
мари	345	noun	2631
утгаар	344	noun	2632
хамаагүй	344	noun	2633
ярьж	344	noun	2634
румыны	344	noun	2635
метро	344	noun	2636
нийлж	344	noun	2637
нил	344	noun	2638
бэрх	344	verb	2639
довтлох	344	verb	2640
цуваа	344	noun	2641
салхины	343	noun	2642
шадар	343	noun	2643
ирак	343	noun	2644
до	343	noun	2645
хүндэтгэлийн	342	noun	2646
өсвөр	342	noun	2647
будаа	342	noun	2648
архи	342	noun	2649
уулархаг	341	noun	2650
тогтнож	341	noun	2651
хх	341	noun	2652
тангараг	341	noun	2653
найрлага	341	noun	2654
шавж	341	noun	2655
чийг	341	noun	2656
олборлох	341	verb	2657
холбоотон	340	noun	2658
жүдоч	340	noun	2659
дуулж	340	noun	2660
хун	340	noun	2661
гардуулах	340	verb	2662
эзэмшдэг	339	noun	2663
айлчлал	339	noun	2664
хаягдал	339	noun	2665
хөхтөн	338	noun	2666
найрамдлын	338	noun	2667
армени	338	noun	2668
цамхаг	338	noun	2669
тохирох	338	verb	2670
хэрэглэгдэж	337	noun	2671
вена	337	noun	2672
арилгах	337	verb	2673
эгэл	336	noun	2674
гүнзгий	336	noun	2675
оролдсон	336	noun	2676
хаана	336	noun	2677
зөвшөөрдөг	336	noun	2678
шүүмжлэл	336	noun	2679
зориулалтаар	335	noun	2680
ойлгож	335	noun	2681
эмнэлэгт	335	noun	2682
сэрүүн	335	noun	2683
дани	335	noun	2684
гэрчилгээ	335	noun	2685
малгай	335	noun	2686
дуулал	335	noun	2687
гүйдэл	335	noun	2688
уналт	335	noun	2689
амьдралынхаа	333	noun	2690
хойно	333	noun	2691
метроны	333	noun	2692
ялагдал	333	noun	2693
өлгий	333	noun	2694
мэдрэгч	333	noun	2695
хадны	332	noun	2696
нэвтэрч	331	noun	2697
литва	331	noun	2698
чимээ	331	noun	2699
хоёулаа	330	noun	2700
мөрдөн	329	noun	2701
өмчийн	329	noun	2702
найруулсан	329	noun	2703
еврогоор	329	noun	2704
тагнуул	329	noun	2705
эрэлт	329	noun	2706
ма	329	noun	2707
гурвалжин	328	noun	2708
илэрхийлж	327	noun	2709
днх	327	verb	2710
хийв	327	noun	2711
ул	327	noun	2712
манлай	327	noun	2713
хуруу	327	noun	2714
мэдлийн	326	noun	2715
юрий	326	noun	2716
нэгдэх	326	verb	2717
нум	326	noun	2718
урсах	326	verb	2719
могой	326	noun	2720
задрал	326	noun	2721
процессор	326	noun	2722
хүчит	325	noun	2723
өсвөрийн	325	noun	2724
заслын	325	noun	2725
медалийн	325	noun	2726
далд	325	noun	2727
тайш	325	noun	2728
мексик	325	noun	2729
камер	325	noun	2730
голлох	325	verb	2731
суув	325	noun	2732
наполеон	325	noun	2733
ястан	324	noun	2734
азербайжаны	324	noun	2735
элдэв	324	noun	2736
удирдуулсан	323	noun	2737
хөтлөгч	323	noun	2738
батмөнх	323	verb	2739
адал	322	noun	2740
танкийн	322	noun	2741
эрхтэн	322	noun	2742
тархи	322	noun	2743
хөдлөлт	322	noun	2744
сонгогдон	321	noun	2745
хойт	321	noun	2746
бизнесмен	321	noun	2747
пуужин	321	noun	2748
архитектор	321	noun	2749
тохиргоо	321	noun	2750
зэрэгцэн	320	noun	2751
таалал	320	noun	2752
амгалан	320	noun	2753
шилжилт	320	noun	2754
хэвлэгдэж	320	noun	2755
сингапур	320	noun	2756
тогтнох	320	verb	2757
алдагдал	320	noun	2758
нэмэгдэх	320	verb	2759
үүдэн	319	noun	2760
ангилдаг	319	noun	2761
харуулдаг	319	noun	2762
хоосон	319	noun	2763
маргаантай	319	noun	2764
чехословак	319	noun	2765
дарс	319	noun	2766
зэрэглэл	319	noun	2767
төрөлхтний	318	noun	2768
лалын	318	noun	2769
дах	318	verb	2770
үзэн	318	noun	2771
берлиний	318	noun	2772
ургац	318	noun	2773
экологийн	317	noun	2774
нэгдэн	317	noun	2775
шороон	317	noun	2776
эстони	317	noun	2777
мэдэгдэх	317	verb	2778
дэвшүүлсэн	316	noun	2779
оролцжээ	316	noun	2780
санамсаргүй	316	noun	2781
ирланд	316	noun	2782
хоригдол	316	noun	2783
хожуу	315	noun	2784
геологийн	315	noun	2785
цаазаар	315	noun	2786
отгон	315	noun	2787
биеэр	315	noun	2788
норвеги	315	noun	2789
зэмсэг	315	noun	2790
илэрхийлэл	315	noun	2791
эсэргүүцэх	315	verb	2792
үхэх	315	verb	2793
эрдэнийн	314	noun	2794
шинэчлэн	314	noun	2795
цанын	314	noun	2796
харьяалагддаг	314	noun	2797
дээл	314	noun	2798
цонх	314	verb	2799
бүслэлт	314	noun	2800
хэдхэн	313	noun	2801
харьяалагдах	313	verb	2802
урсдаг	312	noun	2803
лаос	312	noun	2804
отог	312	noun	2805
адаг	312	noun	2806
аврах	312	verb	2807
тайланд	311	noun	2808
шилжилтийн	311	noun	2809
танилцуулга	311	noun	2810
кубын	311	noun	2811
пётр	311	noun	2812
орхисон	311	noun	2813
сурвалжлагч	311	noun	2814
хотгор	311	noun	2815
му-ын	310	noun	2816
довтолж	310	noun	2817
киевийн	310	noun	2818
тайз	310	noun	2819
барон	310	noun	2820
сэр	310	noun	2821
унах	310	verb	2822
үнэр	310	noun	2823
ухаантан	309	noun	2824
илэрхийлсэн	309	noun	2825
танигдсан	309	noun	2826
стратеги	309	noun	2827
тутам	309	noun	2828
горим	309	noun	2829
чих	309	verb	2830
анхлан	308	noun	2831
эдвард	308	noun	2832
колони	308	noun	2833
дуган	308	noun	2834
танил	307	noun	2835
куба	307	noun	2836
зорчигч	307	noun	2837
олонлог	307	noun	2838
төгрөгийн	306	noun	2839
ширээний	306	noun	2840
сонгуулиар	306	noun	2841
хорин	306	noun	2842
хэлээрх	306	verb	2843
хань	306	noun	2844
хөлбөмбөг	306	noun	2845
аргачлал	306	noun	2846
со	306	noun	2847
шуурхай	305	noun	2848
тавьжээ	305	noun	2849
хүүхэн	305	noun	2850
баатарсүх	305	verb	2851
очир	305	noun	2852
олдвор	305	noun	2853
уудам	304	noun	2854
бельги	304	noun	2855
комиссар	304	noun	2856
ашиглагдаж	303	noun	2857
ээлжит	303	noun	2858
өвгөн	303	noun	2859
андрей	302	noun	2860
гадаргын	302	noun	2861
дмитрий	302	noun	2862
бэлгэдэл	302	noun	2863
ленинград	302	noun	2864
цээж	302	noun	2865
давшилт	302	noun	2866
байгууллагыг	301	noun	2867
хадгалагдаж	301	noun	2868
чадварлаг	301	noun	2869
хэлсэн	301	noun	2870
оптик	301	noun	2871
шүтээн	300	noun	2872
нимгэн	299	noun	2873
тэтгэлэг	299	noun	2874
байлдаж	298	noun	2875
литвын	298	noun	2876
гарамгай	298	noun	2877
хорватын	298	noun	2878
өөрсдөө	298	noun	2879
хөдөлж	298	noun	2880
шөвгийн	297	noun	2881
танилцуулсан	297	noun	2882
үлэмж	297	noun	2883
ий	297	noun	2884
гэм	297	noun	2885
кан	297	noun	2886
орхин	296	noun	2887
крис	296	noun	2888
чандмань	296	noun	2889
жуулчлал	296	noun	2890
жи	296	noun	2891
дайран	295	noun	2892
заадаг	295	noun	2893
зовлон	295	noun	2894
оруулалтын	294	noun	2895
дүүрэн	294	noun	2896
хаяж	294	noun	2897
киргизийн	294	noun	2898
хенри	294	noun	2899
афганистаны	294	noun	2900
хурдацтай	294	noun	2901
филиппин	294	noun	2902
бохирдол	294	noun	2903
хувьсагч	294	noun	2904
үзмэр	294	noun	2905
тусгайлан	293	noun	2906
алексей	293	noun	2907
британий	293	noun	2908
беларусь	293	noun	2909
үймээн	293	noun	2910
хориг	293	noun	2911
шуурга	293	noun	2912
малайз	293	noun	2913
жигд	292	noun	2914
эсэргүүцсэн	292	noun	2915
жозеф	292	noun	2916
буцаан	292	noun	2917
судалсан	292	noun	2918
марафон	292	noun	2919
за	292	noun	2920
нэгтгэл	292	noun	2921
хянан	291	noun	2922
болгов	291	noun	2923
хьюстон	291	noun	2924
эгнээнд	291	noun	2925
хүндэтгэл	291	noun	2926
тооллогоор	290	noun	2927
маягаар	290	noun	2928
үхлийн	290	noun	2929
техас	290	noun	2930
лаборатори	290	noun	2931
гран	290	noun	2932
толбо	290	noun	2933
сидней	290	noun	2934
дотно	289	noun	2935
хямд	289	noun	2936
өргөжүүлэх	289	verb	2937
заалт	289	noun	2938
орлогын	288	noun	2939
зохиож	288	noun	2940
гаргав	288	noun	2941
сууц	288	noun	2942
цэрэндорж	288	noun	2943
агууламж	288	noun	2944
партизан	288	noun	2945
сайтар	287	noun	2946
зоригт	287	noun	2947
булаан	287	noun	2948
шийдсэн	287	noun	2949
түүн	287	noun	2950
клип	287	noun	2951
устөрөгчийн	286	noun	2952
урвалын	286	noun	2953
смит	286	noun	2954
тайлах	286	verb	2955
хамардаг	285	noun	2956
тэмцэж	285	noun	2957
найргийн	285	noun	2958
ивээн	285	noun	2959
тайзнаа	285	noun	2960
хангай	285	noun	2961
нүүдэлчин	285	noun	2962
тайлбарласан	285	noun	2963
үргэлжилж	285	noun	2964
лхагвасүрэн	285	noun	2965
сибирь	285	noun	2966
хэрэглэгдэх	285	verb	2967
ээ	284	noun	2968
илэрсэн	284	noun	2969
орхиж	284	noun	2970
драфтын	284	noun	2971
бэ	284	noun	2972
буянт	284	noun	2973
иж	284	noun	2974
зочин	284	noun	2975
зайлуулах	284	verb	2976
агуй	284	noun	2977
тамирын	283	noun	2978
иад	283	noun	2979
харьцах	283	verb	2980
бух	283	verb	2981
эсэргүүцэж	282	noun	2982
фридрих	282	verb	2983
хажуу	282	noun	2984
цагираг	282	noun	2985
шалгуур	282	noun	2986
үндэслэсэн	281	noun	2987
бүхэн	281	noun	2988
тохирсон	281	noun	2989
буулган	281	noun	2990
унадаг	281	noun	2991
сургуулиас	281	noun	2992
бэлчээр	281	noun	2993
зургадугаар	280	noun	2994
ноёрхогч	280	noun	2995
мэдэхүйн	279	noun	2996
швейцарийн	279	noun	2997
дүүргэсэн	279	noun	2998
цогт	279	noun	2999
дуулах	279	verb	3000
хүчилтөрөгч	279	noun	3001
үгс	279	noun	3002
утгаараа	278	noun	3003
эдүгээ	278	noun	3004
зохиох	278	verb	3005
малтмалын	277	noun	3006
ганцхан	277	noun	3007
илэрдэг	277	noun	3008
вилла	277	noun	3009
эрдэнэс	277	noun	3010
финланд	277	noun	3011
хүйс	277	noun	3012
шаардагдах	277	verb	3013
дурлал	277	noun	3014
цаасан	276	noun	3015
эсэргүүцлийн	276	noun	3016
веб	276	noun	3017
сонирхлыг	276	noun	3018
архитектурын	276	noun	3019
эзэмшигч	276	noun	3020
нүүдлийн	275	noun	3021
эргүүлэн	275	noun	3022
тэтгэвэрт	275	noun	3023
хангайн	274	noun	3024
оршуулгын	274	noun	3025
генетикийн	274	noun	3026
ялгаж	274	noun	3027
задгай	274	noun	3028
оров	274	noun	3029
гинжин	274	noun	3030
нотлох	274	verb	3031
агуулагдах	274	verb	3032
тэмдэглэж	273	noun	3033
хориглосон	273	noun	3034
хөрөнгийг	273	noun	3035
шахам	273	noun	3036
эрхлэн	273	noun	3037
хариуцлага	273	noun	3038
коллежид	273	noun	3039
хуурамч	273	noun	3040
депутат	273	noun	3041
хав	273	noun	3042
идэвхитэй	272	noun	3043
азотын	272	noun	3044
эрхэлдэг	272	noun	3045
зурж	272	noun	3046
салшгүй	272	noun	3047
студийн	272	noun	3048
өшөө	272	noun	3049
хаагч	272	noun	3050
цэдэнбал	272	noun	3051
статустай	271	noun	3052
аван	271	noun	3053
өрсөлдөж	271	noun	3054
швейцар	271	noun	3055
оруулан	270	noun	3056
авга	270	noun	3057
константин	270	noun	3058
аа	270	noun	3059
жонон	270	noun	3060
индекс	270	noun	3061
ухамсар	270	noun	3062
залгах	270	verb	3063
босгосон	269	noun	3064
гарав	269	noun	3065
түүвэр	269	noun	3066
брэнд	269	noun	3067
орчлон	269	noun	3068
будаг	269	noun	3069
статус	269	noun	3070
консулын	268	noun	3071
дайрч	268	noun	3072
холбож	268	noun	3073
лос	268	noun	3074
орчуулсан	268	noun	3075
той	268	noun	3076
галуу	268	noun	3077
христ	268	noun	3078
буулгаж	267	noun	3079
нийлмэл	267	noun	3080
татгалзаж	267	noun	3081
эстонийн	267	noun	3082
албани	267	noun	3083
геометр	267	noun	3084
туул	267	noun	3085
үзүүлбэр	267	noun	3086
шороо	267	noun	3087
тогложээ	266	noun	3088
днх-ийн	266	noun	3089
хайж	266	noun	3090
алан	266	noun	3091
бослогыг	266	noun	3092
чехословакийн	266	noun	3093
сэтгэцийн	266	noun	3094
петр	266	noun	3095
заавар	266	noun	3096
шилжүүлж	265	noun	3097
чихрийн	265	noun	3098
югославын	265	noun	3099
залуус	265	noun	3100
таамаглах	265	verb	3101
бэлгэ	264	noun	3102
бэрхшээлтэй	264	noun	3103
сталины	264	noun	3104
цуглуулж	264	noun	3105
тусалдаг	264	noun	3106
майами	264	noun	3107
виртуал	264	noun	3108
устөрөгч	264	noun	3109
загварчлал	264	noun	3110
сур	264	noun	3111
ихэс	264	noun	3112
пруссийн	263	noun	3113
эмзэг	263	noun	3114
байт	263	noun	3115
ес	263	noun	3116
үер	263	noun	3117
орчуулга	262	noun	3118
хуваан	262	noun	3119
өргөх	262	verb	3120
идэш	262	noun	3121
адам	262	noun	3122
булчин	262	noun	3123
казак	262	noun	3124
шийтгэх	262	verb	3125
гэрлэлт	262	noun	3126
тн	261	noun	3127
ноцтой	261	noun	3128
хийгдэж	261	noun	3129
ханлиг	261	noun	3130
хам	261	noun	3131
тусгасан	260	noun	3132
василий	260	noun	3133
иод	260	noun	3134
павел	260	noun	3135
өвдөг	260	noun	3136
теорем	260	noun	3137
оролцон	259	noun	3138
тархан	259	noun	3139
харанхуй	259	noun	3140
байлдаан	259	noun	3141
хүсч	259	noun	3142
босогчид	259	noun	3143
эн	259	noun	3144
цахиур	259	noun	3145
кидан	259	noun	3146
пүрэв	259	noun	3147
болор	258	noun	3148
цэцэн	258	noun	3149
төрүүлсэн	258	noun	3150
өнгөрөх	258	verb	3151
диплом	258	noun	3152
дараахан	257	noun	3153
тамирчид	257	noun	3154
кирилл	257	noun	3155
лорд	257	noun	3156
бригад	257	noun	3157
мариа	257	noun	3158
гавъяа	257	noun	3159
гайхамшигт	256	noun	3160
бодвол	256	noun	3161
мэргэшсэн	256	noun	3162
буухиа	256	noun	3163
үрэвсэл	256	noun	3164
дэвшилтэт	255	noun	3165
бэлгэдлийн	255	noun	3166
тоттенхэм	255	noun	3167
артур	255	noun	3168
тооцоолол	255	noun	3169
титэм	255	noun	3170
бэх	255	verb	3171
хурим	255	noun	3172
хуваалцах	255	verb	3173
зарлах	255	verb	3174
нэвтэрхий	254	noun	3175
ажиллуулж	254	noun	3176
хүртээл	254	noun	3177
арменийн	254	noun	3178
үйлчилдэг	254	noun	3179
бохир	254	noun	3180
эгнээ	254	noun	3181
сольж	253	noun	3182
шаардлагыг	253	noun	3183
дарь	253	noun	3184
хамтаар	253	noun	3185
эцгийнхээ	253	noun	3186
үйлчлүүлэгч	253	noun	3187
ойрхон	252	noun	3188
доогуур	252	noun	3189
өргөж	252	noun	3190
битүү	252	noun	3191
жаргалсайхан	252	noun	3192
данзан	252	noun	3193
мэдэгдэл	252	noun	3194
буурах	252	verb	3195
хэвлэн	251	noun	3196
тансаг	251	noun	3197
нүүлгэн	251	noun	3198
браун	251	noun	3199
ихсэх	251	verb	3200
вакцин	251	noun	3201
оролцов	250	noun	3202
агуулж	250	noun	3203
иосиф	250	noun	3204
маркетингийн	250	noun	3205
португалийн	250	noun	3206
дутуу	250	noun	3207
үргэлжлэх	250	verb	3208
найраг	250	noun	3209
патент	250	noun	3210
шаардсан	249	noun	3211
огцом	249	noun	3212
өөрсдийгөө	249	noun	3213
хөөж	249	noun	3214
торонто	249	noun	3215
бунхан	249	noun	3216
схем	249	noun	3217
хальс	249	noun	3218
ятга	249	noun	3219
борлуулах	249	verb	3220
үнийн	248	noun	3221
сонирхож	248	noun	3222
төрөлхтөн	248	noun	3223
шог	248	noun	3224
по	248	noun	3225
цоо	248	noun	3226
чармайлт	248	noun	3227
өөрчлөгдөх	248	verb	3228
хөгжүүлэлт	248	noun	3229
тунхаглал	248	noun	3230
цутгадаг	247	noun	3231
гаднах	247	verb	3232
тогтворгүй	247	noun	3233
хосе	247	noun	3234
байгал	247	noun	3235
мандах	247	verb	3236
перу	247	noun	3237
олборлолт	247	noun	3238
хорь	247	noun	3239
баригдаж	246	noun	3240
кавказын	246	noun	3241
даатгалын	246	noun	3242
суралцан	246	noun	3243
нөхөрсөг	246	noun	3244
сири	246	noun	3245
хорхой	246	noun	3246
чимэглэл	246	noun	3247
зөвлөмж	246	noun	3248
өгүүлбэр	246	noun	3249
бэл	246	noun	3250
ноёрхол	246	noun	3251
нээс	245	noun	3252
холбогдуулан	245	noun	3253
ороод	245	noun	3254
бөмбөгдөгч	245	noun	3255
харуул	245	noun	3256
идээ	245	noun	3257
бөөр	245	noun	3258
судас	245	noun	3259
элсэх	245	verb	3260
мессеж	245	noun	3261
мөс	245	noun	3262
гүрвэл	245	noun	3263
жигүүр	245	noun	3264
буурч	244	noun	3265
мугж	244	noun	3266
авчирч	244	noun	3267
кампанит	244	noun	3268
зөгнөлт	244	noun	3269
компаний	244	noun	3270
буцааж	244	noun	3271
горхи	244	noun	3272
гийгүүлэгч	244	noun	3273
нтө	243	noun	3274
дэлгэрсэн	243	noun	3275
эхлүүлж	243	noun	3276
ажилчид	243	noun	3277
тэлж	243	noun	3278
йорк	243	noun	3279
тооцогдох	243	verb	3280
иохан	243	noun	3281
хасах	243	verb	3282
итгэх	243	verb	3283
үйлс	243	noun	3284
большевик	243	noun	3285
төрөн	242	noun	3286
эвслийн	242	noun	3287
хаасан	242	noun	3288
индиана	242	noun	3289
хорват	242	noun	3290
найр	242	noun	3291
нэрс	242	noun	3292
дээрэм	242	noun	3293
тулгуурласан	241	noun	3294
эрхэлж	241	noun	3295
тогтнолыг	241	noun	3296
астон	241	noun	3297
хүлэгү	241	noun	3298
нягтрал	241	noun	3299
бичмэл	241	noun	3300
хязгаарлалт	241	noun	3301
хураалт	241	noun	3302
алгебр	241	noun	3303
идэвхгүй	240	noun	3304
нутаглаж	240	noun	3305
эзлэв	240	noun	3306
сурвалжид	240	noun	3307
жаргалант	240	noun	3308
тайвань	240	noun	3309
бүрдэл	240	noun	3310
хамбург	240	noun	3311
мөч	240	noun	3312
довтолгооны	239	noun	3313
сурталчилгааны	239	noun	3314
зурах	239	verb	3315
автобус	239	noun	3316
улиастай	239	noun	3317
аппарат	239	noun	3318
шүд	239	noun	3319
ангилах	239	verb	3320
иерусалим	239	noun	3321
ашиглалтын	238	noun	3322
лев	238	noun	3323
үндсэрхэг	238	noun	3324
эвертон	238	noun	3325
тулгар	238	noun	3326
лиценз	238	noun	3327
ххк-ийн	237	noun	3328
тууштай	237	noun	3329
зогсохгүй	237	noun	3330
крымын	237	noun	3331
нба	237	noun	3332
ашт-ий	237	noun	3333
узбекистан	237	noun	3334
ленин	237	noun	3335
амралт	237	noun	3336
эхлүүлэх	237	verb	3337
ханш	237	noun	3338
саятан	236	noun	3339
альфред	236	noun	3340
нийцсэн	236	noun	3341
беларусийн	236	noun	3342
сүн	236	noun	3343
судасны	236	noun	3344
намсрай	236	noun	3345
при	236	noun	3346
үйлчилж	235	noun	3347
очоод	235	noun	3348
элэгний	235	noun	3349
ле	235	noun	3350
энгэр	235	noun	3351
км-т	234	noun	3352
молдав	234	noun	3353
чаплин	234	noun	3354
бодоо	234	noun	3355
аюуш	233	noun	3356
нүүдэл	233	noun	3357
ашиглагдах	233	verb	3358
тэнхлэг	233	noun	3359
гвиней	233	noun	3360
судал	233	noun	3361
цөлийн	232	noun	3362
км-ийн	232	noun	3363
боловсронгуй	232	noun	3364
австри-унгарын	232	noun	3365
фредерик	232	noun	3366
газарзүй	232	noun	3367
шотланд	232	noun	3368
цэнгэл	232	noun	3369
тарвага	232	noun	3370
хөмрөг	232	noun	3371
яваад	231	noun	3372
конгрессын	231	noun	3373
даган	231	noun	3374
элэг	231	noun	3375
түүгээр	231	noun	3376
шээс	231	noun	3377
өсөж	230	noun	3378
фунтээр	230	noun	3379
тоос	230	noun	3380
хайрцаг	230	noun	3381
тогтоц	230	noun	3382
шарх	230	verb	3383
хайлах	230	verb	3384
линз	230	noun	3385
боксын	229	noun	3386
евразийн	229	noun	3387
туурвисан	229	noun	3388
консерватив	229	noun	3389
гаран	229	noun	3390
варшавын	229	noun	3391
словак	229	noun	3392
сахиулах	229	verb	3393
хэмжигдэхүүн	229	noun	3394
шийдэж	228	noun	3395
тооцвол	228	noun	3396
өгөв	228	noun	3397
элсүүлсэн	228	noun	3398
георгий	228	noun	3399
викториа	228	noun	3400
зүтгэл	228	noun	3401
голлон	227	noun	3402
саудын	227	noun	3403
шинэчилсэн	227	noun	3404
камбожийн	227	noun	3405
филиппиний	227	noun	3406
дэлгэцнээ	227	noun	3407
онгон	227	noun	3408
шүүмж	227	noun	3409
өөрийнх	227	verb	3410
дэвтэр	227	noun	3411
төрүүлж	227	noun	3412
хуваарилалт	227	noun	3413
хандалт	227	noun	3414
учруулах	227	verb	3415
сууцны	226	noun	3416
эмх	226	verb	3417
жэймс	226	noun	3418
зэрэглэлийн	226	noun	3419
ялагдаж	226	noun	3420
харамсалтай	226	noun	3421
чихэр	226	noun	3422
ялагч	226	noun	3423
шарль	226	noun	3424
платформ	226	noun	3425
нээгдэж	226	noun	3426
ням	226	noun	3427
уншигч	226	noun	3428
өд	226	noun	3429
үзээд	225	noun	3430
завсрын	225	noun	3431
хуваагдана	225	noun	3432
нягтлан	225	noun	3433
анхан	225	noun	3434
ачааны	225	noun	3435
зугтаж	225	noun	3436
уиллиам	225	noun	3437
үрэгдсэн	225	noun	3438
лекц	225	noun	3439
эвлэл	225	noun	3440
захиалга	225	noun	3441
то	225	noun	3442
үд	225	noun	3443
чийглэг	224	noun	3444
тайлбарлаж	224	noun	3445
хаалттай	224	noun	3446
ленинградын	224	noun	3447
венийн	224	noun	3448
дүйз	224	noun	3449
сэргэлэн	224	noun	3450
үхсэн	224	noun	3451
хэлэлцэж	224	noun	3452
ураг	224	noun	3453
гоёл	224	noun	3454
гадарга	224	noun	3455
огторгуй	224	noun	3456
самуун	224	noun	3457
хохирогч	224	noun	3458
тохой	224	noun	3459
бүдүүн	223	noun	3460
гаалийн	223	noun	3461
хариуцлагатай	223	noun	3462
гаригийн	223	noun	3463
хажуугийн	223	noun	3464
хичээллэж	223	noun	3465
ювентус	223	noun	3466
тэсрэх	223	verb	3467
уйгур	223	noun	3468
үзэгдэх	223	verb	3469
зайлсхийх	223	verb	3470
оператор	223	noun	3471
үржүүлэх	223	verb	3472
бригадын	222	noun	3473
цөөхөн	222	noun	3474
харвардын	222	noun	3475
сонгогджээ	222	noun	3476
догшин	222	noun	3477
адольф	222	noun	3478
питер	222	noun	3479
мэлхий	222	noun	3480
зохиомол	222	noun	3481
сенат	222	noun	3482
зөрүү	222	noun	3483
го	222	noun	3484
төлөөлж	221	noun	3485
зориулалтын	221	noun	3486
авлага	221	noun	3487
жигүүрийн	221	noun	3488
элизабет	221	noun	3489
илэрч	221	noun	3490
туулай	221	noun	3491
фердинанд	221	noun	3492
канцлер	221	noun	3493
праг	221	noun	3494
урал	221	noun	3495
ав	221	noun	3496
дэм	221	noun	3497
шалгаруулалт	221	noun	3498
тогтоон	220	noun	3499
бичигдэж	220	noun	3500
зарлажээ	220	noun	3501
бүү	220	noun	3502
тогтнол	220	noun	3503
явагдах	220	verb	3504
форд	220	noun	3505
тасаг	220	noun	3506
корпус	220	noun	3507
идэх	220	verb	3508
эхлүүлжээ	219	noun	3509
ирээдүйд	219	noun	3510
тэмдэглэжээ	219	noun	3511
сонгогдов	219	noun	3512
легионы	219	noun	3513
алдав	219	noun	3514
хуягт	219	noun	3515
коммун	219	noun	3516
атланта	219	noun	3517
хонгор	219	noun	3518
байцаагч	219	noun	3519
пүрэвдорж	219	noun	3520
дүүс	219	noun	3521
эзэд	219	noun	3522
зорчих	219	verb	3523
орхих	219	verb	3524
бат-эрдэнэ	218	noun	3525
томилжээ	218	noun	3526
дуусгасан	218	noun	3527
стивен	218	noun	3528
очирбат	218	noun	3529
тактик	218	noun	3530
барилгыг	217	noun	3531
латви	217	noun	3532
узбекистаны	217	noun	3533
варшав	217	noun	3534
баку	217	noun	3535
батжаргал	217	noun	3536
галерей	217	noun	3537
өргөтгөл	217	noun	3538
электроник	217	noun	3539
тэнцвэр	217	noun	3540
наймын	216	noun	3541
энергийг	216	noun	3542
шийджээ	216	noun	3543
нөхөрлөлийн	216	noun	3544
хэвлүүлжээ	216	noun	3545
голландын	216	noun	3546
уэльсийн	216	noun	3547
чилийн	216	noun	3548
боруссиа	216	noun	3549
финикс	216	noun	3550
онон	216	noun	3551
миль	216	noun	3552
соло	216	noun	3553
хөвгүүд	216	noun	3554
уусдаг	216	noun	3555
уялдаа	216	noun	3556
хотон	216	noun	3557
баяжуулах	216	verb	3558
формат	216	noun	3559
бичвэр	216	noun	3560
задралын	215	noun	3561
лаосын	215	noun	3562
хатанбаатар	215	noun	3563
малтмал	215	noun	3564
элбэгдорж	215	noun	3565
хэлэлцүүлэг	215	noun	3566
тугалга	215	noun	3567
үнэмшил	215	noun	3568
усалгаа	215	noun	3569
таслан	214	noun	3570
тодорсон	214	noun	3571
иванович	214	noun	3572
бослогын	214	noun	3573
хуан	214	noun	3574
цагадайн	214	noun	3575
харайлтын	214	noun	3576
хожсон	214	noun	3577
сүүдэр	214	noun	3578
салж	213	noun	3579
дотуур	213	noun	3580
гүйцсэн	213	noun	3581
оор	213	noun	3582
уефа-гийн	213	noun	3583
гадуур	213	noun	3584
бодитой	213	noun	3585
мухаммед	213	noun	3586
градус	213	noun	3587
дүүргэж	213	noun	3588
байрлуулах	213	verb	3589
дээвэр	213	noun	3590
угаах	213	verb	3591
ху	213	noun	3592
бнмау	212	noun	3593
хажуугаар	212	noun	3594
товчилсон	212	noun	3595
хөөн	212	noun	3596
макро	212	noun	3597
арилжаа	212	noun	3598
соён	212	noun	3599
хуяг	212	noun	3600
флорида	212	noun	3601
дэвшүүлж	212	noun	3602
хандив	212	noun	3603
төдийлөн	211	noun	3604
цусан	211	noun	3605
танилцаж	211	noun	3606
болтол	211	noun	3607
удирдагчид	211	noun	3608
корпораци	211	noun	3609
батбаяр	211	noun	3610
хуванцар	211	noun	3611
ассамблей	211	noun	3612
даш	211	noun	3613
нян	211	noun	3614
томилогдож	210	noun	3615
суут	210	noun	3616
цэнгэг	210	noun	3617
эмэгчин	210	noun	3618
сэлэгч	210	noun	3619
нотолгоо	210	noun	3620
чагдаржав	210	noun	3621
фото	210	noun	3622
тахил	210	noun	3623
багаас	210	noun	3624
ганцаарчилсан	209	noun	3625
шөвгөрсөн	209	noun	3626
эмир	209	noun	3627
хүчдэл	209	noun	3628
цутгах	209	verb	3629
хаш	209	noun	3630
идэвх	209	verb	3631
хө	209	noun	3632
валютын	208	noun	3633
маркетинг	208	noun	3634
алдан	208	noun	3635
тим	208	noun	3636
хулгана	208	noun	3637
индонез	208	noun	3638
индонезийн	208	noun	3639
даллас	208	noun	3640
лого	208	noun	3641
слав	208	noun	3642
тунхагласан	208	noun	3643
трамп	208	noun	3644
баримтлах	208	verb	3645
франк	208	noun	3646
бэрхшээл	208	noun	3647
уулзах	208	verb	3648
бүтээмж	208	noun	3649
шагнагджээ	207	noun	3650
орныхоо	207	noun	3651
үнэмлэхүй	207	noun	3652
суужээ	207	noun	3653
жижигхэн	207	noun	3654
баримталж	207	noun	3655
охидын	207	noun	3656
генетик	207	noun	3657
косово	207	noun	3658
үүл	207	noun	3659
харгалзах	207	verb	3660
мөрөөдөл	207	noun	3661
крым	207	noun	3662
архив	207	noun	3663
эвэр	207	noun	3664
жишиг	207	noun	3665
сүй	207	noun	3666
конвенц	207	noun	3667
суртахууны	206	noun	3668
хэрэгжиж	206	noun	3669
чили	206	noun	3670
шатар	206	noun	3671
хүндрэл	206	noun	3672
бэхлэлт	206	noun	3673
рт	205	noun	3674
афины	205	noun	3675
дадлага	205	noun	3676
каролина	205	noun	3677
үйлдэх	205	verb	3678
дарамт	205	noun	3679
хиагт	205	noun	3680
хослол	205	noun	3681
шинжлэлийн	204	noun	3682
довтлон	204	noun	3683
байрлуулсан	204	noun	3684
академийг	204	noun	3685
мэдэгдэхүйц	204	noun	3686
өгүүлдэг	204	noun	3687
антонио	204	noun	3688
мөчир	204	noun	3689
бүлгэм	204	noun	3690
ингэхдээ	203	noun	3691
гхя-ны	203	noun	3692
баталжээ	203	noun	3693
шри	203	noun	3694
өсөн	203	noun	3695
билл	203	noun	3696
отто	203	noun	3697
идэвхт	203	noun	3698
югослав	203	noun	3699
хүргэн	203	noun	3700
элсүүлж	203	noun	3701
нөмрөг	203	noun	3702
монако	203	noun	3703
цемент	203	noun	3704
юмс	203	noun	3705
цог	203	noun	3706
леон	203	noun	3707
ангилж	202	noun	3708
ялган	202	noun	3709
магадлан	202	noun	3710
косовогийн	202	noun	3711
альберт	202	noun	3712
ромео	202	noun	3713
байгуулагдахад	202	noun	3714
ганди	202	noun	3715
довтолсон	202	noun	3716
лувсан	202	noun	3717
хорвоо	202	noun	3718
таатай	201	noun	3719
иракийн	201	noun	3720
евгений	201	noun	3721
бетон	201	noun	3722
өргөдөл	201	noun	3723
халим	201	noun	3724
полимер	201	noun	3725
ямагт	200	noun	3726
хотспур	200	noun	3727
буурсан	200	noun	3728
детройт	200	noun	3729
хуваагдсан	200	noun	3730
төмс	200	noun	3731
тэмдэглэгдсэн	199	noun	3732
өтгөн	199	noun	3733
олгожээ	199	noun	3734
үзэгчдийн	199	noun	3735
харайгч	199	noun	3736
товчлол	199	noun	3737
өмгөөлөгч	199	noun	3738
буурал	199	noun	3739
даавуу	199	noun	3740
дэхь	198	noun	3741
амралтын	198	noun	3742
маргааш	198	noun	3743
хэрлэн	198	noun	3744
нүүрстөрөгч	198	noun	3745
франкфурт	198	noun	3746
феррари	198	noun	3747
дэлбэрэлт	198	noun	3748
уралын	197	noun	3749
тэгвэл	197	noun	3750
хуваадаг	197	noun	3751
зохистой	197	noun	3752
аваагүй	197	noun	3753
багтжээ	197	noun	3754
өвөө	197	noun	3755
азот	197	noun	3756
өлсгөлөн	197	noun	3757
туулах	197	verb	3758
хонконг	197	noun	3759
прусс	197	noun	3760
хольц	197	noun	3761
оролдож	196	noun	3762
хк	196	noun	3763
түлхэн	196	noun	3764
алтангэрэл	196	noun	3765
витамин	196	noun	3766
мөргөл	196	noun	3767
авъяас	196	noun	3768
гэндэн	196	noun	3769
шахалт	196	noun	3770
түймэр	196	noun	3771
үнээр	195	noun	3772
мария	195	noun	3773
алж	195	noun	3774
яаралтай	195	noun	3775
програмчлалын	195	noun	3776
байлдаанд	195	noun	3777
асуулга	195	noun	3778
багтаамж	195	noun	3779
умар	195	noun	3780
салгах	195	verb	3781
тулалдах	195	verb	3782
танилцуулах	195	verb	3783
кхмер	195	noun	3784
тайлбарладаг	194	noun	3785
буудан	194	noun	3786
политехникийн	194	noun	3787
салан	194	noun	3788
суралцжээ	194	noun	3789
анжелес	194	noun	3790
хөгжөөн	194	noun	3791
хөвөн	194	noun	3792
банди	194	noun	3793
шинжлэл	194	noun	3794
самар	194	noun	3795
утаа	194	noun	3796
интерфэйс	194	noun	3797
таниулах	194	verb	3798
шуудангийн	193	noun	3799
тооцдог	193	noun	3800
хийсвэр	193	noun	3801
танилцсан	193	noun	3802
настай	193	noun	3803
нөлөөллийн	193	noun	3804
дагалдан	193	noun	3805
сүр	193	noun	3806
будапешт	193	noun	3807
афин	193	noun	3808
будда	193	noun	3809
алах	193	verb	3810
хуулбар	193	noun	3811
краков	193	noun	3812
цилиндр	193	noun	3813
шагай	193	noun	3814
дагалдах	193	verb	3815
дам	193	noun	3816
санаачлан	192	noun	3817
зорьж	192	noun	3818
эсэргүүцэн	192	noun	3819
консул	192	noun	3820
гадагш	192	noun	3821
авагч	192	noun	3822
байлдах	192	verb	3823
отряд	192	noun	3824
тангуд	192	noun	3825
баясгалан	192	noun	3826
зүтгэж	191	noun	3827
томилогдов	191	noun	3828
ургана	191	noun	3829
олжээ	191	noun	3830
тооцооллын	191	noun	3831
эрэгчин	191	noun	3832
ассамблейн	191	noun	3833
кибер	191	noun	3834
лион	191	noun	3835
халк	191	noun	3836
зураглал	191	noun	3837
тел-авив	191	noun	3838
шидэлт	191	noun	3839
шир	191	noun	3840
хөрвүүлэх	191	verb	3841
ашиглалтанд	190	noun	3842
ислам	190	noun	3843
барималч	190	noun	3844
хуваагдаж	190	noun	3845
сууриа	190	noun	3846
очжээ	190	noun	3847
шаргал	190	noun	3848
аяга	190	noun	3849
байер	190	noun	3850
дарви	190	noun	3851
завсар	190	noun	3852
хотхон	190	noun	3853
завь	190	noun	3854
зарлан	189	noun	3855
туулж	189	noun	3856
нээн	189	noun	3857
хүйсийн	189	noun	3858
зуурын	189	noun	3859
хэтэрхий	189	noun	3860
багшилж	189	noun	3861
динамо	189	noun	3862
нэвтэрсэн	189	noun	3863
баянгол	189	noun	3864
жонс	189	noun	3865
давид	189	noun	3866
туурь	189	noun	3867
саяхан	189	noun	3868
ажилгүйдэл	189	noun	3869
сүйрэл	189	noun	3870
цасан	188	noun	3871
хосолсон	188	noun	3872
ферментийн	188	noun	3873
явсаар	188	noun	3874
ялгардаг	188	noun	3875
сек	188	noun	3876
ньюкасл	188	noun	3877
миннесота	188	noun	3878
сэтгэгдэл	188	noun	3879
ангараг	188	noun	3880
гай	188	noun	3881
цуг	188	noun	3882
ректор	188	noun	3883
термодинамик	188	noun	3884
экспедиц	188	noun	3885
хариулт	188	noun	3886
хориглох	188	verb	3887
сэхээтэн	188	noun	3888
хүрээлэгдсэн	187	noun	3889
шатарчин	187	noun	3890
социал	187	noun	3891
улиран	187	noun	3892
хандлагыг	187	noun	3893
идэж	187	noun	3894
налуу	187	noun	3895
пуужингийн	187	noun	3896
найруулга	187	noun	3897
зогссон	187	noun	3898
узбек	187	noun	3899
аялга	187	noun	3900
сон	187	noun	3901
төлөвлөх	187	verb	3902
чиглүүлэх	187	verb	3903
өргөжин	186	noun	3904
төлөвлөсөн	186	noun	3905
байтугай	186	noun	3906
бүжигчин	186	noun	3907
булчингийн	186	noun	3908
атлетико	186	noun	3909
үелэх	186	verb	3910
ганхуяг	186	noun	3911
тулалдсан	186	noun	3912
нөхөрлөл	186	noun	3913
хайфа	186	noun	3914
хужирт	186	noun	3915
уриа	186	noun	3916
эминэм	186	noun	3917
туслалцаа	186	noun	3918
өмсгөл	186	noun	3919
хуулиуд	186	noun	3920
хөгшин	185	noun	3921
нүүдэлчдийн	185	noun	3922
ихэнхи	185	noun	3923
багана	185	noun	3924
чинээлэг	185	noun	3925
харь	185	noun	3926
хулан	185	noun	3927
миг	185	noun	3928
баатарлаг	185	noun	3929
удирдлагууд	185	noun	3930
сульфат	185	noun	3931
экспорт	185	noun	3932
худаг	185	noun	3933
организмын	184	noun	3934
юмуу	184	noun	3935
хариуцдаг	184	noun	3936
сенатын	184	noun	3937
топ	184	noun	3938
ойрх	184	verb	3939
буяны	184	noun	3940
гэдэс	184	noun	3941
ад-дин	184	noun	3942
буян	184	noun	3943
ашиглалт	184	noun	3944
хоршоо	184	noun	3945
тохиолдоно	183	noun	3946
ойлгомжтой	183	noun	3947
нөөс	183	noun	3948
санаачилгаар	183	noun	3949
марко	183	noun	3950
байгууллагаас	183	noun	3951
хослуулан	183	noun	3952
эсхүл	183	noun	3953
нүүсэн	183	noun	3954
командын	183	noun	3955
улбар	183	noun	3956
дарангуйлагч	183	noun	3957
зөгий	183	noun	3958
паул	183	noun	3959
конго	183	noun	3960
тавцан	183	noun	3961
үдэш	183	noun	3962
хитлер	183	noun	3963
төгсөх	183	verb	3964
шанхай	183	noun	3965
экосистем	183	noun	3966
тахилга	183	noun	3967
баримжаа	183	noun	3968
дайрах	183	verb	3969
урсаж	182	noun	3970
бэлчээрийн	182	noun	3971
үйлдэж	182	noun	3972
нэвтрэн	182	noun	3973
удамшлын	182	noun	3974
дуудаж	182	noun	3975
гүйлгээнд	182	noun	3976
моторт	182	noun	3977
тайлсан	182	noun	3978
шуудан	182	noun	3979
ололт	182	noun	3980
рыцарь	182	noun	3981
буудай	182	noun	3982
тогтоомж	182	noun	3983
манжуур	182	noun	3984
ивээл	182	noun	3985
агнуурын	181	noun	3986
шагнасан	181	noun	3987
словакийн	181	noun	3988
лабораторийн	181	noun	3989
цохиж	181	noun	3990
шархадсан	181	noun	3991
метал	181	noun	3992
нарийвчлалтай	181	noun	3993
гидравлик	181	noun	3994
найрамдал	181	noun	3995
дайчид	181	noun	3996
голомт	181	noun	3997
төлөөлөх	181	verb	3998
цөөнх	181	verb	3999
бангладеш	181	noun	4000
зүүд	181	noun	4001
царай	181	noun	4002
женев	181	noun	4003
түдэв	181	noun	4004
царь	181	noun	4005
дараалсан	180	noun	4006
шалтгаалж	180	noun	4007
бактерийн	180	noun	4008
аих-ын	180	noun	4009
оруулав	180	noun	4010
бөмбөрчин	180	noun	4011
буулгасан	180	noun	4012
анализ	180	noun	4013
сурталчлах	180	verb	4014
агсан	180	noun	4015
түнш	180	noun	4016
томилох	180	verb	4017
литр	180	noun	4018
робин	180	noun	4019
зүү	180	noun	4020
тулга	180	noun	4021
зохиомж	180	noun	4022
номлол	180	noun	4023
ургаж	179	noun	4024
тооцож	179	noun	4025
тогтоов	179	noun	4026
чанга	179	noun	4027
итгэмжлэгдсэн	179	noun	4028
октябрийн	179	noun	4029
өргөмжлөл	179	noun	4030
найраглал	179	noun	4031
эрүү	179	noun	4032
карьер	179	noun	4033
нууцлал	179	noun	4034
шаардах	179	verb	4035
илрэх	179	verb	4036
данс	179	noun	4037
натрийн	178	noun	4038
дэвшин	178	noun	4039
хүртээмжтэй	178	noun	4040
дэмжин	178	noun	4041
нүб	178	noun	4042
махчин	178	noun	4043
шинэлэг	178	noun	4044
зху-аас	178	noun	4045
ашт-д	178	noun	4046
сирийн	178	noun	4047
алдагдсан	178	noun	4048
баянмөнх	178	verb	4049
гүйлгээ	178	noun	4050
зүүж	178	noun	4051
фосфор	178	noun	4052
гудамжинд	177	noun	4053
николаевич	177	noun	4054
борлуулалтын	177	noun	4055
орчуулгын	177	noun	4056
зөгийн	177	noun	4057
барилдаж	177	noun	4058
игорь	177	noun	4059
ханхүү	177	noun	4060
вектор	177	noun	4061
суман	177	noun	4062
ялсан	177	noun	4063
хэмжүүр	177	noun	4064
петербург	177	noun	4065
ман-ын	176	noun	4066
агаад	176	noun	4067
нарийвчлан	176	noun	4068
бнхау-д	176	noun	4069
дамдин	176	noun	4070
мөнхбат	176	noun	4071
фашист	176	noun	4072
ажиглалт	176	noun	4073
хийгдэх	176	verb	4074
зүс	176	noun	4075
тодруулах	176	verb	4076
элсүүлэх	176	verb	4077
зогсоол	176	noun	4078
зунгааралт	176	noun	4079
ажиглах	176	verb	4080
түрэмгийлэл	176	noun	4081
шагнагдсан	175	noun	4082
талаархи	175	noun	4083
огторгуйн	175	noun	4084
мэдээлснээр	175	noun	4085
байтал	175	noun	4086
явагдана	175	noun	4087
дархлааны	175	noun	4088
тони	175	noun	4089
бундеслигийн	175	noun	4090
арвин	175	noun	4091
уяач	175	noun	4092
кавказ	175	noun	4093
мян	175	noun	4094
тест	175	noun	4095
микро	174	noun	4096
дурдвал	174	noun	4097
хэсэгчлэн	174	noun	4098
өмнөхөн	174	noun	4099
теодор	174	noun	4100
дуулдаг	174	noun	4101
мэдэгдэв	174	noun	4102
номин	174	noun	4103
эсэргүү	174	noun	4104
петер	174	noun	4105
марсель	174	noun	4106
аялах	174	verb	4107
шингээх	174	verb	4108
дацан	174	noun	4109
дараахь	173	noun	4110
харьцуулсан	173	noun	4111
стив	173	noun	4112
зсбнху-ын	173	noun	4113
санта	173	noun	4114
тийрэлтэт	173	noun	4115
кристиан	173	noun	4116
цэнэтэй	173	noun	4117
баянзүрх	173	verb	4118
дэс	173	noun	4119
ганзориг	173	noun	4120
бадарч	173	noun	4121
буулгах	173	verb	4122
босни	173	noun	4123
гомбосүрэн	173	noun	4124
сарнай	173	noun	4125
дэмбэрэл	173	noun	4126
жуулчид	173	noun	4127
хомсдол	173	noun	4128
тойрсон	172	noun	4129
хэрэглэн	172	noun	4130
дагуулан	172	noun	4131
нью-жерси	172	noun	4132
энтони	172	noun	4133
латвийн	172	noun	4134
салсан	172	noun	4135
биелүүлж	172	noun	4136
үргэлжлүүлж	172	noun	4137
энхбаяр	172	noun	4138
танос	172	noun	4139
өргөтгөх	172	verb	4140
үргэлжлүүлэх	172	verb	4141
бүтээгч	172	noun	4142
бүрдүүлсэн	171	noun	4143
гарьд	171	noun	4144
тасгийн	171	noun	4145
ишлэл	171	noun	4146
геометрийн	171	noun	4147
хойших	171	verb	4148
хүлэмжийн	171	noun	4149
тусалсан	171	noun	4150
сонсож	171	noun	4151
хоригдож	171	noun	4152
сольсон	171	noun	4153
гэрээлсэн	171	noun	4154
улстөрч	171	noun	4155
шүтдэг	171	noun	4156
вэй	171	noun	4157
балканы	171	noun	4158
никс	171	noun	4159
ногдох	171	verb	4160
жуков	171	noun	4161
тажикистан	171	noun	4162
гамшиг	171	noun	4163
зогсох	171	verb	4164
аялж	170	noun	4165
урам	170	noun	4166
хавийн	170	noun	4167
материаллаг	170	noun	4168
замбараагүй	170	noun	4169
багахан	170	noun	4170
багтан	170	noun	4171
өмсөгч	170	noun	4172
колумбийн	170	noun	4173
дурдахад	170	noun	4174
палестины	170	noun	4175
эмчлэх	170	verb	4176
хоёул	170	noun	4177
хас	170	noun	4178
харвах	170	verb	4179
дагуух	169	verb	4180
үлэг	169	noun	4181
гэдэсний	169	noun	4182
грэммийн	169	noun	4183
гүйж	169	noun	4184
макс	169	noun	4185
кливленд	169	noun	4186
үзүүлэн	169	noun	4187
суварга	169	noun	4188
дархлаа	169	noun	4189
балжинням	169	noun	4190
сэлүүр	169	noun	4191
археологи	169	noun	4192
ургуулах	169	verb	4193
шатлал	169	noun	4194
өмчит	168	noun	4195
байгуулагч	168	noun	4196
хүртэв	168	noun	4197
николас	168	noun	4198
карлос	168	noun	4199
демократ	168	noun	4200
камбож	168	noun	4201
улаан-үд	168	noun	4202
шуугиан	168	noun	4203
ганболд	168	noun	4204
цикл	168	noun	4205
бэлчир	168	noun	4206
бөөмс	168	noun	4207
рецептор	168	noun	4208
циркийн	167	noun	4209
хадан	167	noun	4210
тавцанд	167	noun	4211
томилж	167	noun	4212
зөрчсөн	167	noun	4213
ороогүй	167	noun	4214
балетын	167	noun	4215
эрик	167	noun	4216
харуулын	167	noun	4217
соёмбо	167	noun	4218
сурагчид	167	noun	4219
жава	167	noun	4220
итгэдэг	167	noun	4221
шүүмжилж	167	noun	4222
нийлэг	167	noun	4223
ихэр	167	noun	4224
талх	167	verb	4225
таамаг	167	noun	4226
штаб	167	noun	4227
хөлс	167	noun	4228
сийлбэр	167	noun	4229
эзэлхүүн	167	noun	4230
карибын	166	noun	4231
удирдлагыг	166	noun	4232
чимэглэлийн	166	noun	4233
тэмдэглэн	166	noun	4234
жак	166	noun	4235
корпусын	166	noun	4236
академик	166	noun	4237
хэвлүүлж	166	noun	4238
бүрдүүлэгч	166	noun	4239
венецийн	166	noun	4240
түрүүлэн	166	noun	4241
хашсан	166	noun	4242
хүсэж	166	noun	4243
кв	166	noun	4244
хойноос	166	noun	4245
хувьсах	166	verb	4246
македон	166	noun	4247
сор	166	noun	4248
учруулсан	165	noun	4249
тэнцвэрт	165	noun	4250
уйгурын	165	noun	4251
задлан	165	noun	4252
цаначин	165	noun	4253
филипп	165	noun	4254
муис	165	noun	4255
тархац	165	noun	4256
хөтөч	165	noun	4257
чимэддорж	165	noun	4258
потенциал	165	noun	4259
долгор	165	noun	4260
хооллох	165	verb	4261
нуга	165	noun	4262
урсац	165	noun	4263
хэмнэл	165	noun	4264
шаардаж	164	noun	4265
цаана	164	noun	4266
анхаарах	164	verb	4267
тодорч	164	noun	4268
хамгаалан	164	noun	4269
юта	164	noun	4270
бавари	164	noun	4271
франклин	164	noun	4272
шонхор	164	noun	4273
цэрэн	164	noun	4274
туркменистан	164	noun	4275
ми	164	noun	4276
санскрит	163	noun	4277
үргэлжилдэг	163	noun	4278
эхэлнэ	163	noun	4279
хадгалагдан	163	noun	4280
тавин	163	noun	4281
өргөтгөсөн	163	noun	4282
хоккейн	163	noun	4283
залгаа	163	noun	4284
рузвельт	163	noun	4285
бөмбөлөг	163	noun	4286
муур	163	noun	4287
задлах	163	verb	4288
эрдэнэбат	163	noun	4289
мөөг	163	noun	4290
мөчлөг	163	noun	4291
үргэлжлэл	162	noun	4292
баталгаажуулсан	162	noun	4293
нийлүүлж	162	noun	4294
зул	162	noun	4295
нугас	162	noun	4296
шагдарсүрэн	162	noun	4297
охид	162	noun	4298
нарс	162	noun	4299
бөөм	162	noun	4300
дортмунд	162	noun	4301
штутгарт	162	noun	4302
салах	162	verb	4303
рубль	162	noun	4304
гүйцэтгэл	162	noun	4305
тахиа	162	noun	4306
ялгагдах	162	verb	4307
хавцал	162	noun	4308
зүүнгар	162	noun	4309
баттулга	161	noun	4310
хөвгүүдийн	161	noun	4311
ангилна	161	noun	4312
нийлүүлэлтийн	161	noun	4313
м-ийн	161	noun	4314
ионы	161	noun	4315
домэйн	161	noun	4316
портленд	161	noun	4317
цор	161	noun	4318
өгэдэй	161	noun	4319
алжир	161	noun	4320
ногай	161	noun	4321
серб	161	noun	4322
флот	161	noun	4323
идэвхжүүлэх	161	verb	4324
унаган	160	noun	4325
горимд	160	noun	4326
бүрэлдэн	160	noun	4327
пьер	160	noun	4328
хуралдаж	160	noun	4329
рнх	160	verb	4330
худалдаачин	160	noun	4331
багийнхаа	160	noun	4332
оху-д	160	noun	4333
колумбын	160	noun	4334
хэвлийн	160	noun	4335
туурвиж	160	noun	4336
уск	160	noun	4337
шарлотт	160	noun	4338
илүүдэл	160	noun	4339
кинг	160	noun	4340
физиологи	160	noun	4341
жирэмсэн	160	noun	4342
хэвлий	160	noun	4343
хөнөөл	160	noun	4344
гишүүнчлэл	160	noun	4345
флоренц	160	noun	4346
кальцийн	159	noun	4347
итгэж	159	noun	4348
шүрэн	159	noun	4349
жавзандамба	159	noun	4350
боксчин	159	noun	4351
зуржээ	159	noun	4352
александрович	159	noun	4353
баривчилж	159	noun	4354
урвуу	159	noun	4355
уругвайн	159	noun	4356
эхнийх	159	verb	4357
уулзсан	159	noun	4358
ганбаатар	159	noun	4359
цахар	159	noun	4360
мэх	159	verb	4361
гайхамшиг	159	noun	4362
баривчлах	159	verb	4363
ирмэг	159	noun	4364
зориуд	159	noun	4365
насныхан	159	noun	4366
бүртгэх	159	verb	4367
мо	159	noun	4368
цогчин	158	noun	4369
агуулгыг	158	noun	4370
гурвалсан	158	noun	4371
багтаамжтай	158	noun	4372
оксфордын	158	noun	4373
ред	158	noun	4374
босогчдын	158	noun	4375
нулимс	158	noun	4376
алтанхуяг	158	noun	4377
нааш	158	noun	4378
контент	158	noun	4379
интерфейс	158	noun	4380
ханновер	158	noun	4381
кувейт	158	noun	4382
давалгаа	158	noun	4383
элэгдэл	158	noun	4384
цэндийн	157	noun	4385
хооллодог	157	noun	4386
колонийн	157	noun	4387
фут	157	noun	4388
ирэн	157	noun	4389
урилгаар	157	noun	4390
сацуу	157	noun	4391
эмгэнэлт	157	noun	4392
зохиолчид	157	noun	4393
дурьдсан	157	noun	4394
зугаа	157	noun	4395
мэдээлж	157	noun	4396
байгуулагдах	157	verb	4397
дуулиан	157	noun	4398
бэйл	157	noun	4399
бэртэл	157	noun	4400
түрс	157	noun	4401
цуу	157	noun	4402
зугтах	157	verb	4403
сүйтгэх	157	verb	4404
суурьшиж	156	noun	4405
уянга	156	noun	4406
дөчин	156	noun	4407
эрэн	156	noun	4408
гайхамшигтай	156	noun	4409
зорилтот	156	noun	4410
харгис	156	noun	4411
стэйт	156	noun	4412
аялсан	156	noun	4413
бат-өлзий	156	noun	4414
мөхсөн	156	noun	4415
дуудах	156	verb	4416
дамжих	156	verb	4417
кипр	156	noun	4418
чуулгын	155	noun	4419
нүүдэллэн	155	noun	4420
хүндрэлтэй	155	noun	4421
гучин	155	noun	4422
бнсу-ын	155	noun	4423
батчулуун	155	noun	4424
рено	155	noun	4425
батсүх	155	verb	4426
намжил	155	noun	4427
амраг	155	noun	4428
бенгал	155	noun	4429
унгерн	155	noun	4430
семинар	155	noun	4431
оо	155	noun	4432
дурсах	155	verb	4433
наяд	154	noun	4434
амьдарна	154	noun	4435
дундах	154	verb	4436
боловсруулан	154	noun	4437
түлхүү	154	noun	4438
удирдлагаар	154	noun	4439
хөлсний	154	noun	4440
зөөврийн	154	noun	4441
буудаж	154	noun	4442
эдуард	154	noun	4443
адмирал	154	noun	4444
сэргээгдэх	154	verb	4445
хатуулаг	154	noun	4446
жалайр	154	noun	4447
хэмжилт	154	noun	4448
хутга	154	noun	4449
троцкий	154	noun	4450
хүндэтгэн	153	noun	4451
бүрмөсөн	153	noun	4452
онцлон	153	noun	4453
тулгарсан	153	noun	4454
зэргэлдээ	153	noun	4455
шүдний	153	noun	4456
албадан	153	noun	4457
брэндийн	153	noun	4458
айлчилсан	153	noun	4459
ашт	153	noun	4460
эхлүүлэв	153	noun	4461
шээсний	153	noun	4462
михаэль	153	noun	4463
экологи	153	noun	4464
хүрээг	153	noun	4465
огноо	153	noun	4466
эмми	153	noun	4467
батцэнгэл	153	noun	4468
статик	153	noun	4469
селтикс	153	noun	4470
хувьсал	153	noun	4471
дэвис	153	noun	4472
социологи	153	noun	4473
өвдөх	153	verb	4474
фин	153	noun	4475
судан	153	noun	4476
найдвар	153	noun	4477
марта	153	noun	4478
нийлэгжилт	153	noun	4479
ас	153	noun	4480
өнгөрдөг	152	noun	4481
каспийн	152	noun	4482
жич	152	noun	4483
иар	152	noun	4484
хойшхи	152	noun	4485
хүчилтөрөгчийн	152	noun	4486
өнгөрүүлсэн	152	noun	4487
хаанчлалын	152	noun	4488
батлав	152	noun	4489
мандухай	152	noun	4490
дизель	152	noun	4491
аллага	152	noun	4492
ад	152	noun	4493
халиун	152	noun	4494
мягмар	152	noun	4495
зээ	152	noun	4496
робот	152	noun	4497
протон	152	noun	4498
өвчтөн	152	noun	4499
ялгаруулах	152	verb	4500
агнах	152	verb	4501
квадрат	151	noun	4502
тусгаарлагдсан	151	noun	4503
хбнгу-ын	151	noun	4504
хэвлэгдэн	151	noun	4505
амьдарсан	151	noun	4506
архивын	151	noun	4507
бүслэн	151	noun	4508
найрсаг	151	noun	4509
нутгийнхаа	151	noun	4510
мг	151	noun	4511
голден	151	noun	4512
венесуэлийн	151	noun	4513
сакраменто	151	noun	4514
бирмингем	151	noun	4515
биз	151	noun	4516
новгород	151	noun	4517
таслах	151	verb	4518
тэсвэрлэх	151	verb	4519
биеэс	151	noun	4520
дулам	151	noun	4521
хороолол	151	noun	4522
давтагдах	151	verb	4523
шүтэн	150	noun	4524
дүрслэн	150	noun	4525
дифференциал	150	noun	4526
хааяа	150	noun	4527
задарч	150	noun	4528
леонид	150	noun	4529
шүтэх	150	verb	4530
фулхэм	150	noun	4531
товчхон	150	noun	4532
задрах	150	verb	4533
хөдлөл	150	noun	4534
ашигласан	150	noun	4535
лу	150	noun	4536
триггер	150	noun	4537
лайпциг	150	noun	4538
олз	150	noun	4539
дамдины	149	noun	4540
нарийвчилсан	149	noun	4541
дээрхи	149	noun	4542
гардан	149	noun	4543
хараахан	149	noun	4544
хожиж	149	noun	4545
олзлогдсон	149	noun	4546
найруулж	149	noun	4547
төвлөрч	149	noun	4548
мэри	149	noun	4549
жад	149	noun	4550
буух	149	verb	4551
батсуурь	149	noun	4552
шоо	149	noun	4553
ту	149	noun	4554
хүмүүн	149	noun	4555
жей	149	noun	4556
саран	148	noun	4557
гагцхүү	148	noun	4558
бен	148	noun	4559
сонгомол	148	noun	4560
архаг	148	noun	4561
био	148	noun	4562
милуоки	148	noun	4563
словенийн	148	noun	4564
валенсиа	148	noun	4565
эрэлхэг	148	noun	4566
буш	148	noun	4567
дасгал	148	noun	4568
агент	148	noun	4569
командлал	148	noun	4570
жамъян	148	noun	4571
ванкувер	148	noun	4572
тавилан	148	noun	4573
таарах	148	verb	4574
юй	148	noun	4575
сүрлэг	147	noun	4576
салгаж	147	noun	4577
залуусын	147	noun	4578
илрэл	147	noun	4579
тархаж	147	noun	4580
алинд	147	noun	4581
экспортын	147	noun	4582
учруулж	147	noun	4583
эсэн	147	noun	4584
нүцгэн	147	noun	4585
тарьж	147	noun	4586
басс	147	noun	4587
луис	147	noun	4588
холбоог	147	noun	4589
аянга	147	noun	4590
харваа	147	noun	4591
ээлж	147	noun	4592
мэдээлэх	147	verb	4593
хайрлах	147	verb	4594
дагах	147	verb	4595
санхүүжүүлэх	147	verb	4596
чансаа	147	noun	4597
гэгээрлийн	146	noun	4598
хариуцаж	146	noun	4599
шохойн	146	noun	4600
сонирхогчдын	146	noun	4601
дураараа	146	noun	4602
корпорацийн	146	noun	4603
библийн	146	noun	4604
биечлэн	146	noun	4605
сэдэвлэсэн	146	noun	4606
мэдээлсэн	146	noun	4607
физиологийн	146	noun	4608
франсуа	146	noun	4609
таримал	146	noun	4610
цутгал	146	noun	4611
хураах	146	verb	4612
дели	146	noun	4613
кальци	146	noun	4614
эдлэн	146	noun	4615
гурил	146	noun	4616
ажиглагч	146	noun	4617
чу	146	noun	4618
дуусгавар	145	noun	4619
доорхи	145	noun	4620
таталцлын	145	noun	4621
өргөжиж	145	noun	4622
хайгуул	145	noun	4623
хольж	145	noun	4624
үнэлэн	145	noun	4625
патрик	145	noun	4626
боб	145	noun	4627
охайо	145	noun	4628
лейкерс	145	noun	4629
өсгөж	145	noun	4630
хархорин	145	noun	4631
арвай	145	noun	4632
кастро	145	noun	4633
уулзвар	145	noun	4634
рерих	145	verb	4635
царцдас	145	noun	4636
газ	145	noun	4637
глюкоз	145	noun	4638
хүсэх	145	verb	4639
эрмэлзэл	145	noun	4640
зарцуулсан	144	noun	4641
гантулга	144	noun	4642
балтын	144	noun	4643
задран	144	noun	4644
тосон	144	noun	4645
ээлжлэн	144	noun	4646
жим	144	noun	4647
филадельфи	144	noun	4648
шинэчилж	144	noun	4649
тэтгэгч	144	noun	4650
босгох	144	verb	4651
зөн	144	noun	4652
цохих	144	verb	4653
эмээ	144	noun	4654
баталгаажуулалт	144	noun	4655
хариулах	144	verb	4656
такт	144	noun	4657
орчуулж	143	noun	4658
тулгарч	143	noun	4659
алслагдсан	143	noun	4660
хамгаалжээ	143	noun	4661
барьжээ	143	noun	4662
медалийг	143	noun	4663
еашт-ий	143	noun	4664
хэмжилтийн	143	noun	4665
орландо	143	noun	4666
бафта	143	noun	4667
македоны	143	noun	4668
марш	143	noun	4669
өөрчлөгддөг	143	noun	4670
порше	143	noun	4671
уругвай	143	noun	4672
бат-очир	143	noun	4673
тариалалт	143	noun	4674
моцарт	143	noun	4675
гарчиг	143	noun	4676
йемен	143	noun	4677
хэлбэлзэл	143	noun	4678
хавтас	143	noun	4679
му	143	noun	4680
буудлагын	142	noun	4681
сээр	142	noun	4682
дамнасан	142	noun	4683
ойрхи	142	noun	4684
хавсран	142	noun	4685
үйлсэд	142	noun	4686
фифа	142	noun	4687
экосистемийн	142	noun	4688
бета	142	noun	4689
авьяаслаг	142	noun	4690
дебют	142	noun	4691
гөрөөс	142	noun	4692
манхан	142	noun	4693
айдас	142	noun	4694
бээр	142	noun	4695
ир	142	noun	4696
телефон	142	noun	4697
энхбат	142	noun	4698
гран-при	142	noun	4699
ст	142	noun	4700
даваадорж	142	noun	4701
дорой	142	noun	4702
намаг	142	noun	4703
халах	142	verb	4704
шүүс	142	noun	4705
дусал	142	noun	4706
үнийг	141	noun	4707
түлхэц	141	noun	4708
ажиллав	141	noun	4709
хэвшлийн	141	noun	4710
залгамжлах	141	verb	4711
византийн	141	noun	4712
халдлагын	141	noun	4713
сэдэвлэн	141	noun	4714
гэрээлэв	141	noun	4715
цэц	141	noun	4716
нова	141	noun	4717
жек	141	noun	4718
балет	141	noun	4719
хүртэх	141	verb	4720
гинж	141	noun	4721
огцорсон	141	noun	4722
дэвших	141	verb	4723
түмэд	141	noun	4724
огцруулах	141	verb	4725
ядуурал	141	noun	4726
хамарч	140	noun	4727
ажиглаж	140	noun	4728
тэгэхээр	140	noun	4729
зорьсон	140	noun	4730
анри	140	noun	4731
хувилгаан	140	noun	4732
балба	140	noun	4733
библи	140	noun	4734
санчир	140	noun	4735
яах	140	verb	4736
енисей	140	noun	4737
бадрах	140	verb	4738
хонхор	140	noun	4739
саруул	139	noun	4740
хүлээлгэн	139	noun	4741
бэлтгэн	139	noun	4742
шашинтан	139	noun	4743
дархан-уул	139	noun	4744
фёдор	139	noun	4745
өчүүхэн	139	noun	4746
таамаглаж	139	noun	4747
жүн	139	noun	4748
кевин	139	noun	4749
тань	139	noun	4750
тараах	139	verb	4751
сартуул	139	noun	4752
төмөрбаатар	139	noun	4753
сэлэм	139	noun	4754
кеннеди	139	noun	4755
шошго	139	noun	4756
магсаржав	139	noun	4757
өөлд	139	noun	4758
ельцин	139	noun	4759
хүхэр	139	noun	4760
дагвадорж	139	noun	4761
сократ	139	noun	4762
тусгал	139	noun	4763
хядах	139	verb	4764
жуулчдын	138	noun	4765
цолтон	138	noun	4766
холбогдон	138	noun	4767
элсэв	138	noun	4768
тодруулбал	138	noun	4769
эндрю	138	noun	4770
зурав	138	noun	4771
явуулжээ	138	noun	4772
дамждаг	138	noun	4773
антон	138	noun	4774
майк	138	noun	4775
мемфис	138	noun	4776
чамд	138	noun	4777
тавантолгой	138	noun	4778
доржпалам	138	noun	4779
харьцуулах	138	verb	4780
матриц	138	noun	4781
тэмүжин	138	noun	4782
хулгай	138	noun	4783
сарлаг	138	noun	4784
дай	138	noun	4785
лагерь	138	noun	4786
алх	138	verb	4787
үгсийн	137	noun	4788
драм	137	noun	4789
медалиудаар	137	noun	4790
хадгалан	137	noun	4791
торгон	137	noun	4792
литвийн	137	noun	4793
аудио	137	noun	4794
өнчин	137	noun	4795
торгоны	137	noun	4796
жагссан	137	noun	4797
цацагдсан	137	noun	4798
хандалтын	137	noun	4799
бензин	137	noun	4800
сарай	137	noun	4801
хилс	137	noun	4802
департамент	137	noun	4803
содном	137	noun	4804
зээр	137	noun	4805
цэвэрлэгээ	137	noun	4806
хиллэх	137	verb	4807
үндэслэг	137	noun	4808
баримталдаг	136	noun	4809
судлан	136	noun	4810
евклидийн	136	noun	4811
юнеско-гийн	136	noun	4812
кали	136	noun	4813
уондерерс	136	noun	4814
батболд	136	noun	4815
мэдрэх	136	verb	4816
мөрдорж	136	noun	4817
хамрагдах	136	verb	4818
йордан	136	noun	4819
төсөөлөл	136	noun	4820
сүрьеэ	136	noun	4821
бурхад	136	noun	4822
зуух	136	verb	4823
социализмын	135	noun	4824
залгаж	135	noun	4825
пунцагийн	135	noun	4826
шагнажээ	135	noun	4827
сяньби	135	noun	4828
өнгийг	135	noun	4829
оршуулжээ	135	noun	4830
шархаджээ	135	noun	4831
польшид	135	noun	4832
альбион	135	noun	4833
хөрөнгөөр	135	noun	4834
налайх	135	verb	4835
хамаатан	135	noun	4836
ирвэс	135	noun	4837
цэвээн	135	noun	4838
форест	135	noun	4839
тунхаг	135	noun	4840
огцрох	135	verb	4841
дарангуйлал	135	noun	4842
бирм	135	noun	4843
комби	135	noun	4844
денвер	134	noun	4845
секундэд	134	noun	4846
болохуйц	134	noun	4847
тын	134	noun	4848
буцсан	134	noun	4849
нугасны	134	noun	4850
үеэл	134	noun	4851
гараалсан	134	noun	4852
хожигдсон	134	noun	4853
чамайг	134	noun	4854
удаах	134	verb	4855
баяд	134	noun	4856
дүгнэж	134	noun	4857
обьект	134	noun	4858
шош	134	noun	4859
мусульман	134	noun	4860
иймэрхүү	133	noun	4861
соёрхолт	133	noun	4862
хайгуулын	133	noun	4863
уих	133	verb	4864
бөртэ	133	noun	4865
васильевич	133	noun	4866
торгуулийн	133	noun	4867
нандин	133	noun	4868
шахаж	133	noun	4869
тайлж	133	noun	4870
таарч	133	noun	4871
эмхэтгэл	133	noun	4872
хяргас	133	noun	4873
шон	133	noun	4874
ливан	133	noun	4875
самбо	133	noun	4876
пак	133	noun	4877
ста	133	noun	4878
аргаль	133	noun	4879
поло	133	noun	4880
аргун	133	noun	4881
оффис	133	noun	4882
хөөрөг	133	noun	4883
залах	133	verb	4884
цааз	133	noun	4885
ноогдох	133	verb	4886
туулсан	132	noun	4887
нийцүүлэн	132	noun	4888
хортон	132	noun	4889
рудольф	132	noun	4890
гялалзсан	132	noun	4891
шидэлтийн	132	noun	4892
олдворт	132	noun	4893
владислав	132	noun	4894
бромвич	132	noun	4895
рома	132	noun	4896
жа	132	noun	4897
тавигдах	132	verb	4898
голланд	132	noun	4899
тосонцэнгэл	132	noun	4900
брайан	132	noun	4901
дом	132	noun	4902
урамшуулал	132	noun	4903
валют	132	noun	4904
хаяа	132	noun	4905
хэлмэгдүүлэлт	132	noun	4906
рекорд	132	noun	4907
уух	132	verb	4908
сонирхогч	132	noun	4909
дуусгах	132	verb	4910
портал	132	noun	4911
нүүх	132	verb	4912
антарктид	132	noun	4913
ха	132	noun	4914
комманд	132	noun	4915
цоохор	131	noun	4916
худалдаачид	131	noun	4917
нэхэн	131	noun	4918
хойч	131	noun	4919
аврага	131	noun	4920
хайлтын	131	noun	4921
доналд	131	noun	4922
дурссан	131	noun	4923
тайзан	131	noun	4924
хувиргадаг	131	noun	4925
мөчид	131	noun	4926
кристал	131	noun	4927
сток	131	noun	4928
ярослав	131	noun	4929
тохиролцсон	131	noun	4930
колумби	131	noun	4931
анатолий	131	noun	4932
гомдол	131	noun	4933
угалз	131	noun	4934
хромосом	131	noun	4935
гонгор	131	noun	4936
тариалах	131	verb	4937
радиус	131	noun	4938
зөөх	131	verb	4939
ялгаварлан	130	noun	4940
шагдар	130	noun	4941
шарга	130	noun	4942
тэдэнтэй	130	noun	4943
удахгүй	130	noun	4944
сэлэлтийн	130	noun	4945
ханс	130	noun	4946
налайхын	130	noun	4947
чартад	130	noun	4948
тэшүүрийн	130	noun	4949
думын	130	noun	4950
даатгал	130	noun	4951
ховард	130	noun	4952
шальке	130	noun	4953
зэв	130	noun	4954
хүрхрээ	130	noun	4955
хэрэглэл	130	noun	4956
буурцаг	130	noun	4957
хайлш	130	noun	4958
хорлох	130	verb	4959
сонгино	129	noun	4960
гомбожав	129	noun	4961
тооцогдож	129	noun	4962
шүүмжилсэн	129	noun	4963
үзье	129	noun	4964
прокурорын	129	noun	4965
тэнхлэгийн	129	noun	4966
үзэлтэн	129	noun	4967
рейнжерс	129	noun	4968
наранбаатар	129	noun	4969
халзан	129	noun	4970
сугар	129	noun	4971
осло	129	noun	4972
ростов	129	noun	4973
оршуулах	129	verb	4974
тархах	129	verb	4975
хонх	129	verb	4976
ховил	129	noun	4977
өнгөрүүлэх	129	verb	4978
тооллогын	128	noun	4979
эгц	128	noun	4980
ажиглалтын	128	noun	4981
айлчилж	128	noun	4982
шинэхэн	128	noun	4983
өөс	128	noun	4984
соёрхон	128	noun	4985
британы	128	noun	4986
казань	128	noun	4987
кабелийн	128	noun	4988
туз-ийн	128	noun	4989
вольфсбург	128	noun	4990
шийд	128	noun	4991
блокчэйн	128	noun	4992
зон	128	noun	4993
админ	128	noun	4994
мьянмар	128	noun	4995
үржих	128	verb	4996
пи	128	noun	4997
нуран	127	noun	4998
ажиглагддаг	127	noun	4999
цэцэглэн	127	noun	5000
дайтаж	127	noun	5001
агуулгын	127	noun	5002
хандан	127	noun	5003
цэнийг	127	noun	5004
анхныхаа	127	noun	5005
хүрэлцэн	127	noun	5006
софи	127	noun	5007
залгамжлан	127	noun	5008
олимпик	127	noun	5009
мароккогийн	127	noun	5010
ахисан	127	noun	5011
кристофер	127	noun	5012
алсан	127	noun	5013
хоёуланг	127	noun	5014
өлзий	127	noun	5015
ганбат	127	noun	5016
днб-ий	127	noun	5017
уэльс	127	noun	5018
улаангом	127	noun	5019
шивээ	127	noun	5020
гүйх	127	verb	5021
тур	127	noun	5022
галактик	127	noun	5023
авир	127	noun	5024
хөхнуур	127	noun	5025
тээх	127	verb	5026
батальон	127	noun	5027
ихэсгэх	127	verb	5028
хөрсөн	126	noun	5029
суурилдаг	126	noun	5030
тарааж	126	noun	5031
устаж	126	noun	5032
нүүдэлчид	126	noun	5033
людвиг	126	noun	5034
тусалж	126	noun	5035
ану-аас	126	noun	5036
хувьслын	126	noun	5037
махан	126	noun	5038
зүчийн	126	noun	5039
нато-гийн	126	noun	5040
депутатаар	126	noun	5041
чарли	126	noun	5042
тоглоод	126	noun	5043
зарц	126	noun	5044
франциско	126	noun	5045
нойр	126	noun	5046
палестин	126	noun	5047
никсон	126	noun	5048
беркли	126	noun	5049
шийтгэл	126	noun	5050
сери	126	noun	5051
хуримтлал	126	noun	5052
пулемёт	126	noun	5053
пирамид	126	noun	5054
жам	126	noun	5055
цэнэглэх	126	verb	5056
бүрэлдэх	126	verb	5057
колоничлолын	125	noun	5058
сонгогчдын	125	noun	5059
скотт	125	noun	5060
биохимийн	125	noun	5061
хаа-н	125	noun	5062
комплекс	125	noun	5063
оруулаад	125	noun	5064
медалиар	125	noun	5065
эрээн	125	noun	5066
тэлэх	125	verb	5067
халдах	125	verb	5068
горбачёв	125	noun	5069
гүйлт	125	noun	5070
нүгэл	125	noun	5071
монтенегро	125	noun	5072
зарах	125	verb	5073
түшмэд	125	noun	5074
баянбүрд	125	noun	5075
алим	125	noun	5076
үүрэн	124	noun	5077
угз	124	noun	5078
өргөргийн	124	noun	5079
мэдэрч	124	noun	5080
нүб-д	124	noun	5081
ээлтэй	124	noun	5082
жуух	124	verb	5083
хүчиллэг	124	noun	5084
найруулан	124	noun	5085
санаачилсан	124	noun	5086
екатерина	124	noun	5087
нийлсэн	124	noun	5088
бөөгнөрөл	124	noun	5089
форум	124	noun	5090
харш	124	noun	5091
хагарал	124	noun	5092
сэргээлт	124	noun	5093
рокфеллер	124	noun	5094
хархорум	124	noun	5095
өргөл	124	noun	5096
микроскоп	124	noun	5097
сонирхох	124	verb	5098
боржин	123	noun	5099
залгамжилсан	123	noun	5100
тунамал	123	noun	5101
тооцон	123	noun	5102
зорилгоо	123	noun	5103
түшиглэн	123	noun	5104
томилогджээ	123	noun	5105
зугтан	123	noun	5106
анчин	123	noun	5107
өвлөн	123	noun	5108
рентген	123	noun	5109
цагаадайн	123	noun	5110
намхан	123	noun	5111
шалгаран	123	noun	5112
ахин	123	noun	5113
булчирхайн	123	noun	5114
аваргаар	123	noun	5115
ахх-ны	123	noun	5116
линукс	123	noun	5117
үй	123	noun	5118
нийлүүлэлт	123	noun	5119
шижин	123	noun	5120
мон	123	noun	5121
мамай	123	noun	5122
төрүүлэх	123	verb	5123
пушкин	123	noun	5124
барга	122	noun	5125
квт	122	noun	5126
протестант	122	noun	5127
сергеевич	122	noun	5128
григорий	122	noun	5129
нт	122	noun	5130
ялгаруулдаг	122	noun	5131
боолын	122	noun	5132
синтетик	122	noun	5133
факультетэд	122	noun	5134
кабель	122	noun	5135
террорист	122	noun	5136
кёльн	122	noun	5137
харвал	122	noun	5138
татгалзах	122	verb	5139
бонд	122	noun	5140
өвчтөний	122	noun	5141
хадгаламж	122	noun	5142
мөөгөнцөр	122	noun	5143
дэвшүүлэх	122	verb	5144
болзол	122	noun	5145
давах	122	verb	5146
болой	121	noun	5147
михайлович	121	noun	5148
цаашилбал	121	noun	5149
зүүсэн	121	noun	5150
олонхи	121	noun	5151
тэмдэглэв	121	noun	5152
дуглас	121	noun	5153
фрэнсис	121	noun	5154
филип	121	noun	5155
эхэллээ	121	noun	5156
эхийнхээ	121	noun	5157
довтлов	121	noun	5158
үзэгчдэд	121	noun	5159
мэжик	121	noun	5160
халл	121	noun	5161
уильямс	121	noun	5162
сл	121	noun	5163
капитал	121	noun	5164
жамц	121	noun	5165
барьцаа	121	noun	5166
аяс	121	noun	5167
ни	121	noun	5168
хорчин	120	noun	5169
томилдог	120	noun	5170
нутагладаг	120	noun	5171
эш	120	noun	5172
илгээв	120	noun	5173
өмсдөг	120	noun	5174
мишель	120	noun	5175
тойрч	120	noun	5176
тактикийн	120	noun	5177
рэй	120	noun	5178
георг	120	noun	5179
судалтай	120	noun	5180
буллз	120	noun	5181
кофе	120	noun	5182
хүсдэг	120	noun	5183
энхболд	120	noun	5184
никарагуа	120	noun	5185
кларк	120	noun	5186
арифметик	120	noun	5187
бокс	120	noun	5188
сан-франциско	120	noun	5189
гэрлэх	120	verb	5190
мэдүүлэг	120	noun	5191
дуран	120	noun	5192
импорт	120	noun	5193
бичигдэх	120	verb	5194
норман	120	noun	5195
армен	120	noun	5196
дүгнэх	120	verb	5197
тээж	120	noun	5198
хослон	119	noun	5199
шарав	119	noun	5200
үзүүлэв	119	noun	5201
халдан	119	noun	5202
медиа	119	noun	5203
тушаалтан	119	noun	5204
гоёмсог	119	noun	5205
тодорхойлжээ	119	noun	5206
мөргөлийн	119	noun	5207
нүүн	119	noun	5208
зохиогддог	119	noun	5209
эгзэгтэй	119	noun	5210
давтан	119	noun	5211
хамтрагч	119	noun	5212
илдэн	119	noun	5213
монголии	119	noun	5214
кот-д	119	noun	5215
стефан	119	noun	5216
этиоп	119	noun	5217
эрэмбэ	119	noun	5218
севилья	119	noun	5219
сахиус	119	noun	5220
есүс	119	noun	5221
зарцуулах	119	verb	5222
черчилль	119	noun	5223
өсгөх	119	verb	5224
өвдөлт	119	noun	5225
санваартан	119	noun	5226
амстердам	119	noun	5227
сахил	119	noun	5228
итх-ын	118	noun	5229
цаазат	118	noun	5230
түгээн	118	noun	5231
сонирхон	118	noun	5232
өгөөд	118	noun	5233
танилцуулж	118	noun	5234
араг	118	noun	5235
хассан	118	noun	5236
урласан	118	noun	5237
дурдаж	118	noun	5238
зөвшөөрөв	118	noun	5239
эвдэрсэн	118	noun	5240
босгож	118	noun	5241
буруутгаж	118	noun	5242
нүдэн	118	noun	5243
тв	118	noun	5244
хожил	118	noun	5245
льюис	118	noun	5246
батсайхан	118	noun	5247
вильнюс	118	noun	5248
куб	118	noun	5249
болдбаатар	118	noun	5250
белл	118	noun	5251
жуулчин	118	noun	5252
эль	118	noun	5253
сен	118	noun	5254
зенит	118	noun	5255
вон	118	noun	5256
райн	118	noun	5257
хөнөөх	118	verb	5258
курск	118	noun	5259
авлига	118	noun	5260
шиш	118	noun	5261
үзэмж	118	noun	5262
оролцуулах	118	verb	5263
худалдаалах	118	verb	5264
тохируулан	117	noun	5265
өргөмжилсөн	117	noun	5266
залж	117	noun	5267
отрядын	117	noun	5268
тогтжээ	117	noun	5269
теннисний	117	noun	5270
марксист	117	noun	5271
хослуулсан	117	noun	5272
цуглаан	117	noun	5273
шаталсан	117	noun	5274
төлөөлдөг	117	noun	5275
хэлэв	117	noun	5276
мао	117	noun	5277
оцон	117	noun	5278
бизнесмэн	117	noun	5279
исэлдэлтийн	117	noun	5280
тэшүүрчин	117	noun	5281
алфа	117	noun	5282
магнай	117	noun	5283
буддизм	117	noun	5284
юлий	117	noun	5285
граф	117	noun	5286
уусах	117	verb	5287
аажим	117	noun	5288
балар	116	noun	5289
байрлуулж	116	noun	5290
ибн	116	noun	5291
урьж	116	noun	5292
зориулалт	116	noun	5293
галзуу	116	noun	5294
дамжсан	116	noun	5295
урлал	116	noun	5296
буцан	116	noun	5297
бүртгүүлсэн	116	noun	5298
дайчдын	116	noun	5299
никита	116	noun	5300
уорриорз	116	noun	5301
хк-ийн	116	noun	5302
украйны	116	noun	5303
нигерийн	116	noun	5304
соёл-эрдэнэ	116	noun	5305
роверс	116	noun	5306
муск	116	noun	5307
эмират	116	noun	5308
цав	116	noun	5309
бөмбөр	116	noun	5310
хийморь	116	noun	5311
дизайнер	116	noun	5312
ташкент	116	noun	5313
мичиган	116	noun	5314
бямбасүрэн	116	noun	5315
хонгил	116	noun	5316
тахь	116	noun	5317
биосинтез	116	noun	5318
шал	116	noun	5319
аригбөх	116	verb	5320
карбонат	116	noun	5321
параметр	116	noun	5322
эргүүлж	115	noun	5323
өрсөлддөг	115	noun	5324
хожлын	115	noun	5325
сахисан	115	noun	5326
ухарч	115	noun	5327
борлогдсон	115	noun	5328
хялбархан	115	noun	5329
хүхрийн	115	noun	5330
хүсээгүй	115	noun	5331
сэм	115	noun	5332
замчлалын	115	noun	5333
рой	115	noun	5334
бүлийнхэн	115	noun	5335
хатад	115	noun	5336
итал	115	noun	5337
цох	115	verb	5338
сертификат	115	noun	5339
холл	115	noun	5340
инновац	115	noun	5341
элит	115	noun	5342
түлхэх	115	verb	5343
шавийн	114	noun	5344
тусгаж	114	noun	5345
сонсоод	114	noun	5346
цагдан	114	noun	5347
холливудын	114	noun	5348
бактери	114	noun	5349
одой	114	noun	5350
цул	114	noun	5351
оролцогчид	114	noun	5352
гарвал	114	noun	5353
хайлт	114	noun	5354
марокко	114	noun	5355
иллиной	114	noun	5356
нутгийнхан	114	noun	5357
испаний	114	noun	5358
марио	114	noun	5359
лувсаншарав	114	noun	5360
минск	114	noun	5361
бясалгал	114	noun	5362
сэтгэгч	114	noun	5363
мэрэгч	114	noun	5364
доржсүрэн	114	noun	5365
ин	114	noun	5366
тавигдаж	113	noun	5367
бөмбөгөр	113	noun	5368
зохиожээ	113	noun	5369
зоосон	113	noun	5370
шүтэж	113	noun	5371
үргэлжилнэ	113	noun	5372
алжирын	113	noun	5373
томилов	113	noun	5374
хүчдэлийн	113	noun	5375
хандуулж	113	noun	5376
нуман	113	noun	5377
фрэнк	113	noun	5378
куинз	113	noun	5379
аналитик	113	noun	5380
рокетс	113	noun	5381
хуваагдах	113	verb	5382
прокурор	113	noun	5383
онтарио	113	noun	5384
хонгирад	113	noun	5385
нууцлаг	113	noun	5386
хлорид	113	noun	5387
хайду	113	noun	5388
лхамсүрэн	113	noun	5389
сахих	113	verb	5390
орлуулах	113	verb	5391
тулгамдсан	112	noun	5392
түшиц	112	noun	5393
эзэлнэ	112	noun	5394
дуусч	112	noun	5395
барин	112	noun	5396
буцалтгүй	112	noun	5397
аймшигт	112	noun	5398
тойргоос	112	noun	5399
альфа	112	noun	5400
и-мэйл	112	noun	5401
чиглэн	112	noun	5402
уиган	112	noun	5403
отгонтэнгэр	112	noun	5404
пүрэвсүрэн	112	noun	5405
барс	112	noun	5406
хүрэлбаатар	112	noun	5407
цирк	112	noun	5408
жанчив	112	noun	5409
ганга	112	noun	5410
цэгмид	112	noun	5411
шастир	112	noun	5412
эрхлэлт	112	noun	5413
хэрэгжилт	112	noun	5414
түрүүлэх	112	verb	5415
эрэл	111	noun	5416
лхагва	111	noun	5417
навчит	111	noun	5418
цэцийн	111	noun	5419
ялахад	111	noun	5420
бололцоотой	111	noun	5421
жамсран	111	noun	5422
тохиолдуулан	111	noun	5423
зэвсэглэсэн	111	noun	5424
бенедикт	111	noun	5425
хэвлэмэл	111	noun	5426
зэр	111	noun	5427
самбуу	111	noun	5428
эвдэж	111	noun	5429
зсбнху	111	noun	5430
паг	111	noun	5431
баварийн	111	noun	5432
гимназид	111	noun	5433
ойртож	111	noun	5434
зугтсан	111	noun	5435
шагнуулсан	111	noun	5436
хилчин	111	noun	5437
багшлах	111	verb	5438
өрлөг	111	noun	5439
модуль	111	noun	5440
өмсөх	111	verb	5441
метан	111	noun	5442
дуулга	111	noun	5443
шахах	111	verb	5444
цохисон	111	noun	5445
ёроол	111	noun	5446
синтез	111	noun	5447
жижиглэн	111	noun	5448
байцаах	111	verb	5449
махбод	111	noun	5450
ялах	111	verb	5451
тегеран	111	noun	5452
стокхольм	111	noun	5453
хүлээлт	111	noun	5454
сахал	111	noun	5455
омгийн	110	noun	5456
нямаа	110	noun	5457
днб	110	noun	5458
цутгана	110	noun	5459
зарцуулдаг	110	noun	5460
шаравын	110	noun	5461
жамсрангийн	110	noun	5462
хамгаалал	110	noun	5463
дадал	110	noun	5464
гүйцэтгэлийн	110	noun	5465
тогтоомжийн	110	noun	5466
хинди	110	noun	5467
нийтэлсэн	110	noun	5468
утсан	110	noun	5469
хүмүүнлэг	110	noun	5470
хачирхалтай	110	noun	5471
чолла	110	noun	5472
маргарет	110	noun	5473
захиалгаар	110	noun	5474
халдаж	110	noun	5475
илья	110	noun	5476
хооллоно	110	noun	5477
кавальерс	110	noun	5478
драфтаар	110	noun	5479
монцамэ	110	noun	5480
дунай	110	noun	5481
өртөх	110	verb	5482
тооллого	110	noun	5483
вердер	110	noun	5484
энхтайван	110	noun	5485
гүдгэр	110	noun	5486
адамс	110	noun	5487
баярсайхан	110	noun	5488
зөвлөлдөх	110	verb	5489
алтанбулаг	110	noun	5490
цөөрөм	110	noun	5491
инч	110	noun	5492
резин	110	noun	5493
туульс	110	noun	5494
нарийвчлал	110	noun	5495
чимид	110	noun	5496
үзүүрлэж	110	noun	5497
ки	110	noun	5498
цаа	110	noun	5499
хэрэглэсэн	110	noun	5500
пара	110	noun	5501
харьцуулан	109	noun	5502
гомбын	109	noun	5503
сүг	109	noun	5504
илэрхий	109	noun	5505
хиллэнэ	109	noun	5506
цэнд	109	noun	5507
хөтлөх	109	verb	5508
утгын	109	noun	5509
экваторын	109	noun	5510
тэрс	109	noun	5511
александер	109	noun	5512
ахмед	109	noun	5513
зээрэнцэг	109	noun	5514
жоу	109	noun	5515
ялав	109	noun	5516
туршиж	109	noun	5517
андре	109	noun	5518
зурагчин	109	noun	5519
жонни	109	noun	5520
социологийн	109	noun	5521
дэвжээний	109	noun	5522
гулгагч	109	noun	5523
дуучид	109	noun	5524
тахал	109	noun	5525
хишиг	109	noun	5526
бадраа	109	noun	5527
сүсэг	109	noun	5528
сейм	109	noun	5529
егүүтгэх	109	verb	5530
франко	109	noun	5531
захиа	109	noun	5532
манжин	109	noun	5533
белград	109	noun	5534
тунис	109	noun	5535
тэлэлт	109	noun	5536
бэлдмэл	109	noun	5537
нейтрон	109	noun	5538
байгуулагдан	108	noun	5539
бөөмийн	108	noun	5540
тийнхүү	108	noun	5541
станислав	108	noun	5542
баривчилжээ	108	noun	5543
дуусгаж	108	noun	5544
захиран	108	noun	5545
елена	108	noun	5546
кенийн	108	noun	5547
профиль	108	noun	5548
диаметр	108	noun	5549
янгир	108	noun	5550
үзэмчин	108	noun	5551
бремен	108	noun	5552
баривчилсан	108	noun	5553
фишер	108	noun	5554
бадам	108	noun	5555
булчирхай	108	noun	5556
тойрох	108	verb	5557
астрахань	108	noun	5558
даншиг	108	noun	5559
томск	108	noun	5560
бололцоо	108	noun	5561
тектоник	108	noun	5562
төл	108	noun	5563
өргөрөг	108	noun	5564
төвлөрдөг	107	noun	5565
ачит	107	noun	5566
байралдаг	107	noun	5567
альпийн	107	noun	5568
конрад	107	noun	5569
оршил	107	noun	5570
хэлэлцэн	107	noun	5571
колумб	107	noun	5572
зорилгыг	107	noun	5573
тохиромжгүй	107	noun	5574
дураар	107	noun	5575
дургүй	107	noun	5576
словени	107	noun	5577
салангид	107	noun	5578
оршуулсан	107	noun	5579
өмсгөлийн	107	noun	5580
мөнгөлөг	107	noun	5581
блэкберн	107	noun	5582
ып	107	noun	5583
морган	107	noun	5584
саутхемптон	107	noun	5585
үлдээх	107	verb	5586
сонгогдох	107	verb	5587
сайжруулалт	107	noun	5588
швейцарь	107	noun	5589
осман	107	noun	5590
антропологи	107	noun	5591
фэн	107	noun	5592
нийтэлж	107	noun	5593
суртахуун	107	noun	5594
авгалдай	107	noun	5595
спирт	107	noun	5596
орчуулах	107	verb	5597
ялтас	107	noun	5598
дел	107	noun	5599
нийлэх	107	verb	5600
хурдасгах	107	verb	5601
асаах	107	verb	5602
үйзэн	106	noun	5603
шигүү	106	noun	5604
содон	106	noun	5605
мэдрэл	106	noun	5606
цэнэ	106	noun	5607
тулган	106	noun	5608
сунгасан	106	noun	5609
ууссан	106	noun	5610
таарна	106	noun	5611
шингэсэн	106	noun	5612
эрнст	106	noun	5613
клод	106	noun	5614
залгамж	106	noun	5615
өрлөгчин	106	noun	5616
одгэрэл	106	noun	5617
комик	106	noun	5618
бугын	106	noun	5619
хиагтын	106	noun	5620
давтагдашгүй	106	noun	5621
форбс	106	noun	5622
болтон	106	noun	5623
лестер	106	noun	5624
миссури	106	noun	5625
бургас	106	noun	5626
жоржиа	106	noun	5627
эрвээхэй	106	noun	5628
дэмжигч	106	noun	5629
днепр	106	noun	5630
брюссель	106	noun	5631
бутан	106	noun	5632
тажик	106	noun	5633
эффект	106	noun	5634
номлогч	106	noun	5635
львов	106	noun	5636
эфир	106	noun	5637
сол	106	noun	5638
таллин	106	noun	5639
мур	106	noun	5640
суурьшжээ	105	noun	5641
урлалын	105	noun	5642
тархжээ	105	noun	5643
гэгээнтэн	105	noun	5644
хамгааллын	105	noun	5645
тодорхойлогдоно	105	noun	5646
зохиогдож	105	noun	5647
гүюг	105	noun	5648
даацын	105	noun	5649
византын	105	noun	5650
дата	105	noun	5651
баривчлан	105	noun	5652
ноёрхож	105	noun	5653
клубтэй	105	noun	5654
хучигдсан	105	noun	5655
фидель	105	noun	5656
төгсөлтийн	105	noun	5657
трэйл	105	noun	5658
сиэтл	105	noun	5659
карпатын	105	noun	5660
этиопын	105	noun	5661
бордо	105	noun	5662
багийнхан	105	noun	5663
занабазар	105	noun	5664
валентин	105	noun	5665
хавсралт	105	noun	5666
эйнштейн	105	noun	5667
хаях	105	verb	5668
шатахуун	105	noun	5669
жү	105	noun	5670
бүтээгдхүүн	105	noun	5671
ялаа	105	noun	5672
нюрнберг	105	noun	5673
эзлэхүүн	105	noun	5674
катар	105	noun	5675
хариуцах	105	verb	5676
хөзөр	105	noun	5677
корпорац	105	noun	5678
дүүргэх	105	verb	5679
түрэмгийлэх	105	verb	5680
дарьганга	104	noun	5681
хип	104	noun	5682
бэйсийн	104	noun	5683
авагчид	104	noun	5684
хуваагдан	104	noun	5685
дүрвэн	104	noun	5686
ясан	104	noun	5687
худалдах	104	verb	5688
бнмау-д	104	noun	5689
томилон	104	noun	5690
таарсан	104	noun	5691
хавьд	104	noun	5692
густав	104	noun	5693
мёнь	104	noun	5694
чойжин	104	noun	5695
түшээ	104	noun	5696
үнэмлэх	104	verb	5697
ерөөл	104	noun	5698
луй	104	noun	5699
дагуур	104	noun	5700
транзистор	104	noun	5701
концентраци	104	noun	5702
моль	104	noun	5703
из	104	noun	5704
винтов	104	noun	5705
хулгайлах	104	verb	5706
урлах	104	verb	5707
тогтол	104	noun	5708
харчин	103	noun	5709
шагдарын	103	noun	5710
гуулин	103	noun	5711
гяя-ны	103	noun	5712
хориглож	103	noun	5713
ламтан	103	noun	5714
абу	103	noun	5715
авъяаслаг	103	noun	5716
хүрэв	103	noun	5717
чайковский	103	noun	5718
калийн	103	noun	5719
цацсан	103	noun	5720
пистонс	103	noun	5721
халдлагыг	103	noun	5722
пэйнтболын	103	noun	5723
шаньюй	103	noun	5724
топологи	103	noun	5725
сувилагч	103	noun	5726
лавлагаа	103	noun	5727
рассел	103	noun	5728
сүрэнжав	103	noun	5729
нигери	103	noun	5730
лазер	103	noun	5731
социализм	103	noun	5732
хорезм	103	noun	5733
тасалбар	103	noun	5734
хамилтон	103	noun	5735
ангиас	103	noun	5736
ойдов	103	noun	5737
технологиуд	103	noun	5738
ядамсүрэн	103	noun	5739
суурьших	103	verb	5740
ресторан	103	noun	5741
хийлгэх	103	verb	5742
хуулбарлах	103	verb	5743
тийн	102	noun	5744
мухар	102	noun	5745
үйлдвэрлэн	102	noun	5746
залган	102	noun	5747
цана	102	noun	5748
үргэлжилсээр	102	noun	5749
петрович	102	noun	5750
хөдлөлийн	102	noun	5751
үүлэн	102	noun	5752
нунтаг	102	noun	5753
олег	102	noun	5754
даралтат	102	noun	5755
боснийн	102	noun	5756
сурвалжлах	102	verb	5757
пари	102	noun	5758
зүтгэсэн	102	noun	5759
картер	102	noun	5760
алдархаан	102	noun	5761
чип	102	noun	5762
баянцагаан	102	noun	5763
банзрагч	102	noun	5764
шилүүс	102	noun	5765
дисней	102	noun	5766
жүжиглэх	102	verb	5767
байршуулах	102	verb	5768
лав	102	noun	5769
учрал	102	noun	5770
жэксон	102	noun	5771
мэргид	102	noun	5772
халиф	102	noun	5773
хорио	102	noun	5774
сенегал	102	noun	5775
эстрадын	101	noun	5776
гомбожавын	101	noun	5777
толгойлогч	101	noun	5778
давшиж	101	noun	5779
бүрэлдсэн	101	noun	5780
дунджилсан	101	noun	5781
шарилыг	101	noun	5782
сахар	101	noun	5783
хоёрдахь	101	noun	5784
хамааруулан	101	noun	5785
оролддог	101	noun	5786
шаардлагын	101	noun	5787
олзлон	101	noun	5788
сонгожээ	101	noun	5789
бэлэвсэн	101	noun	5790
леонардо	101	noun	5791
муис-д	101	noun	5792
цогцсыг	101	noun	5793
бүрхэгдсэн	101	noun	5794
виржини	101	noun	5795
чартын	101	noun	5796
диего	101	noun	5797
ямайкын	101	noun	5798
тэмбүүгийн	101	noun	5799
бүдүүлэг	101	noun	5800
түвд	101	noun	5801
ватикан	101	noun	5802
аполло	101	noun	5803
гацаа	101	noun	5804
бархасбадь	101	noun	5805
сэргэлт	101	noun	5806
таашаал	101	noun	5807
бүрхэвч	101	noun	5808
ка	101	noun	5809
цех	101	verb	5810
тохиролцоо	101	noun	5811
халдварлах	101	verb	5812
мөхөх	101	verb	5813
дашдоржийн	100	noun	5814
самбуугийн	100	noun	5815
ангиа	100	noun	5816
ёкозүна	100	noun	5817
орлогыг	100	noun	5818
маркс	100	noun	5819
сахилга	100	noun	5820
хүргэв	100	noun	5821
ханган	100	noun	5822
уриалсан	100	noun	5823
товхимол	100	noun	5824
оёдлын	100	noun	5825
байлдагч	100	noun	5826
кофены	100	noun	5827
кембрижийн	100	noun	5828
идэвхит	100	noun	5829
коэффициент	100	noun	5830
параллель	100	noun	5831
аргил	100	noun	5832
дэбютээ	100	noun	5833
хилл	100	noun	5834
гамин	100	noun	5835
гоё	100	noun	5836
хайрга	100	noun	5837
гантиг	100	noun	5838
алуурчин	100	noun	5839
ичинхорлоо	100	noun	5840
эвдрэл	100	noun	5841
хүндэтгэх	100	verb	5842
фьючерс	100	noun	5843
шүхэр	100	noun	5844
хүртээмж	100	noun	5845
саа	100	noun	5846
лигдэн	99	noun	5847
цахир	99	noun	5848
хамрагдаж	99	noun	5849
заажээ	99	noun	5850
урлан	99	noun	5851
виртуаль	99	noun	5852
төгсгөлөг	99	noun	5853
хорезмын	99	noun	5854
хүртлэх	99	verb	5855
дагасан	99	noun	5856
заалгаж	99	noun	5857
бэлдэж	99	noun	5858
дэлгэн	99	noun	5859
аллен	99	noun	5860
туршлагыг	99	noun	5861
өргөлтийн	99	noun	5862
нетс	99	noun	5863
ноттингем	99	noun	5864
тогоонтөмөр	99	noun	5865
алдагдах	99	verb	5866
дашбалбар	99	noun	5867
хаялт	99	noun	5868
хүрэлсүх	99	verb	5869
процедур	99	noun	5870
хөдөлгөх	99	verb	5871
хөлөнбуйр	99	noun	5872
мехико	99	noun	5873
ургалт	99	noun	5874
хуй	99	noun	5875
макао	99	noun	5876
доройтол	99	noun	5877
баг	99	noun	5878
мандуул	99	noun	5879
буцаах	98	verb	5880
бэйс	98	noun	5881
хоп	98	noun	5882
цэнтэй	98	noun	5883
тэгэхдээ	98	noun	5884
гинжтэй	98	noun	5885
барак	98	noun	5886
бамбай	98	noun	5887
бенжамин	98	noun	5888
хавиар	98	noun	5889
нээгдэв	98	noun	5890
селтик	98	noun	5891
асуулгаар	98	noun	5892
хичээж	98	noun	5893
тариачин	98	noun	5894
найдаж	98	noun	5895
дамжиж	98	noun	5896
хариуцлагыг	98	noun	5897
программчлалын	98	noun	5898
герм	98	noun	5899
байлдсан	98	noun	5900
радикал	98	noun	5901
карьераа	98	noun	5902
уинстон	98	noun	5903
бакс	98	noun	5904
оклахома	98	noun	5905
суонси	98	noun	5906
асеан-ий	98	noun	5907
блэйзерс	98	noun	5908
цагаач	98	noun	5909
хядлага	98	noun	5910
хураамж	98	noun	5911
бүртгэж	98	noun	5912
баннер	98	noun	5913
тусах	98	verb	5914
хөөргөх	98	verb	5915
хайрс	98	noun	5916
сүх	98	verb	5917
мамлюк	98	noun	5918
сэлэнгийн	97	noun	5919
намгархаг	97	noun	5920
эрэмбийн	97	noun	5921
ларри	97	noun	5922
нүүрэн	97	noun	5923
тахлын	97	noun	5924
асуухад	97	noun	5925
цаазын	97	noun	5926
казанийн	97	noun	5927
харьцуулж	97	noun	5928
командлалын	97	noun	5929
түрэмгий	97	noun	5930
сэргээш	97	noun	5931
дер	97	noun	5932
ахай	97	noun	5933
гордон	97	noun	5934
волейболын	97	noun	5935
экологи-эдийн	97	noun	5936
рэпторс	97	noun	5937
экспедицийн	97	noun	5938
европа	97	noun	5939
сонирхдог	97	noun	5940
сүмо	97	noun	5941
нээв	97	noun	5942
венесуэл	97	noun	5943
верди	97	noun	5944
аризона	97	noun	5945
тохтамыш	97	noun	5946
ухрах	97	verb	5947
сувилал	97	noun	5948
никель	97	noun	5949
тусгах	97	verb	5950
жонш	97	noun	5951
цезарь	97	noun	5952
хуйвалдаан	97	noun	5953
дагуулах	97	verb	5954
дохиолол	97	noun	5955
хөвөө	97	noun	5956
баянмонгол	96	noun	5957
хиндү	96	noun	5958
стюарт	96	noun	5959
жавхлант	96	noun	5960
бутархай	96	noun	5961
ерөнхийлөн	96	noun	5962
хаагчид	96	noun	5963
бнсу	96	noun	5964
тас	96	noun	5965
аналог	96	noun	5966
мэдрэмтгий	96	noun	5967
өөрчилдөг	96	noun	5968
порто	96	noun	5969
цөсний	96	noun	5970
харвааны	96	noun	5971
эмиль	96	noun	5972
сеймийн	96	noun	5973
харанга	96	noun	5974
лиссабон	96	noun	5975
зулзага	96	noun	5976
төвлөрүүлж	96	noun	5977
тоба	96	noun	5978
найруулал	96	noun	5979
угсааныхан	96	noun	5980
константинополь	96	noun	5981
арчилгаа	96	noun	5982
доминикан	96	noun	5983
мэтгэлцээн	96	noun	5984
норов	96	noun	5985
араа	96	noun	5986
параметрүүд	96	noun	5987
антибиотик	96	noun	5988
тууз	96	noun	5989
санамж	95	noun	5990
дамбын	95	noun	5991
өвслөг	95	noun	5992
тариалж	95	noun	5993
давамгайлсан	95	noun	5994
үслэг	95	noun	5995
давамгайлж	95	noun	5996
эдэлж	95	noun	5997
хичнээн	95	noun	5998
эрхшээлд	95	noun	5999
буурай	95	noun	6000
иас	95	noun	6001
өмссөн	95	noun	6002
як	95	noun	6003
маркус	95	noun	6004
асрамжийн	95	noun	6005
бэхи	95	noun	6006
лео	95	noun	6007
теннисчин	95	noun	6008
сан-антонио	95	noun	6009
биатлонч	95	noun	6010
жордан	95	noun	6011
энх-амгалан	95	noun	6012
баян-уул	95	noun	6013
тээвэрлэлт	95	noun	6014
шүүлтүүр	95	noun	6015
хилэн	95	noun	6016
гадуурхах	95	verb	6017
хэрцгий	95	noun	6018
ал	95	noun	6019
достоевский	95	noun	6020
линкольн	95	noun	6021
хадлан	95	noun	6022
малай	95	noun	6023
турбин	95	noun	6024
суурилуулах	95	verb	6025
согтууруулах	94	verb	6026
харваач	94	noun	6027
цагаачид	94	noun	6028
чихэрлэг	94	noun	6029
сайгүй	94	noun	6030
өсгөн	94	noun	6031
симон	94	noun	6032
хомс	94	noun	6033
эрэлд	94	noun	6034
зорьдог	94	noun	6035
тусгагдсан	94	noun	6036
илэрнэ	94	noun	6037
хороожээ	94	noun	6038
буулт	94	noun	6039
хариуцан	94	noun	6040
август	94	noun	6041
чавхдаст	94	noun	6042
цэцэглэж	94	noun	6043
доголон	94	noun	6044
ундны	94	noun	6045
жааз	94	noun	6046
хураангуй	94	noun	6047
сүйрсэн	94	noun	6048
үеийнхээ	94	noun	6049
үеийнхний	94	noun	6050
тогоруу	94	noun	6051
жексон	94	noun	6052
бухарын	94	noun	6053
брюс	94	noun	6054
мини	94	noun	6055
осолдож	94	noun	6056
морис	94	noun	6057
гэрээлжээ	94	noun	6058
унд	94	noun	6059
эрдэнэдалай	94	noun	6060
сумъяа	94	noun	6061
мельбурн	94	noun	6062
нирун	94	noun	6063
шатаах	94	verb	6064
хөвч	94	noun	6065
цуцлах	94	verb	6066
сандал	94	noun	6067
тимор	94	noun	6068
аристотель	94	noun	6069
хуш	94	noun	6070
буяннэмэх	94	verb	6071
суу	94	noun	6072
харьков	94	noun	6073
зөвшөөрөгдөх	94	verb	6074
амлалт	94	noun	6075
маори	94	noun	6076
капитализм	94	noun	6077
жэ	94	noun	6078
сульфид	94	noun	6079
заль	94	noun	6080
ярилцах	94	verb	6081
хуралдай	94	noun	6082
босгожээ	93	noun	6083
даргыг	93	noun	6084
торго	93	noun	6085
тулгуурладаг	93	noun	6086
дутмаг	93	noun	6087
гөлгөр	93	noun	6088
поль	93	noun	6089
сийрэг	93	noun	6090
хэрэгтэн	93	noun	6091
агнуур	93	noun	6092
никола	93	noun	6093
хэтрүүлэн	93	noun	6094
нарийхан	93	noun	6095
коста	93	noun	6096
ижилхэн	93	noun	6097
цагаачилж	93	noun	6098
арьсан	93	noun	6099
дагина	93	noun	6100
алекс	93	noun	6101
санаачилга	93	noun	6102
ссср	93	noun	6103
сен-жермен	93	noun	6104
айнтрахт	93	noun	6105
домайн	93	noun	6106
блог	93	noun	6107
золбоо	93	noun	6108
жефферсон	93	noun	6109
хивс	93	noun	6110
канзас	93	noun	6111
унагасан	93	noun	6112
ринчен	93	noun	6113
үндэслэж	93	noun	6114
пянз	93	noun	6115
зимбабве	93	noun	6116
хувиргалт	93	noun	6117
виз	93	noun	6118
хашаат	92	noun	6119
сүхбат	92	noun	6120
уртрагийн	92	noun	6121
хандуулдаг	92	noun	6122
танилцжээ	92	noun	6123
ярилцаж	92	noun	6124
магни	92	noun	6125
жагсаж	92	noun	6126
прага	92	noun	6127
амссан	92	noun	6128
зүчи	92	noun	6129
бнмау-аас	92	noun	6130
хориотой	92	noun	6131
танилцуулжээ	92	noun	6132
татагдан	92	noun	6133
уушгины	92	noun	6134
нойтон	92	noun	6135
рашид	92	noun	6136
хаалгыг	92	noun	6137
артиллерийн	92	noun	6138
нийлэн	92	noun	6139
сент	92	noun	6140
ливаны	92	noun	6141
клипперс	92	noun	6142
дональд	92	noun	6143
улстөрийн	92	noun	6144
эрих	92	verb	6145
гулгалтын	92	noun	6146
биатлоны	92	noun	6147
күнь	92	noun	6148
ерөө	92	noun	6149
медалиуд	92	noun	6150
хуваагдал	92	noun	6151
атташе	92	noun	6152
өрнүүлж	92	noun	6153
нөхөх	92	verb	6154
базель	92	noun	6155
ханддорж	92	noun	6156
жаран	92	noun	6157
даваасүрэн	92	noun	6158
виржиниа	92	noun	6159
чад	92	noun	6160
массачусеттс	92	noun	6161
бахархал	92	noun	6162
давирхай	92	noun	6163
туурвил	92	noun	6164
петроград	92	noun	6165
ангол	92	noun	6166
генератор	92	noun	6167
ингэх	92	verb	6168
сегмент	92	noun	6169
гэв	91	noun	6170
усаа	91	noun	6171
жаахан	91	noun	6172
энэтхэг-хятадын	91	noun	6173
үргэлжлэн	91	noun	6174
люксембург	91	noun	6175
тэлсэн	91	noun	6176
буцаад	91	noun	6177
тодорхойлон	91	noun	6178
эрмэлзэж	91	noun	6179
зэргэлдээх	91	verb	6180
компаниас	91	noun	6181
тавиад	91	noun	6182
сэргээшийн	91	noun	6183
шорт	91	noun	6184
маверикс	91	noun	6185
хондурасын	91	noun	6186
клубүүдийн	91	noun	6187
таслалт	91	noun	6188
интернационале	91	noun	6189
добронравова	91	noun	6190
армстронг	91	noun	6191
хөдөлдөг	91	noun	6192
дель	91	noun	6193
отгонбаяр	91	noun	6194
толстой	91	noun	6195
үеийнхэн	91	noun	6196
гуч	91	noun	6197
сорилт	91	noun	6198
ваар	91	noun	6199
лхас	91	noun	6200
киров	91	noun	6201
тэжээх	91	verb	6202
зохимой	91	noun	6203
ти	91	noun	6204
өрөм	91	noun	6205
нугын	90	noun	6206
мөнх-эрдэнэ	90	noun	6207
дамба	90	noun	6208
хөвөөнд	90	noun	6209
удиртгал	90	noun	6210
чиглэгдсэн	90	noun	6211
оролцуулан	90	noun	6212
бөөрөнхий	90	noun	6213
хромосомын	90	noun	6214
таймс	90	noun	6215
сүмогийн	90	noun	6216
бөлгөө	90	noun	6217
уолтер	90	noun	6218
хуучирсан	90	noun	6219
нялх	90	verb	6220
шейх	90	verb	6221
абрахам	90	noun	6222
адилтган	90	noun	6223
төрдөг	90	noun	6224
эся-нд	90	noun	6225
халхалттай	90	noun	6226
хашаа	90	noun	6227
идэвхтэн	90	noun	6228
парагвай	90	noun	6229
ахан	90	noun	6230
оролцуулсан	90	noun	6231
ухуулга	90	noun	6232
люксембургийн	90	noun	6233
красноярскийн	90	noun	6234
миллер	90	noun	6235
реппер	90	noun	6236
угаалгын	90	noun	6237
мануэль	90	noun	6238
нба-д	90	noun	6239
аваргалсан	90	noun	6240
клинт	90	noun	6241
хурдас	90	noun	6242
сенатор	90	noun	6243
орлох	90	verb	6244
тэнэг	90	noun	6245
бямбадорж	90	noun	6246
сам	90	noun	6247
солонго	90	noun	6248
нийлдэг	90	noun	6249
муруй	90	noun	6250
санаачлагч	90	noun	6251
цэнд-аюуш	90	noun	6252
дугуйлан	90	noun	6253
дивизион	90	noun	6254
мэргэд	90	noun	6255
стамбул	90	noun	6256
кипчак	90	noun	6257
хлор	90	noun	6258
үзлэг	90	noun	6259
утгууд	90	noun	6260
зөөвөрлөх	90	verb	6261
заал	90	noun	6262
зүтгүүр	90	noun	6263
өртөг	90	noun	6264
шарил	90	noun	6265
чингэлтэй	89	noun	6266
тасархай	89	noun	6267
магтаал	89	noun	6268
чиглүүлэгч	89	noun	6269
ямарваа	89	noun	6270
ярилцдаг	89	noun	6271
цөллөгт	89	noun	6272
өндөрлөсөн	89	noun	6273
шаталтын	89	noun	6274
муудаж	89	noun	6275
урьсан	89	noun	6276
дэлбэрч	89	noun	6277
наполи	89	noun	6278
биохимич	89	noun	6279
огцорч	89	noun	6280
хурцадмал	89	noun	6281
цацаж	89	noun	6282
бичүүлсэн	89	noun	6283
стэнфордын	89	noun	6284
фолксваген	89	noun	6285
тайга	89	noun	6286
баян-овоо	89	noun	6287
буд	89	noun	6288
төвшин	89	noun	6289
харилцааг	89	noun	6290
тодорхойлогдох	89	verb	6291
суга	89	noun	6292
дарангуйлах	89	verb	6293
цуглуулан	88	noun	6294
дархад	88	noun	6295
маск	88	noun	6296
тавигджээ	88	noun	6297
шавилан	88	noun	6298
юнеско	88	noun	6299
залгадаг	88	noun	6300
жимми	88	noun	6301
болсоор	88	noun	6302
жованни	88	noun	6303
гүйцэтгэлийг	88	noun	6304
или	88	noun	6305
чиглүүлж	88	noun	6306
украйн	88	noun	6307
хийлгэж	88	noun	6308
ахиц	88	noun	6309
хөдөлсөн	88	noun	6310
богинохон	88	noun	6311
дэ	88	noun	6312
феодалын	88	noun	6313
рожер	88	noun	6314
гималайн	88	noun	6315
эдинбургийн	88	noun	6316
сэлгэн	88	noun	6317
хөрөнгөө	88	noun	6318
мустафа	88	noun	6319
филадельфия	88	noun	6320
омог	88	noun	6321
туркмен	88	noun	6322
тэмбүү	88	noun	6323
гүүш	88	noun	6324
колорадо	88	noun	6325
ойртох	88	verb	6326
төг	88	noun	6327
күүк	88	noun	6328
ялгарал	88	noun	6329
оксид	88	noun	6330
бууц	88	noun	6331
буда	88	noun	6332
галавын	87	noun	6333
уурхайчин	87	noun	6334
нато	87	noun	6335
манжид	87	noun	6336
уялдуулан	87	noun	6337
зовж	87	noun	6338
вернер	87	noun	6339
эрчис	87	noun	6340
өгөөгүй	87	noun	6341
балчир	87	noun	6342
дэгдэж	87	noun	6343
урвасан	87	noun	6344
зхукн-ын	87	noun	6345
шумбагч	87	noun	6346
цуцалсан	87	noun	6347
финалд	87	noun	6348
үлээвэр	87	noun	6349
жузеппе	87	noun	6350
аварч	87	noun	6351
суурилуулсан	87	noun	6352
дашт-ээс	87	noun	6353
александра	87	noun	6354
гэмтэж	87	noun	6355
камеруны	87	noun	6356
майнц	87	noun	6357
обама	87	noun	6358
лихтенштайн	87	noun	6359
зөөгч	87	noun	6360
саха	87	noun	6361
дайрсан	87	noun	6362
нямсүрэн	87	noun	6363
рига	87	noun	6364
давших	87	verb	6365
вагон	87	noun	6366
бенин	87	noun	6367
агь	87	noun	6368
антони	87	noun	6369
гагнуур	87	noun	6370
үзвэр	87	noun	6371
задарсан	87	noun	6372
хараал	87	noun	6373
аммиак	87	noun	6374
тасалдал	87	noun	6375
хатгал	87	noun	6376
баян-өндөр	86	noun	6377
баримтлан	86	noun	6378
баасанжав	86	noun	6379
хүрмэн	86	noun	6380
өргөмжилжээ	86	noun	6381
гүйцэд	86	noun	6382
тэнцвэрийг	86	noun	6383
үлдэн	86	noun	6384
лугаа	86	noun	6385
аавынхаа	86	noun	6386
туурвижээ	86	noun	6387
тахир	86	noun	6388
даниел	86	noun	6389
виллиам	86	noun	6390
харц	86	noun	6391
сийлсэн	86	noun	6392
клиент	86	noun	6393
чайковскийн	86	noun	6394
цацагдаж	86	noun	6395
нагац	86	noun	6396
ольга	86	noun	6397
жульетта	86	noun	6398
лэйкерс	86	noun	6399
лех	86	verb	6400
яковлев	86	noun	6401
поттэр	86	noun	6402
сальвадор	86	noun	6403
дууль	86	noun	6404
багануур	86	noun	6405
шийт	86	noun	6406
субъект	86	noun	6407
хожигдол	86	noun	6408
чечень	86	noun	6409
смоленск	86	noun	6410
мөхөл	86	noun	6411
техникум	86	noun	6412
тюринг	86	noun	6413
занал	86	noun	6414
шөвгөрч	86	noun	6415
өвчлөл	86	noun	6416
гүй	86	noun	6417
трактор	86	noun	6418
пулитцер	86	noun	6419
өсөхбаяр	85	noun	6420
гомбо	85	noun	6421
шидэж	85	noun	6422
натри	85	noun	6423
гүйлгээний	85	noun	6424
лүү	85	noun	6425
функциональ	85	noun	6426
анхбаяр	85	noun	6427
хөвөгч	85	noun	6428
суралцаад	85	noun	6429
дэн	85	noun	6430
уриалж	85	noun	6431
херберт	85	noun	6432
шоронгоос	85	noun	6433
технологиор	85	noun	6434
союз	85	noun	6435
отгонбаатар	85	noun	6436
бөөрөнцөг	85	noun	6437
боловсорч	85	noun	6438
жерри	85	noun	6439
рио	85	noun	6440
инфляци	85	noun	6441
жерси	85	noun	6442
дэлгэрэх	85	verb	6443
росс	85	noun	6444
өрнөл	85	noun	6445
нямдорж	85	noun	6446
дашням	85	noun	6447
омск	85	noun	6448
но	85	noun	6449
дотогш	85	noun	6450
зурхай	85	noun	6451
идэвхи	85	noun	6452
өршөөл	85	noun	6453
долгорсүрэн	85	noun	6454
загварчлах	85	verb	6455
ре	85	noun	6456
сир	85	noun	6457
данзанравжаа	85	noun	6458
кодлох	85	verb	6459
чингүнжав	85	noun	6460
боолчлол	85	noun	6461
хормой	85	noun	6462
зөрүүтэй	84	noun	6463
өргөмжилж	84	noun	6464
тамгыг	84	noun	6465
хамран	84	noun	6466
олджээ	84	noun	6467
цэгцтэй	84	noun	6468
мөстлөгийн	84	noun	6469
тэргүүлэн	84	noun	6470
хиад	84	noun	6471
цохин	84	noun	6472
манжуурын	84	noun	6473
тунхаглав	84	noun	6474
түгсэн	84	noun	6475
суурилан	84	noun	6476
авлигын	84	noun	6477
сургуулийнхаа	84	noun	6478
гатлан	84	noun	6479
дэндүү	84	noun	6480
марксын	84	noun	6481
дүгнэсэн	84	noun	6482
хураалтаар	84	noun	6483
шагнагдаж	84	noun	6484
лацио	84	noun	6485
хөөргөсөн	84	noun	6486
бэр	84	noun	6487
хөнөөлтэй	84	noun	6488
фернандо	84	noun	6489
зарагдсан	84	noun	6490
байгуулагчид	84	noun	6491
гутгаар	84	noun	6492
драфтад	84	noun	6493
наггетс	84	noun	6494
не	84	noun	6495
сандерленд	84	noun	6496
вацлав	84	noun	6497
холдинг	84	noun	6498
авчрах	84	verb	6499
венец	84	noun	6500
жамсранжав	84	noun	6501
араатан	84	noun	6502
гурвал	84	noun	6503
хөөрч	84	noun	6504
гэрсэнз	84	noun	6505
нутаглах	84	verb	6506
багваахай	84	noun	6507
арвайхээр	84	noun	6508
нөгчсөн	84	noun	6509
ухагдахуун	84	noun	6510
клинтон	84	noun	6511
сургуулилт	84	noun	6512
цохио	84	noun	6513
хазайлт	84	noun	6514
ингэ	84	noun	6515
фермер	84	noun	6516
ко	84	noun	6517
галиг	83	noun	6518
элсэрхэг	83	noun	6519
гүйцэж	83	noun	6520
тариалдаг	83	noun	6521
бэгзийн	83	noun	6522
сүмбэр	83	noun	6523
гашуун	83	noun	6524
хоцорсон	83	noun	6525
зууван	83	noun	6526
мухаммад	83	noun	6527
гамма	83	noun	6528
тэмдэглэгдэн	83	noun	6529
онцолсон	83	noun	6530
социал-демократ	83	noun	6531
вольфганг	83	noun	6532
санаачлагаар	83	noun	6533
саксоны	83	noun	6534
лоуренс	83	noun	6535
шидэгч-хамгаалагч	83	noun	6536
тимбервулвз	83	noun	6537
дөхөм	83	noun	6538
зүтгэгч	83	noun	6539
ууц	83	noun	6540
хөөх	83	verb	6541
манзушир	83	noun	6542
цорос	83	noun	6543
норм	83	noun	6544
цюрих	83	verb	6545
трумэн	83	noun	6546
сэнгээ	83	noun	6547
хакас	83	noun	6548
жанейро	83	noun	6549
хүрд	83	noun	6550
цэрэнпил	83	noun	6551
зарцуулалт	83	noun	6552
бонапарт	83	noun	6553
мөхөж	83	noun	6554
орлеан	83	noun	6555
тэсрэлт	83	noun	6556
балдан	83	noun	6557
хувирал	83	noun	6558
хү	83	noun	6559
биелэх	83	verb	6560
сайжирч	82	noun	6561
билгэ	82	noun	6562
нацагийн	82	noun	6563
цаад	82	noun	6564
хачин	82	noun	6565
задардаг	82	noun	6566
ёроолын	82	noun	6567
садан	82	noun	6568
унагаж	82	noun	6569
шилмүүст	82	noun	6570
тоноглогдсон	82	noun	6571
дох	82	verb	6572
хичээдэг	82	noun	6573
бүртгэн	82	noun	6574
задалж	82	noun	6575
хянганы	82	noun	6576
очин	82	noun	6577
гэгээрүүлэх	82	verb	6578
үрэгджээ	82	noun	6579
бямба	82	noun	6580
алдалгүй	82	noun	6581
махбодийн	82	noun	6582
захирагдаж	82	noun	6583
ухуулгын	82	noun	6584
төвшинд	82	noun	6585
кредит	82	noun	6586
интернэшнл	82	noun	6587
нэхмэл	82	noun	6588
дүрсэлж	82	noun	6589
нутаглана	82	noun	6590
гэгээрүүлэгч	82	noun	6591
нуугдаж	82	noun	6592
шилжүүлэв	82	noun	6593
нууцлалын	82	noun	6594
танилцуулав	82	noun	6595
оливер	82	noun	6596
барианд	82	noun	6597
фиорентина	82	noun	6598
поттер	82	noun	6599
түншлэл	82	noun	6600
бяр	82	noun	6601
нийтлэх	82	verb	6602
гепатит	82	noun	6603
тейлор	82	noun	6604
бямбаа	82	noun	6605
новосибирск	82	noun	6606
тоологдсон	82	noun	6607
цогцос	82	noun	6608
оролдох	82	verb	6609
бичүүлж	82	noun	6610
манлайлал	82	noun	6611
шалтаг	82	noun	6612
бахрейн	82	noun	6613
уруул	82	noun	6614
тэмүүлэл	82	noun	6615
брест	82	noun	6616
суулгац	82	noun	6617
түгжих	82	verb	6618
занабазарын	81	noun	6619
ажиглагдаж	81	noun	6620
овогтон	81	noun	6621
хүндэтгэж	81	noun	6622
ялагдан	81	noun	6623
бямбын	81	noun	6624
шахалтаар	81	noun	6625
аймгийнхаа	81	noun	6626
мөчлөгийн	81	noun	6627
шоронгийн	81	noun	6628
русь	81	noun	6629
сурчээ	81	noun	6630
хориглодог	81	noun	6631
чита	81	noun	6632
тасарч	81	noun	6633
нэвт	81	noun	6634
устах	81	verb	6635
магтан	81	noun	6636
ухаж	81	noun	6637
мохаммед	81	noun	6638
онегин	81	noun	6639
максим	81	noun	6640
изд-во	81	noun	6641
угсралтын	81	noun	6642
хөдөлгөж	81	noun	6643
кени	81	noun	6644
орц	81	noun	6645
дандар	81	noun	6646
хайдав	81	noun	6647
егүзэр	81	noun	6648
эчнээ	81	noun	6649
штраус	81	noun	6650
казино	81	noun	6651
асуух	81	verb	6652
захирагдах	81	verb	6653
хаших	81	verb	6654
хувраг	81	noun	6655
жамбал	81	noun	6656
чийдэн	81	noun	6657
үгүйсгэх	81	verb	6658
үзэгч	81	noun	6659
хир	81	noun	6660
чадамж	81	noun	6661
ви	81	noun	6662
хэлмэгдүүлэлтийн	80	noun	6663
алдаршжээ	80	noun	6664
нийлүүлэн	80	noun	6665
эрмэлздэг	80	noun	6666
харьцуулбал	80	noun	6667
үгээ	80	noun	6668
угтан	80	noun	6669
хуримтлагдсан	80	noun	6670
цугларч	80	noun	6671
зөрчиж	80	noun	6672
оюу	80	noun	6673
хэвшсэн	80	noun	6674
хотгойдын	80	noun	6675
зөөж	80	noun	6676
махмуд	80	noun	6677
харьцуулалт	80	noun	6678
флотын	80	noun	6679
тэнцвэртэй	80	noun	6680
ану-тай	80	noun	6681
гоминданы	80	noun	6682
халдлагаас	80	noun	6683
хужир	80	noun	6684
өмсөж	80	noun	6685
стерлинг	80	noun	6686
онмх-ийн	80	noun	6687
жазз	80	noun	6688
для	80	noun	6689
магнитудын	80	noun	6690
акр	80	noun	6691
аммонийн	80	noun	6692
кёнсан	80	noun	6693
цээл	80	noun	6694
сохор	80	noun	6695
байтаг	80	noun	6696
спартак	80	noun	6697
бруней	80	noun	6698
баянбулаг	80	noun	6699
зуслан	80	noun	6700
спарта	80	noun	6701
якут	80	noun	6702
дугаржав	80	noun	6703
чойжилсүрэн	80	noun	6704
бах	80	verb	6705
зааварлагч	80	noun	6706
кабул	80	noun	6707
тарга	80	noun	6708
догсом	80	noun	6709
нийлэгжүүлэх	80	verb	6710
эрхэмлэх	80	verb	6711
оухм	79	noun	6712
муугз	79	noun	6713
сахин	79	noun	6714
нурж	79	noun	6715
уншигчид	79	noun	6716
эрхшээлдээ	79	noun	6717
үзээгүй	79	noun	6718
үргэлжлүүлсэн	79	noun	6719
уих-д	79	noun	6720
хөгжүүлэн	79	noun	6721
аудит	79	noun	6722
кардинал	79	noun	6723
лал	79	noun	6724
шахан	79	noun	6725
тохиролцоонд	79	noun	6726
британиас	79	noun	6727
рио-де	79	noun	6728
боловсруулжээ	79	noun	6729
явав	79	noun	6730
азиас	79	noun	6731
өсгөсөн	79	noun	6732
кармен	79	noun	6733
романтик	79	noun	6734
пабло	79	noun	6735
оноожээ	79	noun	6736
дунджилж	79	noun	6737
мөнгөнбаатар	79	noun	6738
триггерийн	79	noun	6739
цагаан-үүр	79	noun	6740
жужан	79	noun	6741
канвонь	79	noun	6742
мөнхбаатар	79	noun	6743
портсмут	79	noun	6744
хөтөл	79	noun	6745
биндэр	79	noun	6746
гандан	79	noun	6747
хус	79	noun	6748
дүрвэж	79	noun	6749
титан	79	noun	6750
жагсагчид	79	noun	6751
муссолини	79	noun	6752
зуучлагч	79	noun	6753
боов	79	noun	6754
равдан	79	noun	6755
хэлцэл	79	noun	6756
шоколад	79	noun	6757
халаах	79	verb	6758
ари	79	noun	6759
цээрлэнэ	78	noun	6760
доторхи	78	noun	6761
алдартан	78	noun	6762
жамбын	78	noun	6763
хоньчин	78	noun	6764
дийлж	78	noun	6765
эфирийн	78	noun	6766
арьстан	78	noun	6767
зорилгын	78	noun	6768
амласан	78	noun	6769
хичээнгүй	78	noun	6770
хийвэл	78	noun	6771
урган	78	noun	6772
хаанчлал	78	noun	6773
мансууруулах	78	verb	6774
улбаатай	78	noun	6775
дарангуйллын	78	noun	6776
харуулжээ	78	noun	6777
баривчлагдаж	78	noun	6778
дэгдэв	78	noun	6779
грамм	78	noun	6780
галактикийн	78	noun	6781
баталдаг	78	noun	6782
онцолж	78	noun	6783
түрүүлэв	78	noun	6784
сахарын	78	noun	6785
хавайн	78	noun	6786
эмэг	78	noun	6787
аякс	78	noun	6788
бондын	78	noun	6789
йн	78	noun	6790
хорнетс	78	noun	6791
бохемийн	78	noun	6792
вильхельм	78	noun	6793
леброн	78	noun	6794
хорлон	78	noun	6795
ханой	78	noun	6796
индэр	78	noun	6797
гитлер	78	noun	6798
майдар	78	noun	6799
лиза	78	noun	6800
бруклин	78	noun	6801
харъяа	78	noun	6802
цагариг	78	noun	6803
исэлдэлт	78	noun	6804
чон	78	noun	6805
йохан	78	noun	6806
асгат	78	noun	6807
бүртгүүлж	78	noun	6808
шинэтгэл	78	noun	6809
стрэнж	78	noun	6810
хичээллэх	78	verb	6811
рот	78	noun	6812
шүүлт	78	noun	6813
нээгдэх	78	verb	6814
изотоп	78	noun	6815
рей	78	noun	6816
кен	78	noun	6817
исгэх	78	verb	6818
батцэцэг	77	noun	6819
ньютоны	77	noun	6820
хавай	77	noun	6821
дархадын	77	noun	6822
ухаа	77	noun	6823
харуулав	77	noun	6824
хабул	77	noun	6825
скандинавын	77	noun	6826
тодруулсан	77	noun	6827
үнэлэлт	77	noun	6828
диаметртэй	77	noun	6829
амаржаргал	77	noun	6830
фермийн	77	noun	6831
сарьсан	77	noun	6832
гамшгийн	77	noun	6833
ботаникийн	77	noun	6834
сэргээлтийн	77	noun	6835
их-уул	77	noun	6836
лусын	77	noun	6837
лихтенштайны	77	noun	6838
жаз	77	noun	6839
норвич	77	noun	6840
феодал	77	noun	6841
аалз	77	noun	6842
брежнев	77	noun	6843
бигэр	77	noun	6844
наян	77	noun	6845
молотов	77	noun	6846
салст	77	noun	6847
хуулах	77	verb	6848
лувсанвандан	77	noun	6849
гэсэр	77	noun	6850
эзгүй	77	noun	6851
голль	77	noun	6852
каир	77	noun	6853
мозамбик	77	noun	6854
семёнов	77	noun	6855
сөрөх	77	verb	6856
тула	77	noun	6857
байгуулал	77	noun	6858
нийцэх	77	verb	6859
түгшүүр	77	noun	6860
хан-уул	76	noun	6861
гончигийн	76	noun	6862
эрхэмбаяр	76	noun	6863
босго	76	noun	6864
анхных	76	verb	6865
одесса	76	noun	6866
өөрсдийнхөө	76	noun	6867
исаак	76	noun	6868
тавилга	76	noun	6869
нийцэж	76	noun	6870
тойргийг	76	noun	6871
гоц	76	noun	6872
панамын	76	noun	6873
роберто	76	noun	6874
эся-ны	76	noun	6875
ирина	76	noun	6876
дурджээ	76	noun	6877
гинжит	76	noun	6878
алхаж	76	noun	6879
хойчис	76	noun	6880
эрвин	76	noun	6881
феликс	76	noun	6882
алагджээ	76	noun	6883
уригдан	76	noun	6884
завгүй	76	noun	6885
тринидад	76	noun	6886
ватиканы	76	noun	6887
сочи	76	noun	6888
альтернатив	76	noun	6889
буха	76	noun	6890
чүнчон	76	noun	6891
ноот	76	noun	6892
мюллер	76	noun	6893
сэлгээнээс	76	noun	6894
тууль	76	noun	6895
унага	76	noun	6896
лхагвадорж	76	noun	6897
пүүс	76	noun	6898
самарканд	76	noun	6899
пэрэнлэй	76	noun	6900
мэй	76	noun	6901
боловсрох	76	verb	6902
дашдондог	76	noun	6903
гэгээ	76	noun	6904
сийлж	76	noun	6905
шилжүүлэг	76	noun	6906
краснодар	76	noun	6907
кашмир	76	noun	6908
унтраах	76	verb	6909
ёндон	76	noun	6910
шугуй	76	noun	6911
конг	76	noun	6912
товчлуур	76	noun	6913
дагуулал	76	noun	6914
дайтах	76	verb	6915
дэлгэрхангай	75	noun	6916
тахилын	75	noun	6917
сад	75	noun	6918
олоогүй	75	noun	6919
далайчин	75	noun	6920
тунхаглаж	75	noun	6921
уламжлан	75	noun	6922
татагдаж	75	noun	6923
говьсүмбэр	75	noun	6924
ман	75	noun	6925
бэсрэг	75	noun	6926
нүсэр	75	noun	6927
байгууллагаар	75	noun	6928
цайр	75	noun	6929
боссон	75	noun	6930
дов	75	noun	6931
наслалт	75	noun	6932
хувирах	75	verb	6933
төмөрлөгийн	75	noun	6934
монгол-зөвлөлтийн	75	noun	6935
пеннсилвани	75	noun	6936
салган	75	noun	6937
бнасау-ын	75	noun	6938
тушаасан	75	noun	6939
буудлага	75	noun	6940
сурвалжит	75	noun	6941
тодруулж	75	noun	6942
нэмэгдэн	75	noun	6943
бишрэлт	75	noun	6944
асуусан	75	noun	6945
вилхелм	75	noun	6946
шилжив	75	noun	6947
ерөөлт	75	noun	6948
большой	75	noun	6949
бобби	75	noun	6950
дэгдээхэй	75	noun	6951
алагдаж	75	noun	6952
ургалтын	75	noun	6953
гоолдож	75	noun	6954
астра	75	noun	6955
харгана	75	noun	6956
өнө	75	noun	6957
саксон	75	noun	6958
мөнххайрхан	75	noun	6959
буудах	75	verb	6960
хороох	75	verb	6961
мерседес	75	noun	6962
хоккей	75	noun	6963
пуччини	75	noun	6964
чөтгөр	75	noun	6965
самара	75	noun	6966
дэвжээ	75	noun	6967
зохиогдох	75	verb	6968
цэн	75	noun	6969
чулуунбат	75	noun	6970
санаачлага	75	noun	6971
барилдах	75	verb	6972
молибден	75	noun	6973
стефен	75	noun	6974
чөмөг	75	noun	6975
нафталин	75	noun	6976
зонхилон	74	noun	6977
сагил	74	noun	6978
батзориг	74	noun	6979
элсэлтийн	74	noun	6980
монос	74	noun	6981
горькийн	74	noun	6982
төрүүлдэг	74	noun	6983
аваачиж	74	noun	6984
төсөөтэй	74	noun	6985
үрээ	74	noun	6986
замаг	74	noun	6987
бернард	74	noun	6988
зэвсэглэлд	74	noun	6989
нефть	74	noun	6990
салаалсан	74	noun	6991
бариад	74	noun	6992
ширэнгэн	74	noun	6993
парагвайн	74	noun	6994
үүлдэр	74	noun	6995
сэтгэлзүйн	74	noun	6996
тавив	74	noun	6997
шекспирийн	74	noun	6998
шекспир	74	noun	6999
ташаа	74	noun	7000
даран	74	noun	7001
нм	74	noun	7002
бүслэгдсэн	74	noun	7003
фазын	74	noun	7004
бүртгэсэн	74	noun	7005
тбилиси	74	noun	7006
гарсиа	74	noun	7007
монг	74	noun	7008
донецк	74	noun	7009
абай	74	noun	7010
аймшгийн	74	noun	7011
засуул	74	noun	7012
сүмоч	74	noun	7013
олимпиакос	74	noun	7014
институцийн	74	noun	7015
уэйд	74	noun	7016
талархал	74	noun	7017
рязань	74	noun	7018
аляска	74	noun	7019
токен	74	noun	7020
нелсон	74	noun	7021
турин	74	noun	7022
камерун	74	noun	7023
матар	74	noun	7024
ферм	74	noun	7025
эзлэгдэж	74	noun	7026
вилсон	74	noun	7027
цомнол	74	noun	7028
тоосго	74	noun	7029
зэвсэглэл	74	noun	7030
лицей	74	noun	7031
ворошилов	74	noun	7032
роулинг	74	noun	7033
бүслүүр	74	noun	7034
чехов	74	noun	7035
төлөвшүүлэх	74	verb	7036
стресс	74	noun	7037
сэтгэх	74	verb	7038
удирдамж	74	noun	7039
өвөлжих	74	verb	7040
тасалгаа	74	noun	7041
балетчин	73	noun	7042
гүйцэтгэн	73	noun	7043
хучилттай	73	noun	7044
ливи	73	noun	7045
шаргуу	73	noun	7046
ирүүлсэн	73	noun	7047
хамаарагдана	73	noun	7048
хэсэгчилсэн	73	noun	7049
томхон	73	noun	7050
эргэлзээтэй	73	noun	7051
томпсон	73	noun	7052
цөмрөн	73	noun	7053
оргон	73	noun	7054
оврын	73	noun	7055
эвдэрч	73	noun	7056
кинетик	73	noun	7057
сайжруулан	73	noun	7058
болгоомжтой	73	noun	7059
лю	73	noun	7060
жагсаав	73	noun	7061
даншигт	73	noun	7062
тухтай	73	noun	7063
муухай	73	noun	7064
дэбют	73	noun	7065
девид	73	noun	7066
шалгарчээ	73	noun	7067
клемент	73	noun	7068
андуурч	73	noun	7069
монгол-оросын	73	noun	7070
хайнрих	73	verb	7071
дува	73	noun	7072
бела	73	noun	7073
кёнги	73	noun	7074
бундеслиг	73	noun	7075
анимэ	73	noun	7076
рдт	73	noun	7077
тоорой	73	noun	7078
паркер	73	noun	7079
сонсгол	73	noun	7080
цагадай	73	noun	7081
баяндэлгэр	73	noun	7082
бямбажав	73	noun	7083
эзэгтэй	73	noun	7084
түрк	73	noun	7085
харайлт	73	noun	7086
цоорхой	73	noun	7087
чулуунбаатар	73	noun	7088
рагчаа	73	noun	7089
неаполь	73	noun	7090
свич	73	noun	7091
зохицол	73	noun	7092
шидтэн	73	noun	7093
гёте	73	noun	7094
зиндаа	73	noun	7095
автоматжуулалт	73	noun	7096
азарга	73	noun	7097
хэлтэн	72	noun	7098
нэмэгдсээр	72	noun	7099
элгэн	72	noun	7100
бошигт	72	noun	7101
цолмон	72	noun	7102
тэсвэр	72	noun	7103
бэхлэгдсэн	72	noun	7104
кодлогдсон	72	noun	7105
гавлын	72	noun	7106
тооцоолон	72	noun	7107
ядаж	72	noun	7108
харваж	72	noun	7109
хүлээгдэж	72	noun	7110
дөхөж	72	noun	7111
саймон	72	noun	7112
хуулиа	72	noun	7113
орчуулан	72	noun	7114
пропорциональ	72	noun	7115
луизиана	72	noun	7116
геномын	72	noun	7117
нүб-ийн	72	noun	7118
муза	72	noun	7119
чөлөөлөв	72	noun	7120
асеан	72	noun	7121
тэрбумтан	72	noun	7122
цугларсан	72	noun	7123
залсан	72	noun	7124
боинг	72	noun	7125
татьяна	72	noun	7126
пан	72	noun	7127
рик	72	noun	7128
франс	72	noun	7129
болонья	72	noun	7130
даах	72	verb	7131
хул	72	noun	7132
баттөмөр	72	noun	7133
оршуулга	72	noun	7134
хөвүүд	72	noun	7135
гантөмөр	72	noun	7136
оношилгоо	72	noun	7137
брокер	72	noun	7138
ачаалах	72	verb	7139
сигнал	72	noun	7140
монро	72	noun	7141
олдман	72	noun	7142
продакшн	72	noun	7143
эва	72	noun	7144
гажилт	72	noun	7145
пүрэвжав	72	noun	7146
спектр	72	noun	7147
цацрал	72	noun	7148
тоглуулах	72	verb	7149
батарей	72	noun	7150
ча	72	noun	7151
жарны	71	noun	7152
гурванбулаг	71	noun	7153
тодорчээ	71	noun	7154
оюунчимэг	71	noun	7155
илрүүлэн	71	noun	7156
гоор	71	noun	7157
хоёрхон	71	noun	7158
тохиосон	71	noun	7159
саармаг	71	noun	7160
хөдөлгөгч	71	noun	7161
эрлийз	71	noun	7162
шалган	71	noun	7163
чимэглэсэн	71	noun	7164
холилдсон	71	noun	7165
байгууламжид	71	noun	7166
ноёрхлын	71	noun	7167
фифа-гийн	71	noun	7168
тбб	71	noun	7169
тоглон	71	noun	7170
импортын	71	noun	7171
сөөг	71	noun	7172
насалсан	71	noun	7173
эко	71	noun	7174
наталья	71	noun	7175
шидэт	71	noun	7176
эмнести	71	noun	7177
таагүй	71	noun	7178
роналд	71	noun	7179
красноярск	71	noun	7180
ник	71	noun	7181
шүлтлэг	71	noun	7182
фиат	71	noun	7183
цагаатгасан	71	noun	7184
ятгын	71	noun	7185
лукас	71	noun	7186
ивуарын	71	noun	7187
редакцийн	71	noun	7188
чечений	71	noun	7189
интер	71	noun	7190
номинацид	71	noun	7191
мисс	71	noun	7192
таваг	71	noun	7193
курд	71	noun	7194
казимир	71	noun	7195
гончигсумлаа	71	noun	7196
бүсэлж	71	noun	7197
хүй	71	noun	7198
эрдэнэцогт	71	noun	7199
бүтээгдэж	71	noun	7200
манж-го	71	noun	7201
статемент	71	noun	7202
сургамж	71	noun	7203
маркос	71	noun	7204
зая	71	noun	7205
нярай	71	noun	7206
хөөр	71	noun	7207
түвдийн	70	noun	7208
мэдрэхүйн	70	noun	7209
сүсэгтэн	70	noun	7210
сайжирсан	70	noun	7211
найдан	70	noun	7212
глобал	70	noun	7213
яв	70	noun	7214
судалжээ	70	noun	7215
реалити	70	noun	7216
тэмээчин	70	noun	7217
пунцаг	70	noun	7218
нутагтан	70	noun	7219
клиникийн	70	noun	7220
сайншанд	70	noun	7221
онцгойлон	70	noun	7222
бичин	70	noun	7223
устган	70	noun	7224
зарцуулж	70	noun	7225
нэрлэн	70	noun	7226
хариуцлагын	70	noun	7227
хайрлаж	70	noun	7228
нарынхаа	70	noun	7229
оуох-ны	70	noun	7230
сод	70	noun	7231
махбодын	70	noun	7232
чимэд	70	noun	7233
бенито	70	noun	7234
вермахтын	70	noun	7235
алдагдаж	70	noun	7236
орхижээ	70	noun	7237
уншлагын	70	noun	7238
торлог	70	noun	7239
шагнуулж	70	noun	7240
тааруу	70	noun	7241
хөтөлсөн	70	noun	7242
фосфат	70	noun	7243
аспирантурт	70	noun	7244
хэвтэж	70	noun	7245
вера	70	noun	7246
мэтчилэн	70	noun	7247
аварсан	70	noun	7248
сара	70	noun	7249
орлон	70	noun	7250
дүрсэлдэг	70	noun	7251
дээрэмчид	70	noun	7252
саид	70	noun	7253
тбилисийн	70	noun	7254
дун	70	noun	7255
ялзмагийн	70	noun	7256
шувтаргын	70	noun	7257
скан	70	noun	7258
стерлингээр	70	noun	7259
сошиал	70	noun	7260
кингз	70	noun	7261
дэл	70	noun	7262
линк	70	noun	7263
баярхүү	70	noun	7264
мягмарсүрэн	70	noun	7265
лог	70	noun	7266
тэтгэсэн	70	noun	7267
рачневский	70	noun	7268
дэбүт	70	noun	7269
монополь	70	noun	7270
бухарест	70	noun	7271
эрдэнэбилэг	70	noun	7272
ги	70	noun	7273
дух	70	verb	7274
рейган	70	noun	7275
бактер	70	noun	7276
массачусетс	70	noun	7277
ажиллагсад	70	noun	7278
такси	70	noun	7279
регистр	70	noun	7280
наах	70	verb	7281
дэндэвийн	69	noun	7282
барилгачин	69	noun	7283
зундуйн	69	noun	7284
бүртгэгджээ	69	noun	7285
хуваагдлын	69	noun	7286
малчид	69	noun	7287
шутис-ийн	69	noun	7288
дашдорж	69	noun	7289
жүдочин	69	noun	7290
эрхэмлэн	69	noun	7291
шинжлэн	69	noun	7292
хариулж	69	noun	7293
хадгалагдах	69	verb	7294
хөөрхөн	69	noun	7295
амьжиргааны	69	noun	7296
суларч	69	noun	7297
хүртээд	69	noun	7298
хөврөлийн	69	noun	7299
мэдэрсэн	69	noun	7300
сувдан	69	noun	7301
фельдмаршал	69	noun	7302
курт	69	noun	7303
консерватори	69	noun	7304
орган	69	noun	7305
суурьшин	69	noun	7306
шатах	69	verb	7307
свердловск	69	noun	7308
боргоцой	69	noun	7309
уншлага	69	noun	7310
зочилж	69	noun	7311
рон	69	noun	7312
тамын	69	noun	7313
валерий	69	noun	7314
төлдөг	69	noun	7315
бурхдын	69	noun	7316
өмнөдэлгэр	69	noun	7317
керамик	69	noun	7318
арбитрын	69	noun	7319
угсрах	69	verb	7320
өвөлждөг	69	noun	7321
алуулсан	69	noun	7322
вилли	69	noun	7323
расинг	69	noun	7324
нью-орлеан	69	noun	7325
парма	69	noun	7326
эукариот	69	noun	7327
месси	69	noun	7328
жадамбаа	69	noun	7329
воронеж	69	noun	7330
бэлтгэгдэж	69	noun	7331
чойдог	69	noun	7332
юү	69	noun	7333
энэтхэг-европ	69	noun	7334
шифрлэлт	69	noun	7335
солигдох	69	verb	7336
секс	69	noun	7337
николаев	69	noun	7338
гүү	69	noun	7339
хүнцэл	69	noun	7340
ялагдах	69	verb	7341
бүтээсэн	69	noun	7342
гүйцэх	69	verb	7343
хярс	68	noun	7344
чадвал	68	noun	7345
өргөмжлөн	68	noun	7346
коммунизмын	68	noun	7347
тасалж	68	noun	7348
зогсонги	68	noun	7349
дэвшүүлэн	68	noun	7350
ёроолд	68	noun	7351
цагааннуур	68	noun	7352
чонын	68	noun	7353
шалтгаалдаг	68	noun	7354
тоолж	68	noun	7355
интеграл	68	noun	7356
история	68	noun	7357
тахин	68	noun	7358
хийлгэсэн	68	noun	7359
бардам	68	noun	7360
дурдах	68	verb	7361
тэтгэж	68	noun	7362
гүнзгийрүүлсэн	68	noun	7363
гадуурх	68	verb	7364
хбнгу	68	noun	7365
батбаатар	68	noun	7366
босч	68	noun	7367
мхзэ-ийн	68	noun	7368
авхай	68	noun	7369
ён	68	noun	7370
макбет	68	noun	7371
тээвэрлэлтийн	68	noun	7372
шүүгч	68	noun	7373
халамжийн	68	noun	7374
дурлаж	68	noun	7375
ажиллан	68	noun	7376
хүмүүжлийн	68	noun	7377
болтугай	68	noun	7378
мөнхөлсөн	68	noun	7379
артерийн	68	noun	7380
уртавтар	68	noun	7381
пионерын	68	noun	7382
хадгалалт	68	noun	7383
цска	68	noun	7384
өдөөж	68	noun	7385
жао	68	noun	7386
сезар	68	noun	7387
сагсанбөмбөгч	68	noun	7388
бангкок	68	noun	7389
доо	68	noun	7390
анатоми	68	noun	7391
туркестан	68	noun	7392
саратов	68	noun	7393
мери	68	noun	7394
эргүүлэх	68	verb	7395
намнансүрэн	68	noun	7396
гданьск	68	noun	7397
янь	68	noun	7398
фрайбург	68	noun	7399
вавилон	68	noun	7400
билиг	68	noun	7401
фараон	68	noun	7402
цэвдэг	68	noun	7403
түм	68	noun	7404
декан	68	noun	7405
нитрат	68	noun	7406
шифрлэх	68	verb	7407
нэхэмжлэл	68	noun	7408
сэв	68	noun	7409
түгэн	67	noun	7410
эрдэнэбулган	67	noun	7411
жимсгэнэ	67	noun	7412
орчуулбал	67	noun	7413
төгсөв	67	noun	7414
санаачилж	67	noun	7415
тунхаглан	67	noun	7416
баяннуур	67	noun	7417
энхтуяа	67	noun	7418
ану-н	67	noun	7419
батлагдаж	67	noun	7420
өдөөн	67	noun	7421
хэлмэгдэгч	67	noun	7422
нэгдэв	67	noun	7423
хичээсэн	67	noun	7424
даяарх	67	verb	7425
мехмед	67	noun	7426
гүехэн	67	noun	7427
андерсон	67	noun	7428
заларсан	67	noun	7429
тасарсан	67	noun	7430
эдгар	67	noun	7431
авсаархан	67	noun	7432
асууж	67	noun	7433
нэрэлдэг	67	noun	7434
боливи	67	noun	7435
танигдаж	67	noun	7436
мөнөөх	67	verb	7437
гамлет	67	noun	7438
йозеф	67	noun	7439
жилийнхээ	67	noun	7440
бодлогоо	67	noun	7441
фосфатын	67	noun	7442
хочит	67	noun	7443
дуусгаад	67	noun	7444
орвол	67	noun	7445
тэгэхэд	67	noun	7446
барри	67	noun	7447
цинь	67	noun	7448
хаалгаа	67	noun	7449
балархай	67	noun	7450
хэвлэгдэв	67	noun	7451
хадгалсаар	67	noun	7452
мюзикл	67	noun	7453
бэлд	67	noun	7454
мм-ийн	67	noun	7455
тоглов	67	noun	7456
олгов	67	noun	7457
тандер	67	noun	7458
сопрано	67	noun	7459
хамгаалагчид	67	noun	7460
филармонийн	67	noun	7461
эмхэтгэсэн	67	noun	7462
теннесси	67	noun	7463
паралимпын	67	noun	7464
спортинг	67	noun	7465
замналынхаа	67	noun	7466
зээллэгээр	67	noun	7467
линкин	67	noun	7468
гараалж	67	noun	7469
шянь	67	noun	7470
баяжмал	67	noun	7471
микеланжело	67	noun	7472
гансүх	67	verb	7473
цэрэнчимэд	67	noun	7474
бадамдорж	67	noun	7475
халамж	67	noun	7476
тэтчер	67	noun	7477
аугсбург	67	noun	7478
мёнхенгладбах	67	verb	7479
сонор	67	noun	7480
сэрээтэр	67	noun	7481
бетховен	67	noun	7482
бумба	67	noun	7483
глицин	67	noun	7484
байгалиас	67	noun	7485
когурё	67	noun	7486
глазго	67	noun	7487
конус	67	noun	7488
хөшиг	67	noun	7489
төмөр-очир	67	noun	7490
яр	67	noun	7491
телеграф	67	noun	7492
нуух	67	verb	7493
дум	67	noun	7494
бишрэл	67	noun	7495
плит	67	noun	7496
ойлгуулах	67	verb	7497
биес	67	noun	7498
астана	66	noun	7499
дуулжээ	66	noun	7500
борлуулсан	66	noun	7501
чойр	66	noun	7502
жалханз	66	noun	7503
бололцоог	66	noun	7504
эрдэнэбүрэн	66	noun	7505
идэвхжил	66	noun	7506
эмпирик	66	noun	7507
номун	66	noun	7508
тариачид	66	noun	7509
хөтөлж	66	noun	7510
коминтерний	66	noun	7511
нотолсон	66	noun	7512
маллаж	66	noun	7513
ока	66	noun	7514
хинду	66	noun	7515
олдож	66	noun	7516
хөөсөн	66	noun	7517
ирээгүй	66	noun	7518
боловсорсон	66	noun	7519
нефтийн	66	noun	7520
амрах	66	verb	7521
буцжээ	66	noun	7522
бналау-ын	66	noun	7523
сорин	66	noun	7524
завсарлага	66	noun	7525
карло	66	noun	7526
дайчлан	66	noun	7527
очив	66	noun	7528
хичээллэдэг	66	noun	7529
шатаж	66	noun	7530
татгалзжээ	66	noun	7531
жужаны	66	noun	7532
танзани	66	noun	7533
абдул	66	noun	7534
тайшир	66	noun	7535
доминик	66	noun	7536
өндгөн	66	noun	7537
ашт-ээс	66	noun	7538
виктория	66	noun	7539
моторс	66	noun	7540
уолт	66	noun	7541
бишкек	66	noun	7542
давааням	66	noun	7543
жэй	66	noun	7544
бохеми	66	noun	7545
хянган	66	noun	7546
хамаарагдах	66	verb	7547
ирүүлж	66	noun	7548
гэрэлтүүлэг	66	noun	7549
хиргисүүр	66	noun	7550
нямдаваа	66	noun	7551
өмчлөх	66	verb	7552
интернационал	66	noun	7553
даймлер	66	noun	7554
геном	66	noun	7555
орегон	66	noun	7556
сайр	66	noun	7557
ереван	66	noun	7558
бодлогууд	66	noun	7559
колоничлол	66	noun	7560
метаболизм	66	noun	7561
хүндээр	66	noun	7562
эмгэнэл	66	noun	7563
хувьчлал	66	noun	7564
ордос	65	noun	7565
үүлдрийн	65	noun	7566
захчин	65	noun	7567
бөхмөрөн	65	noun	7568
эмгэн	65	noun	7569
үгүйсгэж	65	noun	7570
дүрсэлжээ	65	noun	7571
хаажээ	65	noun	7572
оролцуулаад	65	noun	7573
барав	65	noun	7574
загалмайлсан	65	noun	7575
үрэгдэж	65	noun	7576
дуусгажээ	65	noun	7577
шорон	65	noun	7578
авхаалж	65	noun	7579
мөнхбаяр	65	noun	7580
мельбурны	65	noun	7581
боолчлолыг	65	noun	7582
уитни	65	noun	7583
юн	65	noun	7584
мали	65	noun	7585
магнийн	65	noun	7586
эзлээд	65	noun	7587
тааламжтай	65	noun	7588
хуурмаг	65	noun	7589
жонатан	65	noun	7590
нэхмэлийн	65	noun	7591
тушаажээ	65	noun	7592
есөнтөмөр	65	noun	7593
франческо	65	noun	7594
хөлтөн	65	noun	7595
женерал	65	noun	7596
ярьжээ	65	noun	7597
аллагын	65	noun	7598
шалгаруулалтад	65	noun	7599
дүүгүүр	65	noun	7600
албаа	65	noun	7601
шумахер	65	noun	7602
гимнастикч	65	noun	7603
грэмми	65	noun	7604
каунти	65	noun	7605
магнайлан	65	noun	7606
ноолуур	65	noun	7607
силикат	65	noun	7608
коннектикут	65	noun	7609
ботго	65	noun	7610
бэлдэх	65	verb	7611
ээлжинд	65	noun	7612
овгийнхон	65	noun	7613
хахууль	65	noun	7614
шидэх	65	verb	7615
хд	65	noun	7616
ивуар	65	noun	7617
халхгол	65	noun	7618
хэрэгжих	65	verb	7619
зааварчилгаа	65	noun	7620
бүрэлдхүүн	65	noun	7621
хялгана	65	noun	7622
тэргүүтэн	65	noun	7623
потанин	65	noun	7624
коммунизм	65	noun	7625
эдисон	65	noun	7626
ааш	65	noun	7627
брукнер	65	noun	7628
авирмэд	65	noun	7629
үдэшлэг	65	noun	7630
либерализм	65	noun	7631
зоог	65	noun	7632
сэлэлт	65	noun	7633
лий	65	noun	7634
хай	65	noun	7635
баригджээ	64	noun	7636
сарантуяа	64	noun	7637
чойнхор	64	noun	7638
буурчээ	64	noun	7639
чацаргана	64	noun	7640
эрдэнэхүү	64	noun	7641
сомали	64	noun	7642
хүсвэл	64	noun	7643
сувиллын	64	noun	7644
дашзэвэгийн	64	noun	7645
батхуяг	64	noun	7646
тэрчлэн	64	noun	7647
натурал	64	noun	7648
компаниа	64	noun	7649
ордосын	64	noun	7650
нөгчжээ	64	noun	7651
цагаачилсан	64	noun	7652
хүслэн	64	noun	7653
биетэн	64	noun	7654
унтаж	64	noun	7655
байгуулаад	64	noun	7656
пионер	64	noun	7657
эмнэлзүйн	64	noun	7658
суис-ийн	64	noun	7659
хуудсан	64	noun	7660
чиглэж	64	noun	7661
хангалуун	64	noun	7662
лагерьт	64	noun	7663
алтангадас	64	noun	7664
загреб	64	noun	7665
биширч	64	noun	7666
юмжаагийн	64	noun	7667
баасандорж	64	noun	7668
зурхайн	64	noun	7669
эвдэх	64	verb	7670
владимирович	64	noun	7671
эмээлийн	64	noun	7672
сицилийн	64	noun	7673
монгол-хятадын	64	noun	7674
шхаб-ын	64	noun	7675
эрнест	64	noun	7676
бүлийнхээ	64	noun	7677
жаргалан	64	noun	7678
санкт	64	noun	7679
терри	64	noun	7680
винсент	64	noun	7681
цайрын	64	noun	7682
сонсголын	64	noun	7683
санс	64	noun	7684
чеченийн	64	noun	7685
жинь	64	noun	7686
аарон	64	noun	7687
универсиадын	64	noun	7688
теннисч	64	noun	7689
хонда	64	noun	7690
хокс	64	noun	7691
филологийн	64	noun	7692
саами	64	noun	7693
гүррагчаа	64	noun	7694
нягтшил	64	noun	7695
тэмүүжин	64	noun	7696
феминизм	64	noun	7697
өгөөмөр	64	noun	7698
хурга	64	noun	7699
хотгойд	64	noun	7700
жангар	64	noun	7701
батиста	64	noun	7702
померан	64	noun	7703
горлос	64	noun	7704
шаахай	64	noun	7705
суулга	64	noun	7706
сэлт	64	noun	7707
уучлал	64	noun	7708
буг	64	noun	7709
алхах	64	verb	7710
бэлэглэж	64	noun	7711
вагнер	64	noun	7712
үеийнх	64	verb	7713
дашт-ний	63	noun	7714
ринчинбазар	63	noun	7715
эрдэнэбаатар	63	noun	7716
кг-ын	63	noun	7717
ялан	63	noun	7718
орлож	63	noun	7719
самдан	63	noun	7720
модлог	63	noun	7721
хэвлээр	63	noun	7722
чойрын	63	noun	7723
баримталсан	63	noun	7724
хуушуур	63	noun	7725
байршуулсан	63	noun	7726
бодь	63	noun	7727
мобиком	63	noun	7728
угсарсан	63	noun	7729
хэмнэлт	63	noun	7730
зорин	63	noun	7731
уламжлагдан	63	noun	7732
ухарсан	63	noun	7733
бөмбөгдөж	63	noun	7734
түрэмгийллийн	63	noun	7735
дал	63	noun	7736
сантиметр	63	noun	7737
сунгаж	63	noun	7738
урилга	63	noun	7739
вебсайт	63	noun	7740
хулгайлсан	63	noun	7741
хороололд	63	noun	7742
илэрхийлэн	63	noun	7743
эмээл	63	noun	7744
хэнри	63	noun	7745
сан-паулу	63	noun	7746
жеффри	63	noun	7747
өргөмжит	63	noun	7748
вьет	63	noun	7749
кихот	63	noun	7750
цэвээнравдан	63	noun	7751
гимнастикийн	63	noun	7752
билли	63	noun	7753
фриц	63	noun	7754
псв	63	noun	7755
вулверхэмптон	63	noun	7756
херта	63	noun	7757
марвелийн	63	noun	7758
барсболд	63	noun	7759
хүйстэн	63	noun	7760
тоолох	63	verb	7761
уусгах	63	verb	7762
оспаны	63	noun	7763
уйгар	63	noun	7764
тэйлор	63	noun	7765
финлянд	63	noun	7766
чернигов	63	noun	7767
дөргөн	63	noun	7768
истанбул	63	noun	7769
бали	63	noun	7770
мэрилэнд	63	noun	7771
барокко	63	noun	7772
хулганы	63	noun	7773
удмынхан	63	noun	7774
ёл	63	noun	7775
олгой	63	noun	7776
буур	63	noun	7777
хром	63	noun	7778
оношлох	63	verb	7779
фракц	63	noun	7780
гажиг	63	noun	7781
гуйх	63	verb	7782
гаргалт	63	noun	7783
масштаб	63	noun	7784
явцуу	62	noun	7785
хөгжин	62	noun	7786
жанцанноров	62	noun	7787
дүгэрийн	62	noun	7788
найдангийн	62	noun	7789
монголбанкны	62	noun	7790
суусар	62	noun	7791
кг-ийн	62	noun	7792
өнөр	62	noun	7793
дэлгэрхаан	62	noun	7794
өргөтгөн	62	noun	7795
теннис	62	noun	7796
аймшигтай	62	noun	7797
ажиглагдсан	62	noun	7798
сурталчилж	62	noun	7799
харъяанд	62	noun	7800
аудитын	62	noun	7801
алийг	62	noun	7802
сэлгээгээр	62	noun	7803
жефф	62	noun	7804
хавьгүй	62	noun	7805
гаас	62	noun	7806
армиа	62	noun	7807
хүчнийхэн	62	noun	7808
дүүрсэн	62	noun	7809
бүжгэн	62	noun	7810
хамруулан	62	noun	7811
цуглуулгын	62	noun	7812
довтолжээ	62	noun	7813
зохисгүй	62	noun	7814
дуудагдаж	62	noun	7815
отелло	62	noun	7816
бэлэглэсэн	62	noun	7817
шаварлаг	62	noun	7818
дээрэмчин	62	noun	7819
өргөдөг	62	noun	7820
стерлингийн	62	noun	7821
рок-н	62	noun	7822
ашиглажээ	62	noun	7823
тенор	62	noun	7824
ургамлан	62	noun	7825
дугуйланд	62	noun	7826
энрике	62	noun	7827
арканзас	62	noun	7828
иванов	62	noun	7829
томаш	62	noun	7830
номгон	62	noun	7831
шүргэх	62	verb	7832
павлов	62	noun	7833
баруунтуруун	62	noun	7834
еврази	62	noun	7835
бел	62	noun	7836
цэвэршүүлэх	62	verb	7837
жулиа	62	noun	7838
хамгаалагч	62	noun	7839
жигжидсүрэн	62	noun	7840
ноёлох	62	verb	7841
хуримтлуулах	62	verb	7842
романтизм	62	noun	7843
митоз	62	noun	7844
оноох	62	verb	7845
аврал	62	noun	7846
өс	62	noun	7847
там	62	noun	7848
үнэлэмж	62	noun	7849
ра	62	noun	7850
мандат	62	noun	7851
гандантэгчэнлин	61	noun	7852
зарлага	61	noun	7853
чимэдийн	61	noun	7854
төвлөрөн	61	noun	7855
өө	61	noun	7856
антуан	61	noun	7857
хийсээр	61	noun	7858
др	61	noun	7859
пост	61	noun	7860
хулгайч	61	noun	7861
нөхөж	61	noun	7862
багасах	61	verb	7863
бодлогоор	61	noun	7864
есүхэй	61	noun	7865
гренландын	61	noun	7866
гэлцдэг	61	noun	7867
тойруулан	61	noun	7868
алабама	61	noun	7869
сүүлийнх	61	verb	7870
алдаршиж	61	noun	7871
биотехнологи	61	noun	7872
түншлэлийн	61	noun	7873
лютер	61	noun	7874
ороож	61	noun	7875
хорионд	61	noun	7876
версалийн	61	noun	7877
багасаж	61	noun	7878
теле	61	noun	7879
настан	61	noun	7880
оак	61	noun	7881
уушигны	61	noun	7882
абсолют	61	noun	7883
хасарын	61	noun	7884
урин	61	noun	7885
людмила	61	noun	7886
компакт	61	noun	7887
эдип	61	noun	7888
өдөөгч	61	noun	7889
валентина	61	noun	7890
хандлагын	61	noun	7891
босгон	61	noun	7892
албаныхан	61	noun	7893
пэйсерс	61	noun	7894
мутаци	61	noun	7895
оу-ын	61	noun	7896
бтр	61	noun	7897
өргөв	61	noun	7898
мормоны	61	noun	7899
хэрэгжилтийг	61	noun	7900
триллер	61	noun	7901
серие	61	noun	7902
вилл	61	noun	7903
вильярреал	61	noun	7904
уизардс	61	noun	7905
идэвхжүүлдэг	61	noun	7906
ацетил-коа	61	noun	7907
хэрэглэгдэхүүн	61	noun	7908
цөс	61	noun	7909
индианчууд	61	noun	7910
дэлбэлж	61	noun	7911
хануй	61	noun	7912
дамдинбазар	61	noun	7913
баян-өнжүүл	61	noun	7914
хумхаа	61	noun	7915
плазма	61	noun	7916
гунгаа	61	noun	7917
хагалгаа	61	noun	7918
амьсгаа	61	noun	7919
того	61	noun	7920
төвлөрүүлэх	61	verb	7921
гватемал	61	noun	7922
тээрэм	61	noun	7923
ом	61	noun	7924
леопольд	61	noun	7925
стек	61	noun	7926
функцүүд	61	noun	7927
биелэл	61	noun	7928
аялгаар	60	noun	7929
өгийнуур	60	noun	7930
хувирчээ	60	noun	7931
суннит	60	noun	7932
банчин	60	noun	7933
шолой	60	noun	7934
биохими	60	noun	7935
гээр	60	noun	7936
угсралт	60	noun	7937
уулан	60	noun	7938
агшин	60	noun	7939
хэмнэлттэй	60	noun	7940
философийг	60	noun	7941
могол	60	noun	7942
эмхлэн	60	noun	7943
нийтлүүлсэн	60	noun	7944
цаазлагдсан	60	noun	7945
туслалцах	60	verb	7946
шаарджээ	60	noun	7947
тамил	60	noun	7948
харуулан	60	noun	7949
саддам	60	noun	7950
нотолж	60	noun	7951
чамин	60	noun	7952
дүүжин	60	noun	7953
хожигдож	60	noun	7954
хаясан	60	noun	7955
лимузин	60	noun	7956
агт	60	noun	7957
сүйрч	60	noun	7958
золиос	60	noun	7959
танай	60	noun	7960
заалдах	60	verb	7961
гуравдахь	60	noun	7962
элсүүлэн	60	noun	7963
цэцэглэлтийн	60	noun	7964
буцлах	60	verb	7965
төгсдөг	60	noun	7966
харрис	60	noun	7967
надежда	60	noun	7968
өргөмөл	60	noun	7969
хенрик	60	noun	7970
жэйн	60	noun	7971
тоорил	60	noun	7972
сономын	60	noun	7973
чиглэгддэг	60	noun	7974
гаар	60	noun	7975
идэштэн	60	noun	7976
ливийн	60	noun	7977
жюль	60	noun	7978
мак	60	noun	7979
алматы	60	noun	7980
ах-ын	60	noun	7981
бенфика	60	noun	7982
хэммингийн	60	noun	7983
пэлас	60	noun	7984
улз	60	noun	7985
цуурай	60	noun	7986
энхсайхан	60	noun	7987
инд	60	noun	7988
сицили	60	noun	7989
зуурмаг	60	noun	7990
тохируулга	60	noun	7991
танилцах	60	verb	7992
шохой	60	noun	7993
драйвер	60	noun	7994
өргөс	60	noun	7995
тодотгол	60	noun	7996
модел	60	noun	7997
гадар	60	noun	7998
чой	60	noun	7999
бари	60	noun	8000
тууш	60	noun	8001
сорох	60	verb	8002
үсрэх	60	verb	8003
тайлбарлажээ	59	noun	8004
энхжаргал	59	noun	8005
муаж	59	noun	8006
амартүвшин	59	noun	8007
жагсдаг	59	noun	8008
шалтгаалсан	59	noun	8009
интерактив	59	noun	8010
хуулж	59	noun	8011
дарааллан	59	noun	8012
үүнийхээ	59	noun	8013
хүсэн	59	noun	8014
палеонтологийн	59	noun	8015
ньютон	59	noun	8016
нэмэгдэл	59	noun	8017
зурган	59	noun	8018
явуулав	59	noun	8019
польш-литвын	59	noun	8020
арктикийн	59	noun	8021
бейсболын	59	noun	8022
иосеф	59	noun	8023
угтаж	59	noun	8024
желал	59	noun	8025
вакуум	59	noun	8026
плазмын	59	noun	8027
итгэмжлэх	59	verb	8028
ду	59	noun	8029
хэмнэх	59	verb	8030
зиндаанд	59	noun	8031
оху-аас	59	noun	8032
мэдэрдэг	59	noun	8033
финалын	59	noun	8034
урагшлах	59	verb	8035
хавьер	59	noun	8036
суматра	59	noun	8037
мүэ-ийн	59	noun	8038
техникумд	59	noun	8039
буэнос-айрес	59	noun	8040
толгойлж	59	noun	8041
лимбэ	59	noun	8042
деннис	59	noun	8043
ломоносовын	59	noun	8044
маршаллын	59	noun	8045
вальтер	59	noun	8046
нийтэлдэг	59	noun	8047
себастиан	59	noun	8048
асуудлаарх	59	verb	8049
херцог	59	noun	8050
хуаранд	59	noun	8051
орогнол	59	noun	8052
хандивласан	59	noun	8053
лаврын	59	noun	8054
спёрс	59	noun	8055
батсүрэн	59	noun	8056
висконсин	59	noun	8057
невада	59	noun	8058
феминист	59	noun	8059
туршлагаас	59	noun	8060
катализатор	59	noun	8061
роттердам	59	noun	8062
татам	59	noun	8063
мүонр	59	noun	8064
хуаран	59	noun	8065
харан	59	noun	8066
квебек	59	noun	8067
суринам	59	noun	8068
пикассо	59	noun	8069
фирм	59	noun	8070
дашдаваа	59	noun	8071
гоголь	59	noun	8072
дубай	59	noun	8073
зэм	59	noun	8074
тверь	59	noun	8075
цайдам	59	noun	8076
хэлэгдэх	59	verb	8077
им	59	noun	8078
нүүлгэж	59	noun	8079
намсрайжав	59	noun	8080
жаргах	59	verb	8081
калининград	59	noun	8082
хэмээгдэх	59	verb	8083
түрэмгийлэгчид	59	noun	8084
фтор	59	noun	8085
удамших	59	verb	8086
уртасгах	59	verb	8087
сүв	59	noun	8088
ак	59	noun	8089
хөрвөх	58	verb	8090
хойноо	58	noun	8091
сургааль	58	noun	8092
төвшнөөс	58	noun	8093
хулд	58	noun	8094
нуруутан	58	noun	8095
гэхчлэн	58	noun	8096
хэрэглэсээр	58	noun	8097
үүсгүүр	58	noun	8098
мориор	58	noun	8099
удвал	58	noun	8100
майхан	58	noun	8101
цөлөрхөг	58	noun	8102
эрэлхийлж	58	noun	8103
эргүнэ	58	noun	8104
хэрэгсэхгүй	58	noun	8105
гувчуур	58	noun	8106
давжээ	58	noun	8107
оролдлогыг	58	noun	8108
туркестаны	58	noun	8109
даруухан	58	noun	8110
хоморголон	58	noun	8111
уилсон	58	noun	8112
дөлгөөн	58	noun	8113
орчуулагдсан	58	noun	8114
мэдэхүй	58	noun	8115
рэп	58	noun	8116
фр	58	noun	8117
ажгуу	58	noun	8118
туулан	58	noun	8119
овоолго	58	noun	8120
шүлтийн	58	noun	8121
озоны	58	noun	8122
педро	58	noun	8123
нэмэн	58	noun	8124
санагдаж	58	noun	8125
ивановна	58	noun	8126
битлз	58	noun	8127
хүүхэлдэй	58	noun	8128
мир	58	noun	8129
гэрлэн	58	noun	8130
байршуулж	58	noun	8131
хельсинки	58	noun	8132
еашт	58	noun	8133
комсомолын	58	noun	8134
чамгүй	58	noun	8135
сурвалжилга	58	noun	8136
булл	58	noun	8137
бундеслигт	58	noun	8138
кэтрин	58	noun	8139
гриззлис	58	noun	8140
хоффенхайм	58	noun	8141
зээлэгдсэн	58	noun	8142
брахман	58	noun	8143
өмд	58	noun	8144
хэ	58	noun	8145
дүгэрсүрэн	58	noun	8146
каталог	58	noun	8147
харимхай	58	noun	8148
курё	58	noun	8149
илэрхийлэгдэх	58	verb	8150
антверпен	58	noun	8151
зүтгэх	58	verb	8152
спилберг	58	noun	8153
үзэв	58	noun	8154
мотоцикл	58	noun	8155
энэрэл	58	noun	8156
халтар	58	noun	8157
биомасс	58	noun	8158
ууршилт	58	noun	8159
дурынхан	58	noun	8160
жоан	58	noun	8161
ядах	58	verb	8162
хамжлага	58	noun	8163
зарга	58	noun	8164
суурьшил	58	noun	8165
амьдран	57	noun	8166
амарсайхан	57	noun	8167
муста	57	noun	8168
тахиж	57	noun	8169
засмал	57	noun	8170
дурьдвал	57	noun	8171
суэцийн	57	noun	8172
лилль	57	noun	8173
төсөөлж	57	noun	8174
дүрвэсэн	57	noun	8175
нина	57	noun	8176
хүмүүжил	57	noun	8177
дуусав	57	noun	8178
дуусчээ	57	noun	8179
нууж	57	noun	8180
няцааж	57	noun	8181
ланка	57	noun	8182
барбара	57	noun	8183
адх-ын	57	noun	8184
грин	57	noun	8185
рене	57	noun	8186
нүүрсхүчлийн	57	noun	8187
осака	57	noun	8188
муис-ийг	57	noun	8189
хөрвүүлсэн	57	noun	8190
хуримтлуулсан	57	noun	8191
комиссариатын	57	noun	8192
дуудан	57	noun	8193
топологийн	57	noun	8194
бүтээлийнхээ	57	noun	8195
гитлерийн	57	noun	8196
луврын	57	noun	8197
хороов	57	noun	8198
айлчлах	57	verb	8199
константинович	57	noun	8200
тэндхийн	57	noun	8201
халагдаж	57	noun	8202
убаши	57	noun	8203
маккартни	57	noun	8204
гэри	57	noun	8205
экс	57	noun	8206
ахынхаа	57	noun	8207
ухарчээ	57	noun	8208
орос-японы	57	noun	8209
заналхийлж	57	noun	8210
ххк-д	57	noun	8211
чэн	57	noun	8212
сенегалын	57	noun	8213
камертон	57	noun	8214
хэнкс	57	noun	8215
дэлгэхэд	57	noun	8216
райан	57	noun	8217
цамын	57	noun	8218
манга	57	noun	8219
эстрад	57	noun	8220
арахидоны	57	noun	8221
сэдэл	57	noun	8222
эмхтгэл	57	noun	8223
арена	57	noun	8224
олдох	57	verb	8225
батсүмбэр	57	noun	8226
сунгалт	57	noun	8227
копенхаген	57	noun	8228
хамгаалуулах	57	verb	8229
навчин	57	noun	8230
реализм	57	noun	8231
рахманинов	57	noun	8232
мониторинг	57	noun	8233
берия	57	noun	8234
даваажав	57	noun	8235
ороо	57	noun	8236
байц	57	noun	8237
колониуд	57	noun	8238
арц	56	noun	8239
сосорбарам	56	noun	8240
зоогийн	56	noun	8241
баршгүй	56	noun	8242
булга	56	noun	8243
рн	56	noun	8244
лувсандоржийн	56	noun	8245
эдэлбэр	56	noun	8246
дискрет	56	noun	8247
хөгждөг	56	noun	8248
банкинд	56	noun	8249
эйлерийн	56	noun	8250
мэдүүлсэн	56	noun	8251
шинжилж	56	noun	8252
стратегийг	56	noun	8253
хядлагын	56	noun	8254
хувиас	56	noun	8255
авчирдаг	56	noun	8256
нэгтгэв	56	noun	8257
нэвтрүүлэв	56	noun	8258
нийцтэй	56	noun	8259
энэрэнгүй	56	noun	8260
самуэль	56	noun	8261
завдсан	56	noun	8262
дивизионы	56	noun	8263
устгажээ	56	noun	8264
зху-ыг	56	noun	8265
ташуу	56	noun	8266
шаазан	56	noun	8267
нот	56	noun	8268
хүнлэг	56	noun	8269
хэлбэлздэг	56	noun	8270
кабинет	56	noun	8271
мзэ-ийн	56	noun	8272
улаавтар	56	noun	8273
жейсон	56	noun	8274
бухар	56	noun	8275
па	56	noun	8276
ажлынхаа	56	noun	8277
потсдамын	56	noun	8278
хөрвүүлэгч	56	noun	8279
шалгарав	56	noun	8280
цельсийн	56	noun	8281
кюри	56	noun	8282
мэдрэхүй	56	noun	8283
александриа	56	noun	8284
татгалзав	56	noun	8285
дугуйчин	56	noun	8286
эвдрэлийн	56	noun	8287
цам	56	noun	8288
консерваторид	56	noun	8289
дебютээ	56	noun	8290
гүрбазар	56	noun	8291
оман	56	noun	8292
эрдэнэ-очир	56	noun	8293
байцаалт	56	noun	8294
өгөөж	56	noun	8295
корнилов	56	noun	8296
дорго	56	noun	8297
липид	56	noun	8298
даваасамбуу	56	noun	8299
ватт	56	noun	8300
гумилёв	56	noun	8301
хөгжимдөх	56	verb	8302
хоргодох	56	verb	8303
лууван	56	noun	8304
пржевальский	56	noun	8305
канберра	56	noun	8306
сектор	56	noun	8307
хондурас	56	noun	8308
сычуань	56	noun	8309
энзим	56	noun	8310
экватор	56	noun	8311
пезешкиан	56	noun	8312
моголистан	56	noun	8313
хов	56	noun	8314
баск	56	noun	8315
хакер	56	noun	8316
саван	56	noun	8317
зовох	56	verb	8318
амтат	55	noun	8319
базарын	55	noun	8320
мөрддөг	55	noun	8321
тропикийн	55	noun	8322
хүсэхгүй	55	noun	8323
уралдаж	55	noun	8324
уулзав	55	noun	8325
томорч	55	noun	8326
тарагт	55	noun	8327
бхя-ны	55	noun	8328
ильич	55	noun	8329
нөгөөтэйгүүр	55	noun	8330
ассемблер	55	noun	8331
торгууль	55	noun	8332
өргөмжлөгдсөн	55	noun	8333
бнасау	55	noun	8334
хүндэтгэдэг	55	noun	8335
төд	55	noun	8336
эзлэхүүний	55	noun	8337
хандуулсан	55	noun	8338
үзмийн	55	noun	8339
бекхэм	55	noun	8340
мальта	55	noun	8341
борлогдож	55	noun	8342
цэлмэг	55	noun	8343
толгойлсон	55	noun	8344
хууран	55	noun	8345
суллагдсан	55	noun	8346
цуглуулгыг	55	noun	8347
миссисипи	55	noun	8348
сталинградын	55	noun	8349
хордлого	55	noun	8350
ковалент	55	noun	8351
малтлага	55	noun	8352
солигдон	55	noun	8353
тааралдана	55	noun	8354
хасбаатар	55	noun	8355
эвдрэлд	55	noun	8356
цагаачлалын	55	noun	8357
эрхэмсэг	55	noun	8358
армиас	55	noun	8359
утгуудыг	55	noun	8360
ляо	55	noun	8361
кремлийн	55	noun	8362
метрополитан	55	noun	8363
цомгийнхоо	55	noun	8364
хорлосон	55	noun	8365
кит	55	noun	8366
нөхрийнхөө	55	noun	8367
саяар	55	noun	8368
кардифф	55	noun	8369
форт	55	noun	8370
хөргөгч	55	noun	8371
шүүмжилдэг	55	noun	8372
хадгалагдана	55	noun	8373
колумбус	55	noun	8374
хадам	55	noun	8375
ум	55	noun	8376
тэжээвэр	55	noun	8377
багшилсан	55	noun	8378
ань	55	noun	8379
тайсун	55	noun	8380
хачиг	55	noun	8381
корниловын	55	noun	8382
прав	55	noun	8383
бордуур	55	noun	8384
урангуа	55	noun	8385
гагарин	55	noun	8386
хөөгдөж	55	noun	8387
ярославль	55	noun	8388
познань	55	noun	8389
люблин	55	noun	8390
байден	55	noun	8391
асга	55	noun	8392
вебер	55	noun	8393
бүтэх	55	verb	8394
эндрюс	55	noun	8395
гүрсэд	55	noun	8396
бэхэлгээ	55	noun	8397
ванган	55	noun	8398
цэргийнхэн	55	noun	8399
ачих	55	verb	8400
компьютерүүд	55	noun	8401
айова	55	noun	8402
нуклеотид	55	noun	8403
оренбург	55	noun	8404
ганжуур	55	noun	8405
маллах	55	verb	8406
чөлөөлөгдөж	55	noun	8407
хуучир	55	noun	8408
бэй	55	noun	8409
адъяа	55	noun	8410
харвард	55	noun	8411
хабаровск	55	noun	8412
генуя	55	noun	8413
өрнүүлэх	55	verb	8414
хуримтлагдах	55	verb	8415
хяр	55	noun	8416
гегель	55	noun	8417
леви	55	noun	8418
цыган	55	noun	8419
буурь	55	noun	8420
застав	55	noun	8421
миат	54	noun	8422
гончиг	54	noun	8423
магмын	54	noun	8424
залбирал	54	noun	8425
дагадаг	54	noun	8426
эсперанто	54	noun	8427
славян	54	noun	8428
зохиогчид	54	noun	8429
яригдаж	54	noun	8430
дээдлэх	54	verb	8431
талархлыг	54	noun	8432
зуунмод	54	noun	8433
ээдрээтэй	54	noun	8434
өрнөдөг	54	noun	8435
давхцаж	54	noun	8436
тааралддаг	54	noun	8437
клаус	54	noun	8438
жендэрийн	54	noun	8439
автоматжуулсан	54	noun	8440
шаардлагаар	54	noun	8441
нөгөөх	54	verb	8442
мөнхүү	54	noun	8443
удирдлагаас	54	noun	8444
бариулсан	54	noun	8445
хүлээлгэж	54	noun	8446
авахуулаад	54	noun	8447
ажиглагдана	54	noun	8448
хандуулах	54	verb	8449
үсчин	54	noun	8450
дуайт	54	noun	8451
шимэгч	54	noun	8452
түшиг	54	noun	8453
пионерийн	54	noun	8454
ялжээ	54	noun	8455
шалтгаална	54	noun	8456
диаграм	54	noun	8457
палермо	54	noun	8458
дайвар	54	noun	8459
соломоны	54	noun	8460
цочмог	54	noun	8461
степанович	54	noun	8462
дугарын	54	noun	8463
дөл	54	noun	8464
төвлөн	54	noun	8465
сүжигт	54	noun	8466
ангилан	54	noun	8467
зуслангийн	54	noun	8468
эцэслэжээ	54	noun	8469
хадгалалтын	54	noun	8470
вильгельм	54	noun	8471
шибаны	54	noun	8472
яков	54	noun	8473
нахя-ны	54	noun	8474
семён	54	noun	8475
өт	54	noun	8476
брүүклин	54	noun	8477
буулгав	54	noun	8478
блюз	54	noun	8479
үзүүрлэн	54	noun	8480
родригес	54	noun	8481
липидийн	54	noun	8482
анкара	54	noun	8483
мадагаскар	54	noun	8484
оксфорд	54	noun	8485
чахундорж	54	noun	8486
лир	54	noun	8487
синдром	54	noun	8488
антенн	54	noun	8489
хазаар	54	noun	8490
занги	54	noun	8491
сармагчин	54	noun	8492
хрущёв	54	noun	8493
шилбэ	54	noun	8494
занар	54	noun	8495
ассемблей	54	noun	8496
оношлогоо	54	noun	8497
иордан	54	noun	8498
питтсбург	54	noun	8499
замын-үүд	54	noun	8500
ойлголцол	54	noun	8501
байцаан	54	noun	8502
хөрөө	54	noun	8503
хөрвүүлэлт	54	noun	8504
дийлэх	54	verb	8505
итгэлцэл	54	noun	8506
бул	54	noun	8507
дүүргэлт	54	noun	8508
чам	54	noun	8509
авар	54	noun	8510
балбын	53	noun	8511
тэлсээр	53	noun	8512
давамгай	53	noun	8513
прокси	53	noun	8514
авгай	53	noun	8515
боржигон	53	noun	8516
өрнөх	53	verb	8517
уриалан	53	noun	8518
ганхүү	53	noun	8519
эрдэнэчулуун	53	noun	8520
жигүүртэн	53	noun	8521
гацуур	53	noun	8522
ногооннуур	53	noun	8523
авбал	53	noun	8524
вий	53	noun	8525
нэмээд	53	noun	8526
мэйл	53	noun	8527
тусгалаа	53	noun	8528
чиглэдэг	53	noun	8529
хэтэрсэн	53	noun	8530
капиталист	53	noun	8531
нэрвэгдсэн	53	noun	8532
гойд	53	noun	8533
оныхоо	53	noun	8534
дурласан	53	noun	8535
давамгайлах	53	verb	8536
ялагджээ	53	noun	8537
шийдэмгий	53	noun	8538
израиль	53	noun	8539
хялбаршуулсан	53	noun	8540
сөргөлдөгч	53	noun	8541
хүүрнэл	53	noun	8542
анар	53	noun	8543
илчит	53	noun	8544
дэндэв	53	noun	8545
үнээний	53	noun	8546
гвардийн	53	noun	8547
тохиролцов	53	noun	8548
сэдэвчилсэн	53	noun	8549
тулгуурлаж	53	noun	8550
гүр	53	noun	8551
тогтоомжид	53	noun	8552
жагсаасан	53	noun	8553
сүйтгэсэн	53	noun	8554
оруулагчид	53	noun	8555
явуулын	53	noun	8556
жессика	53	noun	8557
огцров	53	noun	8558
сьерра	53	noun	8559
бүжиглэж	53	noun	8560
нутаглан	53	noun	8561
хуралдуулж	53	noun	8562
рид	53	noun	8563
херманн	53	noun	8564
морио	53	noun	8565
чөтгөрийн	53	noun	8566
хөөгдсөн	53	noun	8567
дуудлагын	53	noun	8568
лидс	53	noun	8569
залжээ	53	noun	8570
паспорт	53	noun	8571
суурилагдсан	53	noun	8572
залгамжилж	53	noun	8573
турших	53	verb	8574
легион	53	noun	8575
чен	53	noun	8576
вассал	53	noun	8577
атаман	53	noun	8578
норт	53	noun	8579
уго	53	noun	8580
укр	53	noun	8581
элсүүлэв	53	noun	8582
андерлехт	53	noun	8583
об	53	noun	8584
к-поп	53	noun	8585
вектра	53	noun	8586
хурдатгал	53	noun	8587
хоккайдо	53	noun	8588
хамруулах	53	verb	8589
бүсчлэл	53	noun	8590
програмчлал	53	noun	8591
осборн	53	noun	8592
бэлдэц	53	noun	8593
дайлах	53	verb	8594
газпром	53	noun	8595
метафизик	53	noun	8596
дэр	53	noun	8597
атираа	53	noun	8598
цэцэглэлт	53	noun	8599
винчи	53	noun	8600
хөргөх	53	verb	8601
абаха	53	noun	8602
кибернетик	53	noun	8603
хооллолт	53	noun	8604
дублин	53	noun	8605
цээжин	53	noun	8606
олс	53	noun	8607
кэбэк	53	noun	8608
пер	53	noun	8609
бүслэх	53	verb	8610
зөгнөл	53	noun	8611
бөмбөгдөлт	53	noun	8612
майя	53	noun	8613
цочрол	53	noun	8614
реактор	53	noun	8615
тэнцээ	53	noun	8616
хэрэйд	52	noun	8617
солигдож	52	noun	8618
дамнан	52	noun	8619
гүүний	52	noun	8620
дээдлэн	52	noun	8621
сумынхаа	52	noun	8622
давамгайлдаг	52	noun	8623
туршлагын	52	noun	8624
модель	52	noun	8625
лувсандорж	52	noun	8626
илэрхийлэгдэнэ	52	noun	8627
фёдорович	52	noun	8628
михайл	52	noun	8629
эцэслэн	52	noun	8630
зарлагын	52	noun	8631
өөрчлөв	52	noun	8632
от	52	noun	8633
хүчирхэгжиж	52	noun	8634
байцаалтын	52	noun	8635
буулгажээ	52	noun	8636
зүйр	52	noun	8637
чусонь	52	noun	8638
израйлийн	52	noun	8639
силези	52	noun	8640
денис	52	noun	8641
зөрчилдөж	52	noun	8642
тэн	52	noun	8643
хэлмэгдсэн	52	noun	8644
барселоны	52	noun	8645
панам	52	noun	8646
зүүх	52	verb	8647
бүтээв	52	noun	8648
зуд	52	noun	8649
элэнц	52	noun	8650
тарас	52	noun	8651
альбом	52	noun	8652
авчирчээ	52	noun	8653
фред	52	noun	8654
ааруул	52	noun	8655
ральф	52	noun	8656
платон	52	noun	8657
степан	52	noun	8658
рафаэль	52	noun	8659
даалгасан	52	noun	8660
хенрих	52	verb	8661
ахлан	52	noun	8662
цугласан	52	noun	8663
сантос	52	noun	8664
кристина	52	noun	8665
жастин	52	noun	8666
персонал	52	noun	8667
ош	52	noun	8668
хүлээв	52	noun	8669
транс	52	noun	8670
томилолтоор	52	noun	8671
мвт	52	noun	8672
асрагч	52	noun	8673
талархлын	52	noun	8674
дургүйцлийг	52	noun	8675
вячеслав	52	noun	8676
бнагу-ын	52	noun	8677
удамшил	52	noun	8678
сонсогчдын	52	noun	8679
рональд	52	noun	8680
женоа	52	noun	8681
эфү	52	noun	8682
хельсинкийн	52	noun	8683
кодон	52	noun	8684
жанрайсиг	52	noun	8685
акустик	52	noun	8686
хоккейчин	52	noun	8687
галатасарай	52	noun	8688
телескоп	52	noun	8689
сампдориа	52	noun	8690
захиалгын	52	noun	8691
мотобуудлагын	52	noun	8692
шахмал	52	noun	8693
аппликейшн	52	noun	8694
шифрлэлтийн	52	noun	8695
лүн	52	noun	8696
жаяг	52	noun	8697
конев	52	noun	8698
баригдах	52	verb	8699
ци	52	noun	8700
дөрвөл	52	noun	8701
сунгах	52	verb	8702
цардуул	52	noun	8703
тоосонцор	52	noun	8704
давтах	52	verb	8705
битүүлэг	52	noun	8706
паскаль	52	noun	8707
ву	52	noun	8708
түгжээ	52	noun	8709
кремль	52	noun	8710
халбага	52	noun	8711
кэйж	52	noun	8712
агшилт	52	noun	8713
инээд	52	noun	8714
цацах	52	verb	8715
ухуулах	52	verb	8716
агааржуулалт	52	noun	8717
фенилаланин	52	noun	8718
гээс	52	noun	8719
илгээлт	52	noun	8720
буйр	51	noun	8721
дэрэн	51	noun	8722
ламжавын	51	noun	8723
гуа	51	noun	8724
уйгарын	51	noun	8725
нэрлэв	51	noun	8726
аялагчид	51	noun	8727
тусган	51	noun	8728
тусална	51	noun	8729
бүрдүүлэн	51	noun	8730
тэтгэвэр	51	noun	8731
ан-ын	51	noun	8732
тайлбарлан	51	noun	8733
рам	51	noun	8734
цэцгэн	51	noun	8735
хээл	51	noun	8736
армян	51	noun	8737
хөтөлдөг	51	noun	8738
спектрийн	51	noun	8739
иркутск	51	noun	8740
мубис-ийн	51	noun	8741
нөр	51	noun	8742
ану-ыг	51	noun	8743
бэртэж	51	noun	8744
псевдоним	51	noun	8745
үнэлэгдэж	51	noun	8746
аястай	51	noun	8747
хайрлан	51	noun	8748
аргон	51	noun	8749
өртдөг	51	noun	8750
сольжээ	51	noun	8751
фауст	51	noun	8752
аяз	51	noun	8753
бүрхэг	51	noun	8754
эгийн	51	noun	8755
эргэлдэж	51	noun	8756
давхрага	51	noun	8757
эгүүлэн	51	noun	8758
эдмунд	51	noun	8759
манганы	51	noun	8760
институтэд	51	noun	8761
жаал	51	noun	8762
майн	51	noun	8763
босож	51	noun	8764
шархдаж	51	noun	8765
хулсан	51	noun	8766
сэг	51	noun	8767
омега	51	noun	8768
суурилж	51	noun	8769
дайлаар	51	noun	8770
жуан	51	noun	8771
цэгэн	51	noun	8772
шаттл	51	noun	8773
гаталж	51	noun	8774
дамжууллын	51	noun	8775
нуклеотидын	51	noun	8776
остин	51	noun	8777
айлчлав	51	noun	8778
тэсэлгээний	51	noun	8779
энтертайнмент	51	noun	8780
фил	51	noun	8781
эквадорын	51	noun	8782
мушгиа	51	noun	8783
монголия	51	noun	8784
консерваторийн	51	noun	8785
бну-ын	51	noun	8786
түмэнжаргал	51	noun	8787
фокс	51	noun	8788
монтана	51	noun	8789
альберто	51	noun	8790
хопкинс	51	noun	8791
амилуулсан	51	noun	8792
дерби	51	noun	8793
панамерикийн	51	noun	8794
торино	51	noun	8795
тууралт	51	noun	8796
ногдуулдаг	51	noun	8797
корса	51	noun	8798
гэмтээх	51	verb	8799
бадрал	51	noun	8800
содномдорж	51	noun	8801
уламбаяр	51	noun	8802
шүр	51	noun	8803
класс	51	noun	8804
номер	51	noun	8805
шунал	51	noun	8806
тоолуур	51	noun	8807
төрбат	51	noun	8808
импульс	51	noun	8809
ефремов	51	noun	8810
хи	51	noun	8811
редакторлах	51	verb	8812
примаков	51	noun	8813
гари	51	noun	8814
хотжилт	51	noun	8815
бээлий	51	noun	8816
чинбат	51	noun	8817
кварц	51	noun	8818
нанзад	51	noun	8819
принтер	51	noun	8820
зүлэг	51	noun	8821
сюзан	51	noun	8822
проекц	51	noun	8823
бүжиглэх	51	verb	8824
тохиох	51	verb	8825
атга	51	noun	8826
хэвлүүлэх	51	verb	8827
таран	51	noun	8828
ангижруулах	51	verb	8829
орчуулжээ	50	noun	8830
сэнгэ	50	noun	8831
нүүдэллэж	50	noun	8832
багабанди	50	noun	8833
тусгаарлан	50	noun	8834
цагаанхайрхан	50	noun	8835
тогтножээ	50	noun	8836
хамааруулж	50	noun	8837
самдангийн	50	noun	8838
лувсанцэрэнгийн	50	noun	8839
дашзэвэг	50	noun	8840
уулзан	50	noun	8841
өмхий	50	noun	8842
бруно	50	noun	8843
өнөөх	50	verb	8844
зураачид	50	noun	8845
хавсаргасан	50	noun	8846
жун	50	noun	8847
хүчирхэгжин	50	noun	8848
бууз	50	noun	8849
пуэрто	50	noun	8850
тараан	50	noun	8851
моголын	50	noun	8852
болбоос	50	noun	8853
испаниар	50	noun	8854
эхнэрийнхээ	50	noun	8855
өөрчлөгдөн	50	noun	8856
хожа	50	noun	8857
тослог	50	noun	8858
нямбай	50	noun	8859
мл	50	noun	8860
сондгой	50	noun	8861
базар	50	noun	8862
чийгшил	50	noun	8863
платоны	50	noun	8864
хамруулдаг	50	noun	8865
силва	50	noun	8866
тэнгэрлэг	50	noun	8867
баритон	50	noun	8868
секторын	50	noun	8869
хэрэйдийн	50	noun	8870
майны	50	noun	8871
бильбао	50	noun	8872
өдөөсөн	50	noun	8873
мордож	50	noun	8874
эдди	50	noun	8875
маневр	50	noun	8876
тонхил	50	noun	8877
манган	50	noun	8878
попов	50	noun	8879
дт	50	noun	8880
хөөрөх	50	verb	8881
дарвуулт	50	noun	8882
өндөрлөжээ	50	noun	8883
уайт	50	noun	8884
андреа	50	noun	8885
автоматжуулах	50	verb	8886
кантри	50	noun	8887
тадеуш	50	noun	8888
даниэл	50	noun	8889
концерн	50	noun	8890
тухн-ийн	50	noun	8891
лужники	50	noun	8892
уулчин	50	noun	8893
ашина	50	noun	8894
блэкпүүл	50	noun	8895
бернли	50	noun	8896
шеффилд	50	noun	8897
логистикийн	50	noun	8898
сааруулах	50	verb	8899
үржвэр	50	noun	8900
дамаск	50	noun	8901
брайн	50	noun	8902
тэтгэмж	50	noun	8903
донтох	50	verb	8904
зочлох	50	verb	8905
хутаг-өндөр	50	noun	8906
михалков	50	noun	8907
массив	50	noun	8908
зальцбург	50	noun	8909
зорих	50	verb	8910
өөрсдийнх	50	verb	8911
инерт	50	noun	8912
хөөмий	50	noun	8913
шураг	50	noun	8914
лувсанданзан	50	noun	8915
гэзэг	50	noun	8916
ээдрээ	50	noun	8917
хендэл	50	noun	8918
байгуулага	50	noun	8919
соронзонболд	50	noun	8920
соронз	50	noun	8921
тэнхээ	50	noun	8922
хэвшил	50	noun	8923
алдалт	50	noun	8924
гудериан	50	noun	8925
түрлэг	50	noun	8926
гэлэг	50	noun	8927
нутагшуулах	50	verb	8928
те	50	noun	8929
эргүүл	50	noun	8930
харьяалал	50	noun	8931
чарт	50	noun	8932
ханамж	50	noun	8933
тодотголтой	49	noun	8934
төвлөрөл	49	noun	8935
үеэ	49	noun	8936
нармандах	49	verb	8937
шовх	49	verb	8938
хантайшир	49	noun	8939
реп	49	noun	8940
зүүнговь	49	noun	8941
эвдэн	49	noun	8942
дагва	49	noun	8943
эрдэнэбаяр	49	noun	8944
одсүрэн	49	noun	8945
прадеш	49	noun	8946
шаардлагуудыг	49	noun	8947
башкир	49	noun	8948
дутагдаж	49	noun	8949
өвчилсөн	49	noun	8950
махбодид	49	noun	8951
гүүрэн	49	noun	8952
ахиж	49	noun	8953
дадлагын	49	noun	8954
элсэлт	49	noun	8955
үйлдвэрлэгдэж	49	noun	8956
мэдэн	49	noun	8957
дорвитой	49	noun	8958
баривчлагдан	49	noun	8959
чадавхи	49	noun	8960
диаграмм	49	noun	8961
цамц	49	noun	8962
солир	49	noun	8963
аадар	49	noun	8964
тоглуулсан	49	noun	8965
автаж	49	noun	8966
өгөөдэй	49	noun	8967
татжээ	49	noun	8968
санаачилгыг	49	noun	8969
алиа	49	noun	8970
зорьжээ	49	noun	8971
зориулжээ	49	noun	8972
тоглогдож	49	noun	8973
андреевич	49	noun	8974
буман	49	noun	8975
эмма	49	noun	8976
суулган	49	noun	8977
ритм	49	noun	8978
алиных	49	verb	8979
хоцрогдсон	49	noun	8980
оманы	49	noun	8981
уоррен	49	noun	8982
нгуен	49	noun	8983
баллистик	49	noun	8984
өндөрлөв	49	noun	8985
пентатоник	49	noun	8986
сунгав	49	noun	8987
сонгов	49	noun	8988
уулзжээ	49	noun	8989
морави	49	noun	8990
нийлэгжүүлдэг	49	noun	8991
тх-ны	49	noun	8992
медведев	49	noun	8993
колин	49	noun	8994
алтернатив	49	noun	8995
дайсагнасан	49	noun	8996
малага	49	noun	8997
үлдэв	49	noun	8998
хью	49	noun	8999
цитоплазмын	49	noun	9000
цохиур	49	noun	9001
хумс	49	noun	9002
информатик	49	noun	9003
тоноглол	49	noun	9004
фруктоз	49	noun	9005
тэшиг	49	noun	9006
шөрмөс	49	noun	9007
ладен	49	noun	9008
кобальт	49	noun	9009
билэгдэл	49	noun	9010
кайши	49	noun	9011
ариутгах	49	verb	9012
төөрөгдөл	49	noun	9013
едигей	49	noun	9014
уялдуулах	49	verb	9015
гатлах	49	verb	9016
буцалгах	49	verb	9017
чо	49	noun	9018
стокгольм	49	noun	9019
нямжав	49	noun	9020
гялбаа	49	noun	9021
ялгаруулалт	49	noun	9022
хаос	49	noun	9023
сонгинохайрхан	48	noun	9024
цэрдийн	48	noun	9025
цахиагийн	48	noun	9026
чулуурхаг	48	noun	9027
хөгжсөөр	48	noun	9028
ялагдав	48	noun	9029
тохиролцож	48	noun	9030
түмнийхээ	48	noun	9031
огтхон	48	noun	9032
бнхау-тай	48	noun	9033
сэтгэхүйн	48	noun	9034
мэндэлж	48	noun	9035
цацдаг	48	noun	9036
тэтгэврийн	48	noun	9037
хуримтлуулж	48	noun	9038
захирамжаар	48	noun	9039
хүрээлсэн	48	noun	9040
амаа	48	noun	9041
эдлэх	48	verb	9042
найруулах	48	verb	9043
олдохгүй	48	noun	9044
елюй	48	noun	9045
дарлалаас	48	noun	9046
өндөрлөж	48	noun	9047
биотехнологийн	48	noun	9048
командалсан	48	noun	9049
хуйвалдааны	48	noun	9050
мөрдөгдөж	48	noun	9051
аззаяа	48	noun	9052
залуухан	48	noun	9053
шагнуулжээ	48	noun	9054
үржүүлгийн	48	noun	9055
өссөөр	48	noun	9056
синтакс	48	noun	9057
ялу	48	noun	9058
хүүгийнхээ	48	noun	9059
хөгжимдөж	48	noun	9060
хөвд	48	noun	9061
тулалдан	48	noun	9062
сурталчилсан	48	noun	9063
оршихуйн	48	noun	9064
хөнгөлөлт	48	noun	9065
боож	48	noun	9066
адриан	48	noun	9067
олтриг	48	noun	9068
бүсэлсэн	48	noun	9069
хамтлагийнхан	48	noun	9070
роллын	48	noun	9071
асеан-ы	48	noun	9072
уцс	48	noun	9073
өртөмтгий	48	noun	9074
стэнли	48	noun	9075
карим	48	noun	9076
бялдрын	48	noun	9077
эргэлдэх	48	verb	9078
правда	48	noun	9079
замби	48	noun	9080
түрүүлэхэд	48	noun	9081
дасгалжуулагчид	48	noun	9082
райт	48	noun	9083
года	48	noun	9084
сэтгүүлзүйн	48	noun	9085
кентакки	48	noun	9086
густаф	48	noun	9087
катализаторын	48	noun	9088
продюсерээр	48	noun	9089
вьентьян	48	noun	9090
референт	48	noun	9091
оклахома-сити	48	noun	9092
термопластик	48	noun	9093
бор-өндөр	48	noun	9094
нейман	48	noun	9095
даага	48	noun	9096
фройд	48	noun	9097
хясаа	48	noun	9098
хөө	48	noun	9099
шимтгэл	48	noun	9100
хесс	48	noun	9101
амьсгалах	48	verb	9102
криптограф	48	noun	9103
либретто	48	noun	9104
пежо	48	noun	9105
кельт	48	noun	9106
митохондри	48	noun	9107
хобби	48	noun	9108
фридман	48	noun	9109
егоров	48	noun	9110
тотгор	48	noun	9111
бүүвэй	48	noun	9112
жолоодлого	48	noun	9113
марти	48	noun	9114
ванлиг	48	noun	9115
берген	48	noun	9116
нико	48	noun	9117
бирваа	48	noun	9118
дик	48	noun	9119
мс	48	noun	9120
бурбон	48	noun	9121
таталт	48	noun	9122
зөвшөөрүүлэх	48	verb	9123
сэтгэхүй	48	noun	9124
консерватор	48	noun	9125
холилдон	47	noun	9126
товчлон	47	noun	9127
дэлгэрцогт	47	noun	9128
наранбулаг	47	noun	9129
хосбаяр	47	noun	9130
батзаяа	47	noun	9131
ангар	47	noun	9132
суурьшлын	47	noun	9133
мацаг	47	noun	9134
үзэм	47	noun	9135
саяас	47	noun	9136
ирснийхээ	47	noun	9137
эмнэл	47	noun	9138
бяслаг	47	noun	9139
бутлаг	47	noun	9140
эг	47	noun	9141
тоншуул	47	noun	9142
сонгогдоод	47	noun	9143
галилео	47	noun	9144
басхүү	47	noun	9145
хуулиас	47	noun	9146
хүртэн	47	noun	9147
буугдаж	47	noun	9148
тогтоогджээ	47	noun	9149
насныхаа	47	noun	9150
тарни	47	noun	9151
рнх-ийн	47	noun	9152
тэжээллэг	47	noun	9153
хотынхоо	47	noun	9154
дугар	47	noun	9155
анатомийн	47	noun	9156
улбаалан	47	noun	9157
убдс-ийн	47	noun	9158
фэйсбүүк	47	noun	9159
аваргалж	47	noun	9160
билгүүн	47	noun	9161
рамон	47	noun	9162
насалдаг	47	noun	9163
аляскын	47	noun	9164
лодонгийн	47	noun	9165
нигер	47	noun	9166
династи	47	noun	9167
байгуулагдаад	47	noun	9168
төгөл	47	noun	9169
хөнгөвчлөх	47	verb	9170
баррель	47	noun	9171
идэмхий	47	noun	9172
хувиа	47	noun	9173
алдаршуулсан	47	noun	9174
цөлөгдсөн	47	noun	9175
тэднийх	47	verb	9176
дахиа	47	noun	9177
цахлай	47	noun	9178
даниэль	47	noun	9179
хөргөлтийн	47	noun	9180
туурвидаг	47	noun	9181
зху-тай	47	noun	9182
бүдүүвч	47	noun	9183
восток	47	noun	9184
суларсан	47	noun	9185
агшинд	47	noun	9186
хүн-аалз	47	noun	9187
вааран	47	noun	9188
хавьцаа	47	noun	9189
зугтав	47	noun	9190
манлайлагч	47	noun	9191
дуудлагаар	47	noun	9192
нийгэм-эдийн	47	noun	9193
норовлин	47	noun	9194
хөнгөлөлттэй	47	noun	9195
сонсогчдод	47	noun	9196
хьюз	47	noun	9197
хэрэглэвэл	47	noun	9198
нялцгай	47	noun	9199
сахалт	47	noun	9200
францис	47	noun	9201
суврага	47	noun	9202
кингс	47	noun	9203
тоглосоор	47	noun	9204
тогтов	47	noun	9205
титаник	47	noun	9206
луйз	47	noun	9207
доржнамжил	47	noun	9208
газан	47	noun	9209
лао	47	noun	9210
тоголсон	47	noun	9211
сүйрчээ	47	noun	9212
жу	47	noun	9213
гоцлон	47	noun	9214
сүбээдэй	47	noun	9215
карабах	47	verb	9216
херцогт	47	noun	9217
роза	47	noun	9218
шудрага	47	noun	9219
алессандро	47	noun	9220
вүүдроу	47	noun	9221
дасгалжуулж	47	noun	9222
бобкэтс	47	noun	9223
шиелд	47	noun	9224
зуучлалын	47	noun	9225
оак-ны	47	noun	9226
ауди	47	noun	9227
санз	47	noun	9228
суулт	47	noun	9229
сандагдорж	47	noun	9230
гимнастик	47	noun	9231
грей	47	noun	9232
эрвээхий	47	noun	9233
төрболд	47	noun	9234
модун	47	noun	9235
трамвай	47	noun	9236
антен	47	noun	9237
хуурцаг	47	noun	9238
монреаль	47	noun	9239
мадуро	47	noun	9240
вандуй	47	noun	9241
зэдун	47	noun	9242
симуляц	47	noun	9243
дугаарлалт	47	noun	9244
кафе	47	noun	9245
сэнс	47	noun	9246
байдраг	47	noun	9247
сундуй	47	noun	9248
илчлэг	47	noun	9249
индонези	47	noun	9250
зарлал	47	noun	9251
балл	47	noun	9252
гайхам	47	noun	9253
туурай	47	noun	9254
дуламсүрэн	47	noun	9255
птолемей	47	noun	9256
бур	47	noun	9257
ишдорж	47	noun	9258
материализм	47	noun	9259
сорос	47	noun	9260
уршиг	47	noun	9261
уй	47	noun	9262
зав	47	noun	9263
амьжиргаа	47	noun	9264
урамшуулах	47	verb	9265
дийлэнхи	46	noun	9266
эрдэнэмандал	46	noun	9267
ихтамир	46	noun	9268
услах	46	verb	9269
эцэслэсэн	46	noun	9270
эволюцийн	46	noun	9271
онги	46	noun	9272
цэрэнтогтох	46	verb	9273
найрлагыг	46	noun	9274
сэтгэн	46	noun	9275
оч	46	noun	9276
бэйсболын	46	noun	9277
цэнийн	46	noun	9278
монголбанк	46	noun	9279
индианчуудын	46	noun	9280
тэмцэлдэж	46	noun	9281
гөрөө	46	noun	9282
тимоти	46	noun	9283
халдашгүй	46	noun	9284
баруунш	46	noun	9285
канарын	46	noun	9286
хэрүүл	46	noun	9287
муслим	46	noun	9288
хэтрэхгүй	46	noun	9289
ялгаран	46	noun	9290
мөргөж	46	noun	9291
хажи	46	noun	9292
берди	46	noun	9293
ховордож	46	noun	9294
гели	46	noun	9295
харъяалагддаг	46	noun	9296
цаазлах	46	verb	9297
уршгаар	46	noun	9298
өөхөн	46	noun	9299
босголт	46	noun	9300
м-т	46	noun	9301
мөнх-оргил	46	noun	9302
уйгагүй	46	noun	9303
огцорчээ	46	noun	9304
сегментийн	46	noun	9305
ховорхон	46	noun	9306
өгөн	46	noun	9307
аваргууд	46	noun	9308
хаянхярваа	46	noun	9309
тоглуулж	46	noun	9310
аяллынхаа	46	noun	9311
аида	46	noun	9312
салбарлан	46	noun	9313
ландшафтын	46	noun	9314
ялгуусан	46	noun	9315
жавхлан	46	noun	9316
материйн	46	noun	9317
эвлүүлэгч	46	noun	9318
идэвхигүй	46	noun	9319
хэврэг	46	noun	9320
мэдэв	46	noun	9321
мэттью	46	noun	9322
хөөцөлдөж	46	noun	9323
шатамхай	46	noun	9324
эелдэг	46	noun	9325
эдинбург	46	noun	9326
чансааг	46	noun	9327
өнгөрүүлжээ	46	noun	9328
жанжид	46	noun	9329
хиллэн	46	noun	9330
карабахын	46	noun	9331
хайлуулах	46	verb	9332
ярилцсан	46	noun	9333
челябинск	46	noun	9334
камчаткын	46	noun	9335
геополитикийн	46	noun	9336
тэвчээр	46	noun	9337
баянхайрхан	46	noun	9338
стэнфорд	46	noun	9339
атлаа	46	noun	9340
бунтар	46	noun	9341
өргөжүүлэн	46	noun	9342
болеслав	46	noun	9343
кызыл	46	noun	9344
тоолдог	46	noun	9345
петров	46	noun	9346
юзеф	46	noun	9347
амазоны	46	noun	9348
тереза	46	noun	9349
хялгасан	46	noun	9350
эсээ	46	noun	9351
владивосток	46	noun	9352
калифорниа	46	noun	9353
эдит	46	noun	9354
цуурхал	46	noun	9355
моррис	46	noun	9356
жэки	46	noun	9357
ривер	46	noun	9358
алексеевич	46	noun	9359
а-гийн	46	noun	9360
чио	46	noun	9361
уусгагч	46	noun	9362
жанр	46	noun	9363
бэсүд	46	noun	9364
мөнхтөмөр	46	noun	9365
суурьшигчид	46	noun	9366
өгүүлэмж	46	noun	9367
сөргөлдөөн	46	noun	9368
дулаарал	46	noun	9369
зүсэлт	46	noun	9370
марксизм	46	noun	9371
сараево	46	noun	9372
эгшиглэн	46	noun	9373
шингээлт	46	noun	9374
зуршил	46	noun	9375
галбадрах	46	verb	9376
афган	46	noun	9377
зодоон	46	noun	9378
жас	46	noun	9379
нейрон	46	noun	9380
пэйнтбол	46	noun	9381
бариул	46	noun	9382
антонов	46	noun	9383
эверест	46	noun	9384
бэгзсүрэн	46	noun	9385
шекель	46	noun	9386
захиалагч	46	noun	9387
хориглолт	46	noun	9388
сүрдүүлэх	46	verb	9389
бү	46	noun	9390
саатал	45	noun	9391
баарин	45	noun	9392
шахуу	45	noun	9393
зундуй	45	noun	9394
занданшатар	45	noun	9395
өсдөг	45	noun	9396
шинэс	45	noun	9397
радар	45	noun	9398
тодруулан	45	noun	9399
бариулж	45	noun	9400
цэрэндагва	45	noun	9401
зарагдаж	45	noun	9402
турбо	45	noun	9403
инфляцийн	45	noun	9404
митохондрийн	45	noun	9405
голцуу	45	noun	9406
олзлогдож	45	noun	9407
буриад-монголын	45	noun	9408
христосын	45	noun	9409
дяя-ны	45	noun	9410
төмөрлөг	45	noun	9411
холдох	45	verb	9412
цаазалсан	45	noun	9413
мөргөлдөж	45	noun	9414
тодотгож	45	noun	9415
олширч	45	noun	9416
буруутгасан	45	noun	9417
вавилоны	45	noun	9418
уолл	45	noun	9419
ойртон	45	noun	9420
талархан	45	noun	9421
айлчлан	45	noun	9422
баасанхүү	45	noun	9423
нүүлгэсэн	45	noun	9424
ухнаагийн	45	noun	9425
тараг	45	noun	9426
ялгаралт	45	noun	9427
бодон	45	noun	9428
бартон	45	noun	9429
эквадор	45	noun	9430
намдаах	45	verb	9431
сулрах	45	verb	9432
чоймболын	45	noun	9433
суворовын	45	noun	9434
симфонийн	45	noun	9435
клара	45	noun	9436
амттан	45	noun	9437
гидроксид	45	noun	9438
оршихуй	45	noun	9439
эргэцүүлэн	45	noun	9440
тогтнов	45	noun	9441
осама	45	noun	9442
эмили	45	noun	9443
терминал	45	noun	9444
чадамгай	45	noun	9445
омар	45	noun	9446
ээжийнхээ	45	noun	9447
оролцуулж	45	noun	9448
залгавар	45	noun	9449
ахиулсан	45	noun	9450
спенсер	45	noun	9451
зөрчин	45	noun	9452
арнольд	45	noun	9453
принстоны	45	noun	9454
сэргийлэн	45	noun	9455
мигель	45	noun	9456
дуулгын	45	noun	9457
далавчит	45	noun	9458
мину	45	noun	9459
каренина	45	noun	9460
түлхэлтийн	45	noun	9461
папуа	45	noun	9462
илрүүлэлт	45	noun	9463
шаталтат	45	noun	9464
жером	45	noun	9465
хориглолтын	45	noun	9466
дуусаад	45	noun	9467
софия	45	noun	9468
франсиско	45	noun	9469
зөвлөдөг	45	noun	9470
силезийн	45	noun	9471
сарагоса	45	noun	9472
чак	45	noun	9473
моравийн	45	noun	9474
бош	45	noun	9475
гленн	45	noun	9476
солт-лэйк	45	noun	9477
карнеги	45	noun	9478
гей	45	noun	9479
ана	45	noun	9480
фергюсон	45	noun	9481
моника	45	noun	9482
жереми	45	noun	9483
венгер	45	noun	9484
чарльтон	45	noun	9485
жаргалбаяр	45	noun	9486
бүлэгнэлтийн	45	noun	9487
даалтын	45	noun	9488
бизе	45	noun	9489
ороомог	45	noun	9490
аварзэд	45	noun	9491
биелэгдэх	45	verb	9492
галактоз	45	noun	9493
мөнхжаргал	45	noun	9494
тоска	45	noun	9495
заншсан	45	noun	9496
андерс	45	noun	9497
гулгах	45	verb	9498
тасрах	45	verb	9499
хулс	45	noun	9500
нөмөр	45	noun	9501
сталинград	45	noun	9502
дармштадт	45	noun	9503
бренд	45	noun	9504
сарьдаг	45	noun	9505
элдэв-очир	45	noun	9506
оролдлогууд	45	noun	9507
кулон	45	noun	9508
ядам	45	noun	9509
тохижилт	45	noun	9510
карол	45	noun	9511
төгсөлт	45	noun	9512
дюма	45	noun	9513
бахай	45	noun	9514
хув	45	noun	9515
дагестан	45	noun	9516
орбитал	45	noun	9517
стиль	45	noun	9518
абхаз	45	noun	9519
булгаков	45	noun	9520
ялгал	45	noun	9521
зоригтбаатар	44	noun	9522
тэмдэглэгджээ	44	noun	9523
шинэчлэгдэж	44	noun	9524
өндөрхангай	44	noun	9525
уужим	44	noun	9526
хамруулсан	44	noun	9527
цэрэглэн	44	noun	9528
тэсрэг	44	noun	9529
эванс	44	noun	9530
салбарласан	44	noun	9531
заларч	44	noun	9532
гүвээ	44	noun	9533
нэрийдэх	44	verb	9534
улаанхус	44	noun	9535
тогтоогоод	44	noun	9536
болбол	44	noun	9537
хаашаа	44	noun	9538
захирагчид	44	noun	9539
халаалт	44	noun	9540
зсбнхоу-ын	44	noun	9541
зогсоожээ	44	noun	9542
пэрлээ	44	noun	9543
буруушааж	44	noun	9544
рауль	44	noun	9545
сантьяго	44	noun	9546
буруутган	44	noun	9547
олзолж	44	noun	9548
давуулан	44	noun	9549
цаазлуулсан	44	noun	9550
далимдуулан	44	noun	9551
резинэн	44	noun	9552
сурвалжлага	44	noun	9553
унаад	44	noun	9554
дуудлагыг	44	noun	9555
төвөггүй	44	noun	9556
жороо	44	noun	9557
сорт	44	noun	9558
татахуйц	44	noun	9559
гарз	44	noun	9560
риголетто	44	noun	9561
нато-д	44	noun	9562
түмэндэмбэрэл	44	noun	9563
шуа	44	noun	9564
оджээ	44	noun	9565
тоосгон	44	noun	9566
бичвэл	44	noun	9567
хамтатган	44	noun	9568
үүсэв	44	noun	9569
торой	44	noun	9570
салжээ	44	noun	9571
диана	44	noun	9572
павлович	44	noun	9573
эдвин	44	noun	9574
бөс	44	noun	9575
себастьян	44	noun	9576
орхиод	44	noun	9577
таслал	44	noun	9578
гэрэлтүүлгийн	44	noun	9579
ампер	44	noun	9580
шинжээч	44	noun	9581
толилуулсан	44	noun	9582
байрлуулжээ	44	noun	9583
рихард	44	noun	9584
диссертаци	44	noun	9585
цагаан-уул	44	noun	9586
баянхутаг	44	noun	9587
урагшилж	44	noun	9588
учрах	44	verb	9589
насос	44	noun	9590
херцеговин	44	noun	9591
хдхв	44	noun	9592
кнессетийн	44	noun	9593
кемал	44	noun	9594
кгб	44	noun	9595
балтимор	44	noun	9596
истории	44	noun	9597
любовь	44	noun	9598
флеминг	44	noun	9599
доцент	44	noun	9600
яаран	44	noun	9601
цанаар	44	noun	9602
цуцалж	44	noun	9603
карелийн	44	noun	9604
нахиа	44	noun	9605
нородом	44	noun	9606
ххк-ийг	44	noun	9607
что	44	noun	9608
уэйн	44	noun	9609
дарханбат	44	noun	9610
чэмпион	44	noun	9611
между	44	noun	9612
наслав	44	noun	9613
манта	44	noun	9614
мутарджим	44	noun	9615
шилла	44	noun	9616
гэмтэх	44	verb	9617
тойргууд	44	noun	9618
агваан	44	noun	9619
бамбар	44	noun	9620
аббас	44	noun	9621
харбин	44	noun	9622
талас	44	noun	9623
момент	44	noun	9624
администратор	44	noun	9625
холтос	44	noun	9626
дүрвэгч	44	noun	9627
шанага	44	noun	9628
сөнөд	44	noun	9629
түгээгүүр	44	noun	9630
мажар	44	noun	9631
хавсарга	44	noun	9632
хятан	44	noun	9633
туршуул	44	noun	9634
миномёт	44	noun	9635
тогтворжуулах	44	verb	9636
брянск	44	noun	9637
алчуур	44	noun	9638
томуу	44	noun	9639
терроризм	44	noun	9640
сийвэн	44	noun	9641
ойл	44	noun	9642
гуя	44	noun	9643
рокоссовский	44	noun	9644
хүргүүлэх	44	verb	9645
уяа	44	noun	9646
хүр	44	noun	9647
метаболит	44	noun	9648
ялзмаг	44	noun	9649
уйтгар	44	noun	9650
сурталчилах	44	verb	9651
сэр-од	44	noun	9652
суралцахуй	44	noun	9653
хойшлуулах	44	verb	9654
холдуулах	44	verb	9655
дэлбэг	43	noun	9656
бохирдуулагч	43	noun	9657
ноолуурын	43	noun	9658
цогтбаяр	43	noun	9659
лодойдамбын	43	noun	9660
унтарсан	43	noun	9661
малтан	43	noun	9662
коперникийн	43	noun	9663
чиглэнэ	43	noun	9664
эквивалент	43	noun	9665
мн	43	noun	9666
днх-г	43	noun	9667
байгуулалцсан	43	noun	9668
мануул	43	noun	9669
хойлог	43	noun	9670
улиас	43	noun	9671
өмнөө	43	noun	9672
хаанчилсан	43	noun	9673
юмаа	43	noun	9674
ажиглан	43	noun	9675
наадгай	43	noun	9676
өвөрмонголын	43	noun	9677
болгоомжилж	43	noun	9678
тархай	43	noun	9679
эндрью	43	noun	9680
бүрэлдхүүнд	43	noun	9681
эхлүүлэн	43	noun	9682
урдуураа	43	noun	9683
ведийн	43	noun	9684
орлуулж	43	noun	9685
давтсан	43	noun	9686
өнгөрөөх	43	verb	9687
халдун	43	noun	9688
менделийн	43	noun	9689
шаналж	43	noun	9690
бүрхсэн	43	noun	9691
екатеринбург	43	noun	9692
энхбаатар	43	noun	9693
ортодокс	43	noun	9694
асран	43	noun	9695
шүүдэр	43	noun	9696
амжжээ	43	noun	9697
амсаж	43	noun	9698
буудуулж	43	noun	9699
кузьмин	43	noun	9700
анзаарч	43	noun	9701
бөгөөс	43	noun	9702
сахалин	43	noun	9703
тохинуулах	43	verb	9704
цөөхүүл	43	noun	9705
айзам	43	noun	9706
олоод	43	noun	9707
эндхийн	43	noun	9708
жамуха	43	noun	9709
үнс	43	noun	9710
хөндөж	43	noun	9711
нэгээхэн	43	noun	9712
чийрэг	43	noun	9713
мөнхөрсөн	43	noun	9714
сэргэх	43	verb	9715
орос-монголын	43	noun	9716
хоцорч	43	noun	9717
иоанн	43	noun	9718
батлер	43	noun	9719
дэнзэн	43	noun	9720
рикардо	43	noun	9721
тэнцэтгэл	43	noun	9722
больжээ	43	noun	9723
деи	43	noun	9724
тэгтэл	43	noun	9725
перпендикуляр	43	noun	9726
асуулгын	43	noun	9727
дуулаачдын	43	noun	9728
галина	43	noun	9729
сырдарья	43	noun	9730
чартыг	43	noun	9731
христофер	43	noun	9732
залгамжлалын	43	noun	9733
мобайл	43	noun	9734
эзэмшин	43	noun	9735
сонирхогчид	43	noun	9736
дашрамд	43	noun	9737
дэлгэрсайхан	43	noun	9738
амгаланбаатар	43	noun	9739
антропологийн	43	noun	9740
царцаа	43	noun	9741
райн-вестфалены	43	noun	9742
захируулжээ	43	noun	9743
залгамжлагчид	43	noun	9744
хирошима	43	noun	9745
австри-унгар	43	noun	9746
висла	43	noun	9747
это	43	noun	9748
томилогдоод	43	noun	9749
шу	43	noun	9750
киото	43	noun	9751
волгоград	43	noun	9752
севенти	43	noun	9753
харайж	43	noun	9754
артерын	43	noun	9755
овоолгын	43	noun	9756
айх	43	verb	9757
ротари	43	noun	9758
модем	43	noun	9759
сент-этьен	43	noun	9760
драма	43	noun	9761
плей-оффын	43	noun	9762
депортиво	43	noun	9763
атуу	43	noun	9764
заставын	43	noun	9765
фруктозын	43	noun	9766
спб	43	noun	9767
беннингтон	43	noun	9768
фокусын	43	noun	9769
гөлтгөнөн	43	noun	9770
заамар	43	noun	9771
литв	43	noun	9772
туурвих	43	verb	9773
дөч	43	noun	9774
шажинбат	43	noun	9775
менделеев	43	noun	9776
дадлагажигч	43	noun	9777
спираль	43	noun	9778
алиев	43	noun	9779
аспирантур	43	noun	9780
неру	43	noun	9781
луйвар	43	noun	9782
ямайка	43	noun	9783
катион	43	noun	9784
кир	43	noun	9785
чадавх	43	verb	9786
царс	43	noun	9787
билэгжаргал	43	noun	9788
шү	43	noun	9789
дагдан	43	noun	9790
редакц	43	noun	9791
хмельницкий	43	noun	9792
соёололт	43	noun	9793
сэтгэц	43	noun	9794
аг	43	noun	9795
суздаль	43	noun	9796
контакт	43	noun	9797
селевк	43	noun	9798
мөргөх	43	verb	9799
цэвэл	43	noun	9800
ру	43	noun	9801
коль	43	noun	9802
хэлэн	42	noun	9803
алшаа	42	noun	9804
пүрэвдагва	42	noun	9805
сайхан-овоо	42	noun	9806
сэврэй	42	noun	9807
хүчтэн	42	noun	9808
ажиглагчид	42	noun	9809
хорьдугаар	42	noun	9810
нуклейн	42	noun	9811
аюурзана	42	noun	9812
хундага	42	noun	9813
ширэндэв	42	noun	9814
дэлүүн	42	noun	9815
популяцийн	42	noun	9816
кейт	42	noun	9817
хуулбарлан	42	noun	9818
дурьдаж	42	noun	9819
даалт	42	noun	9820
абелийн	42	noun	9821
явагджээ	42	noun	9822
жадамба	42	noun	9823
хамтрагчид	42	noun	9824
шаардав	42	noun	9825
терроризмын	42	noun	9826
хэлтэрхий	42	noun	9827
сөнөсөн	42	noun	9828
адриатын	42	noun	9829
нярав	42	noun	9830
автан	42	noun	9831
өргөмжлөв	42	noun	9832
медалиа	42	noun	9833
камбожид	42	noun	9834
түшиглэсэн	42	noun	9835
яковлевич	42	noun	9836
бадмаанямбуугийн	42	noun	9837
мерседес-бенц	42	noun	9838
тайлбарлав	42	noun	9839
хахир	42	noun	9840
райдер	42	noun	9841
системчилсэн	42	noun	9842
сайжрах	42	verb	9843
бритиш	42	noun	9844
шингэрүүлсэн	42	noun	9845
сорьж	42	noun	9846
живж	42	noun	9847
андреас	42	noun	9848
индиан	42	noun	9849
робертс	42	noun	9850
изотопи	42	noun	9851
шоргоолж	42	noun	9852
нэрийджээ	42	noun	9853
дайлсан	42	noun	9854
удирдуулан	42	noun	9855
нурааж	42	noun	9856
санхүүжүүлж	42	noun	9857
дэнни	42	noun	9858
лонг	42	noun	9859
иберийн	42	noun	9860
танилцаад	42	noun	9861
лян	42	noun	9862
хоёрдмол	42	noun	9863
халдварладаг	42	noun	9864
эргэлзэж	42	noun	9865
оргилуун	42	noun	9866
дайчлах	42	verb	9867
хамтлагийнхаа	42	noun	9868
шаламгай	42	noun	9869
маршалл	42	noun	9870
бөөс	42	noun	9871
бүүрэг	42	noun	9872
люк	42	noun	9873
алжээ	42	noun	9874
амазон	42	noun	9875
гааль	42	noun	9876
бнагу	42	noun	9877
тафт	42	noun	9878
харагдахуйц	42	noun	9879
фестиваль	42	noun	9880
олзолсон	42	noun	9881
довтлогч-хамгаалагч	42	noun	9882
фелипе	42	noun	9883
анастасия	42	noun	9884
нэнси	42	noun	9885
задалдаг	42	noun	9886
интертото	42	noun	9887
хулсны	42	noun	9888
нэвтрэв	42	noun	9889
тбб-ын	42	noun	9890
круз	42	noun	9891
харви	42	noun	9892
коммунити	42	noun	9893
шнайдер	42	noun	9894
үнсгэлжин	42	noun	9895
мхбх-ны	42	noun	9896
кайзерслаутерн	42	noun	9897
статья	42	noun	9898
сериал	42	noun	9899
бэхэн	42	noun	9900
тугал	42	noun	9901
хирс	42	noun	9902
булцуу	42	noun	9903
жор	42	noun	9904
тулгаралт	42	noun	9905
мэндбаяр	42	noun	9906
гербицид	42	noun	9907
жарууд	42	noun	9908
рутер	42	noun	9909
цэрэннадмид	42	noun	9910
түрэлт	42	noun	9911
мөнхсайхан	42	noun	9912
цэдэн-иш	42	noun	9913
нийцэл	42	noun	9914
төвлөрөх	42	verb	9915
са	42	noun	9916
залгамжлал	42	noun	9917
уиллис	42	noun	9918
консорциум	42	noun	9919
нэтфлов	42	noun	9920
скиф	42	noun	9921
раднаа	42	noun	9922
ангаахай	42	noun	9923
бишрэгчид	42	noun	9924
нударга	42	noun	9925
тах	42	verb	9926
мангас	42	noun	9927
урианхан	42	noun	9928
нанометр	42	noun	9929
хатгах	42	verb	9930
нугалах	42	verb	9931
ва	42	noun	9932
явалт	42	noun	9933
суралцагч	42	noun	9934
россии	41	noun	9935
сгз	41	noun	9936
хурган	41	noun	9937
чүлтэмийн	41	noun	9938
шилмэл	41	noun	9939
халаалтын	41	noun	9940
хөгжлийнхөө	41	noun	9941
матери	41	noun	9942
йл	41	noun	9943
шийдэв	41	noun	9944
чинзориг	41	noun	9945
ухаарч	41	noun	9946
жадамбын	41	noun	9947
цаатан	41	noun	9948
бүслүүрийн	41	noun	9949
магеллан	41	noun	9950
реклам	41	noun	9951
оньсого	41	noun	9952
явуулан	41	noun	9953
ахлуулсан	41	noun	9954
үржихүйн	41	noun	9955
цаадах	41	verb	9956
гренланд	41	noun	9957
хуваагджээ	41	noun	9958
нухацтай	41	noun	9959
зохицуулан	41	noun	9960
ирвинг	41	noun	9961
олигтой	41	noun	9962
сувилахуйн	41	noun	9963
хэрэгжүүлэн	41	noun	9964
зүйрлэл	41	noun	9965
зогсоов	41	noun	9966
туслан	41	noun	9967
гоминдан	41	noun	9968
босголтын	41	noun	9969
шамдан	41	noun	9970
лима	41	noun	9971
морьтон	41	noun	9972
ингэний	41	noun	9973
митчелл	41	noun	9974
манти	41	noun	9975
верона	41	noun	9976
цохив	41	noun	9977
түрэн	41	noun	9978
живсэн	41	noun	9979
фотосинтез	41	noun	9980
өөдрөг	41	noun	9981
англиас	41	noun	9982
солирын	41	noun	9983
бишгүүр	41	noun	9984
киотогийн	41	noun	9985
намтарчилсан	41	noun	9986
ухран	41	noun	9987
координатын	41	noun	9988
лоренцо	41	noun	9989
болхи	41	noun	9990
үүдэл	41	noun	9991
тонуул	41	noun	9992
линчеи	41	noun	9993
огуз	41	noun	9994
хөөрсөн	41	noun	9995
женнифер	41	noun	9996
төст	41	noun	9997
луиза	41	noun	9998
зочилсон	41	noun	9999
бат-орших	41	verb	10000
оргож	41	noun	10001
ковид	41	noun	10002
торон	41	noun	10003
уганда	41	noun	10004
сомалийн	41	noun	10005
зохиогджээ	41	noun	10006
өг	41	noun	10007
килограмм	41	noun	10008
таблет	41	noun	10009
дуусгав	41	noun	10010
институци	41	noun	10011
елизавета	41	noun	10012
хадбаатар	41	noun	10013
кострома	41	noun	10014
панжаб	41	noun	10015
академиас	41	noun	10016
перес	41	noun	10017
кай	41	noun	10018
евровижн	41	noun	10019
секундээр	41	noun	10020
дуурайлган	41	noun	10021
лас	41	noun	10022
мөрөөддөг	41	noun	10023
сиксерс	41	noun	10024
чарганы	41	noun	10025
зөвлөлт-хятадын	41	noun	10026
невилл	41	noun	10027
угсарч	41	noun	10028
ллойд	41	noun	10029
танигдах	41	verb	10030
өдөөдөг	41	noun	10031
энди	41	noun	10032
линда	41	noun	10033
фестивальд	41	noun	10034
цөөхүр	41	noun	10035
цагаатгах	41	verb	10036
адилтгах	41	verb	10037
хөсөг	41	noun	10038
бодгаль	41	noun	10039
батерей	41	noun	10040
рюсселсхайм	41	noun	10041
дашцэрэн	41	noun	10042
цөлжилт	41	noun	10043
виндзор	41	noun	10044
галданцэрэн	41	noun	10045
сатурн	41	noun	10046
пешт	41	noun	10047
балдандорж	41	noun	10048
дууриа	41	noun	10049
няцаах	41	verb	10050
хутаг	41	noun	10051
болмогц	41	noun	10052
нагано	41	noun	10053
матер	41	noun	10054
дондов	41	noun	10055
марс	41	noun	10056
тендер	41	noun	10057
мэндсайхан	41	noun	10058
тэшүүр	41	noun	10059
ява	41	noun	10060
ио	41	noun	10061
шиньжян	41	noun	10062
иннокент	41	noun	10063
жагсах	41	verb	10064
гомбодоржийн	40	noun	10065
абтай	40	noun	10066
датаком	40	noun	10067
адуучин	40	noun	10068
банзарын	40	noun	10069
тээвэрчин	40	noun	10070
явуухулан	40	noun	10071
зөөдөг	40	noun	10072
зэрэгцүүлэн	40	noun	10073
хэмжил	40	noun	10074
ургальч	40	noun	10075
харъяалагдаж	40	noun	10076
онигоо	40	noun	10077
үсэрч	40	noun	10078
симуляци	40	noun	10079
жолоодож	40	noun	10080
засагчид	40	noun	10081
инфляцийг	40	noun	10082
эрхзүйн	40	noun	10083
шахагдан	40	noun	10084
ляонин	40	noun	10085
кемерово	40	noun	10086
амур	40	noun	10087
оногдож	40	noun	10088
уурлаж	40	noun	10089
хималайн	40	noun	10090
сахиусан	40	noun	10091
угтвар	40	noun	10092
доромжилсон	40	noun	10093
соёрхол	40	noun	10094
русийн	40	noun	10095
алтлаг	40	noun	10096
нэрлэвэл	40	noun	10097
танилцан	40	noun	10098
цоморлиг	40	noun	10099
гэрийнхээ	40	noun	10100
үүсээд	40	noun	10101
бөөгнөрсөн	40	noun	10102
итгэмжлэлийн	40	noun	10103
ахиад	40	noun	10104
тааруулан	40	noun	10105
оюунлаг	40	noun	10106
хайн	40	noun	10107
эйзенхауэр	40	noun	10108
хориглон	40	noun	10109
монреалийн	40	noun	10110
манила	40	noun	10111
эрдэнэчимэг	40	noun	10112
санжаа	40	noun	10113
чэжү	40	noun	10114
унав	40	noun	10115
шөл	40	noun	10116
гадаргаас	40	noun	10117
тохиож	40	noun	10118
проф	40	noun	10119
унтах	40	verb	10120
аваачсан	40	noun	10121
механикжуулсан	40	noun	10122
григорьевич	40	noun	10123
ваймарын	40	noun	10124
заадас	40	noun	10125
хиргис	40	noun	10126
шаазгай	40	noun	10127
га-д	40	noun	10128
үнээ	40	noun	10129
монте	40	noun	10130
геополитик	40	noun	10131
увш	40	noun	10132
дөрөө	40	noun	10133
ганчимэг	40	noun	10134
нууцлах	40	verb	10135
во	40	noun	10136
колониудын	40	noun	10137
келли	40	noun	10138
альберта	40	noun	10139
ассемблейн	40	noun	10140
халз	40	noun	10141
аялжээ	40	noun	10142
фу	40	noun	10143
бүрэнтогтох	40	verb	10144
банкир	40	noun	10145
сорбонны	40	noun	10146
принстон	40	noun	10147
планкийн	40	noun	10148
бүтэлгүйтэж	40	noun	10149
манлайбаатар	40	noun	10150
тасалдсан	40	noun	10151
янжмаа	40	noun	10152
галшар	40	noun	10153
жамба	40	noun	10154
нельсон	40	noun	10155
сэнтийд	40	noun	10156
хугалах	40	verb	10157
эрчимжиж	40	noun	10158
дох-ын	40	noun	10159
халаасны	40	noun	10160
туузан	40	noun	10161
россия	40	noun	10162
винница	40	noun	10163
мэдисон	40	noun	10164
ежи	40	noun	10165
богдан	40	noun	10166
туялзуур	40	noun	10167
өргөмжлөх	40	verb	10168
мик	40	noun	10169
хабсбургийн	40	noun	10170
тэмүүлэн	40	noun	10171
алонсо	40	noun	10172
известия	40	noun	10173
дакота	40	noun	10174
кэйт	40	noun	10175
баривчлав	40	noun	10176
уриалав	40	noun	10177
твиттер	40	noun	10178
ковентри	40	noun	10179
локомотив	40	noun	10180
тарилга	40	noun	10181
буффон	40	noun	10182
бэрримэн	40	noun	10183
старт	40	noun	10184
апертура	40	noun	10185
физик-математикийн	40	noun	10186
фейеноорд	40	noun	10187
удинезе	40	noun	10188
авлагын	40	noun	10189
хэш	40	noun	10190
луар	40	noun	10191
лоренц	40	noun	10192
гаваа	40	noun	10193
цэвэгмид	40	noun	10194
инчон	40	noun	10195
хуваасан	40	noun	10196
удмурт	40	noun	10197
америка	40	noun	10198
геномик	40	noun	10199
онниуд	40	noun	10200
өнгөлөг	40	noun	10201
огтлолцол	40	noun	10202
алла	40	noun	10203
мөлхөгчид	40	noun	10204
дэрс	40	noun	10205
абдуллах	40	verb	10206
наваан	40	noun	10207
роб	40	noun	10208
тэрбиш	40	noun	10209
ногдуулах	40	verb	10210
жүрж	40	noun	10211
архимед	40	noun	10212
эскадриль	40	noun	10213
ниргэж	40	noun	10214
комикс	40	noun	10215
дэлбээ	40	noun	10216
хучилт	40	noun	10217
фосфолипид	40	noun	10218
хайлаас	40	noun	10219
квийнслэнд	40	noun	10220
равжаа	40	noun	10221
тээл	40	noun	10222
хүлээлгэх	40	verb	10223
биткойны	40	noun	10224
устгасан	40	noun	10225
ль	40	noun	10226
дуут	40	noun	10227
даваажаргал	39	noun	10228
үнээс	39	noun	10229
эрхэмлэдэг	39	noun	10230
доройтож	39	noun	10231
хувьсгалчид	39	noun	10232
эзхахб-ын	39	noun	10233
ех-ны	39	noun	10234
сануулж	39	noun	10235
политехник	39	noun	10236
бямбацогт	39	noun	10237
чөлөөлөгдөх	39	verb	10238
хандгай	39	noun	10239
эрдэнэсант	39	noun	10240
таана	39	noun	10241
якоб	39	noun	10242
төлөвлөн	39	noun	10243
философичид	39	noun	10244
идэвхжиж	39	noun	10245
таарвал	39	noun	10246
бнмау-ыг	39	noun	10247
шенгений	39	noun	10248
авторитар	39	noun	10249
каунас	39	noun	10250
сена	39	noun	10251
таалагдсан	39	noun	10252
баярлаж	39	noun	10253
олдмол	39	noun	10254
утаслаг	39	noun	10255
уналга	39	noun	10256
амлаж	39	noun	10257
няцаасан	39	noun	10258
зевс	39	noun	10259
катерина	39	noun	10260
хөврөл	39	noun	10261
даацтай	39	noun	10262
горбачев	39	noun	10263
сулласан	39	noun	10264
зовоож	39	noun	10265
цэдэв	39	noun	10266
сандо	39	noun	10267
хөөрхий	39	noun	10268
хэлвэл	39	noun	10269
нанотехнологи	39	noun	10270
эрэмбэлэгдсэн	39	noun	10271
зсбнху-д	39	noun	10272
түү	39	noun	10273
дэмб-ын	39	noun	10274
жамбалдорж	39	noun	10275
өргөмжлөгдөж	39	noun	10276
зигмунд	39	noun	10277
хэвшмэл	39	noun	10278
өгөөжтэй	39	noun	10279
гравитацийн	39	noun	10280
холдож	39	noun	10281
тусгажээ	39	noun	10282
горький	39	noun	10283
афганы	39	noun	10284
дари	39	noun	10285
цуглаж	39	noun	10286
дэлгэсэн	39	noun	10287
биелгээ	39	noun	10288
ибрахим	39	noun	10289
эссэ	39	noun	10290
шимтэн	39	noun	10291
хүмүүжсэн	39	noun	10292
хавсарсан	39	noun	10293
хүрэлцэхгүй	39	noun	10294
маалингын	39	noun	10295
нуусан	39	noun	10296
тигран	39	noun	10297
хагарч	39	noun	10298
бум	39	noun	10299
тифлис	39	noun	10300
ферганы	39	noun	10301
дагвын	39	noun	10302
хангамжид	39	noun	10303
гавж	39	noun	10304
муэ-ийн	39	noun	10305
чуваш	39	noun	10306
испаниас	39	noun	10307
хөтлөн	39	noun	10308
баттулгын	39	noun	10309
цифр	39	noun	10310
тавиур	39	noun	10311
ирвэл	39	noun	10312
командлан	39	noun	10313
урьдал	39	noun	10314
херцеговины	39	noun	10315
хөдлөв	39	noun	10316
фирмийн	39	noun	10317
оргилуур	39	noun	10318
найт	39	noun	10319
теологийн	39	noun	10320
волейбол	39	noun	10321
грег	39	noun	10322
чанаж	39	noun	10323
анхдагч	39	noun	10324
студийг	39	noun	10325
магнус	39	noun	10326
шархдав	39	noun	10327
шевченкогийн	39	noun	10328
майер	39	noun	10329
виталий	39	noun	10330
хувьсагчид	39	noun	10331
сосьедад	39	noun	10332
ален	39	noun	10333
григори	39	noun	10334
дерон	39	noun	10335
мидлсбро	39	noun	10336
волейболчин	39	noun	10337
кёрлингийн	39	noun	10338
зээлэгдэв	39	noun	10339
шопены	39	noun	10340
интегрин	39	noun	10341
гучин-ус	39	noun	10342
судлагдахуун	39	noun	10343
экспортлох	39	verb	10344
братислав	39	noun	10345
хүрэм	39	noun	10346
дэмб	39	noun	10347
дайду	39	noun	10348
сүлжмэл	39	noun	10349
деникин	39	noun	10350
рибосом	39	noun	10351
гольфстрим	39	noun	10352
зүсэм	39	noun	10353
дресден	39	noun	10354
зэврэлт	39	noun	10355
нэвтэрдэг	39	noun	10356
олзлогдогсод	39	noun	10357
эцэслэх	39	verb	10358
лийдс	39	noun	10359
тайлга	39	noun	10360
самбааг	39	noun	10361
вики	39	noun	10362
трой	39	noun	10363
үржин	39	noun	10364
веллингтон	39	noun	10365
мальдив	39	noun	10366
сэлбэх	39	verb	10367
талибан	39	noun	10368
ухах	39	verb	10369
мөлхөө	39	noun	10370
гаусс	39	noun	10371
зөөлрүүлэх	39	verb	10372
саар	39	noun	10373
зааглах	39	verb	10374
хомер	39	noun	10375
ацетат	39	noun	10376
хүрвэл	38	noun	10377
мусгз	38	noun	10378
баянжаргалан	38	noun	10379
луус	38	noun	10380
үлдэц	38	noun	10381
реппэр	38	noun	10382
баригдан	38	noun	10383
энэбиш	38	noun	10384
баатархүү	38	noun	10385
сүйх	38	verb	10386
гэрчилнэ	38	noun	10387
синайн	38	noun	10388
шийдэн	38	noun	10389
мандан	38	noun	10390
төвлөрлийг	38	noun	10391
кинематик	38	noun	10392
сибирийг	38	noun	10393
түрэмгийлэн	38	noun	10394
ноёрхох	38	verb	10395
эндоплазмын	38	noun	10396
анчид	38	noun	10397
урвуулан	38	noun	10398
пифагорын	38	noun	10399
консол	38	noun	10400
найруулгын	38	noun	10401
тэвчээртэй	38	noun	10402
бүртгүүлэх	38	verb	10403
эритрей	38	noun	10404
века	38	noun	10405
цуглан	38	noun	10406
де-факто	38	noun	10407
аюук	38	noun	10408
нэмэгдүүлэн	38	noun	10409
гранада	38	noun	10410
дархлалын	38	noun	10411
полимераза	38	noun	10412
юнител	38	noun	10413
буруутгагдаж	38	noun	10414
дидье	38	noun	10415
жаббар	38	noun	10416
нэрийдэж	38	noun	10417
хайлмаг	38	noun	10418
орчуулгыг	38	noun	10419
бодлогоос	38	noun	10420
археологичид	38	noun	10421
багтаах	38	verb	10422
гомбодорж	38	noun	10423
жамбаа	38	noun	10424
аллан	38	noun	10425
гиннесийн	38	noun	10426
стандартчилагдсан	38	noun	10427
баримтжуулсан	38	noun	10428
хямдхан	38	noun	10429
чухамхүү	38	noun	10430
климент	38	noun	10431
гиваан	38	noun	10432
иоганн	38	noun	10433
майкрософт	38	noun	10434
хамтрал	38	noun	10435
үз	38	noun	10436
субъектив	38	noun	10437
дарагдаж	38	noun	10438
тодотгон	38	noun	10439
боливийн	38	noun	10440
гологдсон	38	noun	10441
явуухулангийн	38	noun	10442
хайлуулж	38	noun	10443
юлия	38	noun	10444
арагоны	38	noun	10445
суулгажээ	38	noun	10446
аттила	38	noun	10447
нийцдэг	38	noun	10448
вольт	38	noun	10449
жамьян	38	noun	10450
дээрэмдэж	38	noun	10451
магелланы	38	noun	10452
намиби	38	noun	10453
тоглуулагч	38	noun	10454
цогзолмаа	38	noun	10455
эргэлддэг	38	noun	10456
цагаан-овоо	38	noun	10457
улаан-уул	38	noun	10458
дүрвэгсдийн	38	noun	10459
санагдуулам	38	noun	10460
гэрэгэ	38	noun	10461
металлургийн	38	noun	10462
марал	38	noun	10463
дэлгэж	38	noun	10464
суллах	38	verb	10465
удирджээ	38	noun	10466
алмаз	38	noun	10467
петровна	38	noun	10468
бранденбургийн	38	noun	10469
ку	38	noun	10470
батлуулсан	38	noun	10471
өэлүн	38	noun	10472
аваргыг	38	noun	10473
торрес	38	noun	10474
ялгаварлах	38	verb	10475
тайлжээ	38	noun	10476
мухулай	38	noun	10477
нагоя	38	noun	10478
эцэслэв	38	noun	10479
кока-кола	38	noun	10480
уэст	38	noun	10481
бока	38	noun	10482
пио	38	noun	10483
аватар	38	noun	10484
кабелийг	38	noun	10485
дхг-ын	38	noun	10486
трекийн	38	noun	10487
полиэтилен	38	noun	10488
заубер	38	noun	10489
шинэбаатар	38	noun	10490
покрышкин	38	noun	10491
хартманн	38	noun	10492
мэдүүлэх	38	verb	10493
ив	38	noun	10494
хөхүүл	38	noun	10495
чөлөөлсөн	38	noun	10496
коста-рика	38	noun	10497
гормон	38	noun	10498
нетания	38	noun	10499
карлсруэ	38	noun	10500
гликозаминогликан	38	noun	10501
булгар	38	noun	10502
же	38	noun	10503
саажилт	38	noun	10504
тэмдэглэгдэх	38	verb	10505
оруулагч	38	noun	10506
герц	38	noun	10507
жүжиглэлт	38	noun	10508
хоншоор	38	noun	10509
рафаэл	38	noun	10510
түвшинтөгс	38	noun	10511
колоничлох	38	verb	10512
дэгдэх	38	verb	10513
төрлөх	38	verb	10514
хувьчлах	38	verb	10515
сөнөөж	38	noun	10516
леверкузен	38	noun	10517
данциг	38	noun	10518
төмөрхуяг	37	noun	10519
пермийн	37	noun	10520
гончигдорж	37	noun	10521
баярмагнай	37	noun	10522
моломжамц	37	noun	10523
энхтүвшин	37	noun	10524
элжигэн	37	noun	10525
ялимгүй	37	noun	10526
зэвэг	37	noun	10527
амтлагч	37	noun	10528
эрхэт	37	noun	10529
хаити	37	noun	10530
хөвж	37	noun	10531
хашжээ	37	noun	10532
моторжуулсан	37	noun	10533
ядан	37	noun	10534
гэлтэй	37	noun	10535
төвлөрүүлсэн	37	noun	10536
дээшилж	37	noun	10537
бичигдэн	37	noun	10538
хэлмэгдэж	37	noun	10539
ажилласаар	37	noun	10540
объектив	37	noun	10541
циклон	37	noun	10542
батлагдав	37	noun	10543
атал	37	noun	10544
морфологи	37	noun	10545
тодров	37	noun	10546
өзбег	37	noun	10547
азовын	37	noun	10548
кебек	37	noun	10549
барселон	37	noun	10550
тасран	37	noun	10551
купье	37	noun	10552
урвагч	37	noun	10553
бумцэнд	37	noun	10554
ачиж	37	noun	10555
унажээ	37	noun	10556
цагаачлан	37	noun	10557
нквд	37	noun	10558
сүрхий	37	noun	10559
евич	37	noun	10560
үерхэж	37	noun	10561
дэйв	37	noun	10562
соёо	37	noun	10563
жалга	37	noun	10564
хуваажээ	37	noun	10565
лодойдамба	37	noun	10566
муудах	37	verb	10567
иртэл	37	noun	10568
нэхэж	37	noun	10569
санаачлагыг	37	noun	10570
устинов	37	noun	10571
йоханнес	37	noun	10572
сүвэрхэг	37	noun	10573
тори	37	noun	10574
френк	37	noun	10575
хөрвүүлэн	37	noun	10576
зүрхэн	37	noun	10577
нацизмын	37	noun	10578
сургуулиар	37	noun	10579
мунхаг	37	noun	10580
өвлөж	37	noun	10581
гимнази	37	noun	10582
дмитриевич	37	noun	10583
нора	37	noun	10584
өргөмжлөгджээ	37	noun	10585
нэмэгдэв	37	noun	10586
хаалгаар	37	noun	10587
софья	37	noun	10588
платинум	37	noun	10589
жийргэвч	37	noun	10590
хашбат	37	noun	10591
кантоны	37	noun	10592
цөн	37	noun	10593
хдхв-ийн	37	noun	10594
сурталчлан	37	noun	10595
нэвтрүүлэн	37	noun	10596
хиллари	37	noun	10597
халдав	37	noun	10598
панчо	37	noun	10599
шифрлэгдсэн	37	noun	10600
ницца	37	noun	10601
свифт	37	noun	10602
радарын	37	noun	10603
алма-ата	37	noun	10604
нисванис	37	noun	10605
хагалгааны	37	noun	10606
транскрипцийн	37	noun	10607
огюст	37	noun	10608
бакиев	37	noun	10609
польш-литвийн	37	noun	10610
хоффман	37	noun	10611
рөүз	37	noun	10612
уолтон	37	noun	10613
пауло	37	noun	10614
бажо	37	noun	10615
өгөөжийг	37	noun	10616
бэхэлсэн	37	noun	10617
вилья	37	noun	10618
дурдатгал	37	noun	10619
нийгэм-улс	37	noun	10620
мэдээлэлзүйн	37	noun	10621
ипотекийн	37	noun	10622
алтаншагай	37	noun	10623
бнэу-ын	37	noun	10624
нийлэмж	37	noun	10625
оюунгэрэл	37	noun	10626
рико	37	noun	10627
нэвтрэлт	37	noun	10628
эксо	37	noun	10629
хөдөлмөрлөх	37	verb	10630
уранчимэг	37	noun	10631
берн	37	noun	10632
гүйцэт	37	noun	10633
тогмид	37	noun	10634
боодол	37	noun	10635
хөлддөг	37	noun	10636
хатуужил	37	noun	10637
хуралдуулах	37	verb	10638
дудаев	37	noun	10639
бататгах	37	verb	10640
дазай	37	noun	10641
астрофизик	37	noun	10642
копенгаген	37	noun	10643
цэцэглэх	37	verb	10644
коронавирус	37	noun	10645
гумм	37	noun	10646
родос	37	noun	10647
гэрэлтэх	37	verb	10648
хөгжсөн	37	noun	10649
чага	37	noun	10650
кирил	36	noun	10651
урдуур	36	noun	10652
өргөст	36	noun	10653
одбаяр	36	noun	10654
хайлуур	36	noun	10655
хэрмэн	36	noun	10656
овгор	36	noun	10657
чадраабалын	36	noun	10658
цэрэнханд	36	noun	10659
батлагджээ	36	noun	10660
багтаажээ	36	noun	10661
тоталитар	36	noun	10662
түүнийхээ	36	noun	10663
микрофон	36	noun	10664
оньсон	36	noun	10665
сагсай	36	noun	10666
чадахуйц	36	noun	10667
хяналтан	36	noun	10668
тайлагнах	36	verb	10669
өсгөдөг	36	noun	10670
худалдаалж	36	noun	10671
орлогоос	36	noun	10672
орлогоороо	36	noun	10673
найрлагын	36	noun	10674
даруу	36	noun	10675
бат-үүл	36	noun	10676
хүндэлдэг	36	noun	10677
тайлбарлавал	36	noun	10678
жинчин	36	noun	10679
үсээ	36	noun	10680
төвлөсөн	36	noun	10681
вроцлав	36	noun	10682
цэнгүүн	36	noun	10683
хоригложээ	36	noun	10684
илчилсэн	36	noun	10685
бүрэлдэж	36	noun	10686
иелийн	36	noun	10687
тэ	36	noun	10688
утгаас	36	noun	10689
пенсильвани	36	noun	10690
черкес	36	noun	10691
бэхжиж	36	noun	10692
атлас	36	noun	10693
амьдарчээ	36	noun	10694
хатаж	36	noun	10695
уламжлагдсан	36	noun	10696
күнзийн	36	noun	10697
лон	36	noun	10698
йелийн	36	noun	10699
байгуулалцаж	36	noun	10700
лааны	36	noun	10701
хориглов	36	noun	10702
берингийн	36	noun	10703
хятад-японы	36	noun	10704
донор	36	noun	10705
хордлогын	36	noun	10706
бүүр	36	noun	10707
биширдэг	36	noun	10708
удирдахуйн	36	noun	10709
хамтралын	36	noun	10710
малик	36	noun	10711
хуримтлагдаж	36	noun	10712
бишрэн	36	noun	10713
бишрэлийн	36	noun	10714
үрэлтийн	36	noun	10715
хөвөх	36	verb	10716
зарцуулжээ	36	noun	10717
исэлдүүлэгч	36	noun	10718
аморф	36	noun	10719
м-ээс	36	noun	10720
оюун-эрдэнэ	36	noun	10721
хослуулж	36	noun	10722
хэлбэлзэж	36	noun	10723
рапс	36	noun	10724
ашигласаар	36	noun	10725
паша	36	noun	10726
тодрон	36	noun	10727
овор	36	noun	10728
бичиглэл	36	noun	10729
давтаж	36	noun	10730
атгаж	36	noun	10731
бүтэлгүйтэв	36	noun	10732
улаанбадрах	36	verb	10733
өгсөж	36	noun	10734
цөөрсөн	36	noun	10735
юньнань	36	noun	10736
чернобылийн	36	noun	10737
тюмень	36	noun	10738
ран	36	noun	10739
оргодол	36	noun	10740
гуанжоу	36	noun	10741
готик	36	noun	10742
уригдаж	36	noun	10743
цагаачлал	36	noun	10744
түмтийн	36	noun	10745
реза	36	noun	10746
хусейн	36	noun	10747
сэнтий	36	noun	10748
меконг	36	noun	10749
область	36	noun	10750
рада	36	noun	10751
рапсын	36	noun	10752
хаус	36	noun	10753
реактив	36	noun	10754
олбани	36	noun	10755
осетийн	36	noun	10756
намуухан	36	noun	10757
клубээс	36	noun	10758
чадавхийг	36	noun	10759
киноныхоо	36	noun	10760
шувтаргад	36	noun	10761
холих	36	verb	10762
жулиус	36	noun	10763
бородин	36	noun	10764
жеральд	36	noun	10765
шмидт	36	noun	10766
күүпер	36	noun	10767
суис-д	36	noun	10768
оролмаа	36	noun	10769
пресс	36	noun	10770
олд	36	noun	10771
вудро	36	noun	10772
акита	36	noun	10773
прокофьев	36	noun	10774
маунт	36	noun	10775
өнжсөн	36	noun	10776
үсрэлтийн	36	noun	10777
нурхач	36	noun	10778
адаптер	36	noun	10779
туршлагаа	36	noun	10780
пеликанс	36	noun	10781
лахн-ын	36	noun	10782
үтп	36	noun	10783
сонсогчид	36	noun	10784
энхжин	36	noun	10785
полимераз	36	noun	10786
инээдэм	36	noun	10787
атеизм	36	noun	10788
санжмятав	36	noun	10789
наранцэцэг	36	noun	10790
мекка	36	noun	10791
микропроцессор	36	noun	10792
манхэттэн	36	noun	10793
тундас	36	noun	10794
ганнибал	36	noun	10795
цент	36	noun	10796
равжир	36	noun	10797
борохул	36	noun	10798
сэлбэ	36	noun	10799
эзэмшүүлэх	36	verb	10800
хөгжүүлэгч	36	noun	10801
бэлэглэх	36	verb	10802
бүрхэх	36	verb	10803
оркестр	36	noun	10804
островский	36	noun	10805
стр	36	noun	10806
баланс	36	noun	10807
ойртуулах	36	verb	10808
морфин	36	noun	10809
уурших	36	verb	10810
барилдлага	36	noun	10811
дарлал	36	noun	10812
өлзийбаяр	36	noun	10813
ховдол	36	noun	10814
сүмбэ	35	noun	10815
өгий	35	noun	10816
хойгуур	35	noun	10817
баярмаа	35	noun	10818
найрагчид	35	noun	10819
оюунболд	35	noun	10820
хойшид	35	noun	10821
классик	35	noun	10822
зохицон	35	noun	10823
хагалж	35	noun	10824
хуульчилсан	35	noun	10825
кетон	35	noun	10826
палеолитын	35	noun	10827
цоодол	35	noun	10828
цэдэвийн	35	noun	10829
готов	35	noun	10830
рэнчинлхүмбэ	35	noun	10831
хязгаарлагдахгүй	35	noun	10832
хэргэлдэг	35	noun	10833
дискэн	35	noun	10834
сиена	35	noun	10835
хэвлүүлэн	35	noun	10836
хариулжээ	35	noun	10837
амбагай	35	noun	10838
налархай	35	noun	10839
хамгаалав	35	noun	10840
давсархаг	35	noun	10841
болвол	35	noun	10842
махатма	35	noun	10843
халдлагууд	35	noun	10844
эвэрлэг	35	noun	10845
босгыг	35	noun	10846
израйль	35	noun	10847
самуэл	35	noun	10848
махбодь	35	noun	10849
огтлол	35	noun	10850
хамруулж	35	noun	10851
итгэмжлэл	35	noun	10852
өмөзо-ны	35	noun	10853
хэвлүүлэв	35	noun	10854
гутаан	35	noun	10855
макартур	35	noun	10856
сөрөн	35	noun	10857
тушаав	35	noun	10858
тамлан	35	noun	10859
суллаж	35	noun	10860
давхарлан	35	noun	10861
тасалгааны	35	noun	10862
нарантуяа	35	noun	10863
анхааран	35	noun	10864
хүргэлтийн	35	noun	10865
авдар	35	noun	10866
зандан	35	noun	10867
хувирмал	35	noun	10868
цэрэндулам	35	noun	10869
либери	35	noun	10870
мён	35	noun	10871
чүлтэм	35	noun	10872
ахих	35	verb	10873
шагнах	35	verb	10874
идэвхийлэн	35	noun	10875
жүгдэрдэмидийн	35	noun	10876
зурам	35	noun	10877
тулуйн	35	noun	10878
сүрэглэн	35	noun	10879
зг-ын	35	noun	10880
элээ	35	noun	10881
алив	35	noun	10882
палеонтологи	35	noun	10883
изотопууд	35	noun	10884
туурвин	35	noun	10885
туршин	35	noun	10886
тогтуун	35	noun	10887
принс	35	noun	10888
дургүйцсэн	35	noun	10889
вестник	35	noun	10890
годунов	35	noun	10891
нэрийдлээр	35	noun	10892
тулахад	35	noun	10893
хорхог	35	noun	10894
хөлдөх	35	verb	10895
очирваань	35	noun	10896
ядуусын	35	noun	10897
цөөрч	35	noun	10898
талынхан	35	noun	10899
фа	35	noun	10900
завиар	35	noun	10901
тааруухан	35	noun	10902
генри	35	noun	10903
зөрчих	35	verb	10904
сэргээв	35	noun	10905
гранат	35	noun	10906
доминго	35	noun	10907
ражив	35	noun	10908
маргаж	35	noun	10909
ройс	35	noun	10910
дууныхаа	35	noun	10911
осети	35	noun	10912
уфа	35	noun	10913
бернар	35	noun	10914
александровна	35	noun	10915
цагаачилжээ	35	noun	10916
зоримог	35	noun	10917
баянтүмэн	35	noun	10918
цогтцэций	35	noun	10919
мөнххаан	35	noun	10920
козловын	35	noun	10921
марксизм-ленинизмийн	35	noun	10922
гольфчин	35	noun	10923
мартагдашгүй	35	noun	10924
снз-ийн	35	noun	10925
өвлүүлэн	35	noun	10926
удэт-ын	35	noun	10927
батдорж	35	noun	10928
үнэрлэх	35	verb	10929
далавчтаны	35	noun	10930
шумуул	35	noun	10931
бүрчлэн	35	noun	10932
скаляр	35	noun	10933
одер	35	noun	10934
гимназийн	35	noun	10935
нагасаки	35	noun	10936
больцманы	35	noun	10937
герцог	35	noun	10938
нуун	35	noun	10939
шинода	35	noun	10940
хүргүүлсэн	35	noun	10941
вермонт	35	noun	10942
хамбын	35	noun	10943
мубарак	35	noun	10944
ханзе	35	noun	10945
тайлгын	35	noun	10946
плано	35	noun	10947
залгаас	35	noun	10948
халле	35	noun	10949
стоун	35	noun	10950
цэргийнхээ	35	noun	10951
либерийн	35	noun	10952
эммануэль	35	noun	10953
шалгарлаа	35	noun	10954
мандела	35	noun	10955
оуэн	35	noun	10956
сорви	35	noun	10957
ло	35	noun	10958
мартахгүй	35	noun	10959
редакцид	35	noun	10960
аугуст	35	noun	10961
баривчлагджээ	35	noun	10962
шанкар	35	noun	10963
эспаньол	35	noun	10964
өнгөц	35	noun	10965
тип	35	noun	10966
хумбольдт	35	noun	10967
спектор	35	noun	10968
а-д	35	noun	10969
вермонтын	35	noun	10970
зигби	35	noun	10971
ариунбилэг	35	noun	10972
чатбот	35	noun	10973
хепаран	35	noun	10974
зүсэх	35	verb	10975
интервал	35	noun	10976
вернадский	35	noun	10977
ассир	35	noun	10978
лейцин	35	noun	10979
бадамжав	35	noun	10980
гелий	35	noun	10981
сагаг	35	noun	10982
өлзийсайхан	35	noun	10983
фашизм	35	noun	10984
экскаватор	35	noun	10985
засаглах	35	verb	10986
сорьц	35	noun	10987
төсөөлөх	35	verb	10988
тааз	35	noun	10989
маяа	35	noun	10990
үлээх	35	verb	10991
хагалах	35	verb	10992
балган	35	noun	10993
жавхаа	35	noun	10994
нурсан	34	noun	10995
троллейбус	34	noun	10996
хавана	34	noun	10997
өндөр-улаан	34	noun	10998
зарлагыг	34	noun	10999
вандан	34	noun	11000
цэдэндамбын	34	noun	11001
нансалмаа	34	noun	11002
даланзадгад	34	noun	11003
бүрэгхангай	34	noun	11004
оху-тай	34	noun	11005
чогдон	34	noun	11006
урсаад	34	noun	11007
зориулагдан	34	noun	11008
конвенцид	34	noun	11009
ажиглагдах	34	verb	11010
хувирав	34	noun	11011
магтаж	34	noun	11012
чойжамц	34	noun	11013
гавьяатан	34	noun	11014
бадамлянхуа	34	noun	11015
демокрит	34	noun	11016
яахав	34	noun	11017
орлогоо	34	noun	11018
хаагдаж	34	noun	11019
хуульчлан	34	noun	11020
гг	34	noun	11021
геодези	34	noun	11022
ёсон	34	noun	11023
коллегийн	34	noun	11024
кембриж	34	noun	11025
багшилжээ	34	noun	11026
батгэрэл	34	noun	11027
таалагдаагүй	34	noun	11028
унагав	34	noun	11029
махал	34	noun	11030
хосолмол	34	noun	11031
тэдэн	34	noun	11032
халуурах	34	verb	11033
болсныхоо	34	noun	11034
лоренс	34	noun	11035
батноров	34	noun	11036
теологи	34	noun	11037
эгейн	34	noun	11038
гайхан	34	noun	11039
см-ийн	34	noun	11040
парфын	34	noun	11041
бүслэв	34	noun	11042
дампуурсан	34	noun	11043
ламжав	34	noun	11044
ядарч	34	noun	11045
авахуулсан	34	noun	11046
эрүүдэн	34	noun	11047
нквд-ийн	34	noun	11048
зөвлөсөн	34	noun	11049
махц-ийн	34	noun	11050
ариунболд	34	noun	11051
ууганбаяр	34	noun	11052
үетэн	34	noun	11053
асрах	34	verb	11054
инээмсэглэл	34	noun	11055
араншин	34	noun	11056
чойжилын	34	noun	11057
нишингэ	34	noun	11058
гадил	34	noun	11059
хүлэмж	34	noun	11060
онож	34	noun	11061
өгвөл	34	noun	11062
цохигдон	34	noun	11063
бичив	34	noun	11064
симфонио	34	noun	11065
дүлий	34	noun	11066
скала	34	noun	11067
чанх	34	verb	11068
өгөдэй	34	noun	11069
дарцаг	34	noun	11070
юрген	34	noun	11071
квт-ын	34	noun	11072
тааруулж	34	noun	11073
шаталт	34	noun	11074
чадав	34	noun	11075
ажиллагсдын	34	noun	11076
гайана	34	noun	11077
дэгдээв	34	noun	11078
руслан	34	noun	11079
магтуу	34	noun	11080
санагдана	34	noun	11081
мань	34	noun	11082
хатгаж	34	noun	11083
амарбаясгалан	34	noun	11084
хасар	34	noun	11085
зүсэж	34	noun	11086
үйлчилнэ	34	noun	11087
цадиг	34	noun	11088
функцээр	34	noun	11089
нэмсэн	34	noun	11090
алтанширээ	34	noun	11091
баруунбүрэн	34	noun	11092
буркина	34	noun	11093
белиз	34	noun	11094
мамлюкийн	34	noun	11095
босогч	34	noun	11096
гардуулжээ	34	noun	11097
сүвийн	34	noun	11098
дөхсөн	34	noun	11099
ярилцлагын	34	noun	11100
хөшүүн	34	noun	11101
явуулсаар	34	noun	11102
юникс	34	noun	11103
звезда	34	noun	11104
салют	34	noun	11105
паоло	34	noun	11106
сунь	34	noun	11107
өлзийхутаг	34	noun	11108
хохирсон	34	noun	11109
белгород	34	noun	11110
шевченко	34	noun	11111
хара	34	noun	11112
ахиулан	34	noun	11113
харьяалуулжээ	34	noun	11114
тайм	34	noun	11115
ягуар	34	noun	11116
сайте	34	noun	11117
ипсвич	34	noun	11118
виржинийн	34	noun	11119
барьцаалсан	34	noun	11120
тэтгэдэг	34	noun	11121
хожин	34	noun	11122
федор	34	noun	11123
южин	34	noun	11124
кун	34	noun	11125
шөвөгт	34	noun	11126
барилдан	34	noun	11127
уралдах	34	verb	11128
алтанцэцэг	34	noun	11129
пүрэвгарьд	34	noun	11130
үйлдэв	34	noun	11131
дэлгэрмөрөн	34	noun	11132
царгас	34	noun	11133
киргизстан	34	noun	11134
шиндлер	34	noun	11135
панатинаикос	34	noun	11136
андройд	34	noun	11137
бордуу	34	noun	11138
хкн-ын	34	noun	11139
шүүрлийн	34	noun	11140
урбан	34	noun	11141
тш	34	noun	11142
фенербахче	34	noun	11143
бристоль	34	noun	11144
бэйсболчин	34	noun	11145
оауск	34	noun	11146
козлов	34	noun	11147
наука	34	noun	11148
гоцолж	34	noun	11149
падерборн	34	noun	11150
цонжин	34	noun	11151
айсэк	34	noun	11152
оноог	34	noun	11153
хазар	34	noun	11154
фасо	34	noun	11155
байрших	34	verb	11156
хиа	34	noun	11157
цэдэнжав	34	noun	11158
трансформатор	34	noun	11159
дэлэг	34	noun	11160
чампа	34	noun	11161
болзоо	34	noun	11162
нүүрсустөрөгч	34	noun	11163
наслах	34	verb	11164
тариф	34	noun	11165
өршөө	34	noun	11166
лизин	34	noun	11167
мордох	34	verb	11168
бүлэглэх	34	verb	11169
азар	34	noun	11170
залилан	34	noun	11171
модулиуд	34	noun	11172
пушту	34	noun	11173
аюур	34	noun	11174
бэлгүтэй	34	noun	11175
золгох	34	verb	11176
нийцүүлэх	34	verb	11177
алдаршуулах	34	verb	11178
төвгөр	34	noun	11179
максимилиан	34	noun	11180
лхасүрэн	34	noun	11181
пали	33	noun	11182
сагс	33	noun	11183
лхам	33	noun	11184
халтмаагийн	33	noun	11185
гурвансайхан	33	noun	11186
цэрмаа	33	noun	11187
хархираа	33	noun	11188
бөхөн	33	noun	11189
шу-ны	33	noun	11190
лхагважав	33	noun	11191
үйлдвэржилтийн	33	noun	11192
хуваарилан	33	noun	11193
бну	33	noun	11194
нүб-аас	33	noun	11195
үйлдвэржилт	33	noun	11196
эрэмбэлэгдэж	33	noun	11197
адилтгаж	33	noun	11198
хяруул	33	noun	11199
норовсамбуу	33	noun	11200
орёл	33	noun	11201
цэрэндондов	33	noun	11202
үйлдэн	33	noun	11203
махн-д	33	noun	11204
коперник	33	noun	11205
галилей	33	noun	11206
сэдэж	33	noun	11207
нуугдсан	33	noun	11208
худалдаалагдаж	33	noun	11209
оногдох	33	verb	11210
илтгэн	33	noun	11211
байрлуулан	33	noun	11212
хармөрөн	33	noun	11213
дүйцэхүйц	33	noun	11214
мумбай	33	noun	11215
биенийхээ	33	noun	11216
дороти	33	noun	11217
санан	33	noun	11218
давхиж	33	noun	11219
эмил	33	noun	11220
гидроксил	33	noun	11221
мубис	33	noun	11222
неро	33	noun	11223
бнасау-д	33	noun	11224
цөцгийн	33	noun	11225
гүвдрүү	33	noun	11226
хөшүүрэг	33	noun	11227
үгүйсгэсэн	33	noun	11228
сэжигтэй	33	noun	11229
залруулах	33	verb	11230
уяж	33	noun	11231
усжуулалтын	33	noun	11232
цөцгий	33	noun	11233
ташуур	33	noun	11234
оймс	33	noun	11235
хессений	33	noun	11236
сэтгэмж	33	noun	11237
хэнгэрэг	33	noun	11238
оттава	33	noun	11239
уялдан	33	noun	11240
зочилдог	33	noun	11241
кластер	33	noun	11242
нацаг	33	noun	11243
о-поп	33	noun	11244
алхан	33	noun	11245
бүртгэгдэж	33	noun	11246
авалгүй	33	noun	11247
фотосинтезийн	33	noun	11248
полтава	33	noun	11249
орчуулгаар	33	noun	11250
неон	33	noun	11251
лютеран	33	noun	11252
сартр	33	noun	11253
дж	33	noun	11254
светлана	33	noun	11255
рубрук	33	noun	11256
медина	33	noun	11257
зэвэрдэггүй	33	noun	11258
милтон	33	noun	11259
эдуардо	33	noun	11260
үсрэлт	33	noun	11261
таамаглан	33	noun	11262
унагаах	33	verb	11263
натан	33	noun	11264
коул	33	noun	11265
татав	33	noun	11266
габриэль	33	noun	11267
элсэгчдийн	33	noun	11268
эрдэнэхайрхан	33	noun	11269
арбулаг	33	noun	11270
генрих	33	verb	11271
тобаго	33	noun	11272
татарстан	33	noun	11273
хүндлэн	33	noun	11274
далавчтан	33	noun	11275
шаравдорж	33	noun	11276
рийн	33	noun	11277
люси	33	noun	11278
ассирийн	33	noun	11279
чингэхдээ	33	noun	11280
гялгар	33	noun	11281
өрөөсгөл	33	noun	11282
армиудын	33	noun	11283
гэлэн	33	noun	11284
энгельс	33	noun	11285
эхээ	33	noun	11286
моноклин	33	noun	11287
сэлгээний	33	noun	11288
орос-туркийн	33	noun	11289
блюхер	33	noun	11290
уоллес	33	noun	11291
нотлон	33	noun	11292
кот	33	noun	11293
хишигтэн	33	noun	11294
оспан	33	noun	11295
захирамж	33	noun	11296
үжин	33	noun	11297
эвлэрүүлэн	33	noun	11298
ахиулж	33	noun	11299
святослав	33	noun	11300
оролдов	33	noun	11301
тойруулга	33	noun	11302
блэйк	33	noun	11303
одов	33	noun	11304
аскар	33	noun	11305
абэ	33	noun	11306
волга	33	noun	11307
грозный	33	noun	11308
пермь	33	noun	11309
жамьянгийн	33	noun	11310
цао	33	noun	11311
симпсон	33	noun	11312
уцс-ын	33	noun	11313
валенса	33	noun	11314
чавес	33	noun	11315
романов	33	noun	11316
фабио	33	noun	11317
дуудагдан	33	noun	11318
ядарсан	33	noun	11319
лейборист	33	noun	11320
хардинг	33	noun	11321
газардав	33	noun	11322
мануэл	33	noun	11323
адай	33	noun	11324
лига	33	noun	11325
доголдол	33	noun	11326
шахтёр	33	noun	11327
м-си	33	noun	11328
сэлгээнд	33	noun	11329
журнал	33	noun	11330
хуухай	33	noun	11331
хуваарилагдаж	33	noun	11332
баклэнд	33	noun	11333
шинжилдэг	33	noun	11334
веданта	33	noun	11335
аргумент	33	noun	11336
тэмбүүнцэр	33	noun	11337
шанкарагийн	33	noun	11338
сторон	33	noun	11339
мутартаа	33	noun	11340
баримтжуулах	33	verb	11341
сарвуу	33	noun	11342
зэгс	33	noun	11343
тайвшруулах	33	verb	11344
саксофон	33	noun	11345
ульяновск	33	noun	11346
хэмээв	33	noun	11347
сэн	33	noun	11348
перон	33	noun	11349
гэй	33	noun	11350
бензол	33	noun	11351
өдөржин	33	noun	11352
мане	33	noun	11353
цүлтэм	33	noun	11354
биллбоард	33	noun	11355
удаашруулах	33	verb	11356
өглөө	33	noun	11357
тулгуурлах	33	verb	11358
мэдэгдсэн	33	noun	11359
тандалт	33	noun	11360
дуул	33	noun	11361
сионизм	33	noun	11362
компрессор	33	noun	11363
замчлал	33	noun	11364
бишоп	33	noun	11365
конденсатор	33	noun	11366
маам	33	noun	11367
цэцэрлэгжүүлэлт	33	noun	11368
нугаралт	33	noun	11369
кэйш	33	noun	11370
алиалагч	32	noun	11371
гүзээлзгэнэ	32	noun	11372
орлогоор	32	noun	11373
мазаалай	32	noun	11374
баянлиг	32	noun	11375
холбоочин	32	noun	11376
тэвш	32	noun	11377
гөлтгөнө	32	noun	11378
гэрчлэх	32	verb	11379
шовгор	32	noun	11380
гарнизоны	32	noun	11381
вальс	32	noun	11382
сумхүү	32	noun	11383
аркан	32	noun	11384
авчран	32	noun	11385
валуа	32	noun	11386
дургүйцэж	32	noun	11387
сурлага	32	noun	11388
анхааруулга	32	noun	11389
махн-аас	32	noun	11390
намбарын	32	noun	11391
оюунцэцэг	32	noun	11392
түгж	32	noun	11393
итгэмээргүй	32	noun	11394
категори	32	noun	11395
зайлсхийдэг	32	noun	11396
хэлц	32	noun	11397
ага	32	noun	11398
хамниган	32	noun	11399
эйлер	32	noun	11400
үзэг	32	noun	11401
хавь	32	noun	11402
цэвэгжав	32	noun	11403
одож	32	noun	11404
васильев	32	noun	11405
хичээх	32	verb	11406
үгчилбэл	32	noun	11407
цэвэрхэн	32	noun	11408
оёдол	32	noun	11409
зидан	32	noun	11410
мийнхэн	32	noun	11411
месопотами	32	noun	11412
леопольдинагийн	32	noun	11413
клиник	32	noun	11414
хөлсөлж	32	noun	11415
анатоли	32	noun	11416
таталцал	32	noun	11417
вояжер	32	noun	11418
мананцар	32	noun	11419
наса-гийн	32	noun	11420
нөхөрлөж	32	noun	11421
шударгаар	32	noun	11422
үгэн	32	noun	11423
түвшинбаяр	32	noun	11424
пномпень	32	noun	11425
ринчин	32	noun	11426
чэнь	32	noun	11427
жагсаан	32	noun	11428
гулгалт	32	noun	11429
зсбн	32	noun	11430
смарт	32	noun	11431
хашир	32	noun	11432
дайлж	32	noun	11433
мэргэ	32	noun	11434
дугариг	32	noun	11435
нөхдийнхөө	32	noun	11436
орчуулагдан	32	noun	11437
захиалж	32	noun	11438
буудуулан	32	noun	11439
лист	32	noun	11440
захируулсан	32	noun	11441
ландшафт	32	noun	11442
оготно	32	noun	11443
ринбүчи	32	noun	11444
дэгдэмхий	32	noun	11445
ароматик	32	noun	11446
харшил	32	noun	11447
хүндэлж	32	noun	11448
фокус	32	noun	11449
нийцэхгүй	32	noun	11450
диваажин	32	noun	11451
бутарсан	32	noun	11452
эцгийнх	32	verb	11453
амсар	32	noun	11454
изабелла	32	noun	11455
жиованни	32	noun	11456
үүсгээд	32	noun	11457
заналхийлэл	32	noun	11458
грегори	32	noun	11459
үргэлжлүүлэв	32	noun	11460
заржээ	32	noun	11461
чадамжтай	32	noun	11462
род	32	noun	11463
борлогджээ	32	noun	11464
люкс	32	noun	11465
рэймонд	32	noun	11466
одох	32	verb	11467
бн	32	noun	11468
олдоод	32	noun	11469
ланкын	32	noun	11470
лопес	32	noun	11471
жобс	32	noun	11472
тобольск	32	noun	11473
мөнхболд	32	noun	11474
хатанбулаг	32	noun	11475
баяндалай	32	noun	11476
шижир	32	noun	11477
шинэбаяр	32	noun	11478
балдорж	32	noun	11479
бнсу-д	32	noun	11480
нович	32	noun	11481
бүрхэж	32	noun	11482
палау	32	noun	11483
самоа	32	noun	11484
евфрат	32	noun	11485
бэрс	32	noun	11486
гарри	32	noun	11487
фрунзе	32	noun	11488
урваж	32	noun	11489
нүүдэллэдэг	32	noun	11490
гажуудал	32	noun	11491
холилдож	32	noun	11492
онцолдог	32	noun	11493
бисмарк	32	noun	11494
нева	32	noun	11495
зүүнш	32	noun	11496
дарьгангын	32	noun	11497
гуурсан	32	noun	11498
монсудар	32	noun	11499
тохиролцон	32	noun	11500
өдөөх	32	verb	11501
вильсон	32	noun	11502
сиамын	32	noun	11503
томорсон	32	noun	11504
санчес	32	noun	11505
даамын	32	noun	11506
петро	32	noun	11507
плэй-оффт	32	noun	11508
шарон	32	noun	11509
романс	32	noun	11510
гуравхан	32	noun	11511
апп	32	noun	11512
фрийдрих	32	verb	11513
коллаген	32	noun	11514
республики	32	noun	11515
өгүүлрүүн	32	noun	11516
тагнах	32	verb	11517
федерико	32	noun	11518
алекса	32	noun	11519
бетти	32	noun	11520
роббен	32	noun	11521
дэниел	32	noun	11522
беверли	32	noun	11523
вольтер	32	noun	11524
чацарганын	32	noun	11525
викторович	32	noun	11526
линдон	32	noun	11527
нитх-ын	32	noun	11528
нью-хэмпшир	32	noun	11529
мкларен	32	noun	11530
монреал	32	noun	11531
микки	32	noun	11532
мотоциклийн	32	noun	11533
чейн	32	noun	11534
гилберт	32	noun	11535
монголжин	32	noun	11536
софиа	32	noun	11537
нимбэгийн	32	noun	11538
метроном	32	noun	11539
поп-рок	32	noun	11540
фолк	32	noun	11541
тугтөмөр	32	noun	11542
хөмрөгийнхөн	32	noun	11543
намнаахайнхан	32	noun	11544
бродский	32	noun	11545
мөнхжин	32	noun	11546
гидрофоб	32	noun	11547
мекленбург-өрнө	32	noun	11548
конференции	32	noun	11549
жанрайсаг	32	noun	11550
рави	32	noun	11551
метаболизмд	32	noun	11552
мүонрт-ийн	32	noun	11553
аскона	32	noun	11554
винил	32	noun	11555
холестерины	32	noun	11556
глутамат	32	noun	11557
шанкара	32	noun	11558
мижиддорж	32	noun	11559
барьц	32	noun	11560
самбаа	32	noun	11561
поли	32	noun	11562
рэн	32	noun	11563
электрод	32	noun	11564
бааст	32	noun	11565
хэц	32	noun	11566
ивээх	32	verb	11567
ср	32	noun	11568
баар	32	noun	11569
хавчлага	32	noun	11570
нямбуу	32	noun	11571
цацал	32	noun	11572
зонхов	32	noun	11573
антиох	32	verb	11574
гадагшлуулах	32	verb	11575
мэйжи	32	noun	11576
маркиз	32	noun	11577
юмсанжээ	31	noun	11578
суурьшмал	31	noun	11579
тарнийн	31	noun	11580
мөндөр	31	noun	11581
тэрхийн	31	noun	11582
вансэмбэрүү	31	noun	11583
мен	31	noun	11584
пунсалмаагийн	31	noun	11585
хамрагдан	31	noun	11586
жанцан	31	noun	11587
дурдан	31	noun	11588
хадран	31	noun	11589
хэрэглүүр	31	noun	11590
захируулан	31	noun	11591
андорра	31	noun	11592
газардаж	31	noun	11593
атмосферийн	31	noun	11594
индукцийн	31	noun	11595
үндэслэдэг	31	noun	11596
амарбаясгалант	31	noun	11597
пептидийн	31	noun	11598
тэртээх	31	verb	11599
огтлох	31	verb	11600
зүүнбаян-улаан	31	noun	11601
барам	31	noun	11602
хичээнгүйлэн	31	noun	11603
хүрээлж	31	noun	11604
бударгана	31	noun	11605
дээдэлсэн	31	noun	11606
хэчнээн	31	noun	11607
хамааруулдаг	31	noun	11608
доржиев	31	noun	11609
бутарч	31	noun	11610
ринчино	31	noun	11611
мэдүүлж	31	noun	11612
мандаттай	31	noun	11613
багшийнхаа	31	noun	11614
өрнүүлсэн	31	noun	11615
хуссейн	31	noun	11616
тайбэй	31	noun	11617
оршсоор	31	noun	11618
колланэ	31	noun	11619
полинезийн	31	noun	11620
тушааж	31	noun	11621
жолоодох	31	verb	11622
тов	31	noun	11623
оёдолчин	31	noun	11624
агуулгаар	31	noun	11625
окинава	31	noun	11626
манайхан	31	noun	11627
бөмбөгдөлтөд	31	noun	11628
тасалсан	31	noun	11629
эрмитаж	31	noun	11630
жижгэвтэр	31	noun	11631
дэвшүүлэв	31	noun	11632
унаа	31	noun	11633
уянгалаг	31	noun	11634
дэлгэцэн	31	noun	11635
лувсанцэрэн	31	noun	11636
колоничлогчид	31	noun	11637
ноёрхсон	31	noun	11638
удааширч	31	noun	11639
магсарын	31	noun	11640
мөрөөдөж	31	noun	11641
вроцлавын	31	noun	11642
опера	31	noun	11643
итгэмжит	31	noun	11644
нарангэрэл	31	noun	11645
харшлын	31	noun	11646
тааламжгүй	31	noun	11647
сал	31	noun	11648
готфрид	31	noun	11649
мөргөлдөх	31	verb	11650
амударья	31	noun	11651
тунхаглажээ	31	noun	11652
орхив	31	noun	11653
регбигийн	31	noun	11654
хандуулан	31	noun	11655
льеж	31	noun	11656
томми	31	noun	11657
вестминстерийн	31	noun	11658
набоков	31	noun	11659
товчид	31	noun	11660
геодезийн	31	noun	11661
өвчилж	31	noun	11662
мадонна	31	noun	11663
эргэлзээгүй	31	noun	11664
оргосон	31	noun	11665
буруушаасан	31	noun	11666
дээжис	31	noun	11667
рональдо	31	noun	11668
бутран	31	noun	11669
октябрын	31	noun	11670
нильс	31	noun	11671
өдөөгдсөн	31	noun	11672
дре	31	noun	11673
илбэчин	31	noun	11674
саатуулж	31	noun	11675
дээгүүрх	31	verb	11676
колумбиа	31	noun	11677
сервэр	31	noun	11678
алтансүх	31	verb	11679
үйлстэн	31	noun	11680
хишиг-өндөр	31	noun	11681
нарийнтээл	31	noun	11682
сүрэн	31	noun	11683
сүүлчийнх	31	verb	11684
шаардлагаас	31	noun	11685
яаравчлан	31	noun	11686
прокариот	31	noun	11687
дууг	31	noun	11688
глен	31	noun	11689
олов	31	noun	11690
сулруулсан	31	noun	11691
лувсанжамцын	31	noun	11692
амьдарлын	31	noun	11693
тобагогийн	31	noun	11694
баралтын	31	noun	11695
бялуу	31	noun	11696
тесла	31	noun	11697
амадей	31	noun	11698
дм	31	noun	11699
тусгайлсан	31	noun	11700
павлодар	31	noun	11701
тооцоолжээ	31	noun	11702
зсбнхоу	31	noun	11703
орос-украины	31	noun	11704
давшин	31	noun	11705
захиалан	31	noun	11706
его	31	noun	11707
хайрла	31	noun	11708
мүзей	31	noun	11709
тоолбол	31	noun	11710
тавигдав	31	noun	11711
прогрессив	31	noun	11712
зүүнхараа	31	noun	11713
сүбэдэй	31	noun	11714
жалал	31	noun	11715
үрс	31	noun	11716
карен	31	noun	11717
манхэттен	31	noun	11718
чичиргээ	31	noun	11719
талархаж	31	noun	11720
опцион	31	noun	11721
нямбаяр	31	noun	11722
сааралдуу	31	noun	11723
май	31	noun	11724
сү	31	noun	11725
дайрчээ	31	noun	11726
честер	31	noun	11727
оливын	31	noun	11728
эскадрилийн	31	noun	11729
эхо	31	noun	11730
өгөөч	31	noun	11731
каунасын	31	noun	11732
мстислав	31	noun	11733
фостер	31	noun	11734
сэмюэл	31	noun	11735
мосфильм	31	noun	11736
зөвлөлт-монголын	31	noun	11737
хөмсөг	31	noun	11738
френцис	31	noun	11739
шэн	31	noun	11740
галлерей	31	noun	11741
бөмбөгдөв	31	noun	11742
миннеаполис	31	noun	11743
синхрон	31	noun	11744
бэрри	31	noun	11745
баяжуулан	31	noun	11746
гүйцдэг	31	noun	11747
цэврүү	31	noun	11748
уилл	31	noun	11749
тоёота	31	noun	11750
бэкхён	31	noun	11751
серж	31	noun	11752
субстрат	31	noun	11753
гараалжээ	31	noun	11754
гэрээлж	31	noun	11755
гидрологийн	31	noun	11756
вопросы	31	noun	11757
райс-оксли	31	noun	11758
дааврын	31	noun	11759
китайской	31	noun	11760
соглашения	31	noun	11761
сэвэгзарам	31	noun	11762
област	31	noun	11763
аланин	31	noun	11764
коста-рикийн	31	noun	11765
суманчулуун	31	noun	11766
батням	31	noun	11767
лейкотриений	31	noun	11768
лхагваа	31	noun	11769
дар	31	noun	11770
филологи	31	noun	11771
саскачеван	31	noun	11772
чойном	31	noun	11773
генотип	31	noun	11774
белорус	31	noun	11775
шаардлагууд	31	noun	11776
хагалбар	31	noun	11777
барьцаалах	31	verb	11778
монгольской	31	noun	11779
бариулах	31	verb	11780
шалгарах	31	verb	11781
тэнгэризм	31	noun	11782
долгоржав	31	noun	11783
сарниулах	31	verb	11784
пу	31	noun	11785
оюунбилэг	31	noun	11786
баячууд	31	noun	11787
казакстан	31	noun	11788
эли	31	noun	11789
будлиан	31	noun	11790
нарлаг	30	noun	11791
цагаанчулуут	30	noun	11792
адаацаг	30	noun	11793
ромбо	30	noun	11794
чимэдвандан	30	noun	11795
зүүнхангай	30	noun	11796
хар-ус	30	noun	11797
дарьсүрэн	30	noun	11798
хоцорчээ	30	noun	11799
манлайлж	30	noun	11800
лесли	30	noun	11801
түрэмгийлэгчдийн	30	noun	11802
портер	30	noun	11803
илэрхийлэв	30	noun	11804
цутгалан	30	noun	11805
орги	30	noun	11806
зэвэгийн	30	noun	11807
саальчин	30	noun	11808
одончимэг	30	noun	11809
баянцогт	30	noun	11810
угтаалцайдам	30	noun	11811
шинэ-идэр	30	noun	11812
математикчид	30	noun	11813
ихэвчилэн	30	noun	11814
жанрын	30	noun	11815
хошигнол	30	noun	11816
медичи	30	noun	11817
ангиар	30	noun	11818
одоогийнхоор	30	noun	11819
маалинга	30	noun	11820
товгор	30	noun	11821
тахих	30	verb	11822
эзлэгдэн	30	noun	11823
алмааз	30	noun	11824
хэрэглэгдсээр	30	noun	11825
герд	30	noun	11826
смирнов	30	noun	11827
эрхийнхээ	30	noun	11828
өлөн	30	noun	11829
тааралдсан	30	noun	11830
барив	30	noun	11831
нэрвэгдэж	30	noun	11832
индира	30	noun	11833
марийн	30	noun	11834
хаанчилж	30	noun	11835
амилсан	30	noun	11836
уяхан	30	noun	11837
хурдлах	30	verb	11838
оролдлогын	30	noun	11839
хожиход	30	noun	11840
завшаан	30	noun	11841
тео	30	noun	11842
урус	30	noun	11843
крит	30	noun	11844
олгон	30	noun	11845
сониуч	30	noun	11846
теологич	30	noun	11847
компьютерээс	30	noun	11848
авсаар	30	noun	11849
тойроод	30	noun	11850
эргэлзээ	30	noun	11851
оруулсаар	30	noun	11852
эхлүүлээд	30	noun	11853
тохиов	30	noun	11854
бөмбөгдөх	30	verb	11855
гибрид	30	noun	11856
гашуудлын	30	noun	11857
үзүүлсээр	30	noun	11858
шаравтар	30	noun	11859
хучиж	30	noun	11860
тэлмэн	30	noun	11861
улбаалж	30	noun	11862
өрсөлдөн	30	noun	11863
месопотамийн	30	noun	11864
эдэлдэг	30	noun	11865
нэхэх	30	verb	11866
хөөс	30	noun	11867
дуусмагц	30	noun	11868
тэжээлтэн	30	noun	11869
ну	30	noun	11870
сулруулж	30	noun	11871
ялгаруулан	30	noun	11872
хаван	30	noun	11873
хессен	30	noun	11874
дампил	30	noun	11875
түвдэнгийн	30	noun	11876
экспортлогч	30	noun	11877
харамсаж	30	noun	11878
жинст	30	noun	11879
махлаг	30	noun	11880
хиртэлт	30	noun	11881
сугас	30	noun	11882
тэтгэх	30	verb	11883
нэрэх	30	verb	11884
хөтлөгдөн	30	noun	11885
бартольд	30	noun	11886
ноорог	30	noun	11887
гүйцэтгэв	30	noun	11888
рационал	30	noun	11889
германи	30	noun	11890
илрүүлэв	30	noun	11891
хазара	30	noun	11892
науру	30	noun	11893
престон	30	noun	11894
ланс	30	noun	11895
руанда	30	noun	11896
хумбольдтын	30	noun	11897
толилуулж	30	noun	11898
найруулгаар	30	noun	11899
гуниг	30	noun	11900
зотон	30	noun	11901
товшуур	30	noun	11902
тэвчиж	30	noun	11903
дали	30	noun	11904
тандан	30	noun	11905
валентын	30	noun	11906
си-системийн	30	noun	11907
гийом	30	noun	11908
ричмонд	30	noun	11909
роллинг	30	noun	11910
гонзгой	30	noun	11911
оролджээ	30	noun	11912
софийн	30	noun	11913
баренцын	30	noun	11914
авчирна	30	noun	11915
бэхжүүлэн	30	noun	11916
уэмбли	30	noun	11917
рэппэр	30	noun	11918
тамара	30	noun	11919
абдулла	30	noun	11920
хавирган	30	noun	11921
нууцалж	30	noun	11922
зугтжээ	30	noun	11923
батула	30	noun	11924
илэрц	30	noun	11925
андреевна	30	noun	11926
атаархал	30	noun	11927
түвэгтэй	30	noun	11928
баяндун	30	noun	11929
кэн	30	noun	11930
мультимедиа	30	noun	11931
ех	30	noun	11932
гольфын	30	noun	11933
зогсов	30	noun	11934
цагаачлах	30	verb	11935
эмхэтгэн	30	noun	11936
наташа	30	noun	11937
кастилийн	30	noun	11938
мохамед	30	noun	11939
эвлэлдэн	30	noun	11940
монгол-японы	30	noun	11941
наалдамхай	30	noun	11942
амьдруулах	30	verb	11943
уулчид	30	noun	11944
керр	30	noun	11945
бэхлэх	30	verb	11946
сэлбэг	30	noun	11947
сэжиглэж	30	noun	11948
харжээ	30	noun	11949
мөргөн	30	noun	11950
обь	30	noun	11951
тх	30	noun	11952
женни	30	noun	11953
блэк	30	noun	11954
рүүзвельт	30	noun	11955
триполи	30	noun	11956
милош	30	noun	11957
египтийн	30	noun	11958
манба	30	noun	11959
хелен	30	noun	11960
табриз	30	noun	11961
сулейман	30	noun	11962
нетаньяху	30	noun	11963
анжей	30	noun	11964
запорожье	30	noun	11965
наваррын	30	noun	11966
маврики	30	noun	11967
карпини	30	noun	11968
мортон	30	noun	11969
архангельск	30	noun	11970
утрехт	30	noun	11971
ставрополийн	30	noun	11972
баралт	30	noun	11973
түрэлтийн	30	noun	11974
ликуд	30	noun	11975
холливудад	30	noun	11976
ангкор	30	noun	11977
тарту	30	noun	11978
буддистуудын	30	noun	11979
таргалалт	30	noun	11980
маттиас	30	noun	11981
аркадий	30	noun	11982
тайху	30	noun	11983
боди	30	noun	11984
дурал	30	noun	11985
шөнөөр	30	noun	11986
баавгайнхан	30	noun	11987
догол	30	noun	11988
фүкүока	30	noun	11989
унаач	30	noun	11990
марвел	30	noun	11991
хуниорс	30	noun	11992
грам	30	noun	11993
данкан	30	noun	11994
бундестагийн	30	noun	11995
хорхе	30	noun	11996
тайлал	30	noun	11997
греммийн	30	noun	11998
тайлер	30	noun	11999
штерн	30	noun	12000
сидни	30	noun	12001
потсдам	30	noun	12002
борлуулагдаж	30	noun	12003
борнмут	30	noun	12004
тулгарах	30	verb	12005
уотфорд	30	noun	12006
михаэлийн	30	noun	12007
логистик	30	noun	12008
зундарь	30	noun	12009
третьяковын	30	noun	12010
дахилт	30	noun	12011
гумус	30	noun	12012
золжаргал	30	noun	12013
диатом	30	noun	12014
внешней	30	noun	12015
буурцагтан	30	noun	12016
трекчин	30	noun	12017
тирозин	30	noun	12018
поливинил	30	noun	12019
зөвтгөх	30	verb	12020
гээч	30	noun	12021
сөнөөх	30	verb	12022
аляск	30	noun	12023
нэвтр	30	noun	12024
хүлээлгүй	30	noun	12025
оновчлол	30	noun	12026
цугларалт	30	noun	12027
бийр	30	noun	12028
майский	30	noun	12029
шилжүүлэлт	30	noun	12030
хавчиг	30	noun	12031
дэгнүүл	30	noun	12032
удсан	30	noun	12033
тунхаглах	30	verb	12034
гали	30	noun	12035
империализм	30	noun	12036
египт	30	noun	12037
зээх	30	verb	12038
компютер	30	noun	12039
ламп	30	noun	12040
нанхиад	30	noun	12041
режи	30	noun	12042
анхилуун	29	noun	12043
орог	29	noun	12044
баацагаан	29	noun	12045
цагаандэлгэр	29	noun	12046
хөлдөж	29	noun	12047
ойлгомжгүй	29	noun	12048
лаа	29	noun	12049
төгсгөсөн	29	noun	12050
оролцсоор	29	noun	12051
тулуз	29	noun	12052
чиглүүлэн	29	noun	12053
эеэр	29	noun	12054
эрдэнэцагаан	29	noun	12055
холбогдуулж	29	noun	12056
васко	29	noun	12057
фермагийн	29	noun	12058
компьютерээр	29	noun	12059
тулах	29	verb	12060
хандалтат	29	noun	12061
хэнань	29	noun	12062
доломит	29	noun	12063
гогцоо	29	noun	12064
найруулгыг	29	noun	12065
шийтгүүлсэн	29	noun	12066
атрын	29	noun	12067
санаархаж	29	noun	12068
акбар	29	noun	12069
давсжилт	29	noun	12070
урван	29	noun	12071
край	29	noun	12072
энержи	29	noun	12073
ресурс	29	noun	12074
цэвэлмаа	29	noun	12075
абел	29	noun	12076
гэрэлтэлт	29	noun	12077
эссе	29	noun	12078
докторант	29	noun	12079
татгалзан	29	noun	12080
колончлолын	29	noun	12081
сок	29	noun	12082
төлөвшсөн	29	noun	12083
золбаяр	29	noun	12084
охиныхоо	29	noun	12085
семантик	29	noun	12086
мм-ээс	29	noun	12087
гронинген	29	noun	12088
озон	29	noun	12089
орчуулагдаж	29	noun	12090
мултарч	29	noun	12091
зогсоон	29	noun	12092
хурдасгуур	29	noun	12093
багадалт	29	noun	12094
титов	29	noun	12095
косыгин	29	noun	12096
намуун	29	noun	12097
симфонийг	29	noun	12098
реалист	29	noun	12099
родриго	29	noun	12100
үйлчлэлцэж	29	noun	12101
түмэнхэн	29	noun	12102
шуудуу	29	noun	12103
цутгамал	29	noun	12104
муюн	29	noun	12105
хүмүүжиж	29	noun	12106
эндэгдэл	29	noun	12107
алмас	29	noun	12108
баатарцол	29	noun	12109
серик	29	noun	12110
зөрж	29	noun	12111
зовсон	29	noun	12112
материалист	29	noun	12113
виллем	29	noun	12114
шингэх	29	verb	12115
гунигтай	29	noun	12116
дэв	29	noun	12117
хюго	29	noun	12118
тунгус	29	noun	12119
гаа	29	noun	12120
хадаж	29	noun	12121
ёгт	29	noun	12122
гөттингений	29	noun	12123
куликовын	29	noun	12124
манлайлан	29	noun	12125
км-ээс	29	noun	12126
эслэг	29	noun	12127
анархист	29	noun	12128
дээс	29	noun	12129
гартал	29	noun	12130
холилдох	29	verb	12131
хижиг	29	noun	12132
санто	29	noun	12133
балмад	29	noun	12134
гулгаж	29	noun	12135
төхөөрөмжинд	29	noun	12136
оршвой	29	noun	12137
танзанийн	29	noun	12138
нугалж	29	noun	12139
хөөргөв	29	noun	12140
мэлоун	29	noun	12141
золиослогч	29	noun	12142
авзага	29	noun	12143
плутони	29	noun	12144
эрдэнэжаргал	29	noun	12145
өнгөрөөдөг	29	noun	12146
ухан	29	noun	12147
цувраа	29	noun	12148
даржээ	29	noun	12149
хулгайлан	29	noun	12150
булчинлаг	29	noun	12151
сэлэх	29	verb	12152
хараацай	29	noun	12153
гөлөг	29	noun	12154
каспаров	29	noun	12155
жийрэг	29	noun	12156
сорьсон	29	noun	12157
цаазалжээ	29	noun	12158
иозеф	29	noun	12159
бадма	29	noun	12160
нанотехнологийн	29	noun	12161
дамбадорж	29	noun	12162
тухайлсан	29	noun	12163
хөхиүлэн	29	noun	12164
ухсан	29	noun	12165
байлдав	29	noun	12166
хуульчлав	29	noun	12167
альфонсо	29	noun	12168
ангижрах	29	verb	12169
хуучид	29	noun	12170
окленд	29	noun	12171
невийн	29	noun	12172
калимантан	29	noun	12173
валенси	29	noun	12174
гетман	29	noun	12175
чидун	29	noun	12176
сана	29	noun	12177
док	29	noun	12178
онцолжээ	29	noun	12179
гармаа	29	noun	12180
целийн	29	noun	12181
нобель	29	noun	12182
алгебрлиг	29	noun	12183
орлов	29	noun	12184
парадокс	29	noun	12185
херман	29	noun	12186
бешикташ	29	noun	12187
инфант	29	noun	12188
фан	29	noun	12189
хайнц	29	noun	12190
тито	29	noun	12191
дирк	29	noun	12192
дартсын	29	noun	12193
жавахарлал	29	noun	12194
оргилболд	29	noun	12195
хурцдаж	29	noun	12196
аохан	29	noun	12197
квантуны	29	noun	12198
морзын	29	noun	12199
лопез	29	noun	12200
стравинский	29	noun	12201
арилдаг	29	noun	12202
өнгөлөн	29	noun	12203
лионель	29	noun	12204
харцгайнхан	29	noun	12205
ковалевски	29	noun	12206
борисович	29	noun	12207
петровис	29	noun	12208
моди	29	noun	12209
эшли	29	noun	12210
полански	29	noun	12211
хоёронтоо	29	noun	12212
продюсерлэсэн	29	noun	12213
имэйл	29	noun	12214
дуэйн	29	noun	12215
тоормосны	29	noun	12216
консерватизм	29	noun	12217
үгэчи	29	noun	12218
неста	29	noun	12219
дээрэлхэлт	29	noun	12220
монголкино	29	noun	12221
чихэвч	29	noun	12222
гиш	29	noun	12223
гипотензи	29	noun	12224
галактозын	29	noun	12225
хялгас	29	noun	12226
дамбадаржаа	29	noun	12227
гургалдай	29	noun	12228
тоологдох	29	verb	12229
ата	29	noun	12230
увидас	29	noun	12231
борхүү	29	noun	12232
цээр	29	noun	12233
хэрэгжүүлсэн	29	noun	12234
шуман	29	noun	12235
болих	29	verb	12236
нэгнийх	29	verb	12237
фитнесс	29	noun	12238
нэйш	29	noun	12239
вед	29	noun	12240
хөлгөн	28	noun	12241
навчис	28	noun	12242
лувсанжамбын	28	noun	12243
даль	28	noun	12244
дуламжавын	28	noun	12245
нямхүү	28	noun	12246
отгонжаргал	28	noun	12247
жасын	28	noun	12248
сайнцагаан	28	noun	12249
талархаг	28	noun	12250
аргал	28	noun	12251
готовын	28	noun	12252
байршдаг	28	noun	12253
шинэчлэгдэн	28	noun	12254
цогтгэрэл	28	noun	12255
лхагвын	28	noun	12256
ханбогд	28	noun	12257
шорвог	28	noun	12258
цэрэндаваа	28	noun	12259
услалтын	28	noun	12260
эрдэсжилт	28	noun	12261
аллах	28	verb	12262
арк	28	noun	12263
кантон	28	noun	12264
хөдөлгөн	28	noun	12265
тааралдах	28	verb	12266
уокер	28	noun	12267
инфобокс	28	noun	12268
дарийн	28	noun	12269
ундрахын	28	noun	12270
хиаг	28	noun	12271
дагшин	28	noun	12272
сурвалжилж	28	noun	12273
арчлах	28	verb	12274
вильям	28	noun	12275
тооцоолсон	28	noun	12276
универсал	28	noun	12277
урьдчилж	28	noun	12278
үүдэж	28	noun	12279
эдгээх	28	verb	12280
төвлөрүүлэн	28	noun	12281
боох	28	verb	12282
өгөлгүй	28	noun	12283
ширэн	28	noun	12284
азии	28	noun	12285
шарайд	28	noun	12286
нармай	28	noun	12287
өндөрхаан	28	noun	12288
ман-аас	28	noun	12289
зодож	28	noun	12290
фабрик	28	noun	12291
сингх	28	verb	12292
скайтел	28	noun	12293
энцо	28	noun	12294
амос	28	noun	12295
проректор	28	noun	12296
үйлдвэрлэв	28	noun	12297
баярлалаа	28	noun	12298
бек	28	noun	12299
буудуулсан	28	noun	12300
оуох	28	verb	12301
баасансүрэн	28	noun	12302
ганбаяр	28	noun	12303
секц	28	noun	12304
аккра	28	noun	12305
уих-аар	28	noun	12306
лүндэн	28	noun	12307
мета	28	noun	12308
хязгаарлагдаж	28	noun	12309
цэс	28	noun	12310
ноосон	28	noun	12311
ат	28	noun	12312
карбон	28	noun	12313
хичээн	28	noun	12314
малави	28	noun	12315
дорждагва	28	noun	12316
хатаах	28	verb	12317
ажиллагааныхаа	28	noun	12318
шүлт	28	noun	12319
бутралын	28	noun	12320
чимсэн	28	noun	12321
гулд	28	noun	12322
сэлж	28	noun	12323
планк	28	noun	12324
галилейн	28	noun	12325
садар	28	noun	12326
тохируулгын	28	noun	12327
гипс	28	noun	12328
геноцид	28	noun	12329
зуучлах	28	verb	12330
шийдвэрлэв	28	noun	12331
уриалжээ	28	noun	12332
эллипс	28	noun	12333
доромжилж	28	noun	12334
болзож	28	noun	12335
нягтаршил	28	noun	12336
шатаажээ	28	noun	12337
боодог	28	noun	12338
хоолтон	28	noun	12339
царайлаг	28	noun	12340
клеопатра	28	noun	12341
венера	28	noun	12342
шахагдаж	28	noun	12343
шүүмжлэн	28	noun	12344
нутаглуулжээ	28	noun	12345
хүнийхээ	28	noun	12346
огул	28	noun	12347
диваажингийн	28	noun	12348
наймаачин	28	noun	12349
хайлан	28	noun	12350
вольф	28	noun	12351
ядрах	28	verb	12352
комеди	28	noun	12353
гашуудал	28	noun	12354
гц	28	noun	12355
тасманы	28	noun	12356
самсунг	28	noun	12357
сандарч	28	noun	12358
мэрилин	28	noun	12359
элтон	28	noun	12360
газарджээ	28	noun	12361
айлчилжээ	28	noun	12362
хэвлэгдэх	28	verb	12363
бугуйн	28	noun	12364
соном	28	noun	12365
чухалчилдаг	28	noun	12366
харьяаллын	28	noun	12367
дашинчилэн	28	noun	12368
хөхморьт	28	noun	12369
цэцэн-уул	28	noun	12370
үэ-ийн	28	noun	12371
фижи	28	noun	12372
бадарчин	28	noun	12373
палеонтологич	28	noun	12374
чонос	28	noun	12375
жигнэмэг	28	noun	12376
тавхай	28	noun	12377
товчилдог	28	noun	12378
жакарта	28	noun	12379
стар	28	noun	12380
эргүүлэг	28	noun	12381
огтолж	28	noun	12382
симонов	28	noun	12383
тартугийн	28	noun	12384
курилийн	28	noun	12385
хакерууд	28	noun	12386
эксклав	28	noun	12387
монументаль	28	noun	12388
луижи	28	noun	12389
кадет	28	noun	12390
ойлгон	28	noun	12391
мартинес	28	noun	12392
багратион	28	noun	12393
вилгельм	28	noun	12394
пиус	28	noun	12395
помпиду	28	noun	12396
рожерс	28	noun	12397
альбрехт	28	noun	12398
сорил	28	noun	12399
днепропетровск	28	noun	12400
хочилдог	28	noun	12401
универсиад	28	noun	12402
кристин	28	noun	12403
сент-луис	28	noun	12404
дрезден	28	noun	12405
олимпиа	28	noun	12406
октябрь	28	noun	12407
колчак	28	noun	12408
студитэй	28	noun	12409
загварчилсан	28	noun	12410
зэлмэ	28	noun	12411
ривера	28	noun	12412
моррисон	28	noun	12413
каракас	28	noun	12414
сандра	28	noun	12415
чоймбол	28	noun	12416
индианаполис	28	noun	12417
укра	28	noun	12418
олзолжээ	28	noun	12419
мафийн	28	noun	12420
фрейзер	28	noun	12421
страсбург	28	noun	12422
сейнт	28	noun	12423
плейт	28	noun	12424
жозефин	28	noun	12425
коростовец	28	noun	12426
орос-хятадын	28	noun	12427
копа	28	noun	12428
чуулбар	28	noun	12429
бенеш	28	noun	12430
приднестрийн	28	noun	12431
днестр	28	noun	12432
ун	28	noun	12433
бёрд	28	noun	12434
андрэ	28	noun	12435
жерард	28	noun	12436
гриффин	28	noun	12437
рики	28	noun	12438
эрфурт	28	noun	12439
дастин	28	noun	12440
рединг	28	noun	12441
сурвалжилсан	28	noun	12442
кришнамурти	28	noun	12443
паок	28	noun	12444
чичиргээний	28	noun	12445
серия	28	noun	12446
бүлүүрт	28	noun	12447
фөрт	28	noun	12448
нөж	28	noun	12449
криптографийн	28	noun	12450
наук	28	noun	12451
грицевец	28	noun	12452
алмасын	28	noun	12453
халдагчид	28	noun	12454
гликолиз	28	noun	12455
эш-ний	28	noun	12456
т-р	28	noun	12457
крадин	28	noun	12458
бук-м	28	noun	12459
маршрут	28	noun	12460
ис	28	noun	12461
унь	28	noun	12462
ойлгогдох	28	verb	12463
тер	28	noun	12464
белосток	28	noun	12465
боливар	28	noun	12466
дьюк	28	noun	12467
йон	28	noun	12468
брукс	28	noun	12469
цүлхэн	28	noun	12470
дөхөх	28	verb	12471
нүүдэллэх	28	verb	12472
эрхшээл	28	noun	12473
иллинойс	28	noun	12474
хөргөлт	28	noun	12475
снукер	28	noun	12476
гүйцэтгэсэн	28	noun	12477
владимирцов	27	noun	12478
баяжиж	27	noun	12479
явбал	27	noun	12480
дэлгэмэл	27	noun	12481
санжаадамба	27	noun	12482
дамжлага	27	noun	12483
ханхонгор	27	noun	12484
даац	27	noun	12485
олзвой	27	noun	12486
ангир	27	noun	12487
бошиглогч	27	noun	12488
үхэшгүй	27	noun	12489
дулаарлын	27	noun	12490
сураг	27	noun	12491
бэлэгдэл	27	noun	12492
нөөцлөх	27	verb	12493
уттар	27	noun	12494
эрхшээлийн	27	noun	12495
тархмал	27	noun	12496
хилэм	27	noun	12497
андгай	27	noun	12498
шалтгаалах	27	verb	12499
туургатан	27	noun	12500
хасагджээ	27	noun	12501
бандида	27	noun	12502
бу	27	noun	12503
бао	27	noun	12504
саланги	27	noun	12505
ням-осорын	27	noun	12506
товлосон	27	noun	12507
лаврентий	27	noun	12508
мэдүүлжээ	27	noun	12509
хайхрамжгүй	27	noun	12510
сорилын	27	noun	12511
жахан	27	noun	12512
татагдах	27	verb	12513
буцаажээ	27	noun	12514
харамгүй	27	noun	12515
нийлэгжил	27	noun	12516
эйр	27	noun	12517
коран	27	noun	12518
шүүслэг	27	noun	12519
гурилан	27	noun	12520
цагаанбаатар	27	noun	12521
жараахай	27	noun	12522
ева	27	noun	12523
сартаг	27	noun	12524
тавь	27	noun	12525
газрынхаа	27	noun	12526
корнелл	27	noun	12527
үрэгдэв	27	noun	12528
дийн	27	noun	12529
унагах	27	verb	12530
хөдөлмөрлөж	27	noun	12531
хавчин	27	noun	12532
айлган	27	noun	12533
зэхэж	27	noun	12534
далайчид	27	noun	12535
хавсарч	27	noun	12536
сүнслэг	27	noun	12537
скрипт	27	noun	12538
навигацийн	27	noun	12539
аарц	27	noun	12540
тэсо	27	noun	12541
аваргаа	27	noun	12542
рика	27	noun	12543
пүсань	27	noun	12544
пестицид	27	noun	12545
таро	27	noun	12546
маслоу	27	noun	12547
гомес	27	noun	12548
хавирга	27	noun	12549
ференц	27	noun	12550
цуглардаг	27	noun	12551
шопен	27	noun	12552
туйлшрал	27	noun	12553
эетэй	27	noun	12554
хаш-эрдэнэ	27	noun	12555
намхай	27	noun	12556
сүмбээ	27	noun	12557
таян	27	noun	12558
см-ээс	27	noun	12559
сандерлэнд	27	noun	12560
свен	27	noun	12561
тоть	27	noun	12562
ломоносов	27	noun	12563
ногоовтор	27	noun	12564
олборлон	27	noun	12565
гурамсан	27	noun	12566
зүлгэн	27	noun	12567
брисбэн	27	noun	12568
австралиас	27	noun	12569
харъяалагдах	27	verb	12570
хардаж	27	noun	12571
орос-монгол	27	noun	12572
гялалзаж	27	noun	12573
энхнаран	27	noun	12574
хойгуураа	27	noun	12575
хидан	27	noun	12576
томруун	27	noun	12577
татлага	27	noun	12578
симбиоз	27	noun	12579
захиалсан	27	noun	12580
хашлага	27	noun	12581
угсардаг	27	noun	12582
ролл	27	noun	12583
аваачин	27	noun	12584
ханз	27	noun	12585
туулжээ	27	noun	12586
хаас	27	noun	12587
түгээлтийн	27	noun	12588
романовын	27	noun	12589
авжээ	27	noun	12590
абдель	27	noun	12591
гулаг	27	noun	12592
гүш	27	noun	12593
сантмаргац	27	noun	12594
ханх	27	verb	12595
осор	27	noun	12596
трейд	27	noun	12597
дарвийн	27	noun	12598
интеграцийн	27	noun	12599
гольф	27	noun	12600
диалектик	27	noun	12601
огтлолын	27	noun	12602
жэк	27	noun	12603
зайлж	27	noun	12604
спартакиадын	27	noun	12605
микронезийн	27	noun	12606
исэлдүүлэх	27	verb	12607
бурунди	27	noun	12608
фолклендын	27	noun	12609
бсшуя-ны	27	noun	12610
тигр	27	noun	12611
шаантаг	27	noun	12612
эцэслэж	27	noun	12613
буужээ	27	noun	12614
алехин	27	noun	12615
нугалмын	27	noun	12616
хугарсан	27	noun	12617
заалгасан	27	noun	12618
бууджээ	27	noun	12619
донровын	27	noun	12620
бүрэх	27	verb	12621
тоглолтынхоо	27	noun	12622
наса	27	noun	12623
хомо	27	noun	12624
сами	27	noun	12625
хавсарган	27	noun	12626
рут	27	noun	12627
колчакийн	27	noun	12628
тамбов	27	noun	12629
фашизмын	27	noun	12630
брэд	27	noun	12631
толгойлон	27	noun	12632
хойшлуулсан	27	noun	12633
никколо	27	noun	12634
флаш	27	noun	12635
аминдэм	27	noun	12636
тулалджээ	27	noun	12637
соломон	27	noun	12638
лидия	27	noun	12639
тойргоор	27	noun	12640
түрээслэх	27	verb	12641
шивэр	27	noun	12642
хум	27	noun	12643
жош	27	noun	12644
мозес	27	noun	12645
хугарлын	27	noun	12646
шхаб	27	noun	12647
назарбаев	27	noun	12648
гао	27	noun	12649
ники	27	noun	12650
коламбиа	27	noun	12651
буцалсан	27	noun	12652
солженицын	27	noun	12653
хоногшсон	27	noun	12654
кодчилдог	27	noun	12655
ашиглав	27	noun	12656
лаура	27	noun	12657
коппола	27	noun	12658
кристи	27	noun	12659
сс-ийн	27	noun	12660
баязид	27	noun	12661
гүрүн	27	noun	12662
хэлмэрч	27	noun	12663
купер	27	noun	12664
васильевна	27	noun	12665
николя	27	noun	12666
завсарласан	27	noun	12667
туз-ын	27	noun	12668
трансжендер	27	noun	12669
хамильтон	27	noun	12670
сайтама	27	noun	12671
льюс	27	noun	12672
хөөрөв	27	noun	12673
расселл	27	noun	12674
цэцэглэдэг	27	noun	12675
дуулъя	27	noun	12676
шиндлерийн	27	noun	12677
харцагынхан	27	noun	12678
ширхэглэг	27	noun	12679
нигүүлсэгч	27	noun	12680
каспер	27	noun	12681
ёзоор	27	noun	12682
виа	27	noun	12683
фрунзегийн	27	noun	12684
бенц	27	noun	12685
чаргачин	27	noun	12686
сургуул	27	noun	12687
ливингстон	27	noun	12688
институцийг	27	noun	12689
гоолдон	27	noun	12690
конкакаф	27	noun	12691
уашт-ий	27	noun	12692
харагдац	27	noun	12693
өмчлөлийн	27	noun	12694
бнказу-ын	27	noun	12695
торо	27	noun	12696
монголор	27	noun	12697
цүнх	27	verb	12698
панн-ын	27	noun	12699
диспетчер	27	noun	12700
ганцмод	27	noun	12701
приштина	27	noun	12702
найлзуур	27	noun	12703
скудериа	27	noun	12704
эпигенетикийн	27	noun	12705
еркебулан	27	noun	12706
промпт	27	noun	12707
мацуев	27	noun	12708
мельес	27	noun	12709
кобзон	27	noun	12710
эсз-ын	27	noun	12711
хал	27	noun	12712
дамиран	27	noun	12713
гэлэнхүү	27	noun	12714
ургамалжилт	27	noun	12715
идэвхижүүлэх	27	verb	12716
шархүү	27	noun	12717
рейтинг	27	noun	12718
толуй	27	noun	12719
гүйцэлдүүлэх	27	verb	12720
баянжаргал	27	noun	12721
хөндөх	27	verb	12722
ирмэгц	27	noun	12723
упанишад	27	noun	12724
дуугаар	27	noun	12725
үүсгэсэн	27	noun	12726
хөлгөний	26	noun	12727
ашока	26	noun	12728
зэн	26	noun	12729
даргаас	26	noun	12730
зугаалгын	26	noun	12731
хорго	26	noun	12732
хадат	26	noun	12733
оточ	26	noun	12734
харьяалалгүй	26	noun	12735
дариймаа	26	noun	12736
галбын	26	noun	12737
даваахүү	26	noun	12738
рамсарын	26	noun	12739
куран	26	noun	12740
залгуулж	26	noun	12741
лээ	26	noun	12742
засварчин	26	noun	12743
монгольского	26	noun	12744
шок	26	noun	12745
бутачийн	26	noun	12746
түвшинжаргал	26	noun	12747
бататгаж	26	noun	12748
ойлголцох	26	verb	12749
хуваарилагдан	26	noun	12750
аэродинамик	26	noun	12751
тэмдэглэгдэж	26	noun	12752
элэглэл	26	noun	12753
дийлэхгүй	26	noun	12754
авирах	26	verb	12755
түлээ	26	noun	12756
монголоид	26	noun	12757
харьяалалд	26	noun	12758
намынхан	26	noun	12759
тохиролцжээ	26	noun	12760
уруудан	26	noun	12761
төгссөнийхөө	26	noun	12762
хэлэлцүүлсэн	26	noun	12763
гидротермаль	26	noun	12764
любляна	26	noun	12765
мишээл	26	noun	12766
мөнхтөр	26	noun	12767
хүндхэн	26	noun	12768
хувиран	26	noun	12769
бугуйвч	26	noun	12770
бат-амгалан	26	noun	12771
мужийнхаа	26	noun	12772
балхаш	26	noun	12773
зайлсхийсэн	26	noun	12774
анааш	26	noun	12775
лабораторийг	26	noun	12776
стрит	26	noun	12777
олзлогджээ	26	noun	12778
бөмбөгдөлтийн	26	noun	12779
бузар	26	noun	12780
лхүмбэ	26	noun	12781
уушиг	26	noun	12782
эхэлмэгц	26	noun	12783
кг-д	26	noun	12784
цуцалжээ	26	noun	12785
жанцангийн	26	noun	12786
руандагийн	26	noun	12787
лянхуа	26	noun	12788
хошоонгор	26	noun	12789
уэсли	26	noun	12790
гуам	26	noun	12791
урилгыг	26	noun	12792
төлөвлөгдөж	26	noun	12793
байран	26	noun	12794
брешиа	26	noun	12795
бат-эрдэнийн	26	noun	12796
зохист	26	noun	12797
гуандун	26	noun	12798
чинжүү	26	noun	12799
лоолийн	26	noun	12800
нялхсын	26	noun	12801
субьект	26	noun	12802
экей	26	noun	12803
ахар	26	noun	12804
армиуд	26	noun	12805
данте	26	noun	12806
программчлал	26	noun	12807
сандуйжав	26	noun	12808
булаам	26	noun	12809
болжмор	26	noun	12810
биндэръяа	26	noun	12811
цохон	26	noun	12812
судлагдаж	26	noun	12813
фортран	26	noun	12814
циркчин	26	noun	12815
алексеев	26	noun	12816
дайчилж	26	noun	12817
дээдэлж	26	noun	12818
руссо	26	noun	12819
баллын	26	noun	12820
холмс	26	noun	12821
хоршооллын	26	noun	12822
псков	26	noun	12823
хатагин	26	noun	12824
төвөөр	26	noun	12825
литл	26	noun	12826
тусалжээ	26	noun	12827
оувс	26	noun	12828
зэрэгцсэн	26	noun	12829
шулам	26	noun	12830
тулгаран	26	noun	12831
дайсныхаа	26	noun	12832
согтуу	26	noun	12833
муис-ын	26	noun	12834
ов	26	noun	12835
дагуулалт	26	noun	12836
гэг	26	noun	12837
рубин	26	noun	12838
перси	26	noun	12839
үсрэн	26	noun	12840
кристиано	26	noun	12841
адидас	26	noun	12842
галав	26	noun	12843
зулай	26	noun	12844
элэгдэж	26	noun	12845
этнологи	26	noun	12846
гипер	26	noun	12847
буцав	26	noun	12848
дуусган	26	noun	12849
сакс	26	noun	12850
гантогтох	26	verb	12851
памирын	26	noun	12852
узбекчүүд	26	noun	12853
цагаагчин	26	noun	12854
брижит	26	noun	12855
маркес	26	noun	12856
регби	26	noun	12857
плей-оффт	26	noun	12858
бидэнтэй	26	noun	12859
пролетарийн	26	noun	12860
дараалж	26	noun	12861
мөрөвч	26	noun	12862
зэлүүд	26	noun	12863
зөрлөг	26	noun	12864
балкан	26	noun	12865
сөд	26	noun	12866
сан-томе	26	noun	12867
тонга	26	noun	12868
раул	26	noun	12869
ри	26	noun	12870
маршрутын	26	noun	12871
дилав	26	noun	12872
батлуулж	26	noun	12873
хзэ-ийн	26	noun	12874
нарийссан	26	noun	12875
байрлан	26	noun	12876
будах	26	verb	12877
пунийн	26	noun	12878
миллиметр	26	noun	12879
бранденбург	26	noun	12880
өгсөх	26	verb	12881
курган	26	noun	12882
мика	26	noun	12883
ватсон	26	noun	12884
солиот	26	noun	12885
нийтлэгдэж	26	noun	12886
вологда	26	noun	12887
субьектив	26	noun	12888
эвлэрлийн	26	noun	12889
шурган	26	noun	12890
бакула	26	noun	12891
явагчид	26	noun	12892
шакил	26	noun	12893
керчийн	26	noun	12894
нэрэлсэн	26	noun	12895
иштван	26	noun	12896
лгбт	26	noun	12897
ихэмсэг	26	noun	12898
сан-марино	26	noun	12899
баффало	26	noun	12900
компаньон	26	noun	12901
аблай	26	noun	12902
падма	26	noun	12903
хаагдах	26	verb	12904
айдахо	26	noun	12905
мормон	26	noun	12906
кама	26	noun	12907
төрбайх	26	verb	12908
харольд	26	noun	12909
кросс	26	noun	12910
какаоны	26	noun	12911
скандинав	26	noun	12912
керенский	26	noun	12913
улисс	26	noun	12914
элвис	26	noun	12915
аун	26	noun	12916
бүлэглэн	26	noun	12917
нью-мексико	26	noun	12918
кара	26	noun	12919
хэрэгжүүлэлт	26	noun	12920
гаспар	26	noun	12921
театро	26	noun	12922
амбасэлмаа	26	noun	12923
оромгүй	26	noun	12924
ива	26	noun	12925
пенн	26	noun	12926
биллбордын	26	noun	12927
устгав	26	noun	12928
андрес	26	noun	12929
филлипс	26	noun	12930
шаньдун	26	noun	12931
хейс	26	noun	12932
хулио	26	noun	12933
шариф	26	noun	12934
далдлах	26	verb	12935
кэлвин	26	noun	12936
кутлук	26	noun	12937
сантандер	26	noun	12938
тааран	26	noun	12939
милк	26	noun	12940
жизель	26	noun	12941
кшиштоф	26	noun	12942
руперт	26	noun	12943
глицерол	26	noun	12944
концентрацийн	26	noun	12945
оноолт	26	noun	12946
тьерри	26	noun	12947
гардаж	26	noun	12948
брайтон	26	noun	12949
бира	26	noun	12950
кэрриган	26	noun	12951
компьютер-анимаци	26	noun	12952
буллс	26	noun	12953
шөвгөрөн	26	noun	12954
хоруу	26	noun	12955
пиано	26	noun	12956
дорждагвын	26	noun	12957
монта	26	noun	12958
атман	26	noun	12959
шифр	26	noun	12960
удэт-т	26	noun	12961
төххк	26	noun	12962
чанёол	26	noun	12963
галсанбат	26	noun	12964
зика	26	noun	12965
цэвэлсодном	26	noun	12966
гликосфинголипидын	26	noun	12967
институциуд	26	noun	12968
тэлэн	26	noun	12969
фенүүд	26	noun	12970
хүндлэх	26	verb	12971
дөрөвдөгч	26	noun	12972
мендель	26	noun	12973
санжжав	26	noun	12974
апостол	26	noun	12975
негев	26	noun	12976
донбасс	26	noun	12977
суралцуулах	26	verb	12978
вале	26	noun	12979
поликарпов	26	noun	12980
цэдэнсоном	26	noun	12981
суулгасан	26	noun	12982
нирваан	25	noun	12983
үнэртэн	25	noun	12984
хүрээлэгдэн	25	noun	12985
дулаахан	25	noun	12986
тан	25	noun	12987
никитон	25	noun	12988
унтаа	25	noun	12989
халгай	25	noun	12990
онохуй	25	noun	12991
чимэд-очир	25	noun	12992
норовбанзад	25	noun	12993
болоосой	25	noun	12994
дилов	25	noun	12995
зхжш-ын	25	noun	12996
гавал	25	noun	12997
цурхай	25	noun	12998
чиглэгдэж	25	noun	12999
нэрэн	25	noun	13000
гвиана	25	noun	13001
даамал	25	noun	13002
хбнгу-д	25	noun	13003
бам	25	noun	13004
нураасан	25	noun	13005
морфологийн	25	noun	13006
тахийн	25	noun	13007
пэлжидийн	25	noun	13008
должингийн	25	noun	13009
намнандорж	25	noun	13010
байршиж	25	noun	13011
мөнгөнморьт	25	noun	13012
эмчлүүлж	25	noun	13013
популяци	25	noun	13014
гарсаар	25	noun	13015
абстракт	25	noun	13016
хааш	25	noun	13017
уих-аас	25	noun	13018
ганьсү	25	noun	13019
агийн	25	noun	13020
цаазалж	25	noun	13021
эрээ	25	noun	13022
вольфрам	25	noun	13023
цэвэгжавын	25	noun	13024
давхцах	25	verb	13025
эвсэж	25	noun	13026
тариаланчид	25	noun	13027
хүрээлэгдэнэ	25	noun	13028
баден-вюртемберг	25	noun	13029
чат	25	noun	13030
дээрэмдэн	25	noun	13031
хөгжив	25	noun	13032
дараахи	25	noun	13033
үгчлэн	25	noun	13034
шинжилсэн	25	noun	13035
санаархсан	25	noun	13036
тоймлон	25	noun	13037
барагцаалбал	25	noun	13038
орончид	25	noun	13039
критик	25	noun	13040
плазм	25	noun	13041
мгц	25	noun	13042
төүг	25	noun	13043
уаз	25	noun	13044
программист	25	noun	13045
сэтлэн	25	noun	13046
суллан	25	noun	13047
онгоцон	25	noun	13048
ганьсу	25	noun	13049
улсынх	25	verb	13050
хэлмэгдүүлсэн	25	noun	13051
дуулгавартай	25	noun	13052
бадмаев	25	noun	13053
испани-америкийн	25	noun	13054
болд-эрдэнэ	25	noun	13055
хурдалж	25	noun	13056
даргалж	25	noun	13057
даяарчлал	25	noun	13058
алексеевна	25	noun	13059
үнсэн	25	noun	13060
аядуу	25	noun	13061
тохиодог	25	noun	13062
цээрлэдэг	25	noun	13063
эргэцүүлэл	25	noun	13064
товчилж	25	noun	13065
дуулагдаж	25	noun	13066
усжуулалт	25	noun	13067
хангагдаж	25	noun	13068
удирдуулж	25	noun	13069
эмчилж	25	noun	13070
болчихсон	25	noun	13071
дюссельдорф	25	noun	13072
бишрэгч	25	noun	13073
лус	25	noun	13074
жиримийн	25	noun	13075
болормаа	25	noun	13076
нэрлэгдэн	25	noun	13077
соргог	25	noun	13078
удган	25	noun	13079
олхонууд	25	noun	13080
преториа	25	noun	13081
хувер	25	noun	13082
гэдрэг	25	noun	13083
ос	25	noun	13084
магсар	25	noun	13085
дүгэр	25	noun	13086
барилгачид	25	noun	13087
чацарганы	25	noun	13088
хамид	25	noun	13089
че	25	noun	13090
дуудагдах	25	verb	13091
эхийнх	25	verb	13092
современник	25	noun	13093
гэрлэв	25	noun	13094
юншээбүү	25	noun	13095
пүнлүү	25	noun	13096
сю	25	noun	13097
туургатны	25	noun	13098
дүйцэх	25	verb	13099
ангийнхан	25	noun	13100
корнеллийн	25	noun	13101
аббасидын	25	noun	13102
тулуй	25	noun	13103
ялгадас	25	noun	13104
үзсээр	25	noun	13105
чухалчилж	25	noun	13106
хомейни	25	noun	13107
кеннедийн	25	noun	13108
алгуур	25	noun	13109
кох	25	verb	13110
нэвчилт	25	noun	13111
цөллөгийн	25	noun	13112
адель	25	noun	13113
мурманск	25	noun	13114
попович	25	noun	13115
ванчиг	25	noun	13116
тоомсорлож	25	noun	13117
орлеанс	25	noun	13118
хандсүрэн	25	noun	13119
исмаил	25	noun	13120
нассер	25	noun	13121
христос	25	noun	13122
калуга	25	noun	13123
хүсэв	25	noun	13124
фергана	25	noun	13125
суналтын	25	noun	13126
минийх	25	verb	13127
баянтэс	25	noun	13128
баруун-урт	25	noun	13129
төмөрбулаг	25	noun	13130
харваачид	25	noun	13131
гаадамба	25	noun	13132
инди	25	noun	13133
буйма	25	noun	13134
олгогч	25	noun	13135
өдөрлөг	25	noun	13136
красная	25	noun	13137
эрл	25	noun	13138
солгой	25	noun	13139
шарик	25	noun	13140
айнү	25	noun	13141
тэмцсээр	25	noun	13142
гэгээрэл	25	noun	13143
бавуугийн	25	noun	13144
залгамжлав	25	noun	13145
призм	25	noun	13146
тринити	25	noun	13147
баахан	25	noun	13148
лосол	25	noun	13149
эвдлэн	25	noun	13150
батчимэг	25	noun	13151
цээжлэх	25	verb	13152
хэлбэржүүлэх	25	verb	13153
дамжуулал	25	noun	13154
сэжиг	25	noun	13155
фм	25	noun	13156
бен-гурион	25	noun	13157
шалгарлын	25	noun	13158
лээн	25	noun	13159
христиан	25	noun	13160
үнэнхүү	25	noun	13161
португаль	25	noun	13162
севастополь	25	noun	13163
дюрант	25	noun	13164
шажин	25	noun	13165
чадавхыг	25	noun	13166
каталан	25	noun	13167
харих	25	verb	13168
кодчилсон	25	noun	13169
жанет	25	noun	13170
залгамжилжээ	25	noun	13171
как	25	noun	13172
сулавеси	25	noun	13173
үес	25	noun	13174
элиза	25	noun	13175
эмилио	25	noun	13176
манас	25	noun	13177
куинс	25	noun	13178
үйлчлүүлэх	25	verb	13179
берг	25	noun	13180
харьяалалтай	25	noun	13181
бой	25	noun	13182
орбан	25	noun	13183
хамгён	25	noun	13184
дэмжив	25	noun	13185
артанъян	25	noun	13186
чухалчлан	25	noun	13187
кубань	25	noun	13188
харъяалалтай	25	noun	13189
ставрополь	25	noun	13190
аксиом	25	noun	13191
хорьжээ	25	noun	13192
руни	25	noun	13193
каталоны	25	noun	13194
продьюсер	25	noun	13195
креол	25	noun	13196
холокостын	25	noun	13197
юсуф	25	noun	13198
хельмут	25	noun	13199
броз	25	noun	13200
маргарита	25	noun	13201
завдав	25	noun	13202
ала	25	noun	13203
оноов	25	noun	13204
архийг	25	noun	13205
бахим	25	noun	13206
ся	25	noun	13207
буфер	25	noun	13208
миранда	25	noun	13209
жалал-абад	25	noun	13210
хамгаалсан	25	noun	13211
сикорски	25	noun	13212
соёолон	25	noun	13213
томъёолол	25	noun	13214
крайслер	25	noun	13215
мээрэн	25	noun	13216
хонгорзул	25	noun	13217
эстоний	25	noun	13218
оле	25	noun	13219
кристоф	25	noun	13220
россини	25	noun	13221
гү	25	noun	13222
ньюком	25	noun	13223
шагнав	25	noun	13224
пирс	25	noun	13225
чау	25	noun	13226
гастон	25	noun	13227
йан	25	noun	13228
саглагар	25	noun	13229
государственный	25	noun	13230
андерсен	25	noun	13231
цөвүүн	25	noun	13232
гын	25	noun	13233
центр	25	noun	13234
анни	25	noun	13235
агата	25	noun	13236
туре	25	noun	13237
бойз	25	noun	13238
малуда	25	noun	13239
миклош	25	noun	13240
гоолдов	25	noun	13241
алаад	25	noun	13242
локал	25	noun	13243
кальяри	25	noun	13244
клаусура	25	noun	13245
удбэт-ын	25	noun	13246
хэтэвч	25	noun	13247
монпелье	25	noun	13248
ао	25	noun	13249
моосын	25	noun	13250
осорын	25	noun	13251
правительства	25	noun	13252
жудец	25	noun	13253
метил	25	noun	13254
кадетт	25	noun	13255
сариг	25	noun	13256
хөхчирэнгэр	25	noun	13257
дээрэлхэх	25	verb	13258
дуров	25	noun	13259
микрометр	25	noun	13260
газрынх	25	verb	13261
дарх	25	verb	13262
дүүрэх	25	verb	13263
хот-улс	25	noun	13264
уимблдон	25	noun	13265
үсээр	25	noun	13266
хори	24	noun	13267
зэрэгцэх	24	verb	13268
бурмаа	24	noun	13269
хүрээмарал	24	noun	13270
мөнхдорж	24	noun	13271
дашдооров	24	noun	13272
отгонбилэг	24	noun	13273
шоовдор	24	noun	13274
нэгдэлчин	24	noun	13275
одхүү	24	noun	13276
нандинцэцэг	24	noun	13277
дутахгүй	24	noun	13278
өндөглөдөг	24	noun	13279
тушаах	24	verb	13280
сонгогчид	24	noun	13281
лариса	24	noun	13282
орбитын	24	noun	13283
уулзаад	24	noun	13284
ишиг	24	noun	13285
эй	24	noun	13286
цувран	24	noun	13287
агрономич	24	noun	13288
мөнхцэцэг	24	noun	13289
лувсангомбо	24	noun	13290
пифагор	24	noun	13291
бром	24	noun	13292
бенцийн	24	noun	13293
таавар	24	noun	13294
яригдах	24	verb	13295
гянт	24	noun	13296
буриад-монгол	24	noun	13297
зэд	24	noun	13298
санжаасүрэнгийн	24	noun	13299
ларс	24	noun	13300
автономийг	24	noun	13301
лхүмбийн	24	noun	13302
уйгаржин	24	noun	13303
шүүмжлэх	24	verb	13304
тусгаарлагдаж	24	noun	13305
тайлагдах	24	verb	13306
цаазлан	24	noun	13307
гибралтарын	24	noun	13308
русский	24	noun	13309
российской	24	noun	13310
кейп	24	noun	13311
витаутасын	24	noun	13312
арамей	24	noun	13313
хүндлэл	24	noun	13314
абд	24	noun	13315
анхааруулж	24	noun	13316
толигор	24	noun	13317
пеле	24	noun	13318
керим	24	noun	13319
гуурс	24	noun	13320
италиар	24	noun	13321
байршсан	24	noun	13322
шутис	24	noun	13323
комбилимузин	24	noun	13324
сс	24	noun	13325
тэнцэхүйц	24	noun	13326
дуурайж	24	noun	13327
цохиулсан	24	noun	13328
сервис	24	noun	13329
лидер	24	noun	13330
гуйжээ	24	noun	13331
хорлогдож	24	noun	13332
аймаглан	24	noun	13333
тойруу	24	noun	13334
геофизикийн	24	noun	13335
дөтгөөр	24	noun	13336
ургийнхан	24	noun	13337
алехандро	24	noun	13338
даяарчлалын	24	noun	13339
браузер	24	noun	13340
хэлбэлзэнэ	24	noun	13341
саатаж	24	noun	13342
анжелина	24	noun	13343
ломбард	24	noun	13344
доминика	24	noun	13345
уралдан	24	noun	13346
британника	24	noun	13347
боловсордог	24	noun	13348
сиам	24	noun	13349
даалгажээ	24	noun	13350
виссарионович	24	noun	13351
плиев	24	noun	13352
исса	24	noun	13353
адлер	24	noun	13354
төдөлгүй	24	noun	13355
бахархан	24	noun	13356
травиата	24	noun	13357
жанчивдорж	24	noun	13358
өрөвтас	24	noun	13359
ороох	24	verb	13360
ларсон	24	noun	13361
меркури	24	noun	13362
коллоид	24	noun	13363
суллагдаж	24	noun	13364
бурханлаг	24	noun	13365
функцтэй	24	noun	13366
алагдав	24	noun	13367
данди	24	noun	13368
николь	24	noun	13369
аяа	24	noun	13370
билүү	24	noun	13371
уртраг	24	noun	13372
сайшааж	24	noun	13373
тэрэлж	24	noun	13374
будшир	24	noun	13375
уулгалан	24	noun	13376
буув	24	noun	13377
ганцаардал	24	noun	13378
боорчи	24	noun	13379
фаз	24	noun	13380
робер	24	noun	13381
зочлон	24	noun	13382
торгох	24	verb	13383
байдар	24	noun	13384
доржсамбуу	24	noun	13385
өчигдөр	24	noun	13386
неолитын	24	noun	13387
ажилсаг	24	noun	13388
калькутта	24	noun	13389
шаарийбуу	24	noun	13390
унан	24	noun	13391
динар	24	noun	13392
тоби	24	noun	13393
хуанли	24	noun	13394
монитор	24	noun	13395
малтлагын	24	noun	13396
кокандын	24	noun	13397
халжээ	24	noun	13398
илэн	24	noun	13399
тэмз	24	noun	13400
вестминстер	24	noun	13401
тюссо	24	noun	13402
түгжрэл	24	noun	13403
гурвантэс	24	noun	13404
бууцагаан	24	noun	13405
должин	24	noun	13406
хорол	24	noun	13407
зориулдаг	24	noun	13408
есөнзүйл	24	noun	13409
овъёос	24	noun	13410
км-ын	24	noun	13411
зайлан	24	noun	13412
суулгав	24	noun	13413
күн	24	noun	13414
умайн	24	noun	13415
ялласан	24	noun	13416
очирай	24	noun	13417
туннель	24	noun	13418
түлхэлт	24	noun	13419
унтлагын	24	noun	13420
мушгирсан	24	noun	13421
ахиулах	24	verb	13422
тарилгын	24	noun	13423
ахалж	24	noun	13424
дамбийжанцан	24	noun	13425
багавтар	24	noun	13426
асуув	24	noun	13427
сүрэнгийн	24	noun	13428
гуу	24	noun	13429
эмчилдэг	24	noun	13430
рашид-ад	24	noun	13431
томрох	24	verb	13432
ялгаварын	24	noun	13433
портлэнд	24	noun	13434
алёша	24	noun	13435
бараалхаж	24	noun	13436
аяар	24	noun	13437
флорес	24	noun	13438
яваарай	24	noun	13439
цохижээ	24	noun	13440
лэх	24	verb	13441
стандартчиллын	24	noun	13442
зүсмийн	24	noun	13443
кернел	24	noun	13444
крик	24	noun	13445
монтгомери	24	noun	13446
удай	24	noun	13447
мариинскийн	24	noun	13448
наваан-юндэн	24	noun	13449
жаклин	24	noun	13450
ирц	24	noun	13451
автократ	24	noun	13452
тимошенко	24	noun	13453
шикай	24	noun	13454
макиавелли	24	noun	13455
ган-эрдэнэ	24	noun	13456
дурдсанчлан	24	noun	13457
торгомсог	24	noun	13458
мэлмий	24	noun	13459
задарна	24	noun	13460
микробиологич	24	noun	13461
эзнийхээ	24	noun	13462
дэвшив	24	noun	13463
тэнцэн	24	noun	13464
плей-офф	24	noun	13465
хүзүүвч	24	noun	13466
тата	24	noun	13467
стэн	24	noun	13468
махараштра	24	noun	13469
кв-ын	24	noun	13470
дөргэнэ	24	noun	13471
отчигин	24	noun	13472
нурсултан	24	noun	13473
ширэнгэ	24	noun	13474
акино	24	noun	13475
зөвлөлт-финландын	24	noun	13476
мялаасан	24	noun	13477
хоригджээ	24	noun	13478
архей	24	noun	13479
цацагт	24	noun	13480
гэлтгүй	24	noun	13481
мост	24	noun	13482
бахдам	24	noun	13483
гунигт	24	noun	13484
мирослав	24	noun	13485
сэнгүм	24	noun	13486
юнь	24	noun	13487
аругтай	24	noun	13488
дайрав	24	noun	13489
бошгот	24	noun	13490
федорович	24	noun	13491
роммель	24	noun	13492
заалган	24	noun	13493
москвы	24	noun	13494
мөлхөгч	24	noun	13495
тойрмын	24	noun	13496
засварлалт	24	noun	13497
иваново	24	noun	13498
курманбек	24	noun	13499
ороосон	24	noun	13500
аюурзанын	24	noun	13501
оозэки	24	noun	13502
асаалттай	24	noun	13503
ханамжийг	24	noun	13504
кеннет	24	noun	13505
эвтэйхэн	24	noun	13506
эллен	24	noun	13507
шээх	24	verb	13508
шумбах	24	verb	13509
туполев	24	noun	13510
жое	24	noun	13511
брендийг	24	noun	13512
уорнер	24	noun	13513
тоглогджээ	24	noun	13514
йосеф	24	noun	13515
лавр	24	noun	13516
браво	24	noun	13517
гюнтер	24	noun	13518
вида	24	noun	13519
арваалж	24	noun	13520
оф	24	noun	13521
карьерынхаа	24	noun	13522
арвас	24	noun	13523
бужиргынхан	24	noun	13524
өрсөлдөгчийнхөө	24	noun	13525
хетафе	24	noun	13526
тураг	24	noun	13527
брэдбури	24	noun	13528
суарес	24	noun	13529
күүлиж	24	noun	13530
инносент	24	noun	13531
херст	24	noun	13532
сардинийн	24	noun	13533
севилийн	24	noun	13534
юндэн	24	noun	13535
ионжуулагч	24	noun	13536
леннарт	24	noun	13537
капица	24	noun	13538
зууш	24	noun	13539
бейкер	24	noun	13540
кирби	24	noun	13541
монтеверди	24	noun	13542
кармело	24	noun	13543
глинка	24	noun	13544
урлажээ	24	noun	13545
бадминтоны	24	noun	13546
гоолджээ	24	noun	13547
георгиевич	24	noun	13548
эвлүүлэг	24	noun	13549
өрсөлдөхүйц	24	noun	13550
вива	24	noun	13551
нарүто	24	noun	13552
бүрдүүлэлт	24	noun	13553
дунджилан	24	noun	13554
суперсоникс	24	noun	13555
яргуй	24	noun	13556
нью-жерсийн	24	noun	13557
даамчин	24	noun	13558
коксын	24	noun	13559
правительство	24	noun	13560
будут	24	noun	13561
префикс	24	noun	13562
хоточ	24	noun	13563
наранбаяр	24	noun	13564
комбо	24	noun	13565
тогтохжаргал	24	noun	13566
сх-ноос	24	noun	13567
ятгаар	24	noun	13568
клаф	24	noun	13569
хаяглах	24	verb	13570
авай	24	noun	13571
элдэх	24	verb	13572
минор	24	noun	13573
ляодун	24	noun	13574
боловсруулсан	24	noun	13575
баригдсан	24	noun	13576
гэхчилэн	23	noun	13577
гүндэгмаа	23	noun	13578
найруулагчид	23	noun	13579
хүнүй	23	noun	13580
гичгэнэ	23	noun	13581
тодруулжээ	23	noun	13582
үрэл	23	noun	13583
мойл	23	noun	13584
улаалзгана	23	noun	13585
хуваариар	23	noun	13586
цэвээндорж	23	noun	13587
гэлэгжамцын	23	noun	13588
доржготов	23	noun	13589
шийлэг	23	noun	13590
цогтбаатар	23	noun	13591
вестерн	23	noun	13592
хувилгаад	23	noun	13593
автозамын	23	noun	13594
тачир	23	noun	13595
баянчандмань	23	noun	13596
баянбалын	23	noun	13597
цэндсүрэн	23	noun	13598
дамдиндорж	23	noun	13599
халиу	23	noun	13600
зөрөөтэй	23	noun	13601
пиренейн	23	noun	13602
инерциал	23	noun	13603
пагва	23	noun	13604
хаав	23	noun	13605
анхааруулсан	23	noun	13606
сонгуулиас	23	noun	13607
триглицерид	23	noun	13608
палеолит	23	noun	13609
цардмал	23	noun	13610
сумо	23	noun	13611
хэрэн	23	noun	13612
бихар	23	noun	13613
цэнджавын	23	noun	13614
зээргэнэ	23	noun	13615
баталгаажуулжээ	23	noun	13616
хослуулдаг	23	noun	13617
гэрчилдэг	23	noun	13618
бялдар	23	noun	13619
хэсэгхэн	23	noun	13620
сонсогдож	23	noun	13621
томилолт	23	noun	13622
аймгийнхан	23	noun	13623
төрхтөн	23	noun	13624
народов	23	noun	13625
уртаашаа	23	noun	13626
холдон	23	noun	13627
лоран	23	noun	13628
луйс	23	noun	13629
биелж	23	noun	13630
иргэдийнхээ	23	noun	13631
мөрдлөг	23	noun	13632
тооцоолуур	23	noun	13633
мохаммад	23	noun	13634
лабрадорын	23	noun	13635
хэлбэртэн	23	noun	13636
чиба	23	noun	13637
оюундарь	23	noun	13638
ассам	23	noun	13639
дүрвэгсэд	23	noun	13640
төрүүлэн	23	noun	13641
булшинд	23	noun	13642
изинис	23	noun	13643
гүйцээж	23	noun	13644
гэршүүлсэн	23	noun	13645
экспедици	23	noun	13646
лука	23	noun	13647
бөгтөр	23	noun	13648
юнион	23	noun	13649
мартсан	23	noun	13650
тохилог	23	noun	13651
хантер	23	noun	13652
родстер	23	noun	13653
цэгцэлж	23	noun	13654
библийг	23	noun	13655
орчуулгууд	23	noun	13656
сөнөөсөн	23	noun	13657
хоорон	23	noun	13658
эся	23	noun	13659
харгислал	23	noun	13660
хүчир	23	noun	13661
хамсаатан	23	noun	13662
сайгон	23	noun	13663
гаргуулж	23	noun	13664
гаргалгаа	23	noun	13665
баатаржав	23	noun	13666
өлзий-орших	23	verb	13667
каратэ	23	noun	13668
войцех	23	verb	13669
ламбугайн	23	noun	13670
амьдарсаар	23	noun	13671
уригдсан	23	noun	13672
үзүүлээд	23	noun	13673
ягеллоны	23	noun	13674
даалуу	23	noun	13675
пүё	23	noun	13676
лж	23	noun	13677
хадуур	23	noun	13678
исгэлэн	23	noun	13679
какао	23	noun	13680
солин	23	noun	13681
саармагжуулах	23	verb	13682
беляев	23	noun	13683
нянтайсүрэн	23	noun	13684
зүдүү	23	noun	13685
орфей	23	noun	13686
гүржавын	23	noun	13687
гүржав	23	noun	13688
төвшрүүлэх	23	verb	13689
ятуу	23	noun	13690
ангал	23	noun	13691
зоо	23	noun	13692
тойром	23	noun	13693
бил	23	noun	13694
ялгавар	23	noun	13695
гадуурхалт	23	noun	13696
атмосфер	23	noun	13697
ашиглавал	23	noun	13698
эйфелийн	23	noun	13699
моне	23	noun	13700
тетраэдр	23	noun	13701
шаталбараар	23	noun	13702
роял	23	noun	13703
хураажээ	23	noun	13704
гэрээслэл	23	noun	13705
архичин	23	noun	13706
улирсан	23	noun	13707
шадбал	23	noun	13708
ринчинбал	23	noun	13709
зарилгаар	23	noun	13710
винченцо	23	noun	13711
ерэн	23	noun	13712
шаньси	23	noun	13713
диу-ын	23	noun	13714
юнеско-ийн	23	noun	13715
гейдар	23	noun	13716
анэу-ын	23	noun	13717
бахадур	23	noun	13718
гурванзагал	23	noun	13719
королёв	23	noun	13720
ширгэж	23	noun	13721
бүтэлгүйтэл	23	noun	13722
чартуудыг	23	noun	13723
ремикс	23	noun	13724
намибийн	23	noun	13725
чавчавадзе	23	noun	13726
башкортостан	23	noun	13727
иезуит	23	noun	13728
оргох	23	verb	13729
исп	23	noun	13730
уилт	23	noun	13731
шагдаржав	23	noun	13732
шавранцар	23	noun	13733
цэрэндолгор	23	noun	13734
сандран	23	noun	13735
хайрхандулаан	23	noun	13736
азжаргал	23	noun	13737
хангарьд	23	noun	13738
клеменс	23	noun	13739
баярбаатар	23	noun	13740
морз	23	noun	13741
мхтс-ийн	23	noun	13742
интеграци	23	noun	13743
португали	23	noun	13744
аспирант	23	noun	13745
тэргүүлэв	23	noun	13746
днх-д	23	noun	13747
тоглолтон	23	noun	13748
оролгүй	23	noun	13749
мятавын	23	noun	13750
жүгдэр	23	noun	13751
мохоо	23	noun	13752
ялгалын	23	noun	13753
ботсвана	23	noun	13754
гамби	23	noun	13755
чимиддорж	23	noun	13756
асуувал	23	noun	13757
богдхан	23	noun	13758
фарадей	23	noun	13759
кристалл	23	noun	13760
хавхлаг	23	noun	13761
шарах	23	verb	13762
бортого	23	noun	13763
програмчлах	23	verb	13764
эвлүүлдэг	23	noun	13765
андропов	23	noun	13766
кернелийн	23	noun	13767
тараажээ	23	noun	13768
виндоус	23	noun	13769
байбагас	23	noun	13770
нийтлүүлж	23	noun	13771
тоголдог	23	noun	13772
удтал	23	noun	13773
электроникс	23	noun	13774
вернон	23	noun	13775
цовоо	23	noun	13776
гомель	23	noun	13777
тулалдав	23	noun	13778
гранпри	23	noun	13779
нуранги	23	noun	13780
криминалистикийн	23	noun	13781
тугатөмөрийн	23	noun	13782
заларчээ	23	noun	13783
хиар	23	noun	13784
муса	23	noun	13785
авсныхаа	23	noun	13786
сунган	23	noun	13787
баллон	23	noun	13788
лешек	23	noun	13789
влади	23	noun	13790
куала	23	noun	13791
түүхийнхээ	23	noun	13792
юстиниан	23	noun	13793
хадаглагдаж	23	noun	13794
найроби	23	noun	13795
филлип	23	noun	13796
михал	23	noun	13797
мэдрэг	23	noun	13798
минерал	23	noun	13799
авчрав	23	noun	13800
меркель	23	noun	13801
чүй	23	noun	13802
омаха	23	noun	13803
дара	23	noun	13804
рокки	23	noun	13805
позднеев	23	noun	13806
тогос	23	noun	13807
турандот	23	noun	13808
ургуулан	23	noun	13809
хоригдох	23	verb	13810
герхард	23	noun	13811
этанол	23	noun	13812
шаардлагтай	23	noun	13813
утт-ны	23	noun	13814
камп	23	noun	13815
шерлок	23	noun	13816
хиллс	23	noun	13817
раш	23	noun	13818
өгье	23	noun	13819
пирр	23	noun	13820
саритай	23	noun	13821
бак	23	noun	13822
мата	23	noun	13823
асуд	23	noun	13824
московский	23	noun	13825
цүшима	23	noun	13826
дарья	23	noun	13827
хэлэлцүүлж	23	noun	13828
оно	23	noun	13829
өмнүүр	23	noun	13830
зодоглож	23	noun	13831
халааг	23	noun	13832
итон	23	noun	13833
дункан	23	noun	13834
дейв	23	noun	13835
тедди	23	noun	13836
цаазлав	23	noun	13837
крейг	23	noun	13838
жонес	23	noun	13839
бёрнс	23	noun	13840
шанью	23	noun	13841
жон-хи	23	noun	13842
эпирийн	23	noun	13843
шарай	23	noun	13844
инсулины	23	noun	13845
энхтуул	23	noun	13846
спектроскопи	23	noun	13847
гайти	23	noun	13848
лоу	23	noun	13849
альваро	23	noun	13850
хосеп	23	noun	13851
чаушеску	23	noun	13852
эгшиглэж	23	noun	13853
шилмүүс	23	noun	13854
бөөлжих	23	verb	13855
максвелл	23	noun	13856
сяньбийн	23	noun	13857
агваржин	23	noun	13858
аммони	23	noun	13859
даавар	23	noun	13860
эми	23	noun	13861
литвинов	23	noun	13862
иглесиас	23	noun	13863
өөрчилнө	23	noun	13864
николаус	23	noun	13865
сигизмунд	23	noun	13866
лавайн	23	noun	13867
бернуллийн	23	noun	13868
контекстийн	23	noun	13869
отрар	23	noun	13870
төрмөнх	23	verb	13871
наху	23	noun	13872
бастиа	23	noun	13873
сэхээн	23	noun	13874
нэвчдэс	23	noun	13875
гильермо	23	noun	13876
күтүз	23	noun	13877
пигмент	23	noun	13878
китая	23	noun	13879
соёолж	23	noun	13880
паулюс	23	noun	13881
анимэйшн	23	noun	13882
коа	23	noun	13883
скарлетт	23	noun	13884
сорхон	23	noun	13885
сислог	23	noun	13886
гончигтавхай	23	noun	13887
дцг	23	noun	13888
беллини	23	noun	13889
сидор	23	noun	13890
эсз	23	noun	13891
рж	23	noun	13892
аллел	23	noun	13893
чангатгах	23	verb	13894
шадавын	22	noun	13895
гэгээрэлд	22	noun	13896
хөмүүл	22	noun	13897
тошлой	22	noun	13898
дамбийн	22	noun	13899
бнмау-н	22	noun	13900
боргио	22	noun	13901
юра	22	noun	13902
зэл	22	noun	13903
өндөршил	22	noun	13904
бетонон	22	noun	13905
шуа-ын	22	noun	13906
цэрэндашийн	22	noun	13907
хунчир	22	noun	13908
амтлаг	22	noun	13909
шав	22	noun	13910
хайлмал	22	noun	13911
итгэгчид	22	noun	13912
шаардан	22	noun	13913
капетин	22	noun	13914
субтропикийн	22	noun	13915
самгарди	22	noun	13916
намынхаа	22	noun	13917
дүвчин	22	noun	13918
цэдэнгийн	22	noun	13919
ухаарсан	22	noun	13920
фернан	22	noun	13921
тар	22	noun	13922
вавилони	22	noun	13923
дурлах	22	verb	13924
зөвшилцөл	22	noun	13925
хуанлийн	22	noun	13926
акт	22	noun	13927
чимэглэж	22	noun	13928
хасчээ	22	noun	13929
серийн	22	noun	13930
дардас	22	noun	13931
хорлогдон	22	noun	13932
номон	22	noun	13933
жавар	22	noun	13934
мажоритар	22	noun	13935
гоос	22	noun	13936
бариулжээ	22	noun	13937
хэлэлцэв	22	noun	13938
болиод	22	noun	13939
хүртээх	22	verb	13940
бангалор	22	noun	13941
худам	22	noun	13942
гэрчилж	22	noun	13943
урьдах	22	verb	13944
өнчирч	22	noun	13945
зугаалга	22	noun	13946
витебск	22	noun	13947
урссаар	22	noun	13948
тевтоны	22	noun	13949
бег	22	noun	13950
төлжих	22	verb	13951
шалгаруулан	22	noun	13952
үдэж	22	noun	13953
аденозин	22	noun	13954
одоохондоо	22	noun	13955
хувирган	22	noun	13956
нэршсэн	22	noun	13957
сын	22	noun	13958
тохиол	22	noun	13959
үргэлжлүүлсээр	22	noun	13960
импортолсон	22	noun	13961
шерман	22	noun	13962
айсуй	22	noun	13963
зуучлалаар	22	noun	13964
зөрөө	22	noun	13965
кампучийн	22	noun	13966
авахуулж	22	noun	13967
аятайхан	22	noun	13968
лебедев	22	noun	13969
болино	22	noun	13970
энхманлай	22	noun	13971
пагмадулам	22	noun	13972
диас	22	noun	13973
бүтэлгүйтсэн	22	noun	13974
батламж	22	noun	13975
магадлах	22	verb	13976
тэжээмэл	22	noun	13977
делавэр	22	noun	13978
брно	22	noun	13979
монгол-орос	22	noun	13980
гренада	22	noun	13981
лооль	22	noun	13982
гектар	22	noun	13983
байгууллагынхаа	22	noun	13984
урьдчилгаа	22	noun	13985
хордож	22	noun	13986
ком	22	noun	13987
уушги	22	noun	13988
хавчиж	22	noun	13989
амжилгүй	22	noun	13990
нураах	22	verb	13991
жанчхүүгийн	22	noun	13992
данзанваанчиг	22	noun	13993
лхүнрэвийн	22	noun	13994
жанибеков	22	noun	13995
гэрээслэлийн	22	noun	13996
авьяастан	22	noun	13997
вальхалла	22	noun	13998
анзаарсан	22	noun	13999
эрэмгий	22	noun	14000
онгорхой	22	noun	14001
говиос	22	noun	14002
хүйтэрч	22	noun	14003
шигтгэсэн	22	noun	14004
лувсанжамц	22	noun	14005
шүдлэн	22	noun	14006
гавшгайч	22	noun	14007
үүх	22	verb	14008
гурвуулаа	22	noun	14009
цунами	22	noun	14010
улаагчин	22	noun	14011
тааралдаж	22	noun	14012
кассини	22	noun	14013
ялгуун	22	noun	14014
астрономийн	22	noun	14015
итгэн	22	noun	14016
берта	22	noun	14017
алексис	22	noun	14018
нг	22	noun	14019
эвдрэх	22	verb	14020
гэгдэн	22	noun	14021
ази-номхон	22	noun	14022
колонийг	22	noun	14023
актаар	22	noun	14024
хугарч	22	noun	14025
карамзин	22	noun	14026
суллагдсаныхаа	22	noun	14027
ро	22	noun	14028
шиллер	22	noun	14029
монголынхоо	22	noun	14030
харгуй	22	noun	14031
энэрэн	22	noun	14032
атаа	22	noun	14033
абердин	22	noun	14034
цэвээнжав	22	noun	14035
осип	22	noun	14036
дампуурч	22	noun	14037
эрлийн	22	noun	14038
оромж	22	noun	14039
авилга	22	noun	14040
хааныхаа	22	noun	14041
поле	22	noun	14042
сэлгээ	22	noun	14043
ханилж	22	noun	14044
толгойлох	22	verb	14045
брехт	22	noun	14046
еэ	22	noun	14047
бөглүү	22	noun	14048
бадрангуй	22	noun	14049
совин	22	noun	14050
халифат	22	noun	14051
нүүлгэх	22	verb	14052
үест	22	noun	14053
исэлдэж	22	noun	14054
тобиас	22	noun	14055
товруу	22	noun	14056
юйвэнь	22	noun	14057
цаазлуулжээ	22	noun	14058
копли	22	noun	14059
ногдуулсан	22	noun	14060
гагц	22	noun	14061
никол	22	noun	14062
пашинян	22	noun	14063
чөлөөлөн	22	noun	14064
песо	22	noun	14065
хоёрдох	22	verb	14066
эся-аа	22	noun	14067
гамаль	22	noun	14068
залгажээ	22	noun	14069
мадам	22	noun	14070
тавилгын	22	noun	14071
университет	22	noun	14072
орхонтуул	22	noun	14073
шаамар	22	noun	14074
батширээт	22	noun	14075
атар	22	noun	14076
ебс	22	noun	14077
хотол	22	noun	14078
ээрэх	22	verb	14079
дуурсах	22	verb	14080
мото	22	noun	14081
улалж	22	noun	14082
сөнөөв	22	noun	14083
бахамын	22	noun	14084
сейшелийн	22	noun	14085
бейрут	22	noun	14086
ванчин	22	noun	14087
түмэн-өлзий	22	noun	14088
цорго	22	noun	14089
дугана	22	noun	14090
шувтарга	22	noun	14091
ажиллуулжээ	22	noun	14092
андуурдаг	22	noun	14093
рикагийн	22	noun	14094
миллиметрийн	22	noun	14095
фуллерен	22	noun	14096
суллагджээ	22	noun	14097
харх	22	verb	14098
давхарлаж	22	noun	14099
командлагчид	22	noun	14100
сайшаасан	22	noun	14101
машид	22	noun	14102
эрэмбээр	22	noun	14103
барнаул	22	noun	14104
операци	22	noun	14105
шалгарал	22	noun	14106
саатуулах	22	verb	14107
туранхай	22	noun	14108
зусах	22	verb	14109
дүүжилж	22	noun	14110
камерон	22	noun	14111
беназир	22	noun	14112
гаврило	22	noun	14113
кайзер	22	noun	14114
шагнуулав	22	noun	14115
тараав	22	noun	14116
гүнзгийрүүлэн	22	noun	14117
цогнэмэх	22	verb	14118
боохой	22	noun	14119
бүрэнтөгс	22	noun	14120
мец	22	noun	14121
лаавын	22	noun	14122
мэргэшлийн	22	noun	14123
гэнэдүүлэн	22	noun	14124
савханцар	22	noun	14125
баптист	22	noun	14126
дарав	22	noun	14127
байрлажээ	22	noun	14128
ассири	22	noun	14129
кнессет	22	noun	14130
панк	22	noun	14131
бродвейн	22	noun	14132
кейптаун	22	noun	14133
ебс-ийн	22	noun	14134
өсөв	22	noun	14135
хандивлаж	22	noun	14136
бундесверийн	22	noun	14137
дүүжлэн	22	noun	14138
райо	22	noun	14139
калгари	22	noun	14140
карель	22	noun	14141
дэви	22	noun	14142
абулхайр	22	noun	14143
эстон	22	noun	14144
даашинз	22	noun	14145
нэвтлэн	22	noun	14146
кэти	22	noun	14147
олафын	22	noun	14148
байлджээ	22	noun	14149
болгоё	22	noun	14150
цуур	22	noun	14151
доошхи	22	noun	14152
сталинизмын	22	noun	14153
бернардо	22	noun	14154
хорлолт	22	noun	14155
мальорка	22	noun	14156
этүгэн	22	noun	14157
гео	22	noun	14158
фиде-гийн	22	noun	14159
баттута	22	noun	14160
соёрхож	22	noun	14161
юнеско-ын	22	noun	14162
маккаби	22	noun	14163
спартын	22	noun	14164
ицхак	22	noun	14165
пресли	22	noun	14166
алуулж	22	noun	14167
мэдээлэв	22	noun	14168
хадгалагдсаар	22	noun	14169
зангиа	22	noun	14170
цэрэг-улс	22	noun	14171
хүлэмжинд	22	noun	14172
акаев	22	noun	14173
анвар	22	noun	14174
бүтээгдэх	22	verb	14175
франчайз	22	noun	14176
манайх	22	verb	14177
боловсруулав	22	noun	14178
мэндчилгээ	22	noun	14179
гүнлигийн	22	noun	14180
страсбургийн	22	noun	14181
береке	22	noun	14182
цээрийн	22	noun	14183
дэнсмаа	22	noun	14184
киссинжер	22	noun	14185
футзалын	22	noun	14186
инсулин	22	noun	14187
резонансын	22	noun	14188
миттеран	22	noun	14189
росси	22	noun	14190
кола	22	noun	14191
хүргүүлж	22	noun	14192
нийтлүүлжээ	22	noun	14193
жесси	22	noun	14194
хоу	22	noun	14195
клемансо	22	noun	14196
гибсон	22	noun	14197
дерек	22	noun	14198
дасалтай	22	noun	14199
суриковын	22	noun	14200
нугасныхан	22	noun	14201
телекино	22	noun	14202
нирвана	22	noun	14203
хоцрогдол	22	noun	14204
грэм	22	noun	14205
коринтианс	22	noun	14206
гагауз	22	noun	14207
всеволод	22	noun	14208
гялалзах	22	verb	14209
жермейн	22	noun	14210
аомори	22	noun	14211
голда	22	noun	14212
збигнев	22	noun	14213
бжезински	22	noun	14214
пембертон	22	noun	14215
спурс	22	noun	14216
стоктон	22	noun	14217
зян	22	noun	14218
качински	22	noun	14219
жерар	22	noun	14220
пептид	22	noun	14221
чөлөөлдөг	22	noun	14222
концентрацийг	22	noun	14223
замбуу	22	noun	14224
сплит	22	noun	14225
чандрыг	22	noun	14226
сошо	22	noun	14227
сельта	22	noun	14228
өнгөлгөө	22	noun	14229
интерьер	22	noun	14230
ренцо	22	noun	14231
цохивор	22	noun	14232
репин	22	noun	14233
жэйми	22	noun	14234
репиний	22	noun	14235
барагдуулах	22	verb	14236
хэвтүүл	22	noun	14237
катализ	22	noun	14238
насанбуян	22	noun	14239
ополе	22	noun	14240
бендер	22	noun	14241
лорьян	22	noun	14242
ади	22	noun	14243
кн	22	noun	14244
муухайрах	22	verb	14245
виртуалчлал	22	noun	14246
виртуалчлалын	22	noun	14247
этилен	22	noun	14248
брюгге	22	noun	14249
уусгагчид	22	noun	14250
астрал	22	noun	14251
про	22	noun	14252
сагадай	22	noun	14253
архимандрит	22	noun	14254
леман	22	noun	14255
принтинг	22	noun	14256
абдул-жаббар	22	noun	14257
магомаев	22	noun	14258
цуглуулагч	22	noun	14259
шогун	22	noun	14260
заламгайн	22	noun	14261
трансмембран	22	noun	14262
хабгб-ын	22	noun	14263
аскорбат	22	noun	14264
хондроитин	22	noun	14265
ангилагдана	21	noun	14266
захируулж	21	noun	14267
говь-угтаал	21	noun	14268
ембүү	21	noun	14269
жагварал	21	noun	14270
цэрэнпунцаг	21	noun	14271
алгуй	21	noun	14272
чадраабал	21	noun	14273
шаравжамц	21	noun	14274
булуу	21	noun	14275
карын	21	noun	14276
шумбан	21	noun	14277
гэ	21	noun	14278
картье	21	noun	14279
мөстлөг	21	noun	14280
алдагдуулж	21	noun	14281
ньюс	21	noun	14282
зөвшөөрөн	21	noun	14283
осмос	21	noun	14284
гайтав	21	noun	14285
пунцагдорж	21	noun	14286
сайнбаяр	21	noun	14287
залран	21	noun	14288
хэтэрч	21	noun	14289
ок	21	noun	14290
гама	21	noun	14291
тэрэлжийн	21	noun	14292
зөрчилддөг	21	noun	14293
сонирхуулахад	21	noun	14294
жан-батист	21	noun	14295
давхцдаг	21	noun	14296
батална	21	noun	14297
үртэс	21	noun	14298
саган	21	noun	14299
онгуд	21	noun	14300
хадах	21	verb	14301
болгоомжлон	21	noun	14302
баргажин	21	noun	14303
халин	21	noun	14304
иххэт	21	noun	14305
инбаунд	21	noun	14306
нэгдэлжих	21	verb	14307
салхиар	21	noun	14308
идеал	21	noun	14309
непал	21	noun	14310
чимэглэгдсэн	21	noun	14311
аавынх	21	verb	14312
гор	21	noun	14313
завсарласны	21	noun	14314
хожигдон	21	noun	14315
алберт	21	noun	14316
дайлан	21	noun	14317
урсгасан	21	noun	14318
вазир	21	noun	14319
дэнс	21	noun	14320
артемисийн	21	noun	14321
оранж	21	noun	14322
цитоплазм	21	noun	14323
триллион	21	noun	14324
гелийн	21	noun	14325
тритон	21	noun	14326
тис	21	noun	14327
докторантурт	21	noun	14328
суис	21	noun	14329
үаа-н	21	noun	14330
хүргэе	21	noun	14331
нааж	21	noun	14332
эжен	21	noun	14333
түшиж	21	noun	14334
ундрах	21	verb	14335
хэлбичгийн	21	noun	14336
ууршиж	21	noun	14337
кодчилол	21	noun	14338
гаршуулж	21	noun	14339
уламжилж	21	noun	14340
хүрээлэгддэг	21	noun	14341
лара	21	noun	14342
дэвсэг	21	noun	14343
гялтгануур	21	noun	14344
орбит	21	noun	14345
гадныхан	21	noun	14346
баабар	21	noun	14347
сэжун	21	noun	14348
гаршуулсан	21	noun	14349
үүдэх	21	verb	14350
туршжээ	21	noun	14351
паркинсоны	21	noun	14352
дүүдэй	21	noun	14353
өчнөөн	21	noun	14354
зигфрид	21	noun	14355
илчилж	21	noun	14356
шиллерийн	21	noun	14357
мушгих	21	verb	14358
бэлгэдэж	21	noun	14359
давталт	21	noun	14360
хөдөлгөдөг	21	noun	14361
боролдой	21	noun	14362
маа	21	noun	14363
мижидсүрэн	21	noun	14364
цавчим	21	noun	14365
тяньжинь	21	noun	14366
агшиж	21	noun	14367
пирелли	21	noun	14368
нүүрсустөрөгчийн	21	noun	14369
зориулав	21	noun	14370
ренчин	21	noun	14371
дүүргэн	21	noun	14372
баба	21	noun	14373
тимур	21	noun	14374
вэльсийн	21	noun	14375
тасманийн	21	noun	14376
тасмани	21	noun	14377
экспортолдог	21	noun	14378
нолан	21	noun	14379
уиллиамс	21	noun	14380
пропорционал	21	noun	14381
суусаар	21	noun	14382
эрнесто	21	noun	14383
буэнос	21	noun	14384
дэлдэн	21	noun	14385
есенин	21	noun	14386
итгүүлж	21	noun	14387
линь	21	noun	14388
ёочин	21	noun	14389
хайран	21	noun	14390
цохигдож	21	noun	14391
вегетатив	21	noun	14392
шад	21	noun	14393
дээшилсэн	21	noun	14394
сунах	21	verb	14395
загал	21	noun	14396
бактериуд	21	noun	14397
гидрологи	21	noun	14398
тэгэхлээр	21	noun	14399
софокл	21	noun	14400
дурьдагдсан	21	noun	14401
гярхай	21	noun	14402
микрокомпьютер	21	noun	14403
зугатан	21	noun	14404
металлург	21	noun	14405
марз	21	noun	14406
самур	21	noun	14407
хөц	21	noun	14408
заналхийлсэн	21	noun	14409
рианна	21	noun	14410
эвлэрэх	21	verb	14411
мавереннахр	21	noun	14412
тэмүүлж	21	noun	14413
сервантес	21	noun	14414
зорчигчид	21	noun	14415
төсөр	21	noun	14416
залгуур	21	noun	14417
чемберлен	21	noun	14418
түйн	21	noun	14419
бавуудорж	21	noun	14420
баттогтох	21	verb	14421
тэмүүлэх	21	verb	14422
алаг-эрдэнэ	21	noun	14423
манлайлсан	21	noun	14424
хоорондуур	21	noun	14425
сийлэн	21	noun	14426
залгуулдаг	21	noun	14427
хоймор	21	noun	14428
дашдондов	21	noun	14429
дамжуулжээ	21	noun	14430
вып	21	noun	14431
мхтс	21	noun	14432
швецарь	21	noun	14433
изабель	21	noun	14434
жибути	21	noun	14435
зэврэлтээс	21	noun	14436
дэлгэрмаа	21	noun	14437
нүхэн	21	noun	14438
залбирч	21	noun	14439
эго	21	noun	14440
хугарал	21	noun	14441
бодончар	21	noun	14442
хойморт	21	noun	14443
зовиур	21	noun	14444
үтрээний	21	noun	14445
савар	21	noun	14446
болцгоосон	21	noun	14447
эмс	21	noun	14448
хотогойдын	21	noun	14449
гмина	21	noun	14450
шаналал	21	noun	14451
цензур	21	noun	14452
зогсоод	21	noun	14453
бярман	21	noun	14454
кассет	21	noun	14455
фенотип	21	noun	14456
тэмцэлдэх	21	verb	14457
төсөөлөн	21	noun	14458
эрлэгийн	21	noun	14459
союза	21	noun	14460
невскийн	21	noun	14461
дүгнэн	21	noun	14462
гүнзгийрүүлэх	21	verb	14463
аслан	21	noun	14464
зогсоо	21	noun	14465
григорьевна	21	noun	14466
оливье	21	noun	14467
хөхүүлэн	21	noun	14468
тусгаарлалт	21	noun	14469
бхутто	21	noun	14470
лодзь	21	noun	14471
гаталсан	21	noun	14472
мамба	21	noun	14473
хурах	21	verb	14474
харав	21	noun	14475
катерин	21	noun	14476
буруутгах	21	verb	14477
аятолла	21	noun	14478
абель	21	noun	14479
карачи	21	noun	14480
ялагдашгүй	21	noun	14481
клубүүд	21	noun	14482
санаачилгын	21	noun	14483
козак	21	noun	14484
харлуг	21	noun	14485
центийн	21	noun	14486
дцс	21	noun	14487
анклав	21	noun	14488
вен	21	noun	14489
калашниковын	21	noun	14490
абакан	21	noun	14491
карел	21	noun	14492
уртааш	21	noun	14493
алис	21	noun	14494
барьцаалж	21	noun	14495
лори	21	noun	14496
суулгалт	21	noun	14497
мезоамерикийн	21	noun	14498
андуурах	21	verb	14499
николсон	21	noun	14500
карнатака	21	noun	14501
замбийн	21	noun	14502
акира	21	noun	14503
хүчүлүг	21	noun	14504
брэндон	21	noun	14505
туршлагаар	21	noun	14506
алага	21	noun	14507
онох	21	verb	14508
уянгалан	21	noun	14509
небраска	21	noun	14510
тайрч	21	noun	14511
лагос	21	noun	14512
янгон	21	noun	14513
уралдуулан	21	noun	14514
алтаргана	21	noun	14515
лукашенко	21	noun	14516
жуниор	21	noun	14517
умберто	21	noun	14518
монтевидео	21	noun	14519
мики	21	noun	14520
володимир	21	noun	14521
рита	21	noun	14522
тяньаньмэний	21	noun	14523
маккинли	21	noun	14524
харолд	21	noun	14525
альфредо	21	noun	14526
пен	21	noun	14527
берти	21	noun	14528
райли	21	noun	14529
даллес	21	noun	14530
хуурах	21	verb	14531
испан	21	noun	14532
баден-вюртембергийн	21	noun	14533
шивэгчин	21	noun	14534
шардуу	21	noun	14535
хагарсан	21	noun	14536
прагматик	21	noun	14537
вестфалийн	21	noun	14538
ажай	21	noun	14539
рубинштейн	21	noun	14540
хатуурал	21	noun	14541
чамархайн	21	noun	14542
хаагуур	21	noun	14543
аденауэр	21	noun	14544
эллиот	21	noun	14545
палас	21	noun	14546
станиславский	21	noun	14547
гриссом	21	noun	14548
серхио	21	noun	14549
янош	21	noun	14550
канеман	21	noun	14551
шостакович	21	noun	14552
бүдэрсэн	21	noun	14553
цацагджээ	21	noun	14554
убтз	21	noun	14555
пенс	21	noun	14556
артек	21	noun	14557
надь	21	noun	14558
хорти	21	noun	14559
капсул	21	noun	14560
полиморф	21	noun	14561
леванте	21	noun	14562
замчин	21	noun	14563
ты	21	noun	14564
хүзүүдэж	21	noun	14565
рубио	21	noun	14566
жизнь	21	noun	14567
факс	21	noun	14568
сян	21	noun	14569
херенвен	21	noun	14570
худалдагдан	21	noun	14571
йога	21	noun	14572
рэйчел	21	noun	14573
чуулдаг	21	noun	14574
цианид	21	noun	14575
микориза	21	noun	14576
адъяабат	21	noun	14577
гүрёогийн	21	noun	14578
добун	21	noun	14579
карбоксил	21	noun	14580
зеленский	21	noun	14581
оратори	21	noun	14582
болмуй	21	noun	14583
эмульсийн	21	noun	14584
автоматик	21	noun	14585
сүвонь	21	noun	14586
экз	21	noun	14587
гуно	21	noun	14588
сарангэрэл	21	noun	14589
координацын	21	noun	14590
бадаргуулт	21	noun	14591
витте	21	noun	14592
матвей	21	noun	14593
эвиан	21	noun	14594
стор	21	noun	14595
концепт	21	noun	14596
о-цагираг	21	noun	14597
холестерин	21	noun	14598
маб-ын	21	noun	14599
даманы	21	noun	14600
фанжио	21	noun	14601
эксо-н	21	noun	14602
тахарын	21	noun	14603
синтаза	21	noun	14604
дороги	21	noun	14605
монтевердийн	21	noun	14606
ацил-коа	21	noun	14607
мамен	21	noun	14608
макаревич	21	noun	14609
эпигенетик	21	noun	14610
васи	21	noun	14611
байгаарай	20	noun	14612
тодорхойлбол	20	noun	14613
первой	20	noun	14614
вебстер	20	noun	14615
буддист	20	noun	14616
улан-батор	20	noun	14617
блю	20	noun	14618
мангир	20	noun	14619
дамдинжавын	20	noun	14620
хагархай	20	noun	14621
цэрэндондог	20	noun	14622
баттөр	20	noun	14623
ядмаг	20	noun	14624
баяржавхлан	20	noun	14625
адъяахүү	20	noun	14626
төвлөж	20	noun	14627
харгайтын	20	noun	14628
сэнгэдорж	20	noun	14629
голдирол	20	noun	14630
тасдан	20	noun	14631
хэлзүйн	20	noun	14632
хувилах	20	verb	14633
оёх	20	verb	14634
антилын	20	noun	14635
бумбын	20	noun	14636
архимедын	20	noun	14637
уламжилсан	20	noun	14638
баримтална	20	noun	14639
гаргавал	20	noun	14640
цитоплазмд	20	noun	14641
ед	20	noun	14642
леланд	20	noun	14643
миеэгомбын	20	noun	14644
ройтерс	20	noun	14645
нөхдөг	20	noun	14646
элсэнцэр	20	noun	14647
насантогтох	20	verb	14648
доржготовын	20	noun	14649
дэмчигийн	20	noun	14650
сумъяабазар	20	noun	14651
ерхөг	20	noun	14652
аяараа	20	noun	14653
гэлэгбаатар	20	noun	14654
хотос	20	noun	14655
геофизик	20	noun	14656
риттер	20	noun	14657
бүлгэмдэл	20	noun	14658
тоормос	20	noun	14659
риманы	20	noun	14660
категорийн	20	noun	14661
эрэлхийлэх	20	verb	14662
хэлье	20	noun	14663
хуримтлуулан	20	noun	14664
цутган	20	noun	14665
устгалын	20	noun	14666
өнгөө	20	noun	14667
гирин	20	noun	14668
хэбэй	20	noun	14669
гумилев	20	noun	14670
цайлган	20	noun	14671
хязгаарлагдана	20	noun	14672
цөөтэй	20	noun	14673
дарагдсан	20	noun	14674
сумъяабаатар	20	noun	14675
оюутолгой	20	noun	14676
өргөсөн	20	noun	14677
цэмцгэр	20	noun	14678
идэвхжүүлэлт	20	noun	14679
цагаатгажээ	20	noun	14680
хэрхэвч	20	noun	14681
зориулах	20	verb	14682
урду	20	noun	14683
рахман	20	noun	14684
босфорын	20	noun	14685
бодрол	20	noun	14686
эрхэс	20	noun	14687
индиа	20	noun	14688
жайнизм	20	noun	14689
зөвшилцөлд	20	noun	14690
анэу	20	noun	14691
амьдраад	20	noun	14692
вирусүүд	20	noun	14693
паразит	20	noun	14694
мрнх	20	verb	14695
савхин	20	noun	14696
биеллээ	20	noun	14697
саатуулсан	20	noun	14698
хөлөө	20	noun	14699
иудей	20	noun	14700
куман	20	noun	14701
финик	20	noun	14702
ялагчид	20	noun	14703
хором	20	noun	14704
бадамгарав	20	noun	14705
хаббл	20	noun	14706
бидэн	20	noun	14707
дэлбэлсэн	20	noun	14708
мицүбиши	20	noun	14709
арагон	20	noun	14710
хөгшид	20	noun	14711
цохиулж	20	noun	14712
пластик	20	noun	14713
пролетари	20	noun	14714
хохирогчид	20	noun	14715
ядаргаа	20	noun	14716
сурмаажав	20	noun	14717
найдлага	20	noun	14718
бадминтон	20	noun	14719
бэгз	20	noun	14720
дашдулам	20	noun	14721
хүрмэгц	20	noun	14722
допингийн	20	noun	14723
кофи	20	noun	14724
валери	20	noun	14725
ээлжилж	20	noun	14726
ниязов	20	noun	14727
ашиглаарай	20	noun	14728
ол	20	noun	14729
нервийн	20	noun	14730
туурга	20	noun	14731
орь	20	noun	14732
визант	20	noun	14733
альп	20	noun	14734
хүрээлүүлж	20	noun	14735
тохижуулсан	20	noun	14736
чадвартан	20	noun	14737
алагдах	20	verb	14738
тэгшитгэсэн	20	noun	14739
ангууч	20	noun	14740
тэвчих	20	verb	14741
илэрвэл	20	noun	14742
хослуулах	20	verb	14743
нөөцөлсөн	20	noun	14744
гэрийнхэн	20	noun	14745
нөхөрлөсөн	20	noun	14746
удаашруулж	20	noun	14747
лоозон	20	noun	14748
дамчаа	20	noun	14749
федюнинский	20	noun	14750
савиных	20	verb	14751
грегор	20	noun	14752
алфред	20	noun	14753
тоглуулжээ	20	noun	14754
маврикий	20	noun	14755
зэрэгцэж	20	noun	14756
нэвчиж	20	noun	14757
буусан	20	noun	14758
шийр	20	noun	14759
улаанхад	20	noun	14760
байгалмаа	20	noun	14761
бахархдаг	20	noun	14762
задруулсан	20	noun	14763
синатра	20	noun	14764
юникод	20	noun	14765
хьюм	20	noun	14766
фурье	20	noun	14767
тэтгэн	20	noun	14768
росарио	20	noun	14769
крикетийн	20	noun	14770
диэлектрик	20	noun	14771
даалгүй	20	noun	14772
зэмлэл	20	noun	14773
гайхаж	20	noun	14774
наяад	20	noun	14775
дурамжхан	20	noun	14776
уншуулж	20	noun	14777
модот	20	noun	14778
цагаадай	20	noun	14779
дагалдагчид	20	noun	14780
ницше	20	noun	14781
хөдлөн	20	noun	14782
баясах	20	verb	14783
жагсчээ	20	noun	14784
төвөг	20	noun	14785
шаргалдуу	20	noun	14786
эрлэг	20	noun	14787
хяруу	20	noun	14788
гутрал	20	noun	14789
ялта	20	noun	14790
тэмүүлсэн	20	noun	14791
компьютертэй	20	noun	14792
хувилж	20	noun	14793
анжело	20	noun	14794
флора	20	noun	14795
сануулга	20	noun	14796
таалагдаж	20	noun	14797
мольер	20	noun	14798
уншаад	20	noun	14799
зөрсөн	20	noun	14800
бүтэцлэгдсэн	20	noun	14801
эртнийх	20	verb	14802
хээнцэр	20	noun	14803
шуша	20	noun	14804
далайцтай	20	noun	14805
ширгэсэн	20	noun	14806
борнео	20	noun	14807
ирэлт	20	noun	14808
батуми	20	noun	14809
грэйс	20	noun	14810
лорен	20	noun	14811
каракорумын	20	noun	14812
бөглөрөл	20	noun	14813
текстэн	20	noun	14814
суллажээ	20	noun	14815
андижан	20	noun	14816
рекордс	20	noun	14817
банзар	20	noun	14818
суурилуулан	20	noun	14819
саа-н	20	noun	14820
мэдээлийн	20	noun	14821
золгож	20	noun	14822
наро	20	noun	14823
ууль	20	noun	14824
нүүд	20	noun	14825
дарамын	20	noun	14826
гармагц	20	noun	14827
ашихай	20	noun	14828
кэмерон	20	noun	14829
хэмжигдхүүн	20	noun	14830
иран-иракийн	20	noun	14831
италиас	20	noun	14832
фульхенсио	20	noun	14833
алеппо	20	noun	14834
семит	20	noun	14835
янжин	20	noun	14836
овоглосон	20	noun	14837
наушки	20	noun	14838
шүлс	20	noun	14839
делла	20	noun	14840
мосс	20	noun	14841
помпей	20	noun	14842
хоокс	20	noun	14843
буугджээ	20	noun	14844
инерцийн	20	noun	14845
зугатаж	20	noun	14846
тэсэж	20	noun	14847
зөвлөлт-германы	20	noun	14848
нато-ын	20	noun	14849
райхстагийн	20	noun	14850
серафимов	20	noun	14851
мбит	20	noun	14852
барух	20	verb	14853
линус	20	noun	14854
хураагуур	20	noun	14855
российская	20	noun	14856
гриффит	20	noun	14857
айзенах	20	verb	14858
гарнизон	20	noun	14859
гвардын	20	noun	14860
нийгата	20	noun	14861
зөрөлдөөн	20	noun	14862
мөлгөр	20	noun	14863
золгүй	20	noun	14864
дора	20	noun	14865
маха	20	noun	14866
хуран	20	noun	14867
кутузовын	20	noun	14868
густаво	20	noun	14869
сэвсгэр	20	noun	14870
дарлигин	20	noun	14871
комбайнч	20	noun	14872
номлогчид	20	noun	14873
самурай	20	noun	14874
с-ийн	20	noun	14875
несториан	20	noun	14876
салоники	20	noun	14877
хожид	20	noun	14878
дагалдуулан	20	noun	14879
индонезээр	20	noun	14880
наурызын	20	noun	14881
рухолла	20	noun	14882
басра	20	noun	14883
эсэргүүцэв	20	noun	14884
коммутатив	20	noun	14885
абага	20	noun	14886
гэлэнмаа	20	noun	14887
херсон	20	noun	14888
алонзо	20	noun	14889
коби	20	noun	14890
кайл	20	noun	14891
арпад	20	noun	14892
ухрав	20	noun	14893
нуралт	20	noun	14894
щелкунчик	20	noun	14895
уашт	20	noun	14896
эзхтз-ийн	20	noun	14897
цуглуулгаас	20	noun	14898
явъя	20	noun	14899
өрөмдлөгийн	20	noun	14900
турку	20	noun	14901
ниагара	20	noun	14902
ацтекийн	20	noun	14903
хризантем	20	noun	14904
сан-диего	20	noun	14905
республика	20	noun	14906
крэйг	20	noun	14907
цэнджав	20	noun	14908
шумбуур	20	noun	14909
товойлгон	20	noun	14910
багийнхныхаа	20	noun	14911
форвард	20	noun	14912
төрүүлэв	20	noun	14913
рэппер	20	noun	14914
скопье	20	noun	14915
бертран	20	noun	14916
флойд	20	noun	14917
громыко	20	noun	14918
транскрипц	20	noun	14919
сото	20	noun	14920
хөдөлгөм	20	noun	14921
мая	20	noun	14922
чичэн	20	noun	14923
шумбаж	20	noun	14924
жеки	20	noun	14925
лобби	20	noun	14926
роланд	20	noun	14927
сүрэл	20	noun	14928
гимназийг	20	noun	14929
чуйков	20	noun	14930
кэмпбелл	20	noun	14931
рамос	20	noun	14932
валентийн	20	noun	14933
дуураймал	20	noun	14934
йонас	20	noun	14935
франчайзын	20	noun	14936
угсармал	20	noun	14937
онош	20	noun	14938
жоржтауны	20	noun	14939
ямбаасаа	20	noun	14940
комаров	20	noun	14941
венеци	20	noun	14942
форрест	20	noun	14943
жоэл	20	noun	14944
лок	20	noun	14945
даллага	20	noun	14946
тэнцэл	20	noun	14947
курсэд	20	noun	14948
суналт	20	noun	14949
тохиолдуулсан	20	noun	14950
салли	20	noun	14951
хоншу	20	noun	14952
жошуа	20	noun	14953
гуантанамо	20	noun	14954
олзлов	20	noun	14955
гуччи	20	noun	14956
руди	20	noun	14957
хатуурч	20	noun	14958
имре	20	noun	14959
монца	20	noun	14960
хабсбург	20	noun	14961
дуэт	20	noun	14962
мэйсон	20	noun	14963
чингим	20	noun	14964
нэмүү	20	noun	14965
шанду	20	noun	14966
гамсахурдиа	20	noun	14967
баркли	20	noun	14968
сианук	20	noun	14969
конкорд	20	noun	14970
готтлиб	20	noun	14971
бүтээлцсэн	20	noun	14972
саманта	20	noun	14973
фактор	20	noun	14974
тим-ийн	20	noun	14975
эдогийн	20	noun	14976
морзе	20	noun	14977
пилсудски	20	noun	14978
арсен	20	noun	14979
нууцалсан	20	noun	14980
оракл	20	noun	14981
эллисон	20	noun	14982
ярин	20	noun	14983
градиент	20	noun	14984
хатгамал	20	noun	14985
леся	20	noun	14986
энгүүн	20	noun	14987
карр	20	noun	14988
уйлж	20	noun	14989
хб	20	noun	14990
гоблин	20	noun	14991
бохум	20	noun	14992
дайан	20	noun	14993
все	20	noun	14994
эндоген	20	noun	14995
миллуолл	20	noun	14996
жэйк	20	noun	14997
твенте	20	noun	14998
мөрдөс	20	noun	14999
командлаж	20	noun	15000
росток	20	noun	15001
душанбе	20	noun	15002
гавр	20	noun	15003
эллас	20	noun	15004
востока	20	noun	15005
порошенко	20	noun	15006
витаутас	20	noun	15007
панцир-с	20	noun	15008
гидродинамик	20	noun	15009
даалин	20	noun	15010
артаньян	20	noun	15011
ууба	20	noun	15012
пуруша	20	noun	15013
цогзол	20	noun	15014
кү	20	noun	15015
платин	20	noun	15016
дөхүүлэх	20	verb	15017
мэрсээ	20	noun	15018
бурдуков	20	noun	15019
будет	20	noun	15020
гараалахдаа	20	noun	15021
каи	20	noun	15022
сүху	20	noun	15023
нтх-ны	20	noun	15024
песни	20	noun	15025
баффет	20	noun	15026
один	20	noun	15027
тартюф	20	noun	15028
биткойн	20	noun	15029
гуминий	20	noun	15030
этернет	20	noun	15031
траффикийг	20	noun	15032
эрдэнэсайхан	20	noun	15033
лүа-н	20	noun	15034
договаривающихся	20	noun	15035
апоптоз	20	noun	15036
оошима	20	noun	15037
райкин	20	noun	15038
тампон	20	noun	15039
гребенникова	20	noun	15040
шатлан	19	noun	15041
өвөрлөгч	19	noun	15042
проблемы	19	noun	15043
ноа	19	noun	15044
нугараач	19	noun	15045
аньс	19	noun	15046
адилбишийн	19	noun	15047
мандалговь	19	noun	15048
адьяа	19	noun	15049
хөөвөр	19	noun	15050
завханмандал	19	noun	15051
мөнхчулуун	19	noun	15052
гарди	19	noun	15053
гончигдамба	19	noun	15054
итх	19	verb	15055
мб	19	noun	15056
цамбагарав	19	noun	15057
ням-очир	19	noun	15058
тогтворжсон	19	noun	15059
гө	19	noun	15060
мандуулах	19	verb	15061
амынхаа	19	noun	15062
эрэлхийлдэг	19	noun	15063
иудейн	19	noun	15064
морджээ	19	noun	15065
сөнид	19	noun	15066
барималчид	19	noun	15067
будала	19	noun	15068
мүн	19	noun	15069
рд	19	noun	15070
олговор	19	noun	15071
чармайж	19	noun	15072
ринчиндорж	19	noun	15073
цэрэндаш	19	noun	15074
сумьяа	19	noun	15075
баярбат	19	noun	15076
герасимов	19	noun	15077
үндэснийхээ	19	noun	15078
кеплер	19	noun	15079
барагцаагаар	19	noun	15080
женова	19	noun	15081
офсет	19	noun	15082
хүндэл	19	noun	15083
восточной	19	noun	15084
брахми	19	noun	15085
шилка	19	noun	15086
цөх	19	verb	15087
мори	19	noun	15088
тарифын	19	noun	15089
тооцжээ	19	noun	15090
отго	19	noun	15091
чандлан	19	noun	15092
тооллогыг	19	noun	15093
томъёолсон	19	noun	15094
фабиан	19	noun	15095
бататган	19	noun	15096
гүйцэтгүүлэх	19	verb	15097
хөлслөн	19	noun	15098
боловсорно	19	noun	15099
гч	19	noun	15100
клавдий	19	noun	15101
памир	19	noun	15102
бомбей	19	noun	15103
хүлцэнгүй	19	noun	15104
лора	19	noun	15105
нээгдээд	19	noun	15106
чоймаа	19	noun	15107
нангиад	19	noun	15108
сайшаан	19	noun	15109
наалддаг	19	noun	15110
эйрвэйз	19	noun	15111
шалгарахад	19	noun	15112
эмчлүүлэх	19	verb	15113
дашт-нд	19	noun	15114
хасуулсан	19	noun	15115
сет	19	noun	15116
этна	19	noun	15117
гизагийн	19	noun	15118
харилцуур	19	noun	15119
аварчээ	19	noun	15120
уншин	19	noun	15121
дөт	19	noun	15122
гаруйхан	19	noun	15123
заагласан	19	noun	15124
агших	19	verb	15125
хэлбэлзэх	19	verb	15126
хендрик	19	noun	15127
цэгцлэх	19	verb	15128
туйлширсан	19	noun	15129
барууныхан	19	noun	15130
түдгэлзсэн	19	noun	15131
эзэллээ	19	noun	15132
кэсон	19	noun	15133
ярилцжээ	19	noun	15134
дэглэсэн	19	noun	15135
якуб	19	noun	15136
турфан	19	noun	15137
хотынхон	19	noun	15138
номин-эрдэнэ	19	noun	15139
наранжаргал	19	noun	15140
саппоро	19	noun	15141
дурладаг	19	noun	15142
дебит	19	noun	15143
борц	19	noun	15144
гхя-нд	19	noun	15145
нотолдог	19	noun	15146
вануату	19	noun	15147
нийлүүлэгч	19	noun	15148
зогсчээ	19	noun	15149
хүрдэн	19	noun	15150
саравч	19	noun	15151
нуугдмал	19	noun	15152
согог	19	noun	15153
дэгдэлт	19	noun	15154
трифосфат	19	noun	15155
мутант	19	noun	15156
ихсэлт	19	noun	15157
самданжамцын	19	noun	15158
ефремович	19	noun	15159
горбатко	19	noun	15160
шуберт	19	noun	15161
паули	19	noun	15162
хоншоортой	19	noun	15163
айрес	19	noun	15164
загасчлах	19	verb	15165
цэдэндамба	19	noun	15166
долоннуурын	19	noun	15167
зусдаг	19	noun	15168
барилдуулж	19	noun	15169
содов	19	noun	15170
тохижуулж	19	noun	15171
телевизор	19	noun	15172
ванданцэрэн	19	noun	15173
дажин	19	noun	15174
тютчев	19	noun	15175
тундрын	19	noun	15176
нутагшсан	19	noun	15177
биеийнхээ	19	noun	15178
геологичид	19	noun	15179
пирит	19	noun	15180
нэвчин	19	noun	15181
золоор	19	noun	15182
тэмцэн	19	noun	15183
атлантик	19	noun	15184
херат	19	noun	15185
талибаны	19	noun	15186
цаашлан	19	noun	15187
августус	19	noun	15188
вэльс	19	noun	15189
мандарин	19	noun	15190
римский-корсаковын	19	noun	15191
ялиг	19	noun	15192
салаалж	19	noun	15193
таарчээ	19	noun	15194
тэнцүүхэн	19	noun	15195
хаким	19	noun	15196
сэдэвлэж	19	noun	15197
дөрөвхөн	19	noun	15198
ямба	19	noun	15199
үйлчилсэн	19	noun	15200
алдаршуулжээ	19	noun	15201
кафка	19	noun	15202
октавын	19	noun	15203
халагдан	19	noun	15204
хөндийрч	19	noun	15205
хөрвүүлэг	19	noun	15206
халил	19	noun	15207
дээрэмдэх	19	verb	15208
людовик	19	noun	15209
фредрик	19	noun	15210
коэнзим	19	noun	15211
хуучинсаг	19	noun	15212
хүнийх	19	verb	15213
дарагдан	19	noun	15214
зорив	19	noun	15215
ибсен	19	noun	15216
алуулжээ	19	noun	15217
газардах	19	verb	15218
кака	19	noun	15219
гандуу	19	noun	15220
шивэй	19	noun	15221
баталгаажуулав	19	noun	15222
стенли	19	noun	15223
даниил	19	noun	15224
өрнөв	19	noun	15225
омгийнхон	19	noun	15226
хасагт	19	noun	15227
баргужин	19	noun	15228
сүйрүүлсэн	19	noun	15229
хайлаар	19	noun	15230
андаманы	19	noun	15231
толилуулжээ	19	noun	15232
саша	19	noun	15233
халифатын	19	noun	15234
ттг	19	noun	15235
моан	19	noun	15236
хэсэглэл	19	noun	15237
зэвсэглэн	19	noun	15238
үүсмэл	19	noun	15239
баянговь	19	noun	15240
варвара	19	noun	15241
форм	19	noun	15242
амтлах	19	verb	15243
түнэл	19	noun	15244
авахуулах	19	verb	15245
бүрэнхаан	19	noun	15246
цэдэндорж	19	noun	15247
ногтруу	19	noun	15248
маркони	19	noun	15249
лабораториуд	19	noun	15250
зөвлөлт-польшийн	19	noun	15251
занданшуулсан	19	noun	15252
хөөв	19	noun	15253
коннор	19	noun	15254
уртнасан	19	noun	15255
эдэлнэ	19	noun	15256
мягмаржав	19	noun	15257
явагдав	19	noun	15258
багтав	19	noun	15259
хүчлэн	19	noun	15260
ханцуйтай	19	noun	15261
үсэрхэг	19	noun	15262
өдлөг	19	noun	15263
хацар	19	noun	15264
торх	19	verb	15265
эдэлсэн	19	noun	15266
оруулга	19	noun	15267
моисей	19	noun	15268
уруудах	19	verb	15269
зутан	19	noun	15270
пицца	19	noun	15271
оньс	19	noun	15272
барахынхаа	19	noun	15273
магдебургийн	19	noun	15274
мутацийн	19	noun	15275
хожих	19	verb	15276
мокша	19	noun	15277
конгломерат	19	noun	15278
кгб-ын	19	noun	15279
төлөөлүүлэн	19	noun	15280
үргэлжлэв	19	noun	15281
пенза	19	noun	15282
баграмян	19	noun	15283
миха	19	noun	15284
шанзав	19	noun	15285
ширнэндамдин	19	noun	15286
пунцагцэрэн	19	noun	15287
наадах	19	verb	15288
записки	19	noun	15289
михайловна	19	noun	15290
байлдаад	19	noun	15291
семёнович	19	noun	15292
яармаг	19	noun	15293
шинэчлэв	19	noun	15294
шевролет	19	noun	15295
одиссей	19	noun	15296
арс	19	noun	15297
өнгөрөв	19	noun	15298
факто	19	noun	15299
марзан	19	noun	15300
удамчир	19	noun	15301
эсфахан	19	noun	15302
туск	19	noun	15303
перикл	19	noun	15304
ананда	19	noun	15305
мальтын	19	noun	15306
луганск	19	noun	15307
раббан	19	noun	15308
эрос	19	noun	15309
бронкс	19	noun	15310
гестапо	19	noun	15311
лааган	19	noun	15312
йоханнесбург	19	noun	15313
маллан	19	noun	15314
уурхайчид	19	noun	15315
жэйсон	19	noun	15316
дэлбэрсэн	19	noun	15317
висенте	19	noun	15318
филатова	19	noun	15319
галоген	19	noun	15320
крон	19	noun	15321
мономер	19	noun	15322
яндан	19	noun	15323
тара	19	noun	15324
анатольевич	19	noun	15325
город	19	noun	15326
долли	19	noun	15327
алатау	19	noun	15328
наваан-юндэнгийн	19	noun	15329
формал	19	noun	15330
турбулент	19	noun	15331
олив	19	noun	15332
хариуцлагаа	19	noun	15333
хамааруулсан	19	noun	15334
кастилья	19	noun	15335
чадмаг	19	noun	15336
мартах	19	verb	15337
нокаутаар	19	noun	15338
коллинс	19	noun	15339
миллс	19	noun	15340
папирус	19	noun	15341
артемис	19	noun	15342
хэрмэл	19	noun	15343
буюруг	19	noun	15344
агра	19	noun	15345
тарзан	19	noun	15346
ханнибал	19	noun	15347
император	19	noun	15348
андра	19	noun	15349
калка	19	noun	15350
данилович	19	noun	15351
брэдли	19	noun	15352
тран	19	noun	15353
крючков	19	noun	15354
хорив	19	noun	15355
гүнбилэг	19	noun	15356
кгц	19	noun	15357
конусан	19	noun	15358
чуй	19	noun	15359
ввс	19	noun	15360
уа	19	noun	15361
явтал	19	noun	15362
намхайцэрэн	19	noun	15363
булсара	19	noun	15364
багшид	19	noun	15365
кураш	19	noun	15366
жанни	19	noun	15367
түрээслэн	19	noun	15368
фестивалд	19	noun	15369
барлаг	19	noun	15370
марат	19	noun	15371
ариунбаатар	19	noun	15372
өрсөлдөв	19	noun	15373
сахиулагчид	19	noun	15374
мэргэшүүлэх	19	verb	15375
румынь	19	noun	15376
цой	19	noun	15377
крамер	19	noun	15378
пиночет	19	noun	15379
вучич	19	noun	15380
фестивалийн	19	noun	15381
тавилцсан	19	noun	15382
авиралт	19	noun	15383
шеварднадзе	19	noun	15384
бооцоо	19	noun	15385
беларус	19	noun	15386
хөндөн	19	noun	15387
мирза	19	noun	15388
анхель	19	noun	15389
нефертити	19	noun	15390
бриан	19	noun	15391
ламберт	19	noun	15392
тэнэмэл	19	noun	15393
ёкохама	19	noun	15394
санаачлах	19	verb	15395
вюртембергийн	19	noun	15396
дэглэлт	19	noun	15397
филармонид	19	noun	15398
мистер	19	noun	15399
хоки	19	noun	15400
авилгын	19	noun	15401
гамала	19	noun	15402
гас	19	noun	15403
гиггз	19	noun	15404
дагзны	19	noun	15405
уотергейтийн	19	noun	15406
чезаре	19	noun	15407
пасифик	19	noun	15408
безос	19	noun	15409
николае	19	noun	15410
бадруулагч	19	noun	15411
эдуар	19	noun	15412
мүүн	19	noun	15413
вивальди	19	noun	15414
норманди	19	noun	15415
дилан	19	noun	15416
яшин	19	noun	15417
проспект	19	noun	15418
толкунова	19	noun	15419
шукшин	19	noun	15420
шастин	19	noun	15421
каприо	19	noun	15422
генерал-фельдмаршал	19	noun	15423
скоулз	19	noun	15424
хөнддөг	19	noun	15425
захиалах	19	verb	15426
контекст	19	noun	15427
новости	19	noun	15428
хайдук	19	noun	15429
гуйвуулга	19	noun	15430
удын	19	noun	15431
зуурамтгай	19	noun	15432
хива	19	noun	15433
мэлиг	19	noun	15434
үрэлт	19	noun	15435
сантехникийн	19	noun	15436
дэлбэрэх	19	verb	15437
трояны	19	noun	15438
дуугаралттай	19	noun	15439
комьпютерийн	19	noun	15440
лантаноидын	19	noun	15441
дань	19	noun	15442
тотго	19	noun	15443
хутулун	19	noun	15444
туз	19	noun	15445
алтантуяа	19	noun	15446
кабел	19	noun	15447
рсфср-ын	19	noun	15448
тасалдуулж	19	noun	15449
лэйбл	19	noun	15450
ачааллах	19	verb	15451
дифракцийн	19	noun	15452
соёолох	19	verb	15453
санаатан	19	noun	15454
неоклассик	19	noun	15455
мальмё	19	noun	15456
валансьен	19	noun	15457
нягтлахуй	19	noun	15458
флюресцент	19	noun	15459
сегмэнт	19	noun	15460
айзея	19	noun	15461
канолагийн	19	noun	15462
болцтой	19	noun	15463
чезена	19	noun	15464
гитарчид	19	noun	15465
баасанбат	19	noun	15466
мазерати	19	noun	15467
пүүз	19	noun	15468
обеих	19	verb	15469
соглашаются	19	noun	15470
респ	19	noun	15471
глиоксилатын	19	noun	15472
песталоцци	19	noun	15473
анжэй	19	noun	15474
эластомер	19	noun	15475
брайл	19	noun	15476
сошиол	19	noun	15477
каннеман	19	noun	15478
нэвтэрнэ	18	noun	15479
өгүүлэхүүн	18	noun	15480
баяжсан	18	noun	15481
данжуур	18	noun	15482
ангижирч	18	noun	15483
аваачжээ	18	noun	15484
тээвэрлэн	18	noun	15485
лидэр	18	noun	15486
уранцэцэг	18	noun	15487
лхамхүү	18	noun	15488
норпилийн	18	noun	15489
булнайн	18	noun	15490
ловон	18	noun	15491
болиулж	18	noun	15492
тарвас	18	noun	15493
рамадан	18	noun	15494
габриел	18	noun	15495
мавритани	18	noun	15496
кейнсийн	18	noun	15497
зөвлөн	18	noun	15498
убдс	18	noun	15499
төлөвшил	18	noun	15500
галл	18	noun	15501
амьдралынх	18	verb	15502
эвдэрхий	18	noun	15503
соёмбын	18	noun	15504
төрөлжүүлэн	18	noun	15505
дайжин	18	noun	15506
барзгар	18	noun	15507
хучуур	18	noun	15508
арчилж	18	noun	15509
цөлөх	18	verb	15510
ийгл	18	noun	15511
хоргүйжүүлэх	18	verb	15512
изомер	18	noun	15513
саалийн	18	noun	15514
малтаж	18	noun	15515
адилбиш	18	noun	15516
базаррагчаа	18	noun	15517
механикжуулагч	18	noun	15518
сосор	18	noun	15519
өндөрширээт	18	noun	15520
дуламдоржийн	18	noun	15521
чандмань-өндөр	18	noun	15522
сэнжит	18	noun	15523
холбогджээ	18	noun	15524
хавчих	18	verb	15525
лабораторын	18	noun	15526
шүдэт	18	noun	15527
хийсвэрлэл	18	noun	15528
ярвигтай	18	noun	15529
шийтгүүлж	18	noun	15530
ашигла	18	noun	15531
далдуур	18	noun	15532
хязгаарлагдах	18	verb	15533
нв	18	noun	15534
зааглан	18	noun	15535
ногдол	18	noun	15536
нягтарч	18	noun	15537
коэн	18	noun	15538
даниель	18	noun	15539
хэлмэгдэгсдийн	18	noun	15540
зөвшилцлийн	18	noun	15541
хураалгаж	18	noun	15542
айлгаж	18	noun	15543
хүрээлэлд	18	noun	15544
гүйцээх	18	verb	15545
коминтерны	18	noun	15546
крикет	18	noun	15547
катрина	18	noun	15548
федерации	18	noun	15549
тэжон	18	noun	15550
баяржаргал	18	noun	15551
бишрэх	18	verb	15552
хаяжээ	18	noun	15553
хуваагдмал	18	noun	15554
гужарат	18	noun	15555
тэлүгү	18	noun	15556
үлэмжхэн	18	noun	15557
гөрөөчин	18	noun	15558
стандартчилсан	18	noun	15559
измир	18	noun	15560
халих	18	verb	15561
хуульчилж	18	noun	15562
сардини	18	noun	15563
дууджээ	18	noun	15564
бүтээлийнх	18	verb	15565
декарт	18	noun	15566
туурвисаар	18	noun	15567
онолчид	18	noun	15568
халхлах	18	verb	15569
төрөв	18	noun	15570
хэрэгжүүлэв	18	noun	15571
үзээрэй	18	noun	15572
хийе	18	noun	15573
толгойлуулсан	18	noun	15574
хён	18	noun	15575
тууврын	18	noun	15576
таримын	18	noun	15577
жүдочид	18	noun	15578
иргэж	18	noun	15579
ойртуулж	18	noun	15580
халифа	18	noun	15581
миронов	18	noun	15582
кирибати	18	noun	15583
алтанзул	18	noun	15584
гилбэрийн	18	noun	15585
төвийнхөн	18	noun	15586
пеннсилванийн	18	noun	15587
шагдаржавын	18	noun	15588
ялгавартай	18	noun	15589
зөөгдөх	18	verb	15590
падуа	18	noun	15591
бнху	18	noun	15592
эрэмбэлэгдэх	18	verb	15593
корпорациуд	18	noun	15594
ирсээр	18	noun	15595
нимбэг	18	noun	15596
татагджээ	18	noun	15597
цуцлав	18	noun	15598
дондогдулам	18	noun	15599
нэмэгдүүлэв	18	noun	15600
троицкосавск	18	noun	15601
судец	18	noun	15602
мазимын	18	noun	15603
ванчинжавын	18	noun	15604
поппер	18	noun	15605
уушийн	18	noun	15606
дууриуд	18	noun	15607
зи	18	noun	15608
гарам	18	noun	15609
галхүү	18	noun	15610
морилон	18	noun	15611
заа	18	noun	15612
тэргэл	18	noun	15613
төдийлэн	18	noun	15614
чойжил	18	noun	15615
хуримтлагдан	18	noun	15616
дожоодорж	18	noun	15617
асфальт	18	noun	15618
шахуурга	18	noun	15619
анир	18	noun	15620
юлиус	18	noun	15621
либерти	18	noun	15622
хоромхон	18	noun	15623
цавуу	18	noun	15624
тулалдсаар	18	noun	15625
агрегат	18	noun	15626
хэмжигдэнэ	18	noun	15627
исэлдлийн	18	noun	15628
тохиолдвол	18	noun	15629
базальт	18	noun	15630
балуч	18	noun	15631
ёсных	18	verb	15632
гачиг	18	noun	15633
хэмжигдэж	18	noun	15634
нидерл	18	noun	15635
арбитр	18	noun	15636
дуртгал	18	noun	15637
лермонтов	18	noun	15638
кирк	18	noun	15639
кавалер	18	noun	15640
дийлдэшгүй	18	noun	15641
хүндлэгдсэн	18	noun	15642
марли	18	noun	15643
евгения	18	noun	15644
хэрхэх	18	verb	15645
болохынхоо	18	noun	15646
гарынхаа	18	noun	15647
сунжирсан	18	noun	15648
мансур	18	noun	15649
жойс	18	noun	15650
зориулахаар	18	noun	15651
карнегийн	18	noun	15652
тууриас	18	noun	15653
аюурбарбад	18	noun	15654
холин	18	noun	15655
музейгээс	18	noun	15656
авъя	18	noun	15657
ялуу	18	noun	15658
флоренс	18	noun	15659
авааль	18	noun	15660
содномдаржаа	18	noun	15661
тундр	18	noun	15662
бутрал	18	noun	15663
халхавч	18	noun	15664
зөвлөлт-японы	18	noun	15665
дашчойлин	18	noun	15666
шатаав	18	noun	15667
кура	18	noun	15668
тоологджээ	18	noun	15669
агааржуулагч	18	noun	15670
монголиа	18	noun	15671
тасдаж	18	noun	15672
веган	18	noun	15673
бэйли	18	noun	15674
карсон	18	noun	15675
стиви	18	noun	15676
тайрах	18	verb	15677
довчин	18	noun	15678
өртөв	18	noun	15679
хуримласан	18	noun	15680
харьяалагдан	18	noun	15681
даруулж	18	noun	15682
конкордиа	18	noun	15683
диор	18	noun	15684
ийш	18	noun	15685
үеүдэд	18	noun	15686
манлайлах	18	verb	15687
мордон	18	noun	15688
давхарласан	18	noun	15689
конференцийн	18	noun	15690
компаны	18	noun	15691
дорлигжав	18	noun	15692
ня-бо	18	noun	15693
молом	18	noun	15694
туба	18	noun	15695
тогтоогдож	18	noun	15696
рубен	18	noun	15697
шульц	18	noun	15698
завсарлагааны	18	noun	15699
загварлаг	18	noun	15700
сайхандулаан	18	noun	15701
цэнхэрмандал	18	noun	15702
гафни	18	noun	15703
криптон	18	noun	15704
өмөг	18	noun	15705
дайруулан	18	noun	15706
өмсөн	18	noun	15707
маккарти	18	noun	15708
цээнд	18	noun	15709
брэдфорд	18	noun	15710
шумер	18	noun	15711
шийдвэрлүүлэх	18	verb	15712
валенттай	18	noun	15713
харьцуулвал	18	noun	15714
цэрэнпагма	18	noun	15715
одоогийнхоо	18	noun	15716
занзибар	18	noun	15717
антигуа	18	noun	15718
болив	18	noun	15719
танго	18	noun	15720
баас	18	noun	15721
гишүүдийнхээ	18	noun	15722
буурсаар	18	noun	15723
мишигийн	18	noun	15724
авлагыг	18	noun	15725
зориулалтай	18	noun	15726
сахиул	18	noun	15727
жав	18	noun	15728
эмхэтгэж	18	noun	15729
ноёнтон	18	noun	15730
доргилт	18	noun	15731
энхцэцэг	18	noun	15732
хүрэлцээтэй	18	noun	15733
байршуулжээ	18	noun	15734
дархлал	18	noun	15735
реквием	18	noun	15736
зовниж	18	noun	15737
босох	18	verb	15738
хувилсан	18	noun	15739
ханцуй	18	noun	15740
авран	18	noun	15741
захисан	18	noun	15742
энтальпи	18	noun	15743
кварк	18	noun	15744
засаад	18	noun	15745
томруулсан	18	noun	15746
фрида	18	noun	15747
галбир	18	noun	15748
хрущев	18	noun	15749
василевский	18	noun	15750
хүчнийхээ	18	noun	15751
ээмэг	18	noun	15752
асах	18	verb	15753
микоян	18	noun	15754
тухачевский	18	noun	15755
жаалхүү	18	noun	15756
фестивал	18	noun	15757
нуугдан	18	noun	15758
герцен	18	noun	15759
суллав	18	noun	15760
порту	18	noun	15761
гээж	18	noun	15762
леоне	18	noun	15763
бадамсүрэн	18	noun	15764
байнам	18	noun	15765
юндэндорж	18	noun	15766
дүнжингарав	18	noun	15767
сармис	18	noun	15768
депо	18	noun	15769
танганьика	18	noun	15770
шивээс	18	noun	15771
нестор	18	noun	15772
гранде	18	noun	15773
нүүгээд	18	noun	15774
биньямин	18	noun	15775
януш	18	noun	15776
гарден	18	noun	15777
үүлс	18	noun	15778
нара	18	noun	15779
дайсагнал	18	noun	15780
янукович	18	noun	15781
амман	18	noun	15782
афродита	18	noun	15783
пөмбөгөр	18	noun	15784
лонх	18	verb	15785
нутаглуулсан	18	noun	15786
ферри	18	noun	15787
оролцсоныхоо	18	noun	15788
ричардс	18	noun	15789
шалгагдаж	18	noun	15790
фернандес	18	noun	15791
масарик	18	noun	15792
ара	18	noun	15793
кишида	18	noun	15794
васэда	18	noun	15795
после	18	noun	15796
приморийн	18	noun	15797
меган	18	noun	15798
баха	18	noun	15799
пусан	18	noun	15800
полис	18	noun	15801
хорложээ	18	noun	15802
вт	18	noun	15803
дампуурлын	18	noun	15804
кингстон	18	noun	15805
тегин	18	noun	15806
орхиогүй	18	noun	15807
экспресс	18	noun	15808
ариел	18	noun	15809
илгээгдэж	18	noun	15810
хаусдорфын	18	noun	15811
ямамото	18	noun	15812
хийснийхээ	18	noun	15813
хуанди	18	noun	15814
йоркшир	18	noun	15815
хордуулсан	18	noun	15816
хау	18	noun	15817
үүрлэж	18	noun	15818
рс	18	noun	15819
саламандр	18	noun	15820
хүлэр	18	noun	15821
оксана	18	noun	15822
атамбаев	18	noun	15823
садыр	18	noun	15824
каучук	18	noun	15825
керчь	18	noun	15826
барбаросса	18	noun	15827
садат	18	noun	15828
ундраа	18	noun	15829
танилцуулан	18	noun	15830
айтматов	18	noun	15831
цуглуулгаа	18	noun	15832
кац	18	noun	15833
жиньпин	18	noun	15834
долгио	18	noun	15835
тагнуулчид	18	noun	15836
эдо	18	noun	15837
дойче	18	noun	15838
римский-корсаков	18	noun	15839
барбадосын	18	noun	15840
трансформер	18	noun	15841
синглэ	18	noun	15842
хүйсийнхээ	18	noun	15843
паян	18	noun	15844
стэнлийн	18	noun	15845
халджээ	18	noun	15846
шепард	18	noun	15847
ориноко	18	noun	15848
фритц	18	noun	15849
кошта	18	noun	15850
оношийг	18	noun	15851
клаудио	18	noun	15852
шампань	18	noun	15853
берри	18	noun	15854
өдөн	18	noun	15855
вокал	18	noun	15856
байршуулан	18	noun	15857
каратэгийн	18	noun	15858
тэзү-ийг	18	noun	15859
зээлжих	18	verb	15860
модерн	18	noun	15861
дугуйрсан	18	noun	15862
цайх	18	verb	15863
аутсорсинг	18	noun	15864
өчил	18	noun	15865
осер	18	noun	15866
ме	18	noun	15867
реймс	18	noun	15868
вадим	18	noun	15869
өлгийдөн	18	noun	15870
сандро	18	noun	15871
фиш	18	noun	15872
тер-петросян	18	noun	15873
шинь	18	noun	15874
иосип	18	noun	15875
тяньжин	18	noun	15876
ньюарк	18	noun	15877
тиффани	18	noun	15878
спор	18	noun	15879
тэгшлэх	18	verb	15880
головин	18	noun	15881
омгийнхний	18	noun	15882
тревор	18	noun	15883
хийжүүлсэн	18	noun	15884
карри	18	noun	15885
пойнт	18	noun	15886
одом	18	noun	15887
райхстаг	18	noun	15888
гётеборг	18	noun	15889
мерц	18	noun	15890
паттинсон	18	noun	15891
хэт-трик	18	noun	15892
эрнандес	18	noun	15893
бронислав	18	noun	15894
гацсан	18	noun	15895
дамжуулга	18	noun	15896
гидролиз	18	noun	15897
мэр	18	noun	15898
графит	18	noun	15899
эрэмбэлсэн	18	noun	15900
индепендьенте	18	noun	15901
кэрролл	18	noun	15902
мерецков	18	noun	15903
гидродинамикийн	18	noun	15904
альцхаймерын	18	noun	15905
норовсүрэн	18	noun	15906
стэнд-ап	18	noun	15907
барулас	18	noun	15908
айверсон	18	noun	15909
бенни	18	noun	15910
гомологи	18	noun	15911
этернэт	18	noun	15912
эльдар	18	noun	15913
клуж	18	noun	15914
гольдони	18	noun	15915
немцов	18	noun	15916
эсрэгбие	18	noun	15917
бүдгэрч	18	noun	15918
монгол-германы	18	noun	15919
ефимович	18	noun	15920
шаардлаггүй	18	noun	15921
нов	18	noun	15922
сыма	18	noun	15923
зайран	18	noun	15924
дэглэн	18	noun	15925
дамжуулагдан	18	noun	15926
зорге	18	noun	15927
гомолог	18	noun	15928
ням-осор	18	noun	15929
дофин	18	noun	15930
програмчлагдсан	18	noun	15931
бүжин	18	noun	15932
хоншугийн	18	noun	15933
өрөмдлөг	18	noun	15934
рубикийн	18	noun	15935
осмосын	18	noun	15936
наводчик	18	noun	15937
банчэн	18	noun	15938
вопросов	18	noun	15939
мнр	18	noun	15940
бенеттон	18	noun	15941
мртух-ны	18	noun	15942
аталанта	18	noun	15943
мёрдок	18	noun	15944
выпуск	18	noun	15945
тигра	18	noun	15946
котвич	18	noun	15947
иериг	18	noun	15948
занданбат	18	noun	15949
серверлүү	18	noun	15950
бонифас	18	noun	15951
палладий	18	noun	15952
фомвихан	18	noun	15953
адвайта	18	noun	15954
квери	18	noun	15955
лахн	18	noun	15956
аспарагины	18	noun	15957
буддарь	18	noun	15958
фокин	18	noun	15959
усманов	18	noun	15960
сионист	18	noun	15961
академия	18	noun	15962
кларемонт	18	noun	15963
алтанмед	18	noun	15964
неомицин	18	noun	15965
аялгыг	17	noun	15966
санжеев	17	noun	15967
даяанч	17	noun	15968
зава	17	noun	15969
цээрлэ	17	noun	15970
продюссер	17	noun	15971
скай	17	noun	15972
чуулж	17	noun	15973
шавийг	17	noun	15974
дүгэржав	17	noun	15975
чойжилжавын	17	noun	15976
тракторч-комбайнч	17	noun	15977
лха-очир	17	noun	15978
нэмэгт	17	noun	15979
хармаг	17	noun	15980
лха	17	noun	15981
хугарах	17	verb	15982
захиас	17	noun	15983
нө	17	noun	15984
бүрэлдүүлж	17	noun	15985
вакум	17	noun	15986
викимедиа	17	noun	15987
мкм	17	noun	15988
хоер	17	noun	15989
зүйрлэн	17	noun	15990
санаачилжээ	17	noun	15991
лувсанжав	17	noun	15992
ногоочин	17	noun	15993
цэвэгийн	17	noun	15994
янжинлхам	17	noun	15995
баянхангай	17	noun	15996
чөдөр	17	noun	15997
алтанцөгц	17	noun	15998
координат	17	noun	15999
эротик	17	noun	16000
албадлагын	17	noun	16001
маргадаг	17	noun	16002
дутагдах	17	verb	16003
мэнэнгийн	17	noun	16004
монголжуу	17	noun	16005
ухаарах	17	verb	16006
русская	17	noun	16007
энрико	17	noun	16008
ххк-ний	17	noun	16009
хүргэгдэж	17	noun	16010
эзэрхэг	17	noun	16011
гэлэгсэнгэ	17	noun	16012
чандра	17	noun	16013
зарлагдаж	17	noun	16014
боломгүй	17	noun	16015
хилэгнэж	17	noun	16016
хархүү	17	noun	16017
бабур	17	noun	16018
могул	17	noun	16019
жагсаавал	17	noun	16020
сониа	17	noun	16021
хайдарабад	17	noun	16022
урдү	17	noun	16023
найдах	17	verb	16024
марвин	17	noun	16025
номлож	17	noun	16026
репликацийн	17	noun	16027
вирусээр	17	noun	16028
хэмжигдэх	17	verb	16029
рибонуклейн	17	noun	16030
олдоц	17	noun	16031
татсаар	17	noun	16032
төлөвшиж	17	noun	16033
өвлөгдөн	17	noun	16034
легницийн	17	noun	16035
падишах	17	verb	16036
орда	17	noun	16037
яик	17	noun	16038
тохта	17	noun	16039
азиз	17	noun	16040
тора	17	noun	16041
туркэд	17	noun	16042
ший	17	noun	16043
сургажээ	17	noun	16044
матиас	17	noun	16045
тарах	17	verb	16046
угалзан	17	noun	16047
эрхсийн	17	noun	16048
далайц	17	noun	16049
зис	17	noun	16050
пе	17	noun	16051
схн-ын	17	noun	16052
цээрлүүлэх	17	verb	16053
коминтерн	17	noun	16054
гүтгэлэг	17	noun	16055
очиров	17	noun	16056
хашгирч	17	noun	16057
хуйвалдагчид	17	noun	16058
хонзон	17	noun	16059
константинос	17	noun	16060
өргөмжлөгдөв	17	noun	16061
буянжаргал	17	noun	16062
торнисон	17	noun	16063
аппликэйшн	17	noun	16064
давхацсан	17	noun	16065
тарчиг	17	noun	16066
эгшиглэдэг	17	noun	16067
заган	17	noun	16068
оуфо	17	noun	16069
жоли	17	noun	16070
хазайсан	17	noun	16071
лай	17	noun	16072
дарангуй	17	noun	16073
бэйсбол	17	noun	16074
мултарсан	17	noun	16075
савлах	17	verb	16076
саам	17	noun	16077
зарцуулан	17	noun	16078
цуцашгүй	17	noun	16079
хангамжинд	17	noun	16080
хироши	17	noun	16081
комсомол	17	noun	16082
нквд-ын	17	noun	16083
халан	17	noun	16084
андриян	17	noun	16085
түүвэйн	17	noun	16086
мечет	17	noun	16087
эрдүү	17	noun	16088
лазарын	17	noun	16089
бахархаж	17	noun	16090
хутгах	17	verb	16091
давуулж	17	noun	16092
лагранжийн	17	noun	16093
давталтын	17	noun	16094
хуурайдуу	17	noun	16095
чимэдцэрэн	17	noun	16096
наяа	17	noun	16097
ундарга	17	noun	16098
шаргачин	17	noun	16099
маа-н	17	noun	16100
хн	17	noun	16101
суперкомпьютер	17	noun	16102
галакси	17	noun	16103
артель	17	noun	16104
рн-ийн	17	noun	16105
хүрэлцэх	17	verb	16106
рабфак	17	noun	16107
дайчилсан	17	noun	16108
багтраа	17	noun	16109
сүйдэж	17	noun	16110
дуурайн	17	noun	16111
молор	17	noun	16112
интрузив	17	noun	16113
дол	17	noun	16114
халав	17	noun	16115
бадахшан	17	noun	16116
хүрээлүүлсэн	17	noun	16117
тогтоогдоод	17	noun	16118
австралийг	17	noun	16119
нелли	17	noun	16120
манитоба	17	noun	16121
гүйцэтгэсээр	17	noun	16122
үүсгэв	17	noun	16123
сэнгийн	17	noun	16124
сулруулах	17	verb	16125
охь	17	noun	16126
нүүв	17	noun	16127
интернэйшнл	17	noun	16128
хогвартс	17	noun	16129
шэлүнь	17	noun	16130
аюушридар	17	noun	16131
ал-дин	17	noun	16132
холбожээ	17	noun	16133
сикким	17	noun	16134
бурангуй	17	noun	16135
төлөвшихөд	17	noun	16136
гүнзгийрч	17	noun	16137
цохилуур	17	noun	16138
муулихай	17	noun	16139
буцалж	17	noun	16140
эзэмшээд	17	noun	16141
уруудаж	17	noun	16142
музейтэй	17	noun	16143
аригиба	17	noun	16144
урьжээ	17	noun	16145
галли	17	noun	16146
марсел	17	noun	16147
ханилан	17	noun	16148
үрчилж	17	noun	16149
төгсгөж	17	noun	16150
уриалга	17	noun	16151
хаян	17	noun	16152
дос	17	noun	16153
цухуйж	17	noun	16154
хамгаалагдаж	17	noun	16155
таньшихуай	17	noun	16156
гүнзгийрсэн	17	noun	16157
миникомпьютер	17	noun	16158
хувьсгуур	17	noun	16159
пеллио	17	noun	16160
залрах	17	verb	16161
дэмжүүлсэн	17	noun	16162
хачатурян	17	noun	16163
транзит	17	noun	16164
модена	17	noun	16165
пласидо	17	noun	16166
даяаршлын	17	noun	16167
чукоткын	17	noun	16168
разин	17	noun	16169
бүтээгдэхүүнийхээ	17	noun	16170
порно	17	noun	16171
дараалласан	17	noun	16172
ламар	17	noun	16173
англи-францын	17	noun	16174
коломбо	17	noun	16175
ша	17	noun	16176
геостационар	17	noun	16177
спутник	17	noun	16178
шинэжинст	17	noun	16179
чүлтэмсүрэн	17	noun	16180
нийтэч	17	noun	16181
тух	17	verb	16182
жаргалтхаан	17	noun	16183
хогшил	17	noun	16184
цэцэгс	17	noun	16185
дамдинжав	17	noun	16186
найрлагаас	17	noun	16187
эрдэнэцэцэг	17	noun	16188
олшруулах	17	verb	16189
лити	17	noun	16190
ферми	17	noun	16191
певцов	17	noun	16192
бавуужав	17	noun	16193
банш	17	noun	16194
дашдэлэг	17	noun	16195
байгуулагын	17	noun	16196
баримтжуулалт	17	noun	16197
инноваци	17	noun	16198
герман-зөвлөлтийн	17	noun	16199
цөллөгөөс	17	noun	16200
калинин	17	noun	16201
дараагийнх	17	verb	16202
өмгөөллийн	17	noun	16203
тулгарчээ	17	noun	16204
данзандаржаагийн	17	noun	16205
гэвш	17	noun	16206
угаалга	17	noun	16207
зулзагаа	17	noun	16208
үйрмэг	17	noun	16209
базарсад	17	noun	16210
фрай	17	noun	16211
лесото	17	noun	16212
гексагональ	17	noun	16213
идлэг	17	noun	16214
чөлөөлөлт	17	noun	16215
хулгар	17	noun	16216
ичинноров	17	noun	16217
суваргыг	17	noun	16218
ноцолдож	17	noun	16219
энхтөр	17	noun	16220
австриас	17	noun	16221
махир	17	noun	16222
линней	17	noun	16223
бариа	17	noun	16224
кармел	17	noun	16225
мөхлөгт	17	noun	16226
цицерон	17	noun	16227
нягтлах	17	verb	16228
мориныхоо	17	noun	16229
амталсан	17	noun	16230
империализмын	17	noun	16231
гүйлгэх	17	verb	16232
түгээлт	17	noun	16233
байя	17	noun	16234
коми	17	noun	16235
цан	17	noun	16236
буулгалт	17	noun	16237
учруулжээ	17	noun	16238
вирусээс	17	noun	16239
магистрант	17	noun	16240
эльбрус	17	noun	16241
элиста	17	noun	16242
ойлгожээ	17	noun	16243
бэлгэдэн	17	noun	16244
эволюци	17	noun	16245
ятгачин	17	noun	16246
цаазлуулж	17	noun	16247
дуулгаваргүй	17	noun	16248
сууриар	17	noun	16249
хумигдаж	17	noun	16250
шанзудба	17	noun	16251
кларенс	17	noun	16252
цөлөгдөж	17	noun	16253
паула	17	noun	16254
попова	17	noun	16255
хүлцэл	17	noun	16256
фрунзийн	17	noun	16257
домини	17	noun	16258
галапагосын	17	noun	16259
тулгарав	17	noun	16260
өрнүүлэв	17	noun	16261
шарагчин	17	noun	16262
маврикийн	17	noun	16263
түнхэл	17	noun	16264
занзибарын	17	noun	16265
шибан	17	noun	16266
нухчин	17	noun	16267
насир	17	noun	16268
мт	17	noun	16269
байжу	17	noun	16270
осет	17	noun	16271
аль-жазира	17	noun	16272
бүсийнхээ	17	noun	16273
миешко	17	noun	16274
енбд	17	noun	16275
рама	17	noun	16276
мартаагүй	17	noun	16277
венус	17	noun	16278
галлийн	17	noun	16279
авмагц	17	noun	16280
еийн	17	noun	16281
муаммар	17	noun	16282
цацаг	17	noun	16283
метропол	17	noun	16284
кёото	17	noun	16285
ттг-ын	17	noun	16286
беллами	17	noun	16287
эдмонтон	17	noun	16288
алслалт	17	noun	16289
дидактик	17	noun	16290
лектор	17	noun	16291
сухой	17	noun	16292
оломоуц	17	noun	16293
дельта	17	noun	16294
печ	17	noun	16295
пастернак	17	noun	16296
аза	17	noun	16297
плейбой	17	noun	16298
моро	17	noun	16299
хураав	17	noun	16300
сср	17	noun	16301
иаковын	17	noun	16302
рейкьявик	17	noun	16303
мө	17	noun	16304
хендерсон	17	noun	16305
лас-вегас	17	noun	16306
норвег	17	noun	16307
дуршил	17	noun	16308
тусгаарлагчид	17	noun	16309
лочин	17	noun	16310
үнэгэн	17	noun	16311
регрессийн	17	noun	16312
гарга	17	noun	16313
робби	17	noun	16314
доу	17	noun	16315
дайр	17	noun	16316
ялагдаад	17	noun	16317
лейбор	17	noun	16318
урсула	17	noun	16319
урьдач	17	noun	16320
хамас	17	noun	16321
ханай	17	noun	16322
доменико	17	noun	16323
карфагены	17	noun	16324
хоан	17	noun	16325
ндр	17	noun	16326
чимэглэдэг	17	noun	16327
босгов	17	noun	16328
мэсчин	17	noun	16329
дархалсан	17	noun	16330
дэвшээд	17	noun	16331
марлон	17	noun	16332
брандо	17	noun	16333
реймонд	17	noun	16334
ялтан	17	noun	16335
касьянов	17	noun	16336
фултон	17	noun	16337
ниргэсэн	17	noun	16338
сайшаал	17	noun	16339
шалгараад	17	noun	16340
өндөрлөлөө	17	noun	16341
паулус	17	noun	16342
монаш	17	noun	16343
коктейль	17	noun	16344
токүгава	17	noun	16345
доржханд	17	noun	16346
жозе	17	noun	16347
хардах	17	verb	16348
филармони	17	noun	16349
харайх	17	verb	16350
хучар	17	noun	16351
кириенко	17	noun	16352
жогорку	17	noun	16353
ливоны	17	noun	16354
гүм	17	noun	16355
спасский	17	noun	16356
рийд	17	noun	16357
хасаг	17	noun	16358
анхааруулах	17	verb	16359
уадбч-д	17	noun	16360
самбочин	17	noun	16361
жакомо	17	noun	16362
мишел	17	noun	16363
рубенс	17	noun	16364
тамхийг	17	noun	16365
товлогдсон	17	noun	16366
мягмарнаран	17	noun	16367
савласан	17	noun	16368
нарышкин	17	noun	16369
шархдан	17	noun	16370
рсфср	17	noun	16371
нарва	17	noun	16372
үлдээв	17	noun	16373
луанда	17	noun	16374
шуранхай	17	noun	16375
таслав	17	noun	16376
боткин	17	noun	16377
гомосекс	17	noun	16378
гетеросексуал	17	noun	16379
компанийнхаа	17	noun	16380
хязаалан	17	noun	16381
эрэмбэлэгддэг	17	noun	16382
эриксон	17	noun	16383
лоди	17	noun	16384
шейн	17	noun	16385
илбэ	17	noun	16386
фромм	17	noun	16387
прайс	17	noun	16388
деррик	17	noun	16389
киплинг	17	noun	16390
жагсагч	17	noun	16391
нуувч	17	noun	16392
витторио	17	noun	16393
барни	17	noun	16394
холден	17	noun	16395
дампуурлаа	17	noun	16396
царицын	17	noun	16397
яллах	17	verb	16398
ханиалгах	17	verb	16399
борлуулжээ	17	noun	16400
дубна	17	noun	16401
кубрик	17	noun	16402
амлав	17	noun	16403
слалом	17	noun	16404
маркер	17	noun	16405
вадуц	17	noun	16406
гарет	17	noun	16407
тахо	17	noun	16408
капаган	17	noun	16409
крузейро	17	noun	16410
сарниж	17	noun	16411
суурилуулалт	17	noun	16412
албадмал	17	noun	16413
хайрцган	17	noun	16414
лэнс	17	noun	16415
звиад	17	noun	16416
разак	17	noun	16417
бугатти	17	noun	16418
тэнцвэржүүлэх	17	verb	16419
флетчер	17	noun	16420
лейк	17	noun	16421
буруутан	17	noun	16422
наньжин	17	noun	16423
кроуфорд	17	noun	16424
рамирес	17	noun	16425
катрин	17	noun	16426
дауни	17	noun	16427
абба	17	noun	16428
шойгу	17	noun	16429
ехбх-ны	17	noun	16430
тамсагийн	17	noun	16431
булат	17	noun	16432
ухань	17	noun	16433
синди	17	noun	16434
саркисян	17	noun	16435
хордох	17	verb	16436
площадь	17	noun	16437
аллисон	17	noun	16438
словеничүүд	17	noun	16439
аваргалахад	17	noun	16440
онмх	17	verb	16441
саутхэмптон	17	noun	16442
найжел	17	noun	16443
пашутин	17	noun	16444
теософийн	17	noun	16445
баркер	17	noun	16446
петрушевский	17	noun	16447
мэриленд	17	noun	16448
замчлагч	17	noun	16449
аек	17	noun	16450
насри	17	noun	16451
о-де	17	noun	16452
зээлэгдээд	17	noun	16453
гун	17	noun	16454
өвөрбайгалийн	17	noun	16455
жолоодлогын	17	noun	16456
нэвчих	17	verb	16457
балетмейстер	17	noun	16458
лэе	17	noun	16459
куйбышев	17	noun	16460
номинаци	17	noun	16461
хүчитгэсэн	17	noun	16462
телесериал	17	noun	16463
траффик	17	noun	16464
монхор	17	noun	16465
мужун	17	noun	16466
төө	17	noun	16467
айвенхоу	17	noun	16468
оосор	17	noun	16469
богтаг	17	noun	16470
халууралт	17	noun	16471
гаргуулах	17	verb	16472
бичэлт	17	noun	16473
ёндонсамбуу	17	noun	16474
астма	17	noun	16475
үзүүрлэлээ	17	noun	16476
жирэмслэлтээс	17	noun	16477
эвклидийн	17	noun	16478
трепонем	17	noun	16479
ерөнхийлсөн	17	noun	16480
баглах	17	verb	16481
гидростатикийн	17	noun	16482
улаанцавын	17	noun	16483
бэхбаяр	17	noun	16484
соглашение	17	noun	16485
всех	17	verb	16486
правления	17	noun	16487
люмьер	17	noun	16488
литература	17	noun	16489
шиүмин	17	noun	16490
сием	17	noun	16491
төлөлт	17	noun	16492
энри	17	noun	16493
шушкевич	17	noun	16494
хужирлаг	17	noun	16495
леонора	17	noun	16496
индуктив	17	noun	16497
хэлбэржүүлэлт	17	noun	16498
чобаны	17	noun	16499
дэбютээс	17	noun	16500
нэкст	17	noun	16501
картодб	17	noun	16502
номиндалай	17	noun	16503
сикст	17	noun	16504
хүснэгтлэвэл	17	noun	16505
зүгшрүүлэгч	17	noun	16506
гуру	17	noun	16507
указанной	17	noun	16508
отгончимэг	17	noun	16509
гэрэлтэлтэй	17	noun	16510
бэлэглэлийн	17	noun	16511
фибрин	17	noun	16512
кидс	17	noun	16513
пируват	17	noun	16514
таналт	17	noun	16515
миколас	17	noun	16516
критикал	17	noun	16517
ротаракт	17	noun	16518
михайло	17	noun	16519
хилбертийн	17	noun	16520
ковпак	17	noun	16521
пропозицын	17	noun	16522
носсрат	17	noun	16523
сэрэл	16	noun	16524
бадар-ууган	16	noun	16525
цэрэнсодном	16	noun	16526
цэдэндоржийн	16	noun	16527
чимэд-осор	16	noun	16528
чекист	16	noun	16529
шаргалжуутын	16	noun	16530
гоёо	16	noun	16531
сэмбийн	16	noun	16532
кейс	16	noun	16533
өмөзо-ы	16	noun	16534
эрээнцав	16	noun	16535
чулуунхороот	16	noun	16536
жигмэд	16	noun	16537
мандал-овоо	16	noun	16538
пүрэвсайхан	16	noun	16539
загдсүрэн	16	noun	16540
батхишиг	16	noun	16541
орлогынхоо	16	noun	16542
коморос	16	noun	16543
англи-америкийн	16	noun	16544
захирагдан	16	noun	16545
постулат	16	noun	16546
дорх	16	verb	16547
тогтон	16	noun	16548
дээдэлдэг	16	noun	16549
машинист	16	noun	16550
авилгалын	16	noun	16551
жр	16	noun	16552
сийлбэрчин	16	noun	16553
лүндээжанцан	16	noun	16554
батдэлгэр	16	noun	16555
ау-ны	16	noun	16556
түмэнбаярын	16	noun	16557
дашжамц	16	noun	16558
батхаан	16	noun	16559
сибир	16	noun	16560
бохирдуулах	16	verb	16561
геохими	16	noun	16562
ашиглагдсаар	16	noun	16563
хийгдсээр	16	noun	16564
харван	16	noun	16565
ирүүлэх	16	verb	16566
байлгүй	16	noun	16567
зомби	16	noun	16568
таль	16	noun	16569
нэмэгдээд	16	noun	16570
төсөвлөсөн	16	noun	16571
хальмг	16	noun	16572
тэв	16	noun	16573
тохинох	16	verb	16574
хавчлагаас	16	noun	16575
даши	16	noun	16576
фильдсийн	16	noun	16577
клайпеда	16	noun	16578
эрмэлзсэн	16	noun	16579
гээгдсэн	16	noun	16580
бакунин	16	noun	16581
хаек	16	noun	16582
мэргэжлийнхээ	16	noun	16583
шунахай	16	noun	16584
хуралдах	16	verb	16585
хуваав	16	noun	16586
олширсон	16	noun	16587
пуэрто-рико	16	noun	16588
тэмүгэ	16	noun	16589
хүсье	16	noun	16590
амжиж	16	noun	16591
дургүйцэл	16	noun	16592
торнижээ	16	noun	16593
тувалу	16	noun	16594
автах	16	verb	16595
пэгжэ	16	noun	16596
хилсдэхгүй	16	noun	16597
илжиг	16	noun	16598
тв-ийн	16	noun	16599
хүрэлцээ	16	noun	16600
эмблем	16	noun	16601
режеп	16	noun	16602
эрдоан	16	noun	16603
оролдлогоор	16	noun	16604
лилиан	16	noun	16605
фарерын	16	noun	16606
дешам	16	noun	16607
ширак	16	noun	16608
жанибек	16	noun	16609
булак	16	noun	16610
айбек	16	noun	16611
багассаар	16	noun	16612
жижиглэж	16	noun	16613
шунхлай	16	noun	16614
захиалгыг	16	noun	16615
пьеро	16	noun	16616
нотолжээ	16	noun	16617
дуурайл	16	noun	16618
дүүгийнхээ	16	noun	16619
залгиж	16	noun	16620
инженер-эдийн	16	noun	16621
суралцагчид	16	noun	16622
кабриолет	16	noun	16623
програмист	16	noun	16624
гээ	16	noun	16625
давшив	16	noun	16626
шархадаж	16	noun	16627
солонгос-ын	16	noun	16628
ладакх	16	verb	16629
евроазийн	16	noun	16630
хамил	16	noun	16631
даврагч	16	noun	16632
хэмжээлшгүй	16	noun	16633
ганзага	16	noun	16634
м-н	16	noun	16635
дутаж	16	noun	16636
үйтүмэн	16	noun	16637
хураалгасан	16	noun	16638
пагма	16	noun	16639
давхцал	16	noun	16640
хуайс	16	noun	16641
сапармурат	16	noun	16642
ашхабад	16	noun	16643
эрэлхийлсэн	16	noun	16644
тоомсорлох	16	verb	16645
сормуус	16	noun	16646
шүүрч	16	noun	16647
туурайтан	16	noun	16648
финал	16	noun	16649
явагдсан	16	noun	16650
ялагдсаныхаа	16	noun	16651
тэгү	16	noun	16652
кадлец	16	noun	16653
гидростатик	16	noun	16654
бүйлс	16	noun	16655
зайрмаг	16	noun	16656
тулав	16	noun	16657
дутахааргүй	16	noun	16658
нэвтлэх	16	verb	16659
курилын	16	noun	16660
өвчлөх	16	verb	16661
рукавишников	16	noun	16662
коваленок	16	noun	16663
опек	16	noun	16664
прелюди	16	noun	16665
иоханнес	16	noun	16666
цоглог	16	noun	16667
гюго	16	noun	16668
вердийн	16	noun	16669
байрон	16	noun	16670
хайдельбергийн	16	noun	16671
надмидын	16	noun	16672
дээших	16	verb	16673
ардынхаа	16	noun	16674
хичээллүүлж	16	noun	16675
тоолуулсан	16	noun	16676
дамбий	16	noun	16677
түшиглэж	16	noun	16678
авчраад	16	noun	16679
зуучлал	16	noun	16680
нуклид	16	noun	16681
керей	16	noun	16682
зоотехникч	16	noun	16683
өгөршлийн	16	noun	16684
тойрныхоо	16	noun	16685
түлшинд	16	noun	16686
шингэрүүлэх	16	verb	16687
сэрэлт	16	noun	16688
даалгаж	16	noun	16689
өрөвдөх	16	verb	16690
сөргүүлэн	16	noun	16691
анион	16	noun	16692
шулуутгах	16	verb	16693
байгуулсныхаа	16	noun	16694
аллотропи	16	noun	16695
кабрал	16	noun	16696
эзлэгдсэн	16	noun	16697
жуковский	16	noun	16698
одесс	16	noun	16699
айлтгаж	16	noun	16700
доромжлол	16	noun	16701
модест	16	noun	16702
томоор	16	noun	16703
дэгжин	16	noun	16704
бристол	16	noun	16705
ээжийнх	16	verb	16706
эзэгнэсэн	16	noun	16707
шихихутуг	16	noun	16708
мхзэ	16	noun	16709
овжин	16	noun	16710
танхай	16	noun	16711
оролдон	16	noun	16712
мэдлэгтэн	16	noun	16713
тэгшхэн	16	noun	16714
нийлэгжих	16	verb	16715
загасчин	16	noun	16716
элиас	16	noun	16717
икэл	16	noun	16718
октавиан	16	noun	16719
хуул	16	noun	16720
кэш	16	noun	16721
чимэглэх	16	verb	16722
толкины	16	noun	16723
өмнөтгөл	16	noun	16724
харуй	16	noun	16725
симуков	16	noun	16726
стоунз	16	noun	16727
хувцаслалт	16	noun	16728
цавчих	16	verb	16729
жүрхин	16	noun	16730
космологи	16	noun	16731
э-мэйл	16	noun	16732
иммануэл	16	noun	16733
дугаарлагдсан	16	noun	16734
санаархал	16	noun	16735
амсчээ	16	noun	16736
чарга	16	noun	16737
матвеевич	16	noun	16738
тасс	16	noun	16739
цейлон	16	noun	16740
буянт-ухаа	16	noun	16741
залхуу	16	noun	16742
нанжин	16	noun	16743
хой	16	noun	16744
дү	16	noun	16745
габриель	16	noun	16746
богота	16	noun	16747
интерпретер	16	noun	16748
ксения	16	noun	16749
шаргалжуут	16	noun	16750
лхамжав	16	noun	16751
цөөвөр	16	noun	16752
дөш	16	noun	16753
ухамсарлах	16	verb	16754
баруунбаян-улаан	16	noun	16755
дэлгэрбат	16	noun	16756
сүндэрлэн	16	noun	16757
раднаабазар	16	noun	16758
яргай	16	noun	16759
бүртгэгдээд	16	noun	16760
абта	16	noun	16761
бавуу	16	noun	16762
зху-н	16	noun	16763
оныхоос	16	noun	16764
бялзуухай	16	noun	16765
бори	16	noun	16766
резерфорд	16	noun	16767
интеграцийг	16	noun	16768
генералиссимус	16	noun	16769
будённый	16	noun	16770
экспо	16	noun	16771
харди	16	noun	16772
баривчилгаа	16	noun	16773
түркмен	16	noun	16774
владимировна	16	noun	16775
плимут	16	noun	16776
суваргын	16	noun	16777
дугарсүрэн	16	noun	16778
исэлдэх	16	verb	16779
каталони	16	noun	16780
гвиней-бисау	16	noun	16781
кайманы	16	noun	16782
куэльяр	16	noun	16783
хөнгөвчилсөн	16	noun	16784
левант	16	noun	16785
финикийн	16	noun	16786
аккад	16	noun	16787
голаны	16	noun	16788
хагалан	16	noun	16789
гэрэлмаа	16	noun	16790
талруугаа	16	noun	16791
бутлах	16	verb	16792
олгогчид	16	noun	16793
дагз	16	noun	16794
сэртэн	16	noun	16795
тайлбарлагдана	16	noun	16796
ялзарсан	16	noun	16797
таксономи	16	noun	16798
санагдах	16	verb	16799
ботвинник	16	noun	16800
ажилбар	16	noun	16801
бэхлэн	16	noun	16802
шүжан	16	noun	16803
мөхлөг	16	noun	16804
зөвшөөрөгддөг	16	noun	16805
баварын	16	noun	16806
бенилюксийн	16	noun	16807
талынх	16	verb	16808
спин	16	noun	16809
лептон	16	noun	16810
пм	16	noun	16811
рай	16	noun	16812
фен	16	noun	16813
тайфун	16	noun	16814
караван	16	noun	16815
өргөмжилдөг	16	noun	16816
боорцог	16	noun	16817
зөрчвөөс	16	noun	16818
баталгаажуулан	16	noun	16819
тосолгооны	16	noun	16820
дэлгэрүүлэн	16	noun	16821
хардалт	16	noun	16822
аллелийн	16	noun	16823
рецессив	16	noun	16824
фин-угор	16	noun	16825
народа	16	noun	16826
сборник	16	noun	16827
ваймар	16	noun	16828
белорусийн	16	noun	16829
натуралист	16	noun	16830
түргэвчилсэн	16	noun	16831
тулгамдаж	16	noun	16832
быков	16	noun	16833
башир	16	noun	16834
хаагдсан	16	noun	16835
мэхлэх	16	verb	16836
максимович	16	noun	16837
мөлжлөг	16	noun	16838
зүйлийнхээ	16	noun	16839
араб-израилын	16	noun	16840
илгээмжийн	16	noun	16841
калвин	16	noun	16842
зохицуулагдаж	16	noun	16843
доогуурх	16	verb	16844
арилж	16	noun	16845
маргад	16	noun	16846
цомхон	16	noun	16847
дуртайяа	16	noun	16848
глеб	16	noun	16849
урсган	16	noun	16850
фракийн	16	noun	16851
дээдсийнхээ	16	noun	16852
цөөрөх	16	verb	16853
баден	16	noun	16854
шүтлэгтэн	16	noun	16855
моше	16	noun	16856
байгуулсаар	16	noun	16857
залгих	16	verb	16858
райхын	16	noun	16859
колизей	16	noun	16860
утгаа	16	noun	16861
ласло	16	noun	16862
убдс-д	16	noun	16863
дефо	16	noun	16864
төрөлжүүлэх	16	verb	16865
марати	16	noun	16866
хордуулж	16	noun	16867
самба	16	noun	16868
ладога	16	noun	16869
гавьяаныхаа	16	noun	16870
кэмбрижийн	16	noun	16871
ноолууран	16	noun	16872
хөгшрөлт	16	noun	16873
зөрчигдөж	16	noun	16874
воеводина	16	noun	16875
ангела	16	noun	16876
ке	16	noun	16877
кекконен	16	noun	16878
грэхэм	16	noun	16879
атос	16	noun	16880
мексик-америкийн	16	noun	16881
хэмчиг	16	noun	16882
бнтуву	16	noun	16883
озеро	16	noun	16884
убис-ийн	16	noun	16885
чирч	16	noun	16886
хөгжүүлсээр	16	noun	16887
эксперт	16	noun	16888
топографийн	16	noun	16889
арбитражийн	16	noun	16890
насанбат	16	noun	16891
кэйо	16	noun	16892
пригожин	16	noun	16893
аль-каида	16	noun	16894
цаглашгүй	16	noun	16895
хэрэглэв	16	noun	16896
полипептид	16	noun	16897
клон	16	noun	16898
диплоид	16	noun	16899
яллагдсан	16	noun	16900
шоколадан	16	noun	16901
мам	16	noun	16902
ичдэг	16	noun	16903
кистоун	16	noun	16904
ханджээ	16	noun	16905
докуз	16	noun	16906
асгарсан	16	noun	16907
петра	16	noun	16908
кайпин	16	noun	16909
наду	16	noun	16910
каганович	16	noun	16911
галапагос	16	noun	16912
визуал	16	noun	16913
электро	16	noun	16914
хөнөөв	16	noun	16915
апартейд	16	noun	16916
лапу	16	noun	16917
зета	16	noun	16918
фрайбергийн	16	noun	16919
гүйцээн	16	noun	16920
турктэй	16	noun	16921
гоа	16	noun	16922
сем	16	noun	16923
горилсон	16	noun	16924
ирвин	16	noun	16925
тайванбат	16	noun	16926
инстаграм	16	noun	16927
хоншү	16	noun	16928
гүдэн	16	noun	16929
боровтор	16	noun	16930
сухай	16	noun	16931
днх-ийг	16	noun	16932
галуагийн	16	noun	16933
даргалсан	16	noun	16934
багцлан	16	noun	16935
обег-ын	16	noun	16936
янзага	16	noun	16937
конденсацийн	16	noun	16938
фредди	16	noun	16939
өнөржаргал	16	noun	16940
жүүрёо	16	noun	16941
аваргалжээ	16	noun	16942
галицийн	16	noun	16943
лужков	16	noun	16944
хядагчид	16	noun	16945
греф	16	noun	16946
саакашвили	16	noun	16947
бүртгүүлэв	16	noun	16948
ятгалгаар	16	noun	16949
врайт	16	noun	16950
катарина	16	noun	16951
жибзундамба	16	noun	16952
мюзик	16	noun	16953
биллборд	16	noun	16954
тянь	16	noun	16955
суис-ийг	16	noun	16956
танигджээ	16	noun	16957
эберт	16	noun	16958
бисексуал	16	noun	16959
сим	16	noun	16960
өргөжих	16	verb	16961
социаль	16	noun	16962
кенни	16	noun	16963
детектив	16	noun	16964
уольтер	16	noun	16965
угтах	16	verb	16966
везуви	16	noun	16967
кириленко	16	noun	16968
завьчин	16	noun	16969
италиа	16	noun	16970
пауль	16	noun	16971
нефертитигийн	16	noun	16972
виториа	16	noun	16973
беннетт	16	noun	16974
нэмэгдүүлсэн	16	noun	16975
йенс	16	noun	16976
туршив	16	noun	16977
ниргэв	16	noun	16978
карахан	16	noun	16979
сюй	16	noun	16980
калашников	16	noun	16981
хуа	16	noun	16982
цэр	16	noun	16983
ягаандуу	16	noun	16984
карлес	16	noun	16985
тавилт	16	noun	16986
транссибирийн	16	noun	16987
лозанн	16	noun	16988
дахомей	16	noun	16989
натали	16	noun	16990
амжив	16	noun	16991
симона	16	noun	16992
савой	16	noun	16993
диоклетиан	16	noun	16994
үүрлэн	16	noun	16995
мелани	16	noun	16996
бе	16	noun	16997
ябгу	16	noun	16998
ог	16	noun	16999
лаврин	16	noun	17000
кроссовер	16	noun	17001
бухимдсан	16	noun	17002
фк	16	noun	17003
зорилгоос	16	noun	17004
арктик	16	noun	17005
симмонс	16	noun	17006
буучид	16	noun	17007
вү	16	noun	17008
дамжуулагдах	16	verb	17009
аманда	16	noun	17010
ахматова	16	noun	17011
студио	16	noun	17012
лавров	16	noun	17013
бичигдэв	16	noun	17014
ватерлоо	16	noun	17015
ацс-ын	16	noun	17016
хичкок	16	noun	17017
пател	16	noun	17018
норгай	16	noun	17019
фильм	16	noun	17020
шигтгэж	16	noun	17021
нарендра	16	noun	17022
нэш	16	noun	17023
хожигдов	16	noun	17024
кусто	16	noun	17025
зингер	16	noun	17026
виола	16	noun	17027
або	16	noun	17028
брин	16	noun	17029
илүүрхэн	16	noun	17030
насьональ	16	noun	17031
трофи	16	noun	17032
интернасьонал	16	noun	17033
пулемётчин	16	noun	17034
слесарь	16	noun	17035
виолетта	16	noun	17036
яго	16	noun	17037
фиба	16	noun	17038
айчи	16	noun	17039
фристайлийн	16	noun	17040
хаяглалт	16	noun	17041
дамжуулагдаж	16	noun	17042
райн-вестфален	16	noun	17043
монгольская	16	noun	17044
рао	16	noun	17045
анкетын	16	noun	17046
сталлоне	16	noun	17047
эспрессо	16	noun	17048
зээллэг	16	noun	17049
менгеле	16	noun	17050
либертадорес	16	noun	17051
питерборо	16	noun	17052
бавариа	16	noun	17053
брондбю	16	noun	17054
статистика	16	noun	17055
цаныг	16	noun	17056
анахайм	16	noun	17057
хөхөгчин	16	noun	17058
рекомбинант	16	noun	17059
элемэнт	16	noun	17060
цитозол	16	noun	17061
пёнъань	16	noun	17062
живзундамба	16	noun	17063
кори	16	noun	17064
вальекано	16	noun	17065
амарсанаа	16	noun	17066
ханжоу	16	noun	17067
третьяков	16	noun	17068
хэл-уран	16	noun	17069
натрий	16	noun	17070
шигүшидэй	16	noun	17071
пенсильванийн	16	noun	17072
руан	16	noun	17073
дугаарласан	16	noun	17074
максимум	16	noun	17075
галаарид	16	noun	17076
давлагаа	16	noun	17077
идэвхжүүлсэн	16	noun	17078
ралли	16	noun	17079
йог	16	noun	17080
удэт	16	noun	17081
эрхзүйч	16	noun	17082
трусевич	16	noun	17083
быть	16	noun	17084
унион	16	noun	17085
дубчек	16	noun	17086
дугаарлах	16	verb	17087
моссад	16	noun	17088
резонанс	16	noun	17089
регистер	16	noun	17090
параметртэй	16	noun	17091
програмчлагдах	16	verb	17092
шахагдах	16	verb	17093
ксч	16	noun	17094
бэхэлж	16	noun	17095
мултикс	16	noun	17096
аллель	16	noun	17097
импортлох	16	verb	17098
грассхоппер	16	noun	17099
мөнх-од	16	noun	17100
права	16	noun	17101
нилл	16	noun	17102
издание	16	noun	17103
аудитор	16	noun	17104
кировоград	16	noun	17105
хеш	16	noun	17106
монцамэ-гийн	16	noun	17107
лувсанцэвээн	16	noun	17108
латтис	16	noun	17109
кишинёв	16	noun	17110
сегмэнтийг	16	noun	17111
хантингтон	16	noun	17112
мотагуа	16	noun	17113
саприсса	16	noun	17114
бөн	16	noun	17115
роснефть	16	noun	17116
э-худалдаа	16	noun	17117
аргазүй	16	noun	17118
цег-ын	16	noun	17119
мерива	16	noun	17120
рэндалл	16	noun	17121
тохируулгыг	16	noun	17122
ильф	16	noun	17123
фишинг	16	noun	17124
дота	16	noun	17125
чинтулга	16	noun	17126
важпи	16	noun	17127
э-худалдааны	16	noun	17128
керберосын	16	noun	17129
бнпу-ын	16	noun	17130
таслуур	16	noun	17131
кожон	16	noun	17132
потоцки	16	noun	17133
сунак	16	noun	17134
песня	16	noun	17135
гончаров	16	noun	17136
полиуретан	16	noun	17137
боса	16	noun	17138
психодинамик	16	noun	17139
түнхэн	15	noun	17140
гэтлэх	15	verb	17141
өнөөгийнхөөр	15	noun	17142
мөнхзаяа	15	noun	17143
гоньд	15	noun	17144
лувсанбалдан	15	noun	17145
раднаасүмбэрэлийн	15	noun	17146
мангалын	15	noun	17147
чогсом	15	noun	17148
боловсруулагдаж	15	noun	17149
сэржмядаг	15	noun	17150
даваадалай	15	noun	17151
цэрэнбаатарын	15	noun	17152
баян-агт	15	noun	17153
оргилон	15	noun	17154
албадлага	15	noun	17155
гд	15	noun	17156
нандигнан	15	noun	17157
ла-маншийн	15	noun	17158
бастилийн	15	noun	17159
үйлдвэржиж	15	noun	17160
агуулан	15	noun	17161
уэйлс	15	noun	17162
ойлгогдож	15	noun	17163
хутгалдан	15	noun	17164
байрлуулав	15	noun	17165
төвхөн	15	noun	17166
хувьчилж	15	noun	17167
онгол	15	noun	17168
полисахарид	15	noun	17169
глицерин	15	noun	17170
довчингийн	15	noun	17171
сугаржаргал	15	noun	17172
давхрагын	15	noun	17173
зоргол	15	noun	17174
буудаллаж	15	noun	17175
америго	15	noun	17176
фейнман	15	noun	17177
топологийг	15	noun	17178
гэе	15	noun	17179
томруулж	15	noun	17180
бнху-ын	15	noun	17181
өмнөш	15	noun	17182
шуумал	15	noun	17183
тэргэн	15	noun	17184
үүрэх	15	verb	17185
мангуд	15	noun	17186
сибири	15	noun	17187
зайдуу	15	noun	17188
сэлгэж	15	noun	17189
сарнин	15	noun	17190
эрдэнэбатхаан	15	noun	17191
чойвон	15	noun	17192
тао	15	noun	17193
нго	15	noun	17194
эрэмбэлэх	15	verb	17195
болмоор	15	noun	17196
улус	15	noun	17197
албадах	15	verb	17198
коллеги	15	noun	17199
оногдуулсан	15	noun	17200
дэлүү	15	noun	17201
ёсчлон	15	noun	17202
рабиндранат	15	noun	17203
библиотека	15	noun	17204
основные	15	noun	17205
өнөболд	15	noun	17206
каннада	15	noun	17207
алуулав	15	noun	17208
буруутгав	15	noun	17209
жаната	15	noun	17210
керала	15	noun	17211
суран	15	noun	17212
тодрох	15	verb	17213
өөрчлөгдсөөр	15	noun	17214
заагдан	15	noun	17215
зинедин	15	noun	17216
хүртээв	15	noun	17217
үлүг	15	noun	17218
иудаизм	15	noun	17219
корсика	15	noun	17220
хялбарчилсан	15	noun	17221
нийлэгжиж	15	noun	17222
с-д	15	noun	17223
нейтрино	15	noun	17224
мөргөлдөн	15	noun	17225
дэргэдүүр	15	noun	17226
перри	15	noun	17227
судлагааны	15	noun	17228
доромжлох	15	verb	17229
хэлнийхээ	15	noun	17230
вулгат	15	noun	17231
гаргасаар	15	noun	17232
бүслэгдэн	15	noun	17233
явуулаад	15	noun	17234
ухралт	15	noun	17235
армийнхан	15	noun	17236
сын-ман	15	noun	17237
лоб	15	noun	17238
кашгар	15	noun	17239
хами	15	noun	17240
ярьсан	15	noun	17241
эвлэршгүй	15	noun	17242
шөнөжин	15	noun	17243
багадах	15	verb	17244
илчлэх	15	verb	17245
раднаабазарын	15	noun	17246
лодойн	15	noun	17247
буянтогтох	15	verb	17248
ушаандар	15	noun	17249
хүүхдийнхээ	15	noun	17250
өпсала	15	noun	17251
жискар	15	noun	17252
жанлавын	15	noun	17253
наранцацралт	15	noun	17254
үржүүлэг	15	noun	17255
тасраад	15	noun	17256
хаалтан	15	noun	17257
хамааруулах	15	verb	17258
харпер	15	noun	17259
эдэлгээнд	15	noun	17260
азиар	15	noun	17261
литосфери	15	noun	17262
март	15	noun	17263
даам	15	noun	17264
сангидорж	15	noun	17265
куанжү	15	noun	17266
цэдэн	15	noun	17267
мэдрэгдэж	15	noun	17268
тултал	15	noun	17269
ретровирусын	15	noun	17270
бадарсан	15	noun	17271
зохиолынхоо	15	noun	17272
ганцаардмал	15	noun	17273
мазепа	15	noun	17274
гачигдал	15	noun	17275
хөндийрсөн	15	noun	17276
метрополи	15	noun	17277
унжлага	15	noun	17278
эрдэнэзуу	15	noun	17279
чандага	15	noun	17280
сойр	15	noun	17281
здтг	15	noun	17282
гозгор	15	noun	17283
тааруулах	15	verb	17284
астероид	15	noun	17285
цэвэг	15	noun	17286
сүрэнхорлоо	15	noun	17287
мурат	15	noun	17288
муруйлттай	15	noun	17289
анимаци	15	noun	17290
өгөршил	15	noun	17291
хордуулах	15	verb	17292
ради	15	noun	17293
геохимийн	15	noun	17294
дэнлүү	15	noun	17295
керосин	15	noun	17296
очтол	15	noun	17297
давчдах	15	verb	17298
верхнеудинск	15	noun	17299
идеалист	15	noun	17300
гавшгай	15	noun	17301
тэмцэгч	15	noun	17302
хүрээлэл	15	noun	17303
ренуар	15	noun	17304
плато	15	noun	17305
локк	15	noun	17306
идеализм	15	noun	17307
сурьма	15	noun	17308
алдагдуулдаг	15	noun	17309
шургаж	15	noun	17310
дарагджээ	15	noun	17311
солив	15	noun	17312
тодотгосон	15	noun	17313
автономи	15	noun	17314
мендоза	15	noun	17315
номынхоо	15	noun	17316
норфолк	15	noun	17317
англикан	15	noun	17318
атеист	15	noun	17319
эно	15	noun	17320
хайхран	15	noun	17321
төлөөлүүлсэн	15	noun	17322
гевара	15	noun	17323
гавриил	15	noun	17324
мусоргскийн	15	noun	17325
целлюлоз	15	noun	17326
бүрхэвчинд	15	noun	17327
мзэ	15	noun	17328
эмчлүүлсэн	15	noun	17329
шагшуурга	15	noun	17330
сэлгэх	15	verb	17331
луужин	15	noun	17332
шамбалын	15	noun	17333
импекс	15	noun	17334
тойруулж	15	noun	17335
дуурайлал	15	noun	17336
адгуус	15	noun	17337
сондор	15	noun	17338
альфонс	15	noun	17339
егор	15	noun	17340
сэрэн	15	noun	17341
довтолдог	15	noun	17342
ноу-тилл	15	noun	17343
илгээгджээ	15	noun	17344
кришна	15	noun	17345
уламжлагдаж	15	noun	17346
алашаа	15	noun	17347
эрхи	15	noun	17348
харшид	15	noun	17349
хайрлажээ	15	noun	17350
иончлолын	15	noun	17351
дуусжээ	15	noun	17352
шүүгдэж	15	noun	17353
клайв	15	noun	17354
доромжлон	15	noun	17355
гашуудаж	15	noun	17356
жагсаажээ	15	noun	17357
моюнчур	15	noun	17358
штернберг	15	noun	17359
үечлэл	15	noun	17360
искусство	15	noun	17361
вильхелм	15	noun	17362
ритчи	15	noun	17363
програмчилсан	15	noun	17364
бууруулан	15	noun	17365
загварчлан	15	noun	17366
тусгаарлагдана	15	noun	17367
вермахт	15	noun	17368
нөгчив	15	noun	17369
ормузын	15	noun	17370
альбедо	15	noun	17371
эвэнх	15	verb	17372
плехановын	15	noun	17373
интервенц	15	noun	17374
хьюндай	15	noun	17375
терек	15	noun	17376
шанз	15	noun	17377
шариатын	15	noun	17378
тохирчээ	15	noun	17379
ронни	15	noun	17380
бестселлер	15	noun	17381
нийтлэв	15	noun	17382
тухн	15	noun	17383
тогтворжиж	15	noun	17384
оклэндийн	15	noun	17385
лат-га	15	noun	17386
даунинг	15	noun	17387
зугаалах	15	verb	17388
байконур	15	noun	17389
хангахуйц	15	noun	17390
тохижуулах	15	verb	17391
мөнхтогтох	15	verb	17392
ундармаа	15	noun	17393
амарзаяа	15	noun	17394
батлуулжээ	15	noun	17395
алтанхундага	15	noun	17396
поляна	15	noun	17397
дня	15	noun	17398
явуулга	15	noun	17399
нинжин	15	noun	17400
мэдрэн	15	noun	17401
танилцав	15	noun	17402
үнэмшүүлэх	15	verb	17403
даланжаргалан	15	noun	17404
түвшинширээ	15	noun	17405
таа	15	noun	17406
гавъяатан	15	noun	17407
гуанз	15	noun	17408
өрөл	15	noun	17409
түвдэндорж	15	noun	17410
зааварлах	15	verb	17411
жасрай	15	noun	17412
толбыг	15	noun	17413
мэдэгдэн	15	noun	17414
аденин	15	noun	17415
сууриудын	15	noun	17416
хоногшин	15	noun	17417
далдан	15	noun	17418
лайхур	15	noun	17419
абуху	15	noun	17420
белфаст	15	noun	17421
международная	15	noun	17422
сануулсан	15	noun	17423
бинар	15	noun	17424
аким	15	noun	17425
бургасан	15	noun	17426
синусын	15	noun	17427
бурса	15	noun	17428
дээшлэх	15	verb	17429
барбадос	15	noun	17430
габон	15	noun	17431
принсипи	15	noun	17432
элен	15	noun	17433
арцах	15	verb	17434
время	15	noun	17435
сухайт	15	noun	17436
буянхишиг	15	noun	17437
пэлжээ	15	noun	17438
дагийранз	15	noun	17439
дугтуй	15	noun	17440
дарам	15	noun	17441
ишжамц	15	noun	17442
уувал	15	noun	17443
атугай	15	noun	17444
фиде	15	noun	17445
наалдсан	15	noun	17446
авс	15	noun	17447
сорих	15	verb	17448
хишигбаатар	15	noun	17449
гаргуулан	15	noun	17450
хамрагджээ	15	noun	17451
дэвүүр	15	noun	17452
бсшуя	15	noun	17453
хайлалтын	15	noun	17454
зэврэлд	15	noun	17455
клиффорд	15	noun	17456
вальядолид	15	noun	17457
птоломейн	15	noun	17458
суурьшив	15	noun	17459
франц-пруссийн	15	noun	17460
улируулан	15	noun	17461
хэмээгдэн	15	noun	17462
бэлдэн	15	noun	17463
оусс	15	noun	17464
чао	15	noun	17465
хүлээцтэй	15	noun	17466
сануулах	15	verb	17467
ээлжилсэн	15	noun	17468
муром	15	noun	17469
нягталж	15	noun	17470
командалж	15	noun	17471
шавхан	15	noun	17472
гардуулав	15	noun	17473
үтэр	15	noun	17474
нэгжлэг	15	noun	17475
манхайм	15	noun	17476
метаморф	15	noun	17477
диагональ	15	noun	17478
комьпютер	15	noun	17479
тавган	15	noun	17480
солилцон	15	noun	17481
хунар	15	noun	17482
унжуулсан	15	noun	17483
ричи	15	noun	17484
кернель	15	noun	17485
зөөгддөг	15	noun	17486
маклеод	15	noun	17487
бошогт	15	noun	17488
милл	15	noun	17489
тасарчээ	15	noun	17490
таарав	15	noun	17491
бүлийнх	15	verb	17492
халагджээ	15	noun	17493
саатуулжээ	15	noun	17494
швейцари	15	noun	17495
ёрын	15	noun	17496
дадли	15	noun	17497
транснистрийн	15	noun	17498
аристид	15	noun	17499
луйжи	15	noun	17500
диаз	15	noun	17501
райс	15	noun	17502
врангелийн	15	noun	17503
лайн	15	noun	17504
сүзүки	15	noun	17505
черненко	15	noun	17506
итгүүлэн	15	noun	17507
ханхөхий	15	noun	17508
олзлогдогч	15	noun	17509
айсингиоро	15	noun	17510
амуу	15	noun	17511
пума	15	noun	17512
эрчимжүүлсэн	15	noun	17513
кей	15	noun	17514
грейс	15	noun	17515
өгөөш	15	noun	17516
дайсагнагч	15	noun	17517
углич	15	noun	17518
мавераннахр	15	noun	17519
үүсгэлт	15	noun	17520
хаменеи	15	noun	17521
найзынхаа	15	noun	17522
вальдхайм	15	noun	17523
антониу	15	noun	17524
хмонг	15	noun	17525
ёо	15	noun	17526
афонсо	15	noun	17527
давслаг	15	noun	17528
наварра	15	noun	17529
патриарх	15	verb	17530
приднестр	15	noun	17531
навигаци	15	noun	17532
иль-де	15	noun	17533
сайжирдаг	15	noun	17534
эзлэгдэх	15	verb	17535
поляков	15	noun	17536
дасгалжуулсан	15	noun	17537
исфахан	15	noun	17538
амир	15	noun	17539
тель-авив	15	noun	17540
бүсчилсэн	15	noun	17541
ударник	15	noun	17542
цэрэгжүүлсэн	15	noun	17543
газарчин	15	noun	17544
төөрсөөр	15	noun	17545
каймиш	15	noun	17546
мажор	15	noun	17547
калийг	15	noun	17548
ширүүхэн	15	noun	17549
хантааз	15	noun	17550
жавзан	15	noun	17551
тбб-ыг	15	noun	17552
токаев	15	noun	17553
костанай	15	noun	17554
озава	15	noun	17555
урхо	15	noun	17556
ватерлоогийн	15	noun	17557
бату	15	noun	17558
сост	15	noun	17559
мэйрэн	15	noun	17560
эндотелийн	15	noun	17561
гүйцэтгэгдэж	15	noun	17562
малый	15	noun	17563
шор	15	noun	17564
владикавказ	15	noun	17565
мадрас	15	noun	17566
давсаг	15	noun	17567
хөөцөлдсөн	15	noun	17568
денни	15	noun	17569
аугусто	15	noun	17570
хэрчим	15	noun	17571
харважээ	15	noun	17572
одри	15	noun	17573
филипе	15	noun	17574
нишингийн	15	noun	17575
кг-аас	15	noun	17576
норматив	15	noun	17577
хөгшрөлтийн	15	noun	17578
веракруз	15	noun	17579
голдрил	15	noun	17580
зайлуулжээ	15	noun	17581
чингэлэг	15	noun	17582
далдалсан	15	noun	17583
уэбб	15	noun	17584
хэсүүлч	15	noun	17585
тэнүүлч	15	noun	17586
нууцлагдмал	15	noun	17587
гүүгл	15	noun	17588
миссиссиппи	15	noun	17589
спортс	15	noun	17590
винс	15	noun	17591
посейдон	15	noun	17592
плеханов	15	noun	17593
хөхтөмөр	15	noun	17594
таргудай	15	noun	17595
алав	15	noun	17596
мордов	15	noun	17597
пауэлл	15	noun	17598
собиески	15	noun	17599
рабин	15	noun	17600
хуйвалдан	15	noun	17601
ягелло	15	noun	17602
үхэн	15	noun	17603
ролан	15	noun	17604
нимбэгний	15	noun	17605
үрчлэн	15	noun	17606
худуга	15	noun	17607
шуа-д	15	noun	17608
оролцуулжээ	15	noun	17609
зуран	15	noun	17610
мохандас	15	noun	17611
хамтрах	15	verb	17612
цацагдах	15	verb	17613
дарайсүн	15	noun	17614
улсболд	15	noun	17615
гренобль	15	noun	17616
судалгааныхаа	15	noun	17617
сандерс	15	noun	17618
брауншвайг	15	noun	17619
боджээ	15	noun	17620
эберхард	15	noun	17621
ломе	15	noun	17622
липецк	15	noun	17623
жапаров	15	noun	17624
баткен	15	noun	17625
могилёв	15	noun	17626
ямагүчи	15	noun	17627
цэгц	15	noun	17628
роуз	15	noun	17629
өвддөг	15	noun	17630
үзүүрлэв	15	noun	17631
чингиз	15	noun	17632
баттон	15	noun	17633
черчиль	15	noun	17634
паалантай	15	noun	17635
овоолсон	15	noun	17636
гаргалгүй	15	noun	17637
дашжав	15	noun	17638
бнхау-аас	15	noun	17639
бодров	15	noun	17640
уахх-ны	15	noun	17641
эрчимжүүлэх	15	verb	17642
березовский	15	noun	17643
блэр	15	noun	17644
солиотой	15	noun	17645
алек	15	noun	17646
хүүхдүүдийнхээ	15	noun	17647
де-юре	15	noun	17648
дэниэл	15	noun	17649
хүрээлэх	15	verb	17650
наймаачид	15	noun	17651
сонсоцгоо	15	noun	17652
ичээнд	15	noun	17653
лиу	15	noun	17654
куинси	15	noun	17655
сноубордчин	15	noun	17656
тайлор	15	noun	17657
парсонс	15	noun	17658
кутв	15	noun	17659
есүнгэ	15	noun	17660
тодотгох	15	verb	17661
улаач	15	noun	17662
хэмжигдэхүйц	15	noun	17663
спрингс	15	noun	17664
суурилуулжээ	15	noun	17665
зола	15	noun	17666
олаф	15	noun	17667
стивенс	15	noun	17668
ида	15	noun	17669
деметриус	15	noun	17670
хуульчилжээ	15	noun	17671
казан	15	noun	17672
рефлекс	15	noun	17673
эскобар	15	noun	17674
лукаш	15	noun	17675
селестин	15	noun	17676
ингрид	15	noun	17677
альдо	15	noun	17678
эллис	15	noun	17679
алдагсдын	15	noun	17680
мел	15	noun	17681
дасал	15	noun	17682
даррен	15	noun	17683
ямайкийн	15	noun	17684
мюррей	15	noun	17685
каталонийн	15	noun	17686
нерчийн	15	noun	17687
удааширсан	15	noun	17688
дрю	15	noun	17689
уппсала	15	noun	17690
хаджи	15	noun	17691
хбб	15	noun	17692
хуар	15	noun	17693
меццо-сопрано	15	noun	17694
бьорн	15	noun	17695
цирроз	15	noun	17696
хөнгөвчилдөг	15	noun	17697
сэзис	15	noun	17698
сэзис-ийн	15	noun	17699
харагчин	15	noun	17700
мюнстер	15	noun	17701
клерк	15	noun	17702
харбор	15	noun	17703
даллах	15	verb	17704
минейро	15	noun	17705
хожжээ	15	noun	17706
пловдив	15	noun	17707
псж	15	noun	17708
фейсбүүк	15	noun	17709
туннел	15	noun	17710
цүнхээл	15	noun	17711
сонсчээ	15	noun	17712
тэгшилж	15	noun	17713
сэрүүлэг	15	noun	17714
мишлен	15	noun	17715
босс	15	noun	17716
франц-пруссын	15	noun	17717
бодибилдинг	15	noun	17718
каролин	15	noun	17719
нуугдах	15	verb	17720
ушинский	15	noun	17721
спайк	15	noun	17722
малколм	15	noun	17723
гестапогийн	15	noun	17724
коменский	15	noun	17725
спөрс	15	noun	17726
ману	15	noun	17727
живаго	15	noun	17728
пиаст	15	noun	17729
морено	15	noun	17730
хөтлүүрийн	15	noun	17731
өн	15	noun	17732
саут	15	noun	17733
харден	15	noun	17734
тв-н	15	noun	17735
должинжав	15	noun	17736
айвазовский	15	noun	17737
власов	15	noun	17738
явагдан	15	noun	17739
селен	15	noun	17740
давчуу	15	noun	17741
карма	15	noun	17742
форлан	15	noun	17743
канал	15	noun	17744
ноттс	15	noun	17745
найруулжээ	15	noun	17746
морилж	15	noun	17747
луиш	15	noun	17748
киган	15	noun	17749
үзэглэжээ	15	noun	17750
электролит	15	noun	17751
трабзонспор	15	noun	17752
фристайльчин	15	noun	17753
гала	15	noun	17754
оригинал	15	noun	17755
дедуктив	15	noun	17756
общество	15	noun	17757
студиуд	15	noun	17758
валентинович	15	noun	17759
анжи	15	noun	17760
тенерифе	15	noun	17761
райкконен	15	noun	17762
дирак	15	noun	17763
үхэгсдийн	15	noun	17764
црвена	15	noun	17765
черногорийн	15	noun	17766
ургенч	15	noun	17767
жовани	15	noun	17768
хаб	15	noun	17769
фрэйм	15	noun	17770
халиль	15	noun	17771
алдуулах	15	verb	17772
түндэвийн	15	noun	17773
жаред	15	noun	17774
лухан	15	noun	17775
славиа	15	noun	17776
жумаг	15	noun	17777
газета	15	noun	17778
чимбай	15	noun	17779
үүшин	15	noun	17780
марек	15	noun	17781
коньюгат	15	noun	17782
в-ийн	15	noun	17783
лимфоцит	15	noun	17784
авуур	15	noun	17785
лизосомын	15	noun	17786
монгуш	15	noun	17787
өнгөлсөн	15	noun	17788
хавличек	15	noun	17789
өгсүүр	15	noun	17790
хайберниан	15	noun	17791
хойшх	15	verb	17792
үечилсэн	15	noun	17793
пужа	15	noun	17794
хэлэлцүүлэн	15	noun	17795
ренин	15	noun	17796
дэгү	15	noun	17797
котов	15	noun	17798
онцгойрч	15	noun	17799
шиньжү	15	noun	17800
ежов	15	noun	17801
импровизаци	15	noun	17802
архан	15	noun	17803
антиоксидант	15	noun	17804
шүдлэг	15	noun	17805
клименко	15	noun	17806
путистин	15	noun	17807
гончаренко	15	noun	17808
бачка	15	noun	17809
чонжү	15	noun	17810
кёнгийн	15	noun	17811
хүлээлгийн	15	noun	17812
борхардт	15	noun	17813
дао	15	noun	17814
пос	15	noun	17815
гайхуулан	15	noun	17816
логарифм	15	noun	17817
химмлер	15	noun	17818
гүйлсэн	15	noun	17819
изотоник	15	noun	17820
урсамтгай	15	noun	17821
рубик	15	noun	17822
фазат	15	noun	17823
хөтлүүр	15	noun	17824
жоуль	15	noun	17825
шэньян	15	noun	17826
драфтлагдаж	15	noun	17827
адмон	15	noun	17828
сөөгөн	15	noun	17829
галсандаш	15	noun	17830
хэлээрэй	15	noun	17831
ургамалжуулах	15	verb	17832
мүхаүт	15	noun	17833
ган-од	15	noun	17834
сербиудын	15	noun	17835
лба	15	noun	17836
лодойсамбуу	15	noun	17837
кикбокс	15	noun	17838
пауэрлифтингийн	15	noun	17839
тойрг	15	noun	17840
алексе	15	noun	17841
бадабарын	15	noun	17842
фармакологийн	15	noun	17843
өжм	15	noun	17844
гялтганасан	15	noun	17845
округ	15	noun	17846
хэрэгслэлийн	15	noun	17847
шк	15	noun	17848
ню	15	noun	17849
даваацэрэн	15	noun	17850
кабрио	15	noun	17851
ситроэн	15	noun	17852
антара	15	noun	17853
даманский	15	noun	17854
дегидрогеназа	15	noun	17855
феттел	15	noun	17856
контроллёр	15	noun	17857
солли	15	noun	17858
бналау-д	15	noun	17859
афанасьевийн	15	noun	17860
восточная	15	noun	17861
контрбасс	15	noun	17862
штайнвэй	15	noun	17863
простагландин	15	noun	17864
талер	15	noun	17865
глюконеогенез	15	noun	17866
алифатик	15	noun	17867
молекулар	15	noun	17868
тромбин	15	noun	17869
вайда	15	noun	17870
яблоко	15	noun	17871
сваровски	15	noun	17872
ямал	15	noun	17873
бутирозин	15	noun	17874
кернберг	15	noun	17875
улайсдаг	15	noun	17876
термосифон	15	noun	17877
черняховский	15	noun	17878
үрслэгээ	15	noun	17879
зургаалсан	15	noun	17880
ариунгэрэл	15	noun	17881
кийосаки	15	noun	17882
фрийдланд	15	noun	17883
сууриас	14	noun	17884
буряад	14	noun	17885
языка	14	noun	17886
мөнхзул	14	noun	17887
ядамжавын	14	noun	17888
дармаабазар	14	noun	17889
жүгдэрнамжил	14	noun	17890
сайханбилэг	14	noun	17891
үдье	14	noun	17892
мяасүрэн	14	noun	17893
чогсомын	14	noun	17894
дөр	14	noun	17895
солбицолд	14	noun	17896
нигүүлсэнгүй	14	noun	17897
төгсгөх	14	verb	17898
уях	14	verb	17899
дхб	14	noun	17900
нарийвчилбал	14	noun	17901
нөлөөлөв	14	noun	17902
хэрэглэгддэг	14	noun	17903
нагар	14	noun	17904
мөнхрөн	14	noun	17905
гадагшлах	14	verb	17906
оролдоод	14	noun	17907
сахароз	14	noun	17908
лактоз	14	noun	17909
дамдиншарав	14	noun	17910
ишгэн	14	noun	17911
цэрэнжав	14	noun	17912
асралт	14	noun	17913
борнуур	14	noun	17914
цэгмэдийн	14	noun	17915
мужлалаар	14	noun	17916
бүрхэн	14	noun	17917
шивээговь	14	noun	17918
бернхард	14	noun	17919
рациональ	14	noun	17920
хорогдуулах	14	verb	17921
ирэгсэд	14	noun	17922
өрөнгө	14	noun	17923
бортал	14	noun	17924
харгол	14	noun	17925
дунху	14	noun	17926
гаплогрупп	14	noun	17927
бадамхатан	14	noun	17928
мира	14	noun	17929
соёд	14	noun	17930
маккензи	14	noun	17931
комбинаторик	14	noun	17932
хангажээ	14	noun	17933
товлон	14	noun	17934
орлуулан	14	noun	17935
хэл-угсааны	14	noun	17936
харамж	14	noun	17937
арилжаалах	14	verb	17938
ордныхон	14	noun	17939
шалгуулж	14	noun	17940
дурьджээ	14	noun	17941
батламжилсан	14	noun	17942
либертари	14	noun	17943
болъё	14	noun	17944
болмой	14	noun	17945
ньюфаундленд	14	noun	17946
залбирдаг	14	noun	17947
төөрөгдүүлсэн	14	noun	17948
гупта	14	noun	17949
хуваагдав	14	noun	17950
тогтвор	14	noun	17951
вайоминг	14	noun	17952
маргалдаж	14	noun	17953
тасалдаж	14	noun	17954
лук	14	noun	17955
уядаг	14	noun	17956
хуфу	14	noun	17957
бэлчиж	14	noun	17958
сэргэг	14	noun	17959
зосон	14	noun	17960
имам	14	noun	17961
сикстиний	14	noun	17962
жанибег	14	noun	17963
давлет	14	noun	17964
зайлуулан	14	noun	17965
карфаген	14	noun	17966
триест	14	noun	17967
геродот	14	noun	17968
церера	14	noun	17969
бөөгнөрөн	14	noun	17970
отгонсүрэн	14	noun	17971
сэрээнэнгийн	14	noun	17972
газ-м	14	noun	17973
а-г	14	noun	17974
транспортер	14	noun	17975
вский	14	noun	17976
талархах	14	verb	17977
армийнхаа	14	noun	17978
пёньяны	14	noun	17979
пэн	14	noun	17980
пёнъян	14	noun	17981
гардуулан	14	noun	17982
харшлах	14	verb	17983
сахлаг	14	noun	17984
цуглуулаад	14	noun	17985
нарынх	14	verb	17986
ажилла	14	noun	17987
эрэх	14	verb	17988
үнэлэгдэх	14	verb	17989
громов	14	noun	17990
хашбаатарын	14	noun	17991
гандболын	14	noun	17992
утасныхаа	14	noun	17993
боулинг	14	noun	17994
дидро	14	noun	17995
сүнжидмаа	14	noun	17996
зүүнбаян	14	noun	17997
өсөхбаатар	14	noun	17998
заалгажээ	14	noun	17999
чармайн	14	noun	18000
бахдан	14	noun	18001
суралцав	14	noun	18002
арваннэгэн	14	noun	18003
бөглөх	14	verb	18004
зайлсан	14	noun	18005
уншигдах	14	verb	18006
берт	14	noun	18007
үсэн	14	noun	18008
хөнжил	14	noun	18009
хөллөсөн	14	noun	18010
ац	14	noun	18011
хатуурах	14	verb	18012
тоор	14	noun	18013
агар	14	noun	18014
хэтрэх	14	verb	18015
кутаиси	14	noun	18016
астеносфери	14	noun	18017
тэнцүүлэх	14	verb	18018
монголчилбол	14	noun	18019
каннам	14	noun	18020
эврика	14	noun	18021
аймшиггүй	14	noun	18022
малер	14	noun	18023
хамааруулна	14	noun	18024
төлжилт	14	noun	18025
хэвтэх	14	verb	18026
диализ	14	noun	18027
гемодиализ	14	noun	18028
чанамал	14	noun	18029
дөө	14	noun	18030
ятгах	14	verb	18031
нурах	14	verb	18032
драфт	14	noun	18033
эгэн	14	noun	18034
тэврэн	14	noun	18035
контрабасс	14	noun	18036
олныхоо	14	noun	18037
арман	14	noun	18038
мөнхөрчээ	14	noun	18039
үеэрх	14	verb	18040
олгогдож	14	noun	18041
эргэлзэх	14	verb	18042
жанлав	14	noun	18043
солбицол	14	noun	18044
жирх	14	verb	18045
цармын	14	noun	18046
цоггэрэл	14	noun	18047
бээсийн	14	noun	18048
эрчимжүүлж	14	noun	18049
пайз	14	noun	18050
царван	14	noun	18051
цэдэнсодном	14	noun	18052
ором	14	noun	18053
здтг-ын	14	noun	18054
сугалан	14	noun	18055
асфальтан	14	noun	18056
суурьшаад	14	noun	18057
геоморфологи	14	noun	18058
ширэм	14	noun	18059
тослох	14	verb	18060
мопассан	14	noun	18061
боломжид	14	noun	18062
өрөвч	14	noun	18063
шинжит	14	noun	18064
герберт	14	noun	18065
апатит	14	noun	18066
текстур	14	noun	18067
гулсах	14	verb	18068
конвекц	14	noun	18069
паштун	14	noun	18070
аймак	14	noun	18071
нэрийдэв	14	noun	18072
зөвшөөрвөл	14	noun	18073
кокос	14	noun	18074
нүб-ыг	14	noun	18075
лес	14	noun	18076
лох	14	verb	18077
хүрээлүүлдэг	14	noun	18078
бретон	14	noun	18079
зөрчилдөх	14	verb	18080
львович	14	noun	18081
бахчисарайн	14	noun	18082
пугачёвын	14	noun	18083
бөөгнөрч	14	noun	18084
ажаа	14	noun	18085
амалсан	14	noun	18086
өмгөөлөн	14	noun	18087
хэвлэв	14	noun	18088
эзэгнэн	14	noun	18089
диу	14	noun	18090
бүрх	14	verb	18091
цөхрөл	14	noun	18092
цөллөг	14	noun	18093
хязгаарлан	14	noun	18094
жан-поль	14	noun	18095
ангижирсан	14	noun	18096
өлсөж	14	noun	18097
товойн	14	noun	18098
хэтрүүлсэн	14	noun	18099
цэргүүдийнхээ	14	noun	18100
зузаатгаж	14	noun	18101
интеркосмос	14	noun	18102
бантан	14	noun	18103
асбест	14	noun	18104
жигшин	14	noun	18105
августин	14	noun	18106
залхаж	14	noun	18107
чавхдас	14	noun	18108
ягштал	14	noun	18109
зүйрлэж	14	noun	18110
редуктаза	14	noun	18111
прайм	14	noun	18112
санти	14	noun	18113
халив	14	noun	18114
чимээгүйхэн	14	noun	18115
соколов	14	noun	18116
лүгээ	14	noun	18117
дугаарлаж	14	noun	18118
шүлэглэсэн	14	noun	18119
нүүрлэсэн	14	noun	18120
үлгэрлэн	14	noun	18121
хөөгдөн	14	noun	18122
сибирээс	14	noun	18123
зөвлөлдөн	14	noun	18124
космос	14	noun	18125
технологиос	14	noun	18126
сеута	14	noun	18127
хамарчээ	14	noun	18128
владимир-суздалийн	14	noun	18129
нураан	14	noun	18130
ильхам	14	noun	18131
дуусашгүй	14	noun	18132
левон	14	noun	18133
буянбадрах	14	verb	18134
огтлолцох	14	verb	18135
давхцан	14	noun	18136
чавга	14	noun	18137
сабах	14	verb	18138
өөрсөддөө	14	noun	18139
продюсерлэж	14	noun	18140
ковер	14	noun	18141
бэхэжсэн	14	noun	18142
хивын	14	noun	18143
монгол-төвөдийн	14	noun	18144
ёнзон	14	noun	18145
бардо	14	noun	18146
магдалена	14	noun	18147
албаар	14	noun	18148
микросхем	14	noun	18149
фау	14	noun	18150
зодов	14	noun	18151
гэцэл	14	noun	18152
стандартчилал	14	noun	18153
чонжу	14	noun	18154
бреттон	14	noun	18155
балжир	14	noun	18156
цэмбэл	14	noun	18157
ясная	14	noun	18158
гуталчин	14	noun	18159
анхдагчид	14	noun	18160
зүүнбүрэн	14	noun	18161
батбилэг	14	noun	18162
дашдэндэв	14	noun	18163
жавзмаа	14	noun	18164
савлаж	14	noun	18165
цогт-очирын	14	noun	18166
асуулгыг	14	noun	18167
саму	14	noun	18168
зангуу	14	noun	18169
энергиэс	14	noun	18170
маастрихтын	14	noun	18171
зиновьев	14	noun	18172
суллагдан	14	noun	18173
тайгер	14	noun	18174
микс	14	noun	18175
урсгаж	14	noun	18176
рамстедт	14	noun	18177
гайхсан	14	noun	18178
стоунхенж	14	noun	18179
хадархаг	14	noun	18180
доной	14	noun	18181
хэвтэн	14	noun	18182
мэргэшил	14	noun	18183
дүнзэн	14	noun	18184
зандраа	14	noun	18185
иррационал	14	noun	18186
зааглагдсан	14	noun	18187
барбуда	14	noun	18188
полинез	14	noun	18189
гууль	14	noun	18190
эндэх	14	verb	18191
буянт-овоо	14	noun	18192
сурлагын	14	noun	18193
зөөгдөж	14	noun	18194
сага	14	noun	18195
гялалзан	14	noun	18196
касс	14	noun	18197
хэвэл	14	noun	18198
голио	14	noun	18199
илтэс	14	noun	18200
бүрдэн	14	noun	18201
боом	14	noun	18202
фрайберг	14	noun	18203
цацруулдаг	14	noun	18204
хавхлага	14	noun	18205
чанах	14	verb	18206
баптисм	14	noun	18207
нугалам	14	noun	18208
дүүрдэг	14	noun	18209
сорокин	14	noun	18210
тандах	14	verb	18211
гангар	14	noun	18212
идеаль	14	noun	18213
тэнцүүлж	14	noun	18214
темпратурын	14	noun	18215
хөвсгөр	14	noun	18216
наалдан	14	noun	18217
тимберволвес	14	noun	18218
скотти	14	noun	18219
сиракузын	14	noun	18220
сиракуз	14	noun	18221
антикийн	14	noun	18222
фигарогийн	14	noun	18223
босоход	14	noun	18224
бүүвээ	14	noun	18225
биоанагаахын	14	noun	18226
бүлүүр	14	noun	18227
жонстон	14	noun	18228
барион	14	noun	18229
хэг-ын	14	noun	18230
мас	14	noun	18231
төсөөлдөг	14	noun	18232
фифа-гаас	14	noun	18233
ууршуулах	14	verb	18234
хелена	14	noun	18235
аарцагны	14	noun	18236
гринвич	14	noun	18237
тухачевскийн	14	noun	18238
дурсчээ	14	noun	18239
одессын	14	noun	18240
мар	14	noun	18241
тангараглаж	14	noun	18242
хойрго	14	noun	18243
припять	14	noun	18244
төгсбуянтын	14	noun	18245
зулу	14	noun	18246
зөрдөг	14	noun	18247
перестройка	14	noun	18248
освальд	14	noun	18249
вв	14	noun	18250
зовнил	14	noun	18251
тэнүүн	14	noun	18252
бүслэгдэж	14	noun	18253
цөмөрч	14	noun	18254
корк	14	noun	18255
арпа	14	noun	18256
сорхагтани	14	noun	18257
мүан	14	noun	18258
хамбаар	14	noun	18259
новая	14	noun	18260
дмитриевна	14	noun	18261
село	14	noun	18262
хувийнхаа	14	noun	18263
дө	14	noun	18264
ханилсан	14	noun	18265
үдэх	14	verb	18266
социологийг	14	noun	18267
тодордог	14	noun	18268
зарцуулагдах	14	verb	18269
барьцаалан	14	noun	18270
командлав	14	noun	18271
авсыг	14	noun	18272
итали-туркийн	14	noun	18273
хаяв	14	noun	18274
дейли	14	noun	18275
чеслав	14	noun	18276
арваннэгээс	14	noun	18277
дюрер	14	noun	18278
өтөг	14	noun	18279
одвогийн	14	noun	18280
дарамсала	14	noun	18281
лавай	14	noun	18282
уулга	14	noun	18283
айлдаж	14	noun	18284
хаянхирваа	14	noun	18285
шатласан	14	noun	18286
лхамжавын	14	noun	18287
осолдон	14	noun	18288
убтз-ын	14	noun	18289
тасман	14	noun	18290
урсгах	14	verb	18291
киви	14	noun	18292
цэгцлэн	14	noun	18293
калита	14	noun	18294
тулжээ	14	noun	18295
фарс	14	noun	18296
тэкүдэр	14	noun	18297
манфред	14	noun	18298
хувилан	14	noun	18299
дийлдэж	14	noun	18300
юлиуш	14	noun	18301
культура	14	noun	18302
эллиптик	14	noun	18303
виши	14	noun	18304
популист	14	noun	18305
дэмжүүлэн	14	noun	18306
черновцы	14	noun	18307
ацс	14	noun	18308
дрон	14	noun	18309
норберт	14	noun	18310
саума	14	noun	18311
холливуд	14	noun	18312
илюмжинов	14	noun	18313
серге	14	noun	18314
хиех	14	verb	18315
рыцариуд	14	noun	18316
робинзон	14	noun	18317
ийнх	14	verb	18318
намжилдорж	14	noun	18319
ложистик	14	noun	18320
дансран	14	noun	18321
лабрадор	14	noun	18322
иоланта	14	noun	18323
нойрсож	14	noun	18324
нба-ийн	14	noun	18325
виллиамс	14	noun	18326
хөндөлт	14	noun	18327
толедо	14	noun	18328
стифен	14	noun	18329
сонсогдох	14	verb	18330
нутаглажээ	14	noun	18331
хавел	14	noun	18332
шкода	14	noun	18333
замбези	14	noun	18334
ишим	14	noun	18335
города	14	noun	18336
плов	14	noun	18337
ермак	14	noun	18338
тура	14	noun	18339
гарднер	14	noun	18340
якутск	14	noun	18341
ен	14	noun	18342
волков	14	noun	18343
документ	14	noun	18344
зөвшөөрөөд	14	noun	18345
харсан	14	noun	18346
тодруулга	14	noun	18347
сегунда	14	noun	18348
жиргээ	14	noun	18349
архидалт	14	noun	18350
дайтан	14	noun	18351
хоакин	14	noun	18352
тоохгүй	14	noun	18353
тааж	14	noun	18354
эсгэж	14	noun	18355
дюк	14	noun	18356
ольмекууд	14	noun	18357
түшлэгтэй	14	noun	18358
гондурас	14	noun	18359
абрамович	14	noun	18360
хотруу	14	noun	18361
манихейн	14	noun	18362
ахеменидын	14	noun	18363
улстөр	14	noun	18364
жиоржиа	14	noun	18365
аялалынхаа	14	noun	18366
хүүвер	14	noun	18367
дууриал	14	noun	18368
ортол	14	noun	18369
инь	14	noun	18370
корнелиус	14	noun	18371
бейбарс	14	noun	18372
квентин	14	noun	18373
кэй	14	noun	18374
искра	14	noun	18375
эвлэрэл	14	noun	18376
акко	14	noun	18377
эзлүүлэхээр	14	noun	18378
хорчи	14	noun	18379
хуай	14	noun	18380
гандантэгчинлэн	14	noun	18381
карлтон	14	noun	18382
этилийн	14	noun	18383
хэрэглэгчдийнхээ	14	noun	18384
гав	14	noun	18385
михайль	14	noun	18386
нисэв	14	noun	18387
наймаалж	14	noun	18388
мэнд-амар	14	noun	18389
бороохой	14	noun	18390
эвенк	14	noun	18391
фёдоровна	14	noun	18392
филадельфийн	14	noun	18393
цинциннати	14	noun	18394
агваансамдангийн	14	noun	18395
мариинский	14	noun	18396
агнес	14	noun	18397
оройлон	14	noun	18398
жералд	14	noun	18399
хувирамтгай	14	noun	18400
кёрлинг	14	noun	18401
диско	14	noun	18402
хашилт	14	noun	18403
мандтугай	14	noun	18404
спартакиадад	14	noun	18405
булганыхан	14	noun	18406
нарийсч	14	noun	18407
дүгэржавын	14	noun	18408
такэши	14	noun	18409
сэкивакэ	14	noun	18410
турхирсан	14	noun	18411
анжелика	14	noun	18412
сато	14	noun	18413
леди	14	noun	18414
гидротермал	14	noun	18415
пугачёв	14	noun	18416
ооо	14	noun	18417
кофейн	14	noun	18418
улираан	14	noun	18419
буруутгажээ	14	noun	18420
фрост	14	noun	18421
рибери	14	noun	18422
рохас	14	noun	18423
слободан	14	noun	18424
милошевич	14	noun	18425
лийр	14	noun	18426
гүйцээд	14	noun	18427
гамп	14	noun	18428
заналхийлэх	14	verb	18429
тэрсэлсэн	14	noun	18430
малиновский	14	noun	18431
хуульчид	14	noun	18432
актив	14	noun	18433
түдгэлзүүлсэн	14	noun	18434
конференц	14	noun	18435
холливүүдийн	14	noun	18436
спарт	14	noun	18437
тургенев	14	noun	18438
дайрвал	14	noun	18439
туннелийн	14	noun	18440
икер	14	noun	18441
улирах	14	verb	18442
пейж	14	noun	18443
ито	14	noun	18444
сокс	14	noun	18445
кузнецов	14	noun	18446
скаутын	14	noun	18447
плутон	14	noun	18448
хуберт	14	noun	18449
бутрос	14	noun	18450
брага	14	noun	18451
эммелин	14	noun	18452
мексико	14	noun	18453
призрен	14	noun	18454
уолкотт	14	noun	18455
фигаро	14	noun	18456
брагг	14	noun	18457
бүтэлгүй	14	noun	18458
гинзбург	14	noun	18459
форбес	14	noun	18460
перейра	14	noun	18461
царское	14	noun	18462
брокхаус	14	noun	18463
тархвар	14	noun	18464
роббинс	14	noun	18465
булаалдан	14	noun	18466
йоан	14	noun	18467
эхнэрийнх	14	verb	18468
весна	14	noun	18469
пенни	14	noun	18470
фенол	14	noun	18471
житомир	14	noun	18472
арилган	14	noun	18473
имени	14	noun	18474
найки	14	noun	18475
камала	14	noun	18476
ансамбль	14	noun	18477
китано	14	noun	18478
нямгаваа	14	noun	18479
гавар	14	noun	18480
буугдах	14	verb	18481
арилжаалагддаг	14	noun	18482
остров	14	noun	18483
барретт	14	noun	18484
тэнгри	14	noun	18485
хайнань	14	noun	18486
мэргэшиж	14	noun	18487
метрополитен	14	noun	18488
роналдиньо	14	noun	18489
фабрегас	14	noun	18490
данеброг	14	noun	18491
комет	14	noun	18492
түүвэрлэн	14	noun	18493
ливерпуль	14	noun	18494
утай	14	noun	18495
лерой	14	noun	18496
брайль	14	noun	18497
жейк	14	noun	18498
маттео	14	noun	18499
кабо	14	noun	18500
силикон	14	noun	18501
холли	14	noun	18502
цукерберг	14	noun	18503
пиерпонт	14	noun	18504
гибб	14	noun	18505
дрогба	14	noun	18506
рояал	14	noun	18507
тоноглосон	14	noun	18508
белоусов	14	noun	18509
рэнэ	14	noun	18510
мусоргский	14	noun	18511
левада	14	noun	18512
моторола	14	noun	18513
иоахим	14	noun	18514
сабха	14	noun	18515
меттерних	14	verb	18516
окуджава	14	noun	18517
кэрол	14	noun	18518
виейра	14	noun	18519
утгуурт	14	noun	18520
үерхсэн	14	noun	18521
иврит	14	noun	18522
гидрофиль	14	noun	18523
риши	14	noun	18524
тэпистри	14	noun	18525
примиер	14	noun	18526
люцерн	14	noun	18527
хасуулж	14	noun	18528
бүртгүүлэн	14	noun	18529
бабуша	14	noun	18530
яньтөмөр	14	noun	18531
кроу	14	noun	18532
дуугаралт	14	noun	18533
уэнсдей	14	noun	18534
крус	14	noun	18535
фб	14	noun	18536
ильюшин	14	noun	18537
генгам	14	noun	18538
тунляо	14	noun	18539
бэлтгэгдээд	14	noun	18540
сурвалжлан	14	noun	18541
зулькафиль	14	noun	18542
баллак	14	noun	18543
сильвестр	14	noun	18544
пэйтон	14	noun	18545
бэлтгэгдэн	14	noun	18546
турхаг	14	noun	18547
бриж	14	noun	18548
ука	14	noun	18549
майнфрэйм	14	noun	18550
онори	14	noun	18551
гараалуулжээ	14	noun	18552
чимж	14	noun	18553
характеристик	14	noun	18554
ботсванын	14	noun	18555
микробын	14	noun	18556
өдөөгддөг	14	noun	18557
арилна	14	noun	18558
хип-хоп	14	noun	18559
икэбана	14	noun	18560
бафта-д	14	noun	18561
хөөмэй	14	noun	18562
таниулан	14	noun	18563
эвлүүлж	14	noun	18564
цөгц	14	noun	18565
яриг	14	noun	18566
майнз	14	noun	18567
бүлэн	14	noun	18568
гулдмай	14	noun	18569
хөрөөдөх	14	verb	18570
шихихутаг	14	noun	18571
клээ	14	noun	18572
гластонбури	14	noun	18573
клэптон	14	noun	18574
карла	14	noun	18575
митя	14	noun	18576
полонез	14	noun	18577
комиссариат	14	noun	18578
атм	14	noun	18579
үзэгтэн	14	noun	18580
хельсингборг	14	noun	18581
шэньжэнь	14	noun	18582
гонсалес	14	noun	18583
балакин	14	noun	18584
гир	14	noun	18585
гитис	14	noun	18586
ысыккөл	14	noun	18587
удах	14	verb	18588
мнемоник	14	noun	18589
азеотроп	14	noun	18590
бт	14	noun	18591
энциклопедия	14	noun	18592
радиан	14	noun	18593
часть	14	noun	18594
панкратов	14	noun	18595
биелэг	14	noun	18596
моя	14	noun	18597
залруулга	14	noun	18598
өлзийбатын	14	noun	18599
уусгалт	14	noun	18600
хаддерсфилд	14	noun	18601
бериллийн	14	noun	18602
сувидын	14	noun	18603
автономной	14	noun	18604
настоящего	14	noun	18605
загарай	14	noun	18606
фресно	14	noun	18607
трипл-даблаа	14	noun	18608
бнагу-д	14	noun	18609
сиракьюс	14	noun	18610
крафтын	14	noun	18611
хүргэлт	14	noun	18612
эттли	14	noun	18613
радченко	14	noun	18614
гхя	14	noun	18615
пирогов	14	noun	18616
рамзай	14	noun	18617
канола	14	noun	18618
рсдрп	14	noun	18619
монк	14	noun	18620
черн	14	noun	18621
гидротехникийн	14	noun	18622
тавилтат	14	noun	18623
бэдэрсэн	14	noun	18624
вауксхалл	14	noun	18625
хэрэгслэл	14	noun	18626
боксер	14	noun	18627
чав	14	noun	18628
уртбаяр	14	noun	18629
пенитрэшин	14	noun	18630
буувал	14	noun	18631
даваа-очир	14	noun	18632
цээсүрэн	14	noun	18633
боардинг	14	noun	18634
хлороз	14	noun	18635
хорьдол	14	noun	18636
обоих	14	verb	18637
договар	14	noun	18638
намзх-ны	14	noun	18639
кыдырали	14	noun	18640
диссертацийг	14	noun	18641
дериватив	14	noun	18642
фосфолипаза	14	noun	18643
бя	14	noun	18644
хлестаков	14	noun	18645
сочинений	14	noun	18646
феллини	14	noun	18647
гтбү-ийн	14	noun	18648
конденсат	14	noun	18649
грушевский	14	noun	18650
вкн-ын	14	noun	18651
алесь	14	noun	18652
лещенко	14	noun	18653
сийрүүлэлт	14	noun	18654
ягеллонка	14	noun	18655
орторомбик	14	noun	18656
алун-гоо	14	noun	18657
нээгээд	13	noun	18658
транс-сибирийн	13	noun	18659
бат-оргил	13	noun	18660
тауэр	13	noun	18661
сэгс	13	noun	18662
суурьшуулсан	13	noun	18663
равсалын	13	noun	18664
жигмэдийн	13	noun	18665
дарма	13	noun	18666
чингэл	13	noun	18667
тэзү	13	noun	18668
батнасан	13	noun	18669
дэмчигжавын	13	noun	18670
төрмөлийн	13	noun	18671
боомын	13	noun	18672
дархлан	13	noun	18673
чойсүрэнгийн	13	noun	18674
му-н	13	noun	18675
отгонцагаан	13	noun	18676
биширсэн	13	noun	18677
ядууст	13	noun	18678
чиглэх	13	verb	18679
нэ	13	noun	18680
сийлэх	13	verb	18681
эмманюэл	13	noun	18682
хувиарлалт	13	noun	18683
бэхжих	13	verb	18684
электролизийн	13	noun	18685
үйлчлэлцэх	13	verb	18686
ландау	13	noun	18687
тохиолдуулагч	13	noun	18688
зурлага	13	noun	18689
түшмэг	13	noun	18690
гээгдэх	13	verb	18691
мичин	13	noun	18692
рэнцэнгийн	13	noun	18693
сангисүрэн	13	noun	18694
галмандах	13	verb	18695
түвдэн	13	noun	18696
нутагшиж	13	noun	18697
морозов	13	noun	18698
чиглэгдэнэ	13	noun	18699
евклид	13	noun	18700
формаль	13	noun	18701
зөвшилцөх	13	verb	18702
алуурчид	13	noun	18703
сулардаг	13	noun	18704
кейнс	13	noun	18705
зөвшилцөн	13	noun	18706
тооцов	13	noun	18707
ангилжээ	13	noun	18708
культуры	13	noun	18709
тататунга	13	noun	18710
уйгуржин	13	noun	18711
сааль	13	noun	18712
зүлгэ	13	noun	18713
ефим	13	noun	18714
макси	13	noun	18715
төгс-очирын	13	noun	18716
тэнцүүлэн	13	noun	18717
томьёолол	13	noun	18718
анкет	13	noun	18719
төөрөг	13	noun	18720
зодох	13	verb	18721
кабо-верде	13	noun	18722
нордикийн	13	noun	18723
язык	13	noun	18724
русские	13	noun	18725
бест	13	noun	18726
линц	13	noun	18727
хааис	13	noun	18728
устан	13	noun	18729
манмохан	13	noun	18730
пентагон	13	noun	18731
амбагян	13	noun	18732
монголчилсон	13	noun	18733
номлодог	13	noun	18734
сааб	13	noun	18735
вандализм	13	noun	18736
танака	13	noun	18737
зугтаах	13	verb	18738
автозам	13	noun	18739
окладников	13	noun	18740
тайип	13	noun	18741
роналдо	13	noun	18742
солилцжээ	13	noun	18743
өнжиж	13	noun	18744
сугалж	13	noun	18745
сульдсан	13	noun	18746
болиулсан	13	noun	18747
хызр	13	noun	18748
мурид	13	noun	18749
кадыр	13	noun	18750
балеарын	13	noun	18751
цислейтанийн	13	noun	18752
гайхшруулж	13	noun	18753
нойргүйдэл	13	noun	18754
ашуүис-ийн	13	noun	18755
гм	13	noun	18756
гутенбергийн	13	noun	18757
талынхаа	13	noun	18758
война	13	noun	18759
сяопин	13	noun	18760
аксу	13	noun	18761
эрдэнийг	13	noun	18762
хэрчиж	13	noun	18763
жижүүр	13	noun	18764
үрэгдэгсдийн	13	noun	18765
ерээд	13	noun	18766
хөрөнгөтөн	13	noun	18767
өмгөөлөх	13	verb	18768
ухуулан	13	noun	18769
хатгалга	13	noun	18770
марков	13	noun	18771
бнмау-зөвлөлтийн	13	noun	18772
эгшиглэсэн	13	noun	18773
пүрэвбаатар	13	noun	18774
гянданд	13	noun	18775
нөгчиж	13	noun	18776
туузат	13	noun	18777
баруун-хойд	13	noun	18778
цугладаг	13	noun	18779
таннин	13	noun	18780
мүох-ны	13	noun	18781
тохирлын	13	noun	18782
хавсаргах	13	verb	18783
таах	13	verb	18784
эдэлгээ	13	noun	18785
шинжиж	13	noun	18786
хатган	13	noun	18787
нөөцөлж	13	noun	18788
пэлжээгийн	13	noun	18789
виржиний	13	noun	18790
барьсаар	13	noun	18791
хөнгөнцагаан	13	noun	18792
тм	13	noun	18793
оливин	13	noun	18794
нийлүүлээд	13	noun	18795
апеннины	13	noun	18796
таллан	13	noun	18797
монизм	13	noun	18798
хавиас	13	noun	18799
амынх	13	verb	18800
зүдгүүрийг	13	noun	18801
сулран	13	noun	18802
мүнь	13	noun	18803
нээснийхээ	13	noun	18804
лах	13	verb	18805
илгээмж	13	noun	18806
зсбнху-аас	13	noun	18807
харлем	13	noun	18808
зохицуулга	13	noun	18809
эдгэрэх	13	verb	18810
танилцуулъя	13	noun	18811
ботиор	13	noun	18812
очоогүй	13	noun	18813
уурлан	13	noun	18814
лиз	13	noun	18815
асинхрон	13	noun	18816
хосолж	13	noun	18817
чавхдасыг	13	noun	18818
цөхрөнгөө	13	noun	18819
гуд	13	noun	18820
түрүүлбэл	13	noun	18821
корпорациас	13	noun	18822
фрэймворк	13	noun	18823
форекс	13	noun	18824
эрдэнэ-уул	13	noun	18825
үүсгэл	13	noun	18826
хотула	13	noun	18827
түмэнбаяр	13	noun	18828
хорогдох	13	verb	18829
археологч	13	noun	18830
археологчид	13	noun	18831
горхийг	13	noun	18832
сүсэглэн	13	noun	18833
барамсай	13	noun	18834
лувсандагва	13	noun	18835
хөөцөлдсөний	13	noun	18836
овоохой	13	noun	18837
чорос	13	noun	18838
жамъянмядаг	13	noun	18839
дээхэн	13	noun	18840
эрдэнэболд	13	noun	18841
хуланц	13	noun	18842
хэтэрдэггүй	13	noun	18843
сууриуд	13	noun	18844
аддис	13	noun	18845
биоинформатик	13	noun	18846
голомтот	13	noun	18847
микробиологи	13	noun	18848
татуургын	13	noun	18849
өмчилж	13	noun	18850
ххк-тай	13	noun	18851
ахмет	13	noun	18852
мараа	13	noun	18853
структур	13	noun	18854
гидрогеологи	13	noun	18855
коксжих	13	verb	18856
берилли	13	noun	18857
батлагдан	13	noun	18858
агуулгаас	13	noun	18859
мажиг	13	noun	18860
өгүүлэг	13	noun	18861
импрессионизмын	13	noun	18862
камиль	13	noun	18863
философчид	13	noun	18864
шигдэж	13	noun	18865
чөлөөлөгдөн	13	noun	18866
газни	13	noun	18867
масуд	13	noun	18868
аконкагуа	13	noun	18869
бүүкер	13	noun	18870
алеко	13	noun	18871
хүрээлдэг	13	noun	18872
скотиа	13	noun	18873
декабристуудын	13	noun	18874
бударын	13	noun	18875
мутрын	13	noun	18876
эхлэнгүүт	13	noun	18877
учран	13	noun	18878
цацарсан	13	noun	18879
завханыхан	13	noun	18880
кэтлин	13	noun	18881
электорат	13	noun	18882
исгэрээ	13	noun	18883
гишгэж	13	noun	18884
борисов	13	noun	18885
заншжээ	13	noun	18886
судалсаар	13	noun	18887
дуурайх	13	verb	18888
баяжин	13	noun	18889
хуваагдаад	13	noun	18890
васнецов	13	noun	18891
отолтонд	13	noun	18892
угра	13	noun	18893
индра	13	noun	18894
беккет	13	noun	18895
чамлахааргүй	13	noun	18896
хэсч	13	noun	18897
гу	13	noun	18898
фэй	13	noun	18899
шагшин	13	noun	18900
энейн	13	noun	18901
байлдсаар	13	noun	18902
ихирэс	13	noun	18903
дөргөнэ	13	noun	18904
халхалж	13	noun	18905
сфер	13	noun	18906
шатан	13	noun	18907
худалджээ	13	noun	18908
халхалсан	13	noun	18909
жоржио	13	noun	18910
болшгүй	13	noun	18911
ганхаж	13	noun	18912
цээрлэл	13	noun	18913
хандлагаар	13	noun	18914
хэмх	13	verb	18915
учирчээ	13	noun	18916
гаргуун	13	noun	18917
лесби	13	noun	18918
гаршуулах	13	verb	18919
тугухунь	13	noun	18920
орду	13	noun	18921
өш	13	noun	18922
жамухын	13	noun	18923
моах-ны	13	noun	18924
индүү	13	noun	18925
киншаса	13	noun	18926
мелилья	13	noun	18927
дүрсэлнэ	13	noun	18928
тохиолдуулж	13	noun	18929
сульдаж	13	noun	18930
антарктик	13	noun	18931
маскат	13	noun	18932
см-ээр	13	noun	18933
даяаршил	13	noun	18934
хариуцлагаас	13	noun	18935
глориа	13	noun	18936
море	13	noun	18937
аэро	13	noun	18938
се	13	noun	18939
хөмөл	13	noun	18940
соул	13	noun	18941
дэйли	13	noun	18942
элэглэгч	13	noun	18943
халуухан	13	noun	18944
скайлер	13	noun	18945
розенберг	13	noun	18946
талийгаач	13	noun	18947
белая	13	noun	18948
дүрслэгдэнэ	13	noun	18949
агссан	13	noun	18950
цамба	13	noun	18951
уадбч-ын	13	noun	18952
цахилдаг	13	noun	18953
баянхошуу	13	noun	18954
бөөрөг	13	noun	18955
нарийвтар	13	noun	18956
халуу	13	noun	18957
сөөгөнцөр	13	noun	18958
арбат	13	noun	18959
хэвшүүлэх	13	verb	18960
баталлаа	13	noun	18961
сүпер	13	noun	18962
манал	13	noun	18963
висмут	13	noun	18964
полони	13	noun	18965
сарнисан	13	noun	18966
урагшлан	13	noun	18967
очирхүү	13	noun	18968
цацарч	13	noun	18969
спектроскопийн	13	noun	18970
сөнөх	13	verb	18971
хушга	13	noun	18972
шинэчлэгдэх	13	verb	18973
гуанин	13	noun	18974
плазмид	13	noun	18975
яарч	13	noun	18976
азотлог	13	noun	18977
челленжер	13	noun	18978
эрүүлжүүлэх	13	verb	18979
дулдуйтын	13	noun	18980
цацабшир	13	noun	18981
жендерийн	13	noun	18982
буяндэлгэр	13	noun	18983
ясли	13	noun	18984
булгантамир	13	noun	18985
хичээллэн	13	noun	18986
илэрхийлбэл	13	noun	18987
селфриж	13	noun	18988
шлесвиг-хольштайны	13	noun	18989
төхк	13	noun	18990
багамын	13	noun	18991
друз	13	noun	18992
адены	13	noun	18993
үрэгдэн	13	noun	18994
мандолин	13	noun	18995
адис	13	noun	18996
дондовдорж	13	noun	18997
хазаж	13	noun	18998
уртсаж	13	noun	18999
үеүд	13	noun	19000
радиаль	13	noun	19001
наалдаж	13	noun	19002
шалмаг	13	noun	19003
хагдарч	13	noun	19004
жейкоб	13	noun	19005
цохилтот	13	noun	19006
малтлагаар	13	noun	19007
нукуз	13	noun	19008
лазар	13	noun	19009
сэрвээний	13	noun	19010
штернбергийн	13	noun	19011
уриалгыг	13	noun	19012
төмөрхүлэг	13	noun	19013
өгзөг	13	noun	19014
сойз	13	noun	19015
гадаах	13	verb	19016
жнь	13	noun	19017
кум	13	noun	19018
гриззлийз	13	noun	19019
визардс	13	noun	19020
багахүү	13	noun	19021
цогбаяр	13	noun	19022
торунь	13	noun	19023
боден	13	noun	19024
мекленбургийн	13	noun	19025
ринчиннямын	13	noun	19026
карно	13	noun	19027
позитрон	13	noun	19028
гондурасын	13	noun	19029
калдерон	13	noun	19030
анализатор	13	noun	19031
өсгөвөр	13	noun	19032
арчиж	13	noun	19033
ярилцлагыг	13	noun	19034
шапошников	13	noun	19035
можайн	13	noun	19036
очвол	13	noun	19037
идиш	13	noun	19038
хунх	13	verb	19039
ца	13	noun	19040
шөнийг	13	noun	19041
уралдуулах	13	verb	19042
персональ	13	noun	19043
мелисса	13	noun	19044
нуук	13	noun	19045
вилкинс	13	noun	19046
научных	13	verb	19047
сууршиж	13	noun	19048
хувцаслах	13	verb	19049
хөгжимддөг	13	noun	19050
жирэм	13	noun	19051
жаха	13	noun	19052
захирчээ	13	noun	19053
уэтерфорд	13	noun	19054
гладиатор	13	noun	19055
василь	13	noun	19056
йлович	13	noun	19057
тохиролцох	13	verb	19058
анхааруулжээ	13	noun	19059
жүүд	13	noun	19060
семипалатинск	13	noun	19061
висбаден	13	noun	19062
патрисио	13	noun	19063
роке	13	noun	19064
багшилдаг	13	noun	19065
даамжирч	13	noun	19066
сава	13	noun	19067
баясал	13	noun	19068
хулгайлжээ	13	noun	19069
больщевик	13	noun	19070
судласных	13	verb	19071
тициан	13	noun	19072
кампанелла	13	noun	19073
туужид	13	noun	19074
мөхөөх	13	verb	19075
магдебург	13	noun	19076
дамжуулав	13	noun	19077
жя	13	noun	19078
жиан	13	noun	19079
маарамба	13	noun	19080
шигтгэн	13	noun	19081
габоны	13	noun	19082
тамсагбулаг	13	noun	19083
бурам	13	noun	19084
актиноидын	13	noun	19085
фрейм	13	noun	19086
хувцасладаг	13	noun	19087
данило	13	noun	19088
хаанчлалынхаа	13	noun	19089
цион	13	noun	19090
сфинкс	13	noun	19091
хэтбуха	13	noun	19092
ахалсан	13	noun	19093
угсарчээ	13	noun	19094
этимологи	13	noun	19095
мазовецки	13	noun	19096
шоолж	13	noun	19097
мицкевичийн	13	noun	19098
сауд	13	noun	19099
удаахь	13	noun	19100
кортес	13	noun	19101
карпат	13	noun	19102
ивано-франковск	13	noun	19103
кучма	13	noun	19104
евромайдан	13	noun	19105
лумпур	13	noun	19106
зааглагдана	13	noun	19107
чёрч	13	noun	19108
загалмайтан	13	noun	19109
гвт	13	noun	19110
рабат	13	noun	19111
үндэслэх	13	verb	19112
версаль	13	noun	19113
аден	13	noun	19114
гутенберг	13	noun	19115
исламабад	13	noun	19116
вайсс	13	noun	19117
бегин	13	noun	19118
хэлэлгүй	13	noun	19119
евангелийн	13	noun	19120
кран	13	noun	19121
турхан	13	noun	19122
сюит	13	noun	19123
идвэл	13	noun	19124
уашт-д	13	noun	19125
нотлогдож	13	noun	19126
пхеньян	13	noun	19127
үхдэл	13	noun	19128
утах	13	verb	19129
цавчиж	13	noun	19130
луо	13	noun	19131
флавиус	13	noun	19132
оролцогсод	13	noun	19133
кар	13	noun	19134
өмчлөл	13	noun	19135
таймырын	13	noun	19136
жижка	13	noun	19137
эльба	13	noun	19138
үрлэн	13	noun	19139
буцалгаад	13	noun	19140
жуз	13	noun	19141
кайли	13	noun	19142
сердар	13	noun	19143
нассаугийн	13	noun	19144
серов	13	noun	19145
адыгей	13	noun	19146
төвхнөсөн	13	noun	19147
карачай	13	noun	19148
хүртэхүй	13	noun	19149
худалдагдаж	13	noun	19150
добу	13	noun	19151
эрдэнэзаан	13	noun	19152
дооших	13	verb	19153
гарсныхаа	13	noun	19154
залгагдах	13	verb	19155
оролдлогоо	13	noun	19156
сахаров	13	noun	19157
паттерсон	13	noun	19158
гургуулынхан	13	noun	19159
осолджээ	13	noun	19160
каддафи	13	noun	19161
ясир	13	noun	19162
арафат	13	noun	19163
амилуулж	13	noun	19164
хулганууд	13	noun	19165
хуулбарлалт	13	noun	19166
полипептидийн	13	noun	19167
доминант	13	noun	19168
ольмекийн	13	noun	19169
зак	13	noun	19170
эрнан	13	noun	19171
цочирдсон	13	noun	19172
нүдэт	13	noun	19173
кирене	13	noun	19174
стефано	13	noun	19175
номхотгох	13	verb	19176
сержио	13	noun	19177
лсэн	13	noun	19178
халуурал	13	noun	19179
мөнхжүүлсэн	13	noun	19180
ататүрк	13	noun	19181
куржакуз	13	noun	19182
лахор	13	noun	19183
сванети	13	noun	19184
мутар	13	noun	19185
сд	13	noun	19186
гүсан-ын	13	noun	19187
мумтаз	13	noun	19188
өсөөд	13	noun	19189
күросава	13	noun	19190
ээрүүл	13	noun	19191
симбирск	13	noun	19192
хэвтэрт	13	noun	19193
никатор	13	noun	19194
куан	13	noun	19195
мариус	13	noun	19196
цагаантөмөр	13	noun	19197
дэвсгэрийнхээ	13	noun	19198
чормаган	13	noun	19199
кромвелл	13	noun	19200
гуо	13	noun	19201
ямагата	13	noun	19202
старк	13	noun	19203
гүйцэн	13	noun	19204
оролдлогоороо	13	noun	19205
издательство	13	noun	19206
хага	13	noun	19207
шалан	13	noun	19208
каракалпак	13	noun	19209
жүз	13	noun	19210
ода	13	noun	19211
язов	13	noun	19212
байсныхаа	13	noun	19213
намжаах	13	verb	19214
маамуу	13	noun	19215
ухаарал	13	noun	19216
асколи	13	noun	19217
шихэр	13	noun	19218
исмэл	13	noun	19219
мангус	13	noun	19220
арболд	13	noun	19221
гриззли	13	noun	19222
бордох	13	verb	19223
каротин	13	noun	19224
сироп	13	noun	19225
аккорд	13	noun	19226
аймхай	13	noun	19227
тирана	13	noun	19228
бамбарууш	13	noun	19229
абижан	13	noun	19230
хүрээнийхэн	13	noun	19231
сарык	13	noun	19232
баатар-хот	13	noun	19233
леонтьев	13	noun	19234
соня	13	noun	19235
алмазбек	13	noun	19236
бналау	13	noun	19237
вязьма	13	noun	19238
олбооны	13	noun	19239
шуугигч	13	noun	19240
өмсөөд	13	noun	19241
нихон	13	noun	19242
первый	13	noun	19243
день	13	noun	19244
башёд	13	noun	19245
тайши	13	noun	19246
пиза	13	noun	19247
магадан	13	noun	19248
мэндлэх	13	verb	19249
туран	13	noun	19250
чингэс	13	noun	19251
ганцэцэг	13	noun	19252
зүүв	13	noun	19253
уолкер	13	noun	19254
смоктуновский	13	noun	19255
уитакер	13	noun	19256
прасад	13	noun	19257
халагдсан	13	noun	19258
греноблийн	13	noun	19259
инсбрук	13	noun	19260
инсбрукийн	13	noun	19261
дьем	13	noun	19262
ромеро	13	noun	19263
патрис	13	noun	19264
гашуунсухайт	13	noun	19265
нунтаглах	13	verb	19266
наамал	13	noun	19267
заналхийллийн	13	noun	19268
пил	13	noun	19269
распутин	13	noun	19270
байгаасай	13	noun	19271
бэкон	13	noun	19272
мессэж	13	noun	19273
хатах	13	verb	19274
саксони	13	noun	19275
пальма	13	noun	19276
моор	13	noun	19277
нилс	13	noun	19278
золтан	13	noun	19279
луиз	13	noun	19280
линдберг	13	noun	19281
хьюс	13	noun	19282
колмогоров	13	noun	19283
арам	13	noun	19284
артуро	13	noun	19285
норд	13	noun	19286
унагажээ	13	noun	19287
каннингем	13	noun	19288
дамжлагын	13	noun	19289
эмилиано	13	noun	19290
оролцогсдын	13	noun	19291
кейн	13	noun	19292
прохоров	13	noun	19293
белла	13	noun	19294
крафт	13	noun	19295
фүкүшима	13	noun	19296
шварц	13	noun	19297
родни	13	noun	19298
днипро	13	noun	19299
пикчерс	13	noun	19300
жохар	13	noun	19301
боловсруулагчид	13	noun	19302
абдалла	13	noun	19303
физик-химийн	13	noun	19304
шампанск	13	noun	19305
импортлогч	13	noun	19306
халамжлан	13	noun	19307
дион	13	noun	19308
шүршиж	13	noun	19309
штуттгарт	13	noun	19310
алгасалгүй	13	noun	19311
тайлсныхаа	13	noun	19312
дурсамжид	13	noun	19313
народной	13	noun	19314
сардин	13	noun	19315
гвадалахара	13	noun	19316
латераны	13	noun	19317
өмгөөлөл	13	noun	19318
терминатор	13	noun	19319
планктон	13	noun	19320
мултимедиа	13	noun	19321
буталж	13	noun	19322
хуурайших	13	verb	19323
клайн	13	noun	19324
дэйл	13	noun	19325
гудын	13	noun	19326
уотерс	13	noun	19327
өрөгтөмөр	13	noun	19328
дүүрэнтөмөр	13	noun	19329
чирэх	13	verb	19330
рын	13	noun	19331
дасгалжуулдаг	13	noun	19332
жамъяндагва	13	noun	19333
марадона	13	noun	19334
гуардиола	13	noun	19335
шави	13	noun	19336
неймар	13	noun	19337
трэш	13	noun	19338
төвөнхийн	13	noun	19339
легница	13	noun	19340
мальдини	13	noun	19341
керри	13	noun	19342
хуулар	13	noun	19343
нейротрансмиттер	13	noun	19344
жейми	13	noun	19345
юри	13	noun	19346
горан	13	noun	19347
голги	13	noun	19348
мадлен	13	noun	19349
келдыш	13	noun	19350
маастрихт	13	noun	19351
бернулли	13	noun	19352
гровер	13	noun	19353
гэмтэв	13	noun	19354
квон	13	noun	19355
иванишвили	13	noun	19356
пүрш	13	noun	19357
карпентер	13	noun	19358
кассиус	13	noun	19359
бата	13	noun	19360
нейт	13	noun	19361
мигел	13	noun	19362
леонов	13	noun	19363
фү	13	noun	19364
тинто	13	noun	19365
тарковский	13	noun	19366
армандо	13	noun	19367
гера	13	noun	19368
донни	13	noun	19369
кирстен	13	noun	19370
лила	13	noun	19371
соннам	13	noun	19372
хандивлах	13	verb	19373
болдуин	13	noun	19374
далтон	13	noun	19375
ггц	13	noun	19376
кадар	13	noun	19377
лорка	13	noun	19378
каспар	13	noun	19379
сузуки	13	noun	19380
касым	13	noun	19381
ришар	13	noun	19382
ченнай	13	noun	19383
жан-мари	13	noun	19384
аджани	13	noun	19385
фидес	13	noun	19386
атф	13	noun	19387
оззи	13	noun	19388
фибоначчийн	13	noun	19389
ширер	13	noun	19390
хошимин	13	noun	19391
риверсайд	13	noun	19392
венчур	13	noun	19393
түрүүлгэсэн	13	noun	19394
малахит	13	noun	19395
маалайдай	13	noun	19396
говоров	13	noun	19397
родион	13	noun	19398
пэт	13	noun	19399
магуайр	13	noun	19400
хоув	13	noun	19401
курсээ	13	noun	19402
мельников	13	noun	19403
гиббсийн	13	noun	19404
пондекстер	13	noun	19405
индукц	13	noun	19406
роль	13	noun	19407
аялгын	13	noun	19408
самир	13	noun	19409
эркулес	13	noun	19410
чендлер	13	noun	19411
михайлов	13	noun	19412
сухарев	13	noun	19413
захар	13	noun	19414
освенцим	13	noun	19415
цуглуулгууд	13	noun	19416
гараалуулсан	13	noun	19417
уруд	13	noun	19418
армия	13	noun	19419
харачар	13	noun	19420
ханство	13	noun	19421
мёрфи	13	noun	19422
рүүтэр	13	noun	19423
барнсли	13	noun	19424
карвингийн	13	noun	19425
цвейг	13	noun	19426
дундажлан	13	noun	19427
ухамсарлаж	13	noun	19428
русенборг	13	noun	19429
уллевол	13	noun	19430
жадаран	13	noun	19431
дунджилжээ	13	noun	19432
гармоник	13	noun	19433
үхэв	13	noun	19434
авшиг	13	noun	19435
экипаж	13	noun	19436
иммуноглобулин	13	noun	19437
бенуа	13	noun	19438
жанейрын	13	noun	19439
росберг	13	noun	19440
а-ийн	13	noun	19441
нөмрөн	13	noun	19442
явбаас	13	noun	19443
эскиз	13	noun	19444
ийлдэс	13	noun	19445
алайн	13	noun	19446
семенов	13	noun	19447
панмонголизм	13	noun	19448
сб	13	noun	19449
трубадур	13	noun	19450
карлсен	13	noun	19451
пэ	13	noun	19452
ньепс	13	noun	19453
нама	13	noun	19454
феррейра	13	noun	19455
тома	13	noun	19456
шарлах	13	verb	19457
хатингар	13	noun	19458
ялзарч	13	noun	19459
хувилай	13	noun	19460
сөөм	13	noun	19461
онго	13	noun	19462
сканнердах	13	verb	19463
сянь	13	noun	19464
илл	13	noun	19465
уухай	13	noun	19466
чарлес	13	noun	19467
чечен	13	noun	19468
бабухан	13	noun	19469
жюнь	13	noun	19470
эсэхү	13	noun	19471
бэлхэн	13	noun	19472
хөгц	13	noun	19473
хяналт-шинжилгээ	13	noun	19474
нэлсон	13	noun	19475
мазови	13	noun	19476
кареер	13	noun	19477
смайлэй	13	noun	19478
захаамин	13	noun	19479
хабаан	13	noun	19480
второй	13	noun	19481
лагерфелд	13	noun	19482
постмодерн	13	noun	19483
эрзин	13	noun	19484
управление	13	noun	19485
хурлатын	13	noun	19486
черкасова	13	noun	19487
намуу	13	noun	19488
ххв	13	noun	19489
бристолийн	13	noun	19490
свиридовский	13	noun	19491
рух	13	verb	19492
феттель	13	noun	19493
катовице	13	noun	19494
түүвэрлэлт	13	noun	19495
галуа	13	noun	19496
саруулсайхан	13	noun	19497
шуйский	13	noun	19498
асем-ын	13	noun	19499
бохай	13	noun	19500
флотацийн	13	noun	19501
иньжу	13	noun	19502
доторлогоо	13	noun	19503
берголио	13	noun	19504
сканнер	13	noun	19505
дуудалт	13	noun	19506
ундрал	13	noun	19507
дамжуулагдана	13	noun	19508
гантөр	13	noun	19509
казакевич	13	noun	19510
дадлагыг	13	noun	19511
нууцлан	13	noun	19512
призмэн	13	noun	19513
силу	13	noun	19514
мы	13	noun	19515
михаи	13	noun	19516
окситани	13	noun	19517
сэндберг	13	noun	19518
бакич	13	noun	19519
управления	13	noun	19520
раббани	13	noun	19521
торновский	13	noun	19522
шатарчид	13	noun	19523
хонхорцог	13	noun	19524
евролигийн	13	noun	19525
трипл-дабл	13	noun	19526
кпоп	13	noun	19527
лүна	13	noun	19528
бюллетень	13	noun	19529
договор	13	noun	19530
сопхистууд	13	noun	19531
себу	13	noun	19532
будилаан	13	noun	19533
бине	13	noun	19534
дирихлегийн	13	noun	19535
мандельштам	13	noun	19536
скоша	13	noun	19537
канолаг	13	noun	19538
университета	13	noun	19539
словарь	13	noun	19540
уссури	13	noun	19541
урь	13	noun	19542
азерб	13	noun	19543
ламин	13	noun	19544
ламинар	13	noun	19545
хашиц	13	noun	19546
хашицад	13	noun	19547
пел	13	noun	19548
цонхон	13	noun	19549
хлоржуулсан	13	noun	19550
гэмшил	13	noun	19551
эрчлүүр	13	noun	19552
анфо	13	noun	19553
дмю	13	noun	19554
төрбилэгт	13	noun	19555
агила	13	noun	19556
эрукийн	13	noun	19557
алтани	13	noun	19558
калиш	13	noun	19559
фарина	13	noun	19560
алалтун	13	noun	19561
россо	13	noun	19562
фиксаци	13	noun	19563
нагтан	13	noun	19564
рахули	13	noun	19565
октет	13	noun	19566
стеганографик	13	noun	19567
тхип	13	noun	19568
аксесс	13	noun	19569
лхагва-очир	13	noun	19570
факел	13	noun	19571
күүпэр	13	noun	19572
ганнам	13	noun	19573
нефрон	13	noun	19574
апостиль	13	noun	19575
интермед	13	noun	19576
метилмалоны	13	noun	19577
хиро	13	noun	19578
аху	13	noun	19579
аспарагин	13	noun	19580
нажиб	13	noun	19581
хэмцэгийн	13	noun	19582
антонович	13	noun	19583
финтек	13	noun	19584
гидрофобик	13	noun	19585
цитозолын	13	noun	19586
кребсийн	13	noun	19587
сэмуэл	13	noun	19588
ахмат	13	noun	19589
кимура	13	noun	19590
мгимо	13	noun	19591
махорн	13	noun	19592
шудр	13	noun	19593
шилоах	13	verb	19594
горчаков	13	noun	19595
льевич	13	noun	19596
ладакхын	13	noun	19597
хойдхи	13	noun	19598
фулбрайтын	13	noun	19599
капет	13	noun	19600
каллиграфийн	13	noun	19601
зурабишвили	13	noun	19602
кодеин	13	noun	19603
детский	13	noun	19604
фестивалиуд	13	noun	19605
ромерисын	13	noun	19606
гаврилов	13	noun	19607
бурр	13	noun	19608
эгүнэ	13	noun	19609
валенс	13	noun	19610
ковалевская	13	noun	19611
мирнх	13	verb	19612
сополимер	13	noun	19613
залгамал	12	noun	19614
салбарлаж	12	noun	19615
теравада	12	noun	19616
эрхшээж	12	noun	19617
ххк-ий	12	noun	19618
тэрх	12	verb	19619
суурьшуулах	12	verb	19620
чимэдрэгзэнгийн	12	noun	19621
лэгшидийн	12	noun	19622
цулхир	12	noun	19623
цэрэнжавын	12	noun	19624
далхсүрэнгийн	12	noun	19625
чулуунцэцэг	12	noun	19626
днб-ний	12	noun	19627
лхагвагэрэл	12	noun	19628
суурьшуулжээ	12	noun	19629
кембрийн	12	noun	19630
оргихын	12	noun	19631
мнт-ны	12	noun	19632
политика	12	noun	19633
сануулан	12	noun	19634
ишин	12	noun	19635
хушуу	12	noun	19636
амфитеатр	12	noun	19637
загварчилдаг	12	noun	19638
анхаараарай	12	noun	19639
тухайлан	12	noun	19640
эвлэрүүлэх	12	verb	19641
зохиов	12	noun	19642
эмэгтэйлэг	12	noun	19643
важраяна	12	noun	19644
биологийг	12	noun	19645
рг	12	noun	19646
тээр	12	noun	19647
олуулаа	12	noun	19648
брүүк	12	noun	19649
дисахарид	12	noun	19650
хучлага	12	noun	19651
жигмэддорж	12	noun	19652
түмэннаст	12	noun	19653
батхүү	12	noun	19654
ёндонжамц	12	noun	19655
зааглагдаж	12	noun	19656
тө	12	noun	19657
седан	12	noun	19658
бахдал	12	noun	19659
функционал	12	noun	19660
энтропи	12	noun	19661
урьтаж	12	noun	19662
эмчлэн	12	noun	19663
дутах	12	verb	19664
эрхэлнэ	12	noun	19665
зангидан	12	noun	19666
тэгшитгэх	12	verb	19667
уялдсан	12	noun	19668
инфляц	12	noun	19669
дараалуулан	12	noun	19670
иссык-куль	12	noun	19671
хөхөчү	12	noun	19672
европжуу	12	noun	19673
хутула	12	noun	19674
байсанчлан	12	noun	19675
булаалдах	12	verb	19676
жан-пьер	12	noun	19677
нөгөөгийнхөө	12	noun	19678
ан-аас	12	noun	19679
танилцуулгыг	12	noun	19680
чадлынхаа	12	noun	19681
адилтгал	12	noun	19682
өүлэн	12	noun	19683
буулгаад	12	noun	19684
ахул	12	noun	19685
уламжлуулан	12	noun	19686
ярилцан	12	noun	19687
мадейра	12	noun	19688
магма	12	noun	19689
кориолисын	12	noun	19690
хөвдөг	12	noun	19691
русского	12	noun	19692
плата	12	noun	19693
долгормаа	12	noun	19694
филипс	12	noun	19695
ялзрал	12	noun	19696
дагагчид	12	noun	19697
сион	12	noun	19698
эцэж	12	noun	19699
орооцолдсон	12	noun	19700
давхих	12	verb	19701
эрзурум	12	noun	19702
монгол-туркийн	12	noun	19703
большая	12	noun	19704
өгүүлье	12	noun	19705
эвдрэн	12	noun	19706
өвлөгдөж	12	noun	19707
лейбниц	12	noun	19708
муудан	12	noun	19709
гялаан	12	noun	19710
км-ээр	12	noun	19711
сингуляр	12	noun	19712
энтрепренер	12	noun	19713
бадмаараг	12	noun	19714
олзлогдов	12	noun	19715
хомроглон	12	noun	19716
маневрлах	12	verb	19717
соёрхсон	12	noun	19718
шэньси	12	noun	19719
гайхах	12	verb	19720
дүүжлэх	12	verb	19721
загатнах	12	verb	19722
тани	12	noun	19723
дэлгэгдсэн	12	noun	19724
лоохууз	12	noun	19725
байлган	12	noun	19726
шургуу	12	noun	19727
ролийг	12	noun	19728
ульрих	12	verb	19729
баривчлагдаад	12	noun	19730
цугларах	12	verb	19731
жудо	12	noun	19732
пүсан	12	noun	19733
түвшинтөр	12	noun	19734
мөнгөнтуул	12	noun	19735
барашгүй	12	noun	19736
сурталчилан	12	noun	19737
еренхий	12	noun	19738
төлөөлүүлж	12	noun	19739
өвчүүний	12	noun	19740
буйл	12	noun	19741
жигтэйхэн	12	noun	19742
хоормог	12	noun	19743
эри	12	noun	19744
болго	12	noun	19745
сейсмийн	12	noun	19746
таруу	12	noun	19747
катаниа	12	noun	19748
микробиологийн	12	noun	19749
сэргийлэлт	12	noun	19750
политеизм	12	noun	19751
као	12	noun	19752
чулуунхүү	12	noun	19753
оёмол	12	noun	19754
хиллэлдэг	12	noun	19755
золгожээ	12	noun	19756
чонь	12	noun	19757
гоймон	12	noun	19758
мартагдаж	12	noun	19759
шива	12	noun	19760
сайжруулсан	12	noun	19761
хөхөө	12	noun	19762
хувиарлах	12	verb	19763
элба	12	noun	19764
гломерулонефрит	12	noun	19765
бронхит	12	noun	19766
аврагдаж	12	noun	19767
словен	12	noun	19768
беллен	12	noun	19769
пьетро	12	noun	19770
цэлмүүн	12	noun	19771
хөнжлийн	12	noun	19772
зайлах	12	verb	19773
рихтерийн	12	noun	19774
орчил	12	noun	19775
хэлтэг	12	noun	19776
алжаал	12	noun	19777
мий	12	noun	19778
бичигтэн	12	noun	19779
дорждэрэм	12	noun	19780
төхөм	12	noun	19781
сүйрүүлж	12	noun	19782
олшрох	12	verb	19783
уралдуулж	12	noun	19784
кристаллографи	12	noun	19785
зориулагдаж	12	noun	19786
кокс	12	noun	19787
убх-ын	12	noun	19788
лууль	12	noun	19789
даруулга	12	noun	19790
баярлан	12	noun	19791
вүүди	12	noun	19792
эрмэлзлэл	12	noun	19793
классицизмын	12	noun	19794
сандарсан	12	noun	19795
флюорит	12	noun	19796
чимдэг	12	noun	19797
гулсалт	12	noun	19798
идэвхжих	12	verb	19799
оролсон	12	noun	19800
дагуулав	12	noun	19801
сөргөлдөж	12	noun	19802
зүүн-өмнөд	12	noun	19803
хайделбергийн	12	noun	19804
фарад	12	noun	19805
нидер	12	noun	19806
эдээ	12	noun	19807
тасалжээ	12	noun	19808
байсных	12	verb	19809
эмчилнэ	12	noun	19810
тэндэхийн	12	noun	19811
диаметрээс	12	noun	19812
циркони	12	noun	19813
чойжи	12	noun	19814
цоморлог	12	noun	19815
дайчлагдан	12	noun	19816
бутач	12	noun	19817
лувсаннамсрайн	12	noun	19818
ээзгий	12	noun	19819
дээрэнгүй	12	noun	19820
ваня	12	noun	19821
бослогоос	12	noun	19822
тавхан	12	noun	19823
трапец	12	noun	19824
оннигуд	12	noun	19825
литовын	12	noun	19826
жараад	12	noun	19827
молцог	12	noun	19828
хатуурдаг	12	noun	19829
заагдаж	12	noun	19830
виолончель	12	noun	19831
номлосон	12	noun	19832
зэрэгцэхүйц	12	noun	19833
умартан	12	noun	19834
нунтагласан	12	noun	19835
олхонуд	12	noun	19836
лаав	12	noun	19837
өрөвдөлтэй	12	noun	19838
мөрдлөгө	12	noun	19839
өлгөх	12	verb	19840
өлмий	12	noun	19841
августа	12	noun	19842
дайтжээ	12	noun	19843
аваачдаг	12	noun	19844
ульм	12	noun	19845
зүр	12	noun	19846
козин	12	noun	19847
оролдлогоос	12	noun	19848
арбатын	12	noun	19849
буве	12	noun	19850
эзэлсээр	12	noun	19851
бахархах	12	verb	19852
бараадан	12	noun	19853
спирит	12	noun	19854
тропик	12	noun	19855
спам	12	noun	19856
юнеско-оос	12	noun	19857
ахиу	12	noun	19858
эстрада	12	noun	19859
бууцай	12	noun	19860
даруссалам	12	noun	19861
энни	12	noun	19862
стерео	12	noun	19863
имиж	12	noun	19864
ёслол-д	12	noun	19865
айхтар	12	noun	19866
хийгээрэй	12	noun	19867
товчлох	12	verb	19868
постер	12	noun	19869
вахтанг	12	noun	19870
парф	12	noun	19871
хоршин	12	noun	19872
урц	12	noun	19873
мемориал	12	noun	19874
хемингуэй	12	noun	19875
ума	12	noun	19876
нойрсоорой	12	noun	19877
бэтмэн	12	noun	19878
гималай	12	noun	19879
казаний	12	noun	19880
данжила	12	noun	19881
өнхрөх	12	verb	19882
холер	12	noun	19883
чемберлэн	12	noun	19884
люмино	12	noun	19885
этник	12	noun	19886
вудсын	12	noun	19887
лего	12	noun	19888
ойжуулах	12	verb	19889
сум-нэгдлийн	12	noun	19890
дашпунцаг	12	noun	19891
цэцэгмаа	12	noun	19892
үржлийнхээ	12	noun	19893
тэквондогийн	12	noun	19894
атгах	12	verb	19895
байгсад	12	noun	19896
сэтгэлийнхээ	12	noun	19897
сайжирна	12	noun	19898
дарио	12	noun	19899
модернизмын	12	noun	19900
априори	12	noun	19901
даатгаж	12	noun	19902
дулаанхаан	12	noun	19903
оорцог	12	noun	19904
ххк-ны	12	noun	19905
астат	12	noun	19906
радон	12	noun	19907
сүндэрлэж	12	noun	19908
цацав	12	noun	19909
сталинизм	12	noun	19910
маленков	12	noun	19911
зугатсан	12	noun	19912
цитозин	12	noun	19913
тимин	12	noun	19914
халиах	12	verb	19915
тууривсан	12	noun	19916
теором	12	noun	19917
хайчилж	12	noun	19918
тогтносоор	12	noun	19919
гибралтар	12	noun	19920
невис	12	noun	19921
маргах	12	verb	19922
дасаж	12	noun	19923
ассоциаци	12	noun	19924
цагаантаны	12	noun	19925
хоёулангийнх	12	verb	19926
хялбарчилж	12	noun	19927
харьяалахын	12	noun	19928
хийгдэв	12	noun	19929
нижер	12	noun	19930
эсватини	12	noun	19931
тристан	12	noun	19932
сомалиланд	12	noun	19933
цитрусын	12	noun	19934
рус	12	noun	19935
даатгуулагч	12	noun	19936
музейнүүд	12	noun	19937
адарсүрэн	12	noun	19938
довдон	12	noun	19939
дүйнхорын	12	noun	19940
лодой	12	noun	19941
гаржээ	12	noun	19942
батист	12	noun	19943
жоом	12	noun	19944
цацруулах	12	verb	19945
айлгах	12	verb	19946
насална	12	noun	19947
залгалт	12	noun	19948
далавчиндаа	12	noun	19949
хүүр	12	noun	19950
шүүрэл	12	noun	19951
банз	12	noun	19952
таарамжгүй	12	noun	19953
хоргой	12	noun	19954
сэт	12	noun	19955
судалбар	12	noun	19956
дисперс	12	noun	19957
спектрометр	12	noun	19958
босчээ	12	noun	19959
диракийн	12	noun	19960
томъёолж	12	noun	19961
спарс	12	noun	19962
централ	12	noun	19963
пиппен	12	noun	19964
режжи	12	noun	19965
балбар	12	noun	19966
гринвичийн	12	noun	19967
огтлон	12	noun	19968
электрохимийн	12	noun	19969
най	12	noun	19970
салалт	12	noun	19971
мхбх	12	verb	19972
оухбх-ны	12	noun	19973
бактериас	12	noun	19974
дээжинд	12	noun	19975
биологичид	12	noun	19976
түлж	12	noun	19977
галлон	12	noun	19978
бессараби	12	noun	19979
отолтод	12	noun	19980
цу	12	noun	19981
гёттинген	12	noun	19982
мухардалд	12	noun	19983
доройтуулж	12	noun	19984
беловежийн	12	noun	19985
каталон	12	noun	19986
эвлүүлэх	12	verb	19987
чичерин	12	noun	19988
уртаас	12	noun	19989
бнхалу	12	noun	19990
улан-удэ	12	noun	19991
кантат	12	noun	19992
баттүвшин	12	noun	19993
улайран	12	noun	19994
операц	12	noun	19995
геббельс	12	noun	19996
фюрер	12	noun	19997
зүчийг	12	noun	19998
омголон	12	noun	19999
илрэн	12	noun	20000
тимофеевич	12	noun	20001
некрасов	12	noun	20002
цоллож	12	noun	20003
урьтал	12	noun	20004
туршигдаж	12	noun	20005
тампере	12	noun	20006
принцип	12	noun	20007
хилэгнэсэн	12	noun	20008
арчер	12	noun	20009
сэрэмж	12	noun	20010
харриет	12	noun	20011
уорд	12	noun	20012
сименс	12	noun	20013
тодор	12	noun	20014
филиппо	12	noun	20015
шившлэг	12	noun	20016
елисейн	12	noun	20017
баярлах	12	verb	20018
ялгуулсан	12	noun	20019
саатах	12	verb	20020
лавран	12	noun	20021
ажилуулж	12	noun	20022
рекурсив	12	noun	20023
тусгаарлагдмал	12	noun	20024
суурилах	12	verb	20025
днб-д	12	noun	20026
отож	12	noun	20027
жалутын	12	noun	20028
тэмтэрсэн	12	noun	20029
хүйнчи	12	noun	20030
эдэн	12	noun	20031
гуйв	12	noun	20032
бердийг	12	noun	20033
хөхүүр	12	noun	20034
альбумин	12	noun	20035
рр	12	noun	20036
аскорбины	12	noun	20037
мисир	12	noun	20038
сэжиглэн	12	noun	20039
сефевийн	12	noun	20040
дариус	12	noun	20041
ширааз	12	noun	20042
курдистан	12	noun	20043
гази	12	noun	20044
директор	12	noun	20045
саул	12	noun	20046
холокост	12	noun	20047
эгнүүлэн	12	noun	20048
балучистан	12	noun	20049
воевод	12	noun	20050
кор	12	noun	20051
сүхболд	12	noun	20052
таиланд	12	noun	20053
исан	12	noun	20054
огцруулжээ	12	noun	20055
оувс-гийн	12	noun	20056
транснистр	12	noun	20057
закарпат	12	noun	20058
кравчук	12	noun	20059
ющенко	12	noun	20060
луханск	12	noun	20061
франциск	12	noun	20062
хименес	12	noun	20063
крузо	12	noun	20064
кэмп	12	noun	20065
холуур	12	noun	20066
салливан	12	noun	20067
уншлагыг	12	noun	20068
рум	12	noun	20069
ней	12	noun	20070
өзо-ы	12	noun	20071
зөрөлдөж	12	noun	20072
горхийн	12	noun	20073
арвижуулах	12	verb	20074
мавлет	12	noun	20075
өрөөл	12	noun	20076
өстөн	12	noun	20077
яллагдагчаар	12	noun	20078
сент-луйс	12	noun	20079
айленд	12	noun	20080
хаган	12	noun	20081
петтит	12	noun	20082
спартакиад	12	noun	20083
зэ	12	noun	20084
ийст	12	noun	20085
фүкүда	12	noun	20086
эстудиантес	12	noun	20087
франсис	12	noun	20088
мөнхжүүлж	12	noun	20089
печора	12	noun	20090
бнчу-ын	12	noun	20091
хойтон	12	noun	20092
эйндховен	12	noun	20093
тт	12	noun	20094
хонолулу	12	noun	20095
пёньян	12	noun	20096
руй	12	noun	20097
коизүми	12	noun	20098
хялбарчлах	12	verb	20099
гэйтс	12	noun	20100
катунь	12	noun	20101
цэх	12	verb	20102
бердымухамедов	12	noun	20103
оруулбал	12	noun	20104
калгарийн	12	noun	20105
харальд	12	noun	20106
эдмонд	12	noun	20107
кеннел	12	noun	20108
карачай-черкес	12	noun	20109
бүрэг	12	noun	20110
тэгшлэн	12	noun	20111
тохиодолд	12	noun	20112
сигма	12	noun	20113
харилцагчид	12	noun	20114
ямх	12	verb	20115
згхэг-ын	12	noun	20116
эрдэнэтуяа	12	noun	20117
информации	12	noun	20118
хачиун	12	noun	20119
холбоолж	12	noun	20120
захируулахаар	12	noun	20121
ядалт	12	noun	20122
тоох	12	verb	20123
хөдөлгөөнийхөн	12	noun	20124
дагуулжээ	12	noun	20125
вита	12	noun	20126
мессенжер	12	noun	20127
эхуд	12	noun	20128
версингеторикс	12	noun	20129
юкатан	12	noun	20130
кими	12	noun	20131
ндрович	12	noun	20132
дарагдах	12	verb	20133
клайд	12	noun	20134
барилгажилт	12	noun	20135
итцагийн	12	noun	20136
валле	12	noun	20137
микений	12	noun	20138
эллиний	12	noun	20139
ичгүүр	12	noun	20140
мэтью	12	noun	20141
хаммурапи	12	noun	20142
герард	12	noun	20143
тогтоогчид	12	noun	20144
эдна	12	noun	20145
пий	12	noun	20146
минарет	12	noun	20147
агустин	12	noun	20148
мүгдэн	12	noun	20149
орисса	12	noun	20150
юдит	12	noun	20151
артём	12	noun	20152
иствүүд	12	noun	20153
родригез	12	noun	20154
каплан	12	noun	20155
стара	12	noun	20156
бхарат	12	noun	20157
тайзун	12	noun	20158
суворов	12	noun	20159
норрис	12	noun	20160
хөдөлгөв	12	noun	20161
хуягласан	12	noun	20162
кодекс	12	noun	20163
дартс	12	noun	20164
балхжав	12	noun	20165
пүрэвдаш	12	noun	20166
исмайл	12	noun	20167
баяндара	12	noun	20168
очирболд	12	noun	20169
вятка	12	noun	20170
тусгаарлагдах	12	verb	20171
кг-аар	12	noun	20172
хучих	12	verb	20173
модожсон	12	noun	20174
цайвардуу	12	noun	20175
даллан	12	noun	20176
гаршсан	12	noun	20177
харавтар	12	noun	20178
романович	12	noun	20179
таксономийн	12	noun	20180
тронхейм	12	noun	20181
биатлон	12	noun	20182
ысык	12	noun	20183
луангпрабанг	12	noun	20184
континентал	12	noun	20185
өлзийбат	12	noun	20186
яа	12	noun	20187
лимбэчин	12	noun	20188
зодоглосон	12	noun	20189
нэт	12	noun	20190
дорнодынхон	12	noun	20191
шутис-д	12	noun	20192
подстамын	12	noun	20193
тунхагалсан	12	noun	20194
шаар	12	noun	20195
айзек	12	noun	20196
сергеевна	12	noun	20197
жанчхүү	12	noun	20198
литвиненко	12	noun	20199
мишустин	12	noun	20200
пугачёва	12	noun	20201
ббсб	12	noun	20202
пац	12	noun	20203
асгаруулсан	12	noun	20204
нху	12	noun	20205
ортер	12	noun	20206
улаанцав	12	noun	20207
цыши	12	noun	20208
баттиста	12	noun	20209
аваргалав	12	noun	20210
лотус	12	noun	20211
грибоедов	12	noun	20212
убдс-ийг	12	noun	20213
бнэу-д	12	noun	20214
лесбиян	12	noun	20215
цангах	12	verb	20216
процессүүд	12	noun	20217
рий	12	noun	20218
шрёдингерийн	12	noun	20219
контроллер	12	noun	20220
капитолын	12	noun	20221
малкольм	12	noun	20222
маус	12	noun	20223
батлуулав	12	noun	20224
ньюман	12	noun	20225
стефани	12	noun	20226
кребс	12	noun	20227
бодибилдингийн	12	noun	20228
мау	12	noun	20229
сантиаго	12	noun	20230
шайбтай	12	noun	20231
дууриар	12	noun	20232
бергер	12	noun	20233
уланова	12	noun	20234
худини	12	noun	20235
венустиано	12	noun	20236
ят	12	noun	20237
арлингтон	12	noun	20238
тохиожээ	12	noun	20239
дойл	12	noun	20240
сүйрэв	12	noun	20241
брест-литовск	12	noun	20242
электрик	12	noun	20243
блаттер	12	noun	20244
бергман	12	noun	20245
няцаав	12	noun	20246
хайти	12	noun	20247
нис	12	noun	20248
чү	12	noun	20249
бойер	12	noun	20250
виннипег	12	noun	20251
дарби	12	noun	20252
нормал	12	noun	20253
версаче	12	noun	20254
лотар	12	noun	20255
миссиссипи	12	noun	20256
канагава	12	noun	20257
муэх-ны	12	noun	20258
амилуулах	12	verb	20259
оперативын	12	noun	20260
ахх	12	verb	20261
боксит	12	noun	20262
элла	12	noun	20263
гиннессийн	12	noun	20264
хочлох	12	verb	20265
крилл	12	noun	20266
саундерс	12	noun	20267
селекцийн	12	noun	20268
үнсэлт	12	noun	20269
униар	12	noun	20270
ковач	12	noun	20271
дива	12	noun	20272
хамгаалагдах	12	verb	20273
хөхүүлэх	12	verb	20274
гхах	12	verb	20275
хөөндэй	12	noun	20276
гөлтгөнийг	12	noun	20277
замба	12	noun	20278
клауд	12	noun	20279
айвор-новелло	12	noun	20280
өчиг	12	noun	20281
бэгэрсэн	12	noun	20282
уясан	12	noun	20283
хэлсэнчлэн	12	noun	20284
пинк	12	noun	20285
өлгөсөн	12	noun	20286
төгстөмөр	12	noun	20287
хархуцаг	12	noun	20288
буллок	12	noun	20289
дифлимпийн	12	noun	20290
уз-ийн	12	noun	20291
ноу	12	noun	20292
дуурсгасан	12	noun	20293
сиро	12	noun	20294
осасуна	12	noun	20295
цэгцгийнхэн	12	noun	20296
шижирбаатар	12	noun	20297
бохио	12	noun	20298
өгүүлэн	12	noun	20299
сильва	12	noun	20300
эньлай	12	noun	20301
пэйн	12	noun	20302
коко	12	noun	20303
чианг	12	noun	20304
нэйсмит	12	noun	20305
костнер	12	noun	20306
жагсав	12	noun	20307
хөндөлтийг	12	noun	20308
давуулсан	12	noun	20309
хосни	12	noun	20310
хиггинс	12	noun	20311
вега	12	noun	20312
полк	12	noun	20313
манагуа	12	noun	20314
ковбой	12	noun	20315
ребекка	12	noun	20316
назарет	12	noun	20317
курдистаны	12	noun	20318
элли	12	noun	20319
икс	12	noun	20320
рондо	12	noun	20321
бүлтгэр	12	noun	20322
кавендиш	12	noun	20323
минкус	12	noun	20324
самюэль	12	noun	20325
пехлеви	12	noun	20326
барь	12	noun	20327
дарамтлах	12	verb	20328
рүүни	12	noun	20329
дохь	12	noun	20330
камилла	12	noun	20331
черномырдин	12	noun	20332
бүрэнхий	12	noun	20333
людвик	12	noun	20334
селена	12	noun	20335
цацжээ	12	noun	20336
жарвис	12	noun	20337
аннэ	12	noun	20338
сабонис	12	noun	20339
хепбёрн	12	noun	20340
готье	12	noun	20341
корчной	12	noun	20342
соломин	12	noun	20343
зои	12	noun	20344
самора	12	noun	20345
няцаан	12	noun	20346
тажикстан	12	noun	20347
чарлз	12	noun	20348
герек	12	noun	20349
тайрдас	12	noun	20350
ойртуулан	12	noun	20351
украинка	12	noun	20352
цусархаг	12	noun	20353
онцсайн	12	noun	20354
термоцөмийн	12	noun	20355
туан	12	noun	20356
ягеллон	12	noun	20357
бетис	12	noun	20358
чарити	12	noun	20359
гьян	12	noun	20360
дуучин-дуу	12	noun	20361
дэлгэрүүлбэл	12	noun	20362
үгүйлэгдсэн	12	noun	20363
мөхөсдөж	12	noun	20364
ливэрпүүл	12	noun	20365
тайпин	12	noun	20366
минамото	12	noun	20367
өргөмжлөөд	12	noun	20368
ут	12	noun	20369
сноубордын	12	noun	20370
трофей	12	noun	20371
словений	12	noun	20372
үйлдвэрлэгдэн	12	noun	20373
уранил	12	noun	20374
тайжид	12	noun	20375
тохтоа	12	noun	20376
телевидения	12	noun	20377
нанси	12	noun	20378
олажьювон	12	noun	20379
рэд	12	noun	20380
агнета	12	noun	20381
панов	12	noun	20382
кантабрийн	12	noun	20383
францискан	12	noun	20384
жан-клод	12	noun	20385
кэхилл	12	noun	20386
эстебан	12	noun	20387
дуйсбург	12	noun	20388
үжээд	12	noun	20389
уваш	12	noun	20390
байрлуулаад	12	noun	20391
эмполи	12	noun	20392
витесс	12	noun	20393
мичел	12	noun	20394
хэмпшир	12	noun	20395
шороодон	12	noun	20396
гетта	12	noun	20397
хашиха	12	noun	20398
ишлодой	12	noun	20399
мөгөөрс	12	noun	20400
авро	12	noun	20401
халалт	12	noun	20402
өрлөгөн	12	noun	20403
пенициллиний	12	noun	20404
вгик	12	noun	20405
аюурвед	12	noun	20406
страсбур	12	noun	20407
задаргаа	12	noun	20408
симметрийн	12	noun	20409
морли	12	noun	20410
кипиани	12	noun	20411
элеонор	12	noun	20412
масхадов	12	noun	20413
аламосын	12	noun	20414
оппортунист	12	noun	20415
жирардо	12	noun	20416
гафт	12	noun	20417
рүүки	12	noun	20418
ану-руу	12	noun	20419
пикселийн	12	noun	20420
яунде	12	noun	20421
жинхэлсэн	12	noun	20422
дэвисон	12	noun	20423
шань	12	noun	20424
улаанхүүгийн	12	noun	20425
караганда	12	noun	20426
тоньюкук	12	noun	20427
маралжингоо	12	noun	20428
асаг	12	noun	20429
ривз	12	noun	20430
хавтагийн	12	noun	20431
тоорцог	12	noun	20432
монгол-солонгосын	12	noun	20433
залгиур	12	noun	20434
цацраган	12	noun	20435
хорсол	12	noun	20436
борисовна	12	noun	20437
хуваалт	12	noun	20438
дэмидбаатар	12	noun	20439
отгонцэцэг	12	noun	20440
бөөрөн	12	noun	20441
хувьсамтгай	12	noun	20442
полимерүүдийн	12	noun	20443
дамжуулгын	12	noun	20444
арзгар	12	noun	20445
сувганцрын	12	noun	20446
девон	12	noun	20447
ажиллагч	12	noun	20448
акоустик	12	noun	20449
психосоматик	12	noun	20450
жижүүрийн	12	noun	20451
дүй	12	noun	20452
юрьевич	12	noun	20453
мүхаүт-ын	12	noun	20454
модуляци	12	noun	20455
удирдав	12	noun	20456
шүүрэх	12	verb	20457
үдэлтийн	12	noun	20458
зураглах	12	verb	20459
кашкай	12	noun	20460
исследование	12	noun	20461
лигурийн	12	noun	20462
кузьменко	12	noun	20463
слово	12	noun	20464
сонжун	12	noun	20465
дистрибьютер	12	noun	20466
только	12	noun	20467
эргүүлэлтийн	12	noun	20468
сел	12	noun	20469
биелүүлэн	12	noun	20470
янни	12	noun	20471
тунгаах	12	verb	20472
жэнь	12	noun	20473
агнесса	12	noun	20474
хэсэгчилэн	12	noun	20475
юна	12	noun	20476
зодоглосноос	12	noun	20477
войны	12	noun	20478
өвөрмонгол	12	noun	20479
кейсон	12	noun	20480
бүрэнбэх	12	verb	20481
рф	12	noun	20482
лаборант	12	noun	20483
серологийн	12	noun	20484
даянбүүвэй	12	noun	20485
изоморф	12	noun	20486
гл	12	noun	20487
концентрац	12	noun	20488
мвт-ын	12	noun	20489
халиагуур	12	noun	20490
англи-монгол	12	noun	20491
постдрамын	12	noun	20492
симферополь	12	noun	20493
они	12	noun	20494
педолитүүд	12	noun	20495
гетто	12	noun	20496
төлүүлэх	12	verb	20497
гел	12	noun	20498
отгонбат	12	noun	20499
мой	12	noun	20500
матьё	12	noun	20501
хартман	12	noun	20502
вський	12	noun	20503
гэсэржавын	12	noun	20504
подписания	12	noun	20505
будалт	12	noun	20506
исследования	12	noun	20507
марковын	12	noun	20508
торвардс	12	noun	20509
шавилж	12	noun	20510
жан-франсуа	12	noun	20511
реап	12	noun	20512
аа-ийн	12	noun	20513
вандермондын	12	noun	20514
кастили	12	noun	20515
гель	12	noun	20516
дзо-ны	12	noun	20517
семестр	12	noun	20518
тухайлах	12	verb	20519
гөлгөржүүлэх	12	verb	20520
эминэм-ийн	12	noun	20521
кофактор	12	noun	20522
трнх	12	verb	20523
нэшнлз	12	noun	20524
хожуул	12	noun	20525
генк	12	noun	20526
трансфермаркт	12	noun	20527
тернополь	12	noun	20528
уичито	12	noun	20529
век	12	noun	20530
хашицын	12	noun	20531
насжилт	12	noun	20532
кристаллан	12	noun	20533
капитен	12	noun	20534
бүрнээбаяр	12	noun	20535
хэлбэржилт	12	noun	20536
рэнцэнханд	12	noun	20537
фасад	12	noun	20538
гломалин	12	noun	20539
айртон	12	noun	20540
хүн-чүүдийн	12	noun	20541
гомбоев	12	noun	20542
работа	12	noun	20543
нейтрофил	12	noun	20544
чуулгыг	12	noun	20545
флов	12	noun	20546
свитч	12	noun	20547
найдандорж	12	noun	20548
трожанууд	12	noun	20549
юникаст	12	noun	20550
элбэгтөгс	12	noun	20551
теории	12	noun	20552
шүүдэрцэцэг	12	noun	20553
дүүрэнсаран	12	noun	20554
чиглүүлэг	12	noun	20555
тунав	12	noun	20556
экэ	12	noun	20557
криоген	12	noun	20558
айсмарк	12	noun	20559
бэррон	12	noun	20560
тоулмен	12	noun	20561
манхаймын	12	noun	20562
коламбия	12	noun	20563
институц	12	noun	20564
филогенетик	12	noun	20565
пулем	12	noun	20566
холтослог	12	noun	20567
отношения	12	noun	20568
соглашается	12	noun	20569
одного	12	noun	20570
министр	12	noun	20571
центрального	12	noun	20572
түрүүлвэл	12	noun	20573
чарушин	12	noun	20574
штайнвег	12	noun	20575
ацил	12	noun	20576
энагурэ	12	noun	20577
чогров	12	noun	20578
тэргэнцэртэй	12	noun	20579
розалин	12	noun	20580
стармер	12	noun	20581
каляев	12	noun	20582
амати	12	noun	20583
ваалсын	12	noun	20584
херцль	12	noun	20585
альдаратын	12	noun	20586
кутб	12	noun	20587
көчөм	12	noun	20588
аксиоматик	12	noun	20589
артезийн	12	noun	20590
спицэр	12	noun	20591
октаэдр	12	noun	20592
сеченов	12	noun	20593
ухтомский	12	noun	20594
пму	12	noun	20595
зименс	12	noun	20596
нетбол	12	noun	20597
эрзя	12	noun	20598
агамоттогийн	12	noun	20599
хулк	12	noun	20600
всесоюзного	12	noun	20601
сенсор	12	noun	20602
бускареллус	12	noun	20603
песталоццийн	12	noun	20604
стубб	12	noun	20605
уучлаарай	11	noun	20606
гээхгүй	11	noun	20607
түрхэж	11	noun	20608
тэмцэлдэн	11	noun	20609
кинотеатр	11	noun	20610
багахангай	11	noun	20611
чунчин	11	noun	20612
сэрдамба	11	noun	20613
жимсгэний	11	noun	20614
тоолуулж	11	noun	20615
тууварчин	11	noun	20616
сономбалжирын	11	noun	20617
ширбазарын	11	noun	20618
медал	11	noun	20619
баянзаг	11	noun	20620
цогт-овоо	11	noun	20621
харлаг	11	noun	20622
лувсандаш	11	noun	20623
машлай	11	noun	20624
орхан	11	noun	20625
гидрокарбонат	11	noun	20626
хөөмөл	11	noun	20627
эрмэлзэн	11	noun	20628
шуургыг	11	noun	20629
вал	11	noun	20630
үгүйсгэн	11	noun	20631
блүмингтон	11	noun	20632
колониос	11	noun	20633
антантын	11	noun	20634
туркээс	11	noun	20635
термометр	11	noun	20636
солиод	11	noun	20637
аплоуд	11	noun	20638
хүмүн	11	noun	20639
өвөрхангайнхан	11	noun	20640
зориглон	11	noun	20641
огцруулав	11	noun	20642
партнерс	11	noun	20643
гайхагдсан	11	noun	20644
таацын	11	noun	20645
рэнцэндорж	11	noun	20646
мугб	11	noun	20647
муау	11	noun	20648
гаутама	11	noun	20649
айлджээ	11	noun	20650
үрэлгэн	11	noun	20651
баянтал	11	noun	20652
геоморфологийн	11	noun	20653
хааис-ийн	11	noun	20654
веспуччи	11	noun	20655
хөгширсөн	11	noun	20656
өргөсөж	11	noun	20657
сампин	11	noun	20658
гацах	11	verb	20659
тэгэлгүй	11	noun	20660
хийсвэрлэн	11	noun	20661
дүрийнхээ	11	noun	20662
артиллер	11	noun	20663
засварлан	11	noun	20664
мухлаг	11	noun	20665
багцалж	11	noun	20666
ойртолт	11	noun	20667
эдэлгээтэй	11	noun	20668
загварчилж	11	noun	20669
онилж	11	noun	20670
хадгалагджээ	11	noun	20671
хэтрээгүй	11	noun	20672
бнхау-н	11	noun	20673
евразии	11	noun	20674
ия	11	noun	20675
яу	11	noun	20676
перельман	11	noun	20677
төвхнүүлэх	11	verb	20678
парламентат	11	noun	20679
хуралдав	11	noun	20680
санаачлагчид	11	noun	20681
батлуулах	11	verb	20682
агро	11	noun	20683
еабхаб	11	noun	20684
ойлговол	11	noun	20685
хэлмэгдүүлж	11	noun	20686
сегментчилэл	11	noun	20687
илчлэн	11	noun	20688
цагаатгал	11	noun	20689
сүслэн	11	noun	20690
концесс	11	noun	20691
гутаах	11	verb	20692
дайтав	11	noun	20693
ферма	11	noun	20694
сумъяабат	11	noun	20695
солигджээ	11	noun	20696
эстер	11	noun	20697
бхарата	11	noun	20698
залгуулан	11	noun	20699
кастын	11	noun	20700
брикс-ийн	11	noun	20701
галиглан	11	noun	20702
тэнцүүлсэн	11	noun	20703
дезоксирибонуклейн	11	noun	20704
хангагдах	11	verb	20705
гуйвуулсан	11	noun	20706
монотеизм	11	noun	20707
зугатах	11	verb	20708
терра	11	noun	20709
оруулалгүй	11	noun	20710
болцгоожээ	11	noun	20711
чэйн	11	noun	20712
золотая	11	noun	20713
дагуулсан	11	noun	20714
анжис	11	noun	20715
тулабуга	11	noun	20716
кильдибег	11	noun	20717
одос	11	noun	20718
пасха	11	noun	20719
иудейчүүд	11	noun	20720
иштар	11	noun	20721
майлен	11	noun	20722
асуужээ	11	noun	20723
явагддаг	11	noun	20724
цацрах	11	verb	20725
бөмбөлгөн	11	noun	20726
багтамгүй	11	noun	20727
цацаргалт	11	noun	20728
таржээ	11	noun	20729
стейт	11	noun	20730
магистрантурт	11	noun	20731
цэрэнлхам	11	noun	20732
дамжуулагчид	11	noun	20733
зэвсэглэж	11	noun	20734
туслуулахаар	11	noun	20735
тамлаж	11	noun	20736
устжээ	11	noun	20737
экспортолж	11	noun	20738
сийн	11	noun	20739
пүрэвжал	11	noun	20740
жуу	11	noun	20741
нол	11	noun	20742
татгалзвал	11	noun	20743
зүсэн	11	noun	20744
хөнөөдөг	11	noun	20745
булах	11	verb	20746
дамжлагыг	11	noun	20747
кек	11	noun	20748
шийтгэгдэж	11	noun	20749
дамбажав	11	noun	20750
пуанкарегийн	11	noun	20751
медалиас	11	noun	20752
сорилго	11	noun	20753
цогтжаргал	11	noun	20754
янжиндулам	11	noun	20755
гэрэлтуяа	11	noun	20756
цэрэнбат	11	noun	20757
буяндэлгэрийн	11	noun	20758
лувсанчүлтэм	11	noun	20759
дама	11	noun	20760
мэдрэгдэх	11	verb	20761
хэтрүүлэх	11	verb	20762
дашдовдон	11	noun	20763
хүйтэрдэг	11	noun	20764
ухааран	11	noun	20765
ростислав	11	noun	20766
литосферийн	11	noun	20767
үзэглэсэн	11	noun	20768
бослогууд	11	noun	20769
тайлагдалт	11	noun	20770
эе	11	noun	20771
дэлгэрэн	11	noun	20772
сын-мань	11	noun	20773
дампуурал	11	noun	20774
хөг	11	noun	20775
хаа-д	11	noun	20776
хөлдөөх	11	verb	20777
өтгөрүүлсэн	11	noun	20778
эргэлздэг	11	noun	20779
албадлагаар	11	noun	20780
зсбнху-тай	11	noun	20781
сульдах	11	verb	20782
дэмб-аас	11	noun	20783
аэрозол	11	noun	20784
креатинин	11	noun	20785
түүдгэнцрийн	11	noun	20786
баран	11	noun	20787
үүргийнхээ	11	noun	20788
өрнүүлэн	11	noun	20789
дургүйцэн	11	noun	20790
гуйлгачин	11	noun	20791
төчнөөн	11	noun	20792
брамс	11	noun	20793
гивлүүр	11	noun	20794
угсран	11	noun	20795
интерполяцийн	11	noun	20796
үйлчлэн	11	noun	20797
убаш	11	noun	20798
тэжээгдэж	11	noun	20799
огдой	11	noun	20800
царам	11	noun	20801
аянчин	11	noun	20802
хошууныхан	11	noun	20803
суурших	11	verb	20804
идээшиж	11	noun	20805
цухас	11	noun	20806
дашравдан	11	noun	20807
орхонбаяр	11	noun	20808
мандахбаяр	11	noun	20809
эрхбиш	11	noun	20810
хүндрүүлж	11	noun	20811
дакар	11	noun	20812
насан-аривжих	11	verb	20813
петрологи	11	noun	20814
анархизм	11	noun	20815
металлурги	11	noun	20816
хийдэг	11	noun	20817
тусгаарлагдан	11	noun	20818
цэрэв	11	noun	20819
норжин	11	noun	20820
хэлмэгдлийн	11	noun	20821
усжуулах	11	verb	20822
га-г	11	noun	20823
хэмхдэст	11	noun	20824
норжмаа	11	noun	20825
шавхагдаж	11	noun	20826
нус	11	noun	20827
галзуурсан	11	noun	20828
булаах	11	verb	20829
люсьен	11	noun	20830
дарлан	11	noun	20831
уурлах	11	verb	20832
философч	11	noun	20833
аймшиг	11	noun	20834
целестин	11	noun	20835
трансформ	11	noun	20836
нормаль	11	noun	20837
кундуз	11	noun	20838
захир	11	noun	20839
тахар	11	noun	20840
мандуулжээ	11	noun	20841
баруун-өмнөд	11	noun	20842
майлс	11	noun	20843
кидман	11	noun	20844
захиргаа-нутаг	11	noun	20845
атолл	11	noun	20846
доминион	11	noun	20847
акадиа	11	noun	20848
нато-г	11	noun	20849
оргилолт	11	noun	20850
дуэль	11	noun	20851
өвлөсөн	11	noun	20852
шуудай	11	noun	20853
дассан	11	noun	20854
урхинд	11	noun	20855
хураангуйлан	11	noun	20856
бичсээр	11	noun	20857
даатган	11	noun	20858
шуугиж	11	noun	20859
волдеморт	11	noun	20860
хөсөр	11	noun	20861
төрүүлээд	11	noun	20862
анзаараагүй	11	noun	20863
бодот	11	noun	20864
камю	11	noun	20865
таганрог	11	noun	20866
энергиэ	11	noun	20867
засварлажээ	11	noun	20868
таахад	11	noun	20869
салам	11	noun	20870
летопись	11	noun	20871
симеон	11	noun	20872
тохож	11	noun	20873
шөрмөсөн	11	noun	20874
голдман	11	noun	20875
поллак	11	noun	20876
арилсан	11	noun	20877
бусниулах	11	verb	20878
хөнгөлөх	11	verb	20879
төлөвшин	11	noun	20880
дуурайсан	11	noun	20881
шота	11	noun	20882
баясгах	11	verb	20883
виржил	11	noun	20884
эней	11	noun	20885
лолита	11	noun	20886
хуртэл	11	noun	20887
богиноор	11	noun	20888
анаэроб	11	noun	20889
лааз	11	noun	20890
микеланжело-гийн	11	noun	20891
одот	11	noun	20892
цуцлагджээ	11	noun	20893
лейден	11	noun	20894
жокондагийн	11	noun	20895
сархад	11	noun	20896
гайхуулж	11	noun	20897
электра	11	noun	20898
сүлжиж	11	noun	20899
баяжих	11	verb	20900
клаудиа	11	noun	20901
арчих	11	verb	20902
солиорол	11	noun	20903
ганцаарчлан	11	noun	20904
салман	11	noun	20905
тарбозавр	11	noun	20906
банхар	11	noun	20907
хурдсах	11	verb	20908
чихмэл	11	noun	20909
зөрөх	11	verb	20910
функцээс	11	noun	20911
орос-польшийн	11	noun	20912
хуралджээ	11	noun	20913
абу-даби	11	noun	20914
севан	11	noun	20915
тутарга	11	noun	20916
ново	11	noun	20917
ургал	11	noun	20918
шваб	11	noun	20919
оролдсоор	11	noun	20920
паваротти	11	noun	20921
бохем	11	noun	20922
ути	11	noun	20923
багасган	11	noun	20924
байцай	11	noun	20925
чингэж	11	noun	20926
бухимдал	11	noun	20927
жосеф	11	noun	20928
кэйн	11	noun	20929
андерграунд	11	noun	20930
слим	11	noun	20931
новш	11	noun	20932
дууных	11	verb	20933
ярив	11	noun	20934
гага	11	noun	20935
жагсжээ	11	noun	20936
уорлд	11	noun	20937
далдуу	11	noun	20938
концессын	11	noun	20939
мирзиёев	11	noun	20940
сельжук	11	noun	20941
ынх	11	verb	20942
алишер	11	noun	20943
синхал	11	noun	20944
норма	11	noun	20945
нууран	11	noun	20946
хүснэгтэн	11	noun	20947
галдмаа	11	noun	20948
тулгах	11	verb	20949
дамжигдаж	11	noun	20950
амжиллтай	11	noun	20951
мишигдорж	11	noun	20952
оджаргал	11	noun	20953
сугар-очир	11	noun	20954
төмөрсүх	11	verb	20955
леонидович	11	noun	20956
шийдмэг	11	noun	20957
ганимед	11	noun	20958
есөнбулаг	11	noun	20959
лувсанжамба	11	noun	20960
батцоож	11	noun	20961
болдхуяг	11	noun	20962
харуулбал	11	noun	20963
сүрлэн	11	noun	20964
үхэрчин	11	noun	20965
иттри	11	noun	20966
роди	11	noun	20967
сономпил	11	noun	20968
хурай	11	noun	20969
сөхөрч	11	noun	20970
авхиа	11	noun	20971
улаанхүү	11	noun	20972
супернова	11	noun	20973
найрлагаар	11	noun	20974
инк	11	noun	20975
конфедерацийн	11	noun	20976
параллел	11	noun	20977
пентоз	11	noun	20978
зэмлэн	11	noun	20979
нуклеиний	11	noun	20980
манж-тунгус	11	noun	20981
арматур	11	noun	20982
трент	11	noun	20983
оху-ыг	11	noun	20984
мзх-ны	11	noun	20985
гильбертийн	11	noun	20986
унц	11	noun	20987
нэмбэл	11	noun	20988
дарьзавын	11	noun	20989
хүдэрчулуун	11	noun	20990
батлалцсан	11	noun	20991
түмэндэлгэр	11	noun	20992
дарамзагд	11	noun	20993
синус	11	noun	20994
огтлолцсон	11	noun	20995
заир	11	noun	20996
мартиник	11	noun	20997
эсэргүүцэгч	11	noun	20998
юнеско-д	11	noun	20999
хохирч	11	noun	21000
малынхаа	11	noun	21001
хавсруулан	11	noun	21002
ажиллагчид	11	noun	21003
надмид	11	noun	21004
баянбат	11	noun	21005
шавиас	11	noun	21006
дуламжав	11	noun	21007
хангав	11	noun	21008
борог	11	noun	21009
цэндээхүү	11	noun	21010
нарийсаж	11	noun	21011
гүйцэтгэгдэнэ	11	noun	21012
багалзуурын	11	noun	21013
шөвгөр	11	noun	21014
алдагдуулах	11	verb	21015
эммануэл	11	noun	21016
эмхтгэн	11	noun	21017
монгол-англи	11	noun	21018
уралдуулдаг	11	noun	21019
никитин	11	noun	21020
амжилтынхаа	11	noun	21021
томилгоо	11	noun	21022
ханиах	11	verb	21023
доошилж	11	noun	21024
зарцуулга	11	noun	21025
хомсдох	11	verb	21026
дурсагдах	11	verb	21027
аравгар	11	noun	21028
хавьталд	11	noun	21029
дох-той	11	noun	21030
хуваагдашгүй	11	noun	21031
ган	11	noun	21032
жигнэх	11	verb	21033
родман	11	noun	21034
хүнхэр	11	noun	21035
аихт-ийн	11	noun	21036
ёсоо	11	noun	21037
заяамандах	11	verb	21038
омуль	11	noun	21039
түүнийхээр	11	noun	21040
задарчээ	11	noun	21041
хотогойд	11	noun	21042
роскосмос	11	noun	21043
нуклон	11	noun	21044
цочроогч	11	noun	21045
байдлаарх	11	verb	21046
төрлийнх	11	verb	21047
пгу-ын	11	noun	21048
днх-ын	11	noun	21049
бүлүүрийн	11	noun	21050
оператив	11	noun	21051
харагдав	11	noun	21052
шулуухан	11	noun	21053
таалагдахгүй	11	noun	21054
аүк	11	noun	21055
огтлолцдог	11	noun	21056
төлөвших	11	verb	21057
советских	11	verb	21058
гаргагчид	11	noun	21059
өрөх	11	verb	21060
чимэх	11	verb	21061
уйлах	11	verb	21062
хагацаж	11	noun	21063
шагнагдав	11	noun	21064
эрслэн	11	noun	21065
аранжин	11	noun	21066
тэрслүү	11	noun	21067
ану-аар	11	noun	21068
өвлүүлэх	11	verb	21069
симфониуд	11	noun	21070
түйвээн	11	noun	21071
галлаж	11	noun	21072
рейхийн	11	noun	21073
хослох	11	verb	21074
анаксимандр	11	noun	21075
санхүү-эдийн	11	noun	21076
лов	11	noun	21077
таалагдах	11	verb	21078
азов	11	noun	21079
и-гийн	11	noun	21080
сэмхэн	11	noun	21081
ямбыг	11	noun	21082
примат	11	noun	21083
карамазовын	11	noun	21084
чернышевский	11	noun	21085
флоренцид	11	noun	21086
старая	11	noun	21087
тэргүүт	11	noun	21088
инкийн	11	noun	21089
ардчилагчид	11	noun	21090
даунс	11	noun	21091
хэцүүхэн	11	noun	21092
бослогоор	11	noun	21093
командлах	11	verb	21094
бнпау	11	noun	21095
сесил	11	noun	21096
мадеро	11	noun	21097
ятсен	11	noun	21098
залгуулах	11	verb	21099
монтень	11	noun	21100
мэтгэлцэх	11	verb	21101
арсенат	11	noun	21102
цянь	11	noun	21103
гүнчин	11	noun	21104
макрофаг	11	noun	21105
мезозойн	11	noun	21106
лхаарамба	11	noun	21107
хөгжүүлэгдэж	11	noun	21108
насалж	11	noun	21109
жар	11	noun	21110
лувсангомбын	11	noun	21111
санаачилгууд	11	noun	21112
тулунбег	11	noun	21113
залав	11	noun	21114
эдигу	11	noun	21115
хандлагаас	11	noun	21116
сүлдүс	11	noun	21117
байду	11	noun	21118
сати	11	noun	21119
сукарно	11	noun	21120
авлигыг	11	noun	21121
үчимбэр	11	noun	21122
бөмбөгдөн	11	noun	21123
шри-ланк	11	noun	21124
македони	11	noun	21125
импортолдог	11	noun	21126
иоанна	11	noun	21127
гутерреш	11	noun	21128
михаэл	11	noun	21129
неолитийн	11	noun	21130
винер	11	noun	21131
мусса	11	noun	21132
давтжээ	11	noun	21133
лувр	11	noun	21134
кадр	11	noun	21135
гүнлиг	11	noun	21136
цагаавтар	11	noun	21137
харьяалах	11	verb	21138
мехмет	11	noun	21139
модернист	11	noun	21140
авив	11	noun	21141
савхи	11	noun	21142
хөххот	11	noun	21143
гүрёо	11	noun	21144
өвөртөлсөн	11	noun	21145
африк-америк	11	noun	21146
кашмер	11	noun	21147
володя	11	noun	21148
димитровын	11	noun	21149
касым-жомарт	11	noun	21150
чимкент	11	noun	21151
салбарладаг	11	noun	21152
усархаг	11	noun	21153
корасон	11	noun	21154
вила	11	noun	21155
цыбиков	11	noun	21156
ушаков	11	noun	21157
барнс	11	noun	21158
эдмон	11	noun	21159
дээд-үд	11	noun	21160
благовещенск	11	noun	21161
пальмов	11	noun	21162
советская	11	noun	21163
айлчлалынхаа	11	noun	21164
тыва	11	noun	21165
ширхтэн	11	noun	21166
вилхельм	11	noun	21167
сурга	11	noun	21168
жорлонгийн	11	noun	21169
усалж	11	noun	21170
ингуш	11	noun	21171
ваш	11	noun	21172
кабардино-балкар	11	noun	21173
нальчик	11	noun	21174
горно-алтайск	11	noun	21175
өөрчлөгдөв	11	noun	21176
ангийнхаа	11	noun	21177
завсарлаж	11	noun	21178
блү	11	noun	21179
сулрал	11	noun	21180
своп	11	noun	21181
вэнь	11	noun	21182
уусган	11	noun	21183
ариунбуян	11	noun	21184
ган-очир	11	noun	21185
өсөх-ирээдүй	11	noun	21186
титикака	11	noun	21187
хүлээсээр	11	noun	21188
нэмэв	11	noun	21189
хүүгийнх	11	verb	21190
бүри	11	noun	21191
хүргэгдэн	11	noun	21192
полгар	11	noun	21193
бойжуулах	11	verb	21194
юпитер	11	noun	21195
амтархан	11	noun	21196
оппенхаймер	11	noun	21197
маклин	11	noun	21198
концепц	11	noun	21199
салалтын	11	noun	21200
юкатаны	11	noun	21201
чичен	11	noun	21202
цагалбарын	11	noun	21203
цзи	11	noun	21204
мани	11	noun	21205
ямархуу	11	noun	21206
лиди	11	noun	21207
рэг	11	noun	21208
энэх	11	verb	21209
ичиж	11	noun	21210
форман	11	noun	21211
симоне	11	noun	21212
брайен	11	noun	21213
станбул	11	noun	21214
прабанг	11	noun	21215
мони	11	noun	21216
рельеф	11	noun	21217
лазарь	11	noun	21218
галлах	11	verb	21219
андоррын	11	noun	21220
самуил	11	noun	21221
хийгдсэн	11	noun	21222
фонда	11	noun	21223
дэмон	11	noun	21224
хасагдав	11	noun	21225
зугтсаар	11	noun	21226
максимус	11	noun	21227
чжао	11	noun	21228
гунну	11	noun	21229
брук	11	noun	21230
геринг	11	noun	21231
батори	11	noun	21232
эвита	11	noun	21233
накамүра	11	noun	21234
плоцк	11	noun	21235
бхх	11	verb	21236
хонхотан	11	noun	21237
нэрлэгдэв	11	noun	21238
чонынхон	11	noun	21239
илрүүлээд	11	noun	21240
салбадай	11	noun	21241
түйвээж	11	noun	21242
тайшид	11	noun	21243
байсахал	11	noun	21244
неман	11	noun	21245
урхи	11	noun	21246
популяцийг	11	noun	21247
алта	11	noun	21248
гэрээслэн	11	noun	21249
гёттингений	11	noun	21250
орогнох	11	verb	21251
невский	11	noun	21252
департмент	11	noun	21253
котян	11	noun	21254
чөлөөлөгдөв	11	noun	21255
суан	11	noun	21256
харийнхан	11	noun	21257
клас	11	noun	21258
кувейтэд	11	noun	21259
шатжээ	11	noun	21260
нгум	11	noun	21261
менахем	11	noun	21262
тоёода	11	noun	21263
түрүг	11	noun	21264
удааширдаг	11	noun	21265
ау	11	noun	21266
тогло	11	noun	21267
гацаж	11	noun	21268
чангаах	11	verb	21269
тоочин	11	noun	21270
хэсэглэн	11	noun	21271
үрэгдэх	11	verb	21272
архангайнхан	11	noun	21273
булаацалдан	11	noun	21274
дагвацэрэнгийн	11	noun	21275
намжилваанчиг	11	noun	21276
шорооджээ	11	noun	21277
баянбараат	11	noun	21278
шүтсээр	11	noun	21279
ватанабэ	11	noun	21280
новый	11	noun	21281
шинель	11	noun	21282
марксист-ленинист	11	noun	21283
батсууриар	11	noun	21284
дайана	11	noun	21285
штауффенберг	11	noun	21286
вакцинжуулалт	11	noun	21287
зэлмийн	11	noun	21288
конторын	11	noun	21289
глория	11	noun	21290
октября	11	noun	21291
фрадков	11	noun	21292
шрёдер	11	noun	21293
живэв	11	noun	21294
танка	11	noun	21295
хурмаст	11	noun	21296
атакама	11	noun	21297
кристен	11	noun	21298
бослогуудыг	11	noun	21299
өмөзо	11	noun	21300
берни	11	noun	21301
кур	11	noun	21302
могилев	11	noun	21303
монтини	11	noun	21304
пьерр	11	noun	21305
зохиогдов	11	noun	21306
эрэмбэлэн	11	noun	21307
шакира	11	noun	21308
халид	11	noun	21309
аллилуева	11	noun	21310
овен	11	noun	21311
уйлдаг	11	noun	21312
гомосексуал	11	noun	21313
үйлчилгээнийхээ	11	noun	21314
цэнгүүлэх	11	verb	21315
оношлогдож	11	noun	21316
дейвис	11	noun	21317
нода	11	noun	21318
залрав	11	noun	21319
тиаго	11	noun	21320
йенсен	11	noun	21321
алойс	11	noun	21322
констанс	11	noun	21323
скүэр	11	noun	21324
нури	11	noun	21325
снайдер	11	noun	21326
неврологич	11	noun	21327
амсав	11	noun	21328
кадиллак	11	noun	21329
сонгогдсоныхоо	11	noun	21330
зээлэхээр	11	noun	21331
мөнхөлжээ	11	noun	21332
адольфо	11	noun	21333
бала	11	noun	21334
бей	11	noun	21335
гаррос	11	noun	21336
суарез	11	noun	21337
сикорский	11	noun	21338
жоел	11	noun	21339
мора	11	noun	21340
ливорно	11	noun	21341
вердунийн	11	noun	21342
жидда	11	noun	21343
веймарын	11	noun	21344
лессинг	11	noun	21345
жирэмслэлт	11	noun	21346
хашек	11	noun	21347
барьцаалав	11	noun	21348
ньерере	11	noun	21349
сангижавын	11	noun	21350
бэх-очирын	11	noun	21351
хорст	11	noun	21352
өмгөөлж	11	noun	21353
ахиулжээ	11	noun	21354
хөрөх	11	verb	21355
ёшида	11	noun	21356
башо	11	noun	21357
авчиржээ	11	noun	21358
маскот	11	noun	21359
ягаавтар	11	noun	21360
будапештэд	11	noun	21361
сургуулилалт	11	noun	21362
улай	11	noun	21363
шувтан	11	noun	21364
ужгород	11	noun	21365
голди	11	noun	21366
шварценеггер	11	noun	21367
зогдор	11	noun	21368
бовуар	11	noun	21369
хасав	11	noun	21370
ла-платын	11	noun	21371
гуарани	11	noun	21372
ажиллуулан	11	noun	21373
расизм	11	noun	21374
системс	11	noun	21375
элтэрэс	11	noun	21376
алп	11	noun	21377
аригбуха	11	noun	21378
махагүргис	11	noun	21379
субадай	11	noun	21380
асунсион	11	noun	21381
евгеньевич	11	noun	21382
дурсжээ	11	noun	21383
никитич	11	noun	21384
исгэрэх	11	verb	21385
дасгалжуулах	11	verb	21386
гоген	11	noun	21387
цуглах	11	verb	21388
болчихоод	11	noun	21389
манчэстэр	11	noun	21390
тирасполь	11	noun	21391
сэрэх	11	verb	21392
бэлхүүсний	11	noun	21393
дасгалжуулахаар	11	noun	21394
черкас	11	noun	21395
золотой	11	noun	21396
элвин	11	noun	21397
барлас	11	noun	21398
каз	11	noun	21399
янжуур	11	noun	21400
сиссе	11	noun	21401
дюваль	11	noun	21402
макаров	11	noun	21403
муту	11	noun	21404
миддлтон	11	noun	21405
бюрен	11	noun	21406
дю	11	noun	21407
тело	11	noun	21408
эштон	11	noun	21409
макдональд	11	noun	21410
арьен	11	noun	21411
женко	11	noun	21412
хөөргөлт	11	noun	21413
арилах	11	verb	21414
намба	11	noun	21415
хави	11	noun	21416
кендалл	11	noun	21417
беатрис	11	noun	21418
фүүдс	11	noun	21419
терешкова	11	noun	21420
очи	11	noun	21421
онассис	11	noun	21422
спа	11	noun	21423
калхун	11	noun	21424
гутьеррес	11	noun	21425
барбера	11	noun	21426
коллер	11	noun	21427
йоахим	11	noun	21428
гречко	11	noun	21429
гатлага	11	noun	21430
шлесвиг	11	noun	21431
цагдаагийнхан	11	noun	21432
агасси	11	noun	21433
устга	11	noun	21434
наоми	11	noun	21435
сүлжих	11	verb	21436
этьен	11	noun	21437
валентино	11	noun	21438
чоу	11	noun	21439
георгиев	11	noun	21440
пирло	11	noun	21441
новак	11	noun	21442
ньюэллс	11	noun	21443
илүүрхэж	11	noun	21444
хүсээд	11	noun	21445
фримен	11	noun	21446
телангана	11	noun	21447
озеров	11	noun	21448
коморовски	11	noun	21449
надя	11	noun	21450
депп	11	noun	21451
янник	11	noun	21452
фицжеральд	11	noun	21453
бункер	11	noun	21454
димитров	11	noun	21455
тээвэрлэгдэх	11	verb	21456
органелл	11	noun	21457
идэвхжин	11	noun	21458
лайбниц	11	noun	21459
маршак	11	noun	21460
блан	11	noun	21461
корделл	11	noun	21462
крайский	11	noun	21463
концентрацтай	11	noun	21464
йена	11	noun	21465
лү	11	noun	21466
сали	11	noun	21467
касильяс	11	noun	21468
тёрнер	11	noun	21469
симфоний	11	noun	21470
дубль	11	noun	21471
клүбийн	11	noun	21472
карлайл	11	noun	21473
уэмблийн	11	noun	21474
жэйкоб	11	noun	21475
толбухин	11	noun	21476
хуваарилагдах	11	verb	21477
гараалан	11	noun	21478
чемпионшипийн	11	noun	21479
евробаскет	11	noun	21480
кальцийг	11	noun	21481
сорьжээ	11	noun	21482
фри	11	noun	21483
зайлсхийхэд	11	noun	21484
св	11	noun	21485
хашгирах	11	verb	21486
подкаст	11	noun	21487
монгольских	11	verb	21488
синтактик	11	noun	21489
дүрвэх	11	verb	21490
увас	11	noun	21491
дир	11	noun	21492
жөн	11	noun	21493
анни-фрид	11	noun	21494
белов	11	noun	21495
шарлотта	11	noun	21496
констанца	11	noun	21497
колдуэлл	11	noun	21498
тиймэрхүү	11	noun	21499
суиндон	11	noun	21500
хилэнц	11	noun	21501
пэйж	11	noun	21502
болай	11	noun	21503
залбиран	11	noun	21504
мантисс	11	noun	21505
уинслет	11	noun	21506
оро	11	noun	21507
жамал	11	noun	21508
хашлагыг	11	noun	21509
хван	11	noun	21510
карью	11	noun	21511
триатлоны	11	noun	21512
хатунхай	11	noun	21513
ингэмэл	11	noun	21514
амирлангуй	11	noun	21515
всемирная	11	noun	21516
гусиноозёрск	11	noun	21517
орион	11	noun	21518
пенициллин	11	noun	21519
нууд	11	noun	21520
симпозиум	11	noun	21521
барагшун	11	noun	21522
бүхийл	11	noun	21523
бүтээцийн	11	noun	21524
алталун	11	noun	21525
эрдэнээр	11	noun	21526
контейнер	11	noun	21527
тригональ	11	noun	21528
онгойлгож	11	noun	21529
иосифович	11	noun	21530
бодъё	11	noun	21531
питерс	11	noun	21532
нейсмит	11	noun	21533
панда	11	noun	21534
форстер	11	noun	21535
цэвэршилтийн	11	noun	21536
заналхийллийг	11	noun	21537
арчибальд	11	noun	21538
осск	11	noun	21539
буковский	11	noun	21540
монацит	11	noun	21541
пэгсан	11	noun	21542
бренда	11	noun	21543
лайбницын	11	noun	21544
гэрэлт-од	11	noun	21545
баяжуулалтын	11	noun	21546
хөргөгчинд	11	noun	21547
күнз	11	noun	21548
хуань	11	noun	21549
каган	11	noun	21550
шавхаж	11	noun	21551
оху-н	11	noun	21552
төвлөрүүлэв	11	noun	21553
эрдни	11	noun	21554
меркатор	11	noun	21555
гаанс	11	noun	21556
йг	11	noun	21557
хоббс	11	noun	21558
кокто	11	noun	21559
күин	11	noun	21560
халдлагийн	11	noun	21561
солнцем	11	noun	21562
амдо	11	noun	21563
стриминг	11	noun	21564
химки	11	noun	21565
пальмас	11	noun	21566
пракрита	11	noun	21567
мхөзэ-ийн	11	noun	21568
цэл	11	noun	21569
лак	11	noun	21570
радослав	11	noun	21571
аквариум	11	noun	21572
дуугаралтыг	11	noun	21573
бнбд	11	noun	21574
пүрэвсүх	11	verb	21575
чинбаатар	11	noun	21576
морилсон	11	noun	21577
сударшан	11	noun	21578
морил	11	noun	21579
манден	11	noun	21580
шиань	11	noun	21581
нганасан	11	noun	21582
трипл-дабль	11	noun	21583
караян	11	noun	21584
агваандамба	11	noun	21585
дас	11	noun	21586
гаадамбын	11	noun	21587
пт	11	noun	21588
сяньян	11	noun	21589
сказка	11	noun	21590
карналлит	11	noun	21591
жүмун	11	noun	21592
астафьевын	11	noun	21593
своих	11	verb	21594
наалдац	11	noun	21595
соруул	11	noun	21596
зулгархай	11	noun	21597
батга	11	noun	21598
тагнай	11	noun	21599
гигроскоп	11	noun	21600
чиглүүлэлт	11	noun	21601
ишдулам	11	noun	21602
чину	11	noun	21603
вх	11	noun	21604
желал-ад	11	noun	21605
чагнах	11	verb	21606
уурласан	11	noun	21607
интерполяц	11	noun	21608
аквариумд	11	noun	21609
уутанцар	11	noun	21610
дандархайдав	11	noun	21611
пулемет	11	noun	21612
бретань	11	noun	21613
арсенопирит	11	noun	21614
нигүүлсэхүй	11	noun	21615
приус	11	noun	21616
легран	11	noun	21617
агууллага	11	noun	21618
китаем	11	noun	21619
месяца	11	noun	21620
человек	11	noun	21621
двух	11	verb	21622
впредь	11	noun	21623
страны	11	noun	21624
райнланд-пфальц	11	noun	21625
жанго	11	noun	21626
зээлэгдэж	11	noun	21627
сухомлинов	11	noun	21628
кайгородов	11	noun	21629
девин	11	noun	21630
милитарист	11	noun	21631
войск	11	noun	21632
эллингтон	11	noun	21633
эксо-м	11	noun	21634
хаяглал	11	noun	21635
спрингфилд	11	noun	21636
пескара	11	noun	21637
революции	11	noun	21638
бийск	11	noun	21639
кларнет	11	noun	21640
лира	11	noun	21641
чавхдастай	11	noun	21642
говиор	11	noun	21643
локи	11	noun	21644
группэд	11	noun	21645
лечче	11	noun	21646
чуулалт	11	noun	21647
путинтэй	11	noun	21648
анхцэцэг	11	noun	21649
бакау	11	noun	21650
гөлтгөнтэй	11	noun	21651
цср	11	noun	21652
тайпингийн	11	noun	21653
лазан	11	noun	21654
уоттс	11	noun	21655
хадаасгана	11	noun	21656
вишневский	11	noun	21657
дайчилгааны	11	noun	21658
жайварман	11	noun	21659
зогсоосон	11	noun	21660
төөнүүр	11	noun	21661
одной	11	noun	21662
фраме	11	noun	21663
фрамийн	11	noun	21664
аустриа	11	noun	21665
мөнгөнцэцэг	11	noun	21666
йелловстоун	11	noun	21667
десна	11	noun	21668
дебютэлсэн	11	noun	21669
сигнум	11	noun	21670
удбэт-т	11	noun	21671
авардс	11	noun	21672
шаравнямбуу	11	noun	21673
шагалын	11	noun	21674
тс	11	noun	21675
мт-ийн	11	noun	21676
ээвэр	11	noun	21677
нүүргэвч	11	noun	21678
прототип	11	noun	21679
михаэлийг	11	noun	21680
субудай	11	noun	21681
гань-су	11	noun	21682
шамба	11	noun	21683
тэгшилэх	11	verb	21684
аяако	11	noun	21685
гальваникийн	11	noun	21686
ауксиний	11	noun	21687
цэгээс-цэгт	11	noun	21688
таб	11	noun	21689
ринбүүчий	11	noun	21690
фреймийн	11	noun	21691
клиэнт	11	noun	21692
отношений	11	noun	21693
филдсийн	11	noun	21694
жисү	11	noun	21695
импакт	11	noun	21696
сайханжаргал	11	noun	21697
батмагнай	11	noun	21698
бүрэнбаатар	11	noun	21699
алти	11	noun	21700
зузугийн	11	noun	21701
меткальфийн	11	noun	21702
самсараг	11	noun	21703
цитохром	11	noun	21704
форс	11	noun	21705
дуугуй	11	noun	21706
электропоп	11	noun	21707
схд-ийн	11	noun	21708
импичмент	11	noun	21709
аргамж	11	noun	21710
управлением	11	noun	21711
общ	11	noun	21712
хнн-ийн	11	noun	21713
тайр	11	noun	21714
шелийн	11	noun	21715
стихи	11	noun	21716
витольд	11	noun	21717
люлли	11	noun	21718
зюсмайер	11	noun	21719
ирвайн	11	noun	21720
анхмаа	11	noun	21721
агонист	11	noun	21722
сукцинат	11	noun	21723
антагонист	11	noun	21724
нейротрансмиттерийн	11	noun	21725
малонил-коа	11	noun	21726
уф-ийн	11	noun	21727
блинкен	11	noun	21728
перевод	11	noun	21729
каллас	11	noun	21730
эразмус	11	noun	21731
игуасу	11	noun	21732
гомулка	11	noun	21733
лаванда	11	noun	21734
рустад	11	noun	21735
этт	11	noun	21736
цогдэлгэр	11	noun	21737
вероятностей	11	noun	21738
вэнс	11	noun	21739
хотгуужин	11	noun	21740
полипропилен	11	noun	21741
мирович	11	noun	21742
ацетаминофен	11	noun	21743
ацетаминофенийн	11	noun	21744
дерматан	11	noun	21745
опиоид	11	noun	21746
оумэ-дийн	11	noun	21747
грайворонский	11	noun	21748
полиэфир	11	noun	21749
куз-ийн	11	noun	21750
этвөш	11	noun	21751
маделунгийн	11	noun	21752
корнуолл	11	noun	21753
раимон	11	noun	21754
гукеш	11	noun	21755
мефисто	11	noun	21756
аффин	11	noun	21757
аметист	11	noun	21758
селжүүк	11	noun	21759
циррус	11	noun	21760
ёшико	11	noun	21761
мультимодал	11	noun	21762
савитиа	11	noun	21763
буршик	11	noun	21764
пиджин	11	noun	21765
тхб	11	noun	21766
боржоми	11	noun	21767
пиррус	11	noun	21768
моноклиник	11	noun	21769
аржиродайт	11	noun	21770
бастнесит	11	noun	21771
жайшанкар	11	noun	21772
аль-туси	11	noun	21773
бэйзэ	11	noun	21774
руух	10	verb	21775
руднев	10	noun	21776
үзүүлбэл	10	noun	21777
цогцолсон	10	noun	21778
хорум	10	noun	21779
цогбадрахын	10	noun	21780
тайхар	10	noun	21781
цогбадрах	10	verb	21782
чуваамэд	10	noun	21783
чанрав	10	noun	21784
дэлгэрдалай	10	noun	21785
санжид	10	noun	21786
бизъяа	10	noun	21787
гажид	10	noun	21788
маналжавын	10	noun	21789
болц	10	noun	21790
махгалын	10	noun	21791
мөнхтулга	10	noun	21792
салхилдаг	10	noun	21793
батзул	10	noun	21794
паралимпийн	10	noun	21795
хөлдүү	10	noun	21796
шидэн	10	noun	21797
тэгэж	10	noun	21798
хятад-төвөд	10	noun	21799
австронез	10	noun	21800
сонго	10	noun	21801
угро-фин	10	noun	21802
тусагдахуун	10	noun	21803
өгүүлэгдэхүүн	10	noun	21804
прованс	10	noun	21805
доройтох	10	verb	21806
удирдуулдаг	10	noun	21807
томьёолсон	10	noun	21808
уншвал	10	noun	21809
хаагджээ	10	noun	21810
тодруулав	10	noun	21811
циклин	10	noun	21812
хэлмэгдүүлэх	10	verb	21813
олбрайт	10	noun	21814
холестерол	10	noun	21815
ижилсэх	10	verb	21816
чимидбазарын	10	noun	21817
лонжид	10	noun	21818
сампилдэндэв	10	noun	21819
сэнгэцохио	10	noun	21820
чулуундорж	10	noun	21821
бямбабаяр	10	noun	21822
сэржбүдээ	10	noun	21823
урамшуулан	10	noun	21824
жанчивлан	10	noun	21825
багтаав	10	noun	21826
мужлалын	10	noun	21827
сасаки	10	noun	21828
учиг	10	noun	21829
биосфер	10	noun	21830
макинтош	10	noun	21831
бүтээц	10	noun	21832
уламжлах	10	verb	21833
нинтендо	10	noun	21834
эзэгнэж	10	noun	21835
хачир	10	noun	21836
хамтрагчийнхаа	10	noun	21837
аркаде	10	noun	21838
бөгөд	10	noun	21839
дефляци	10	noun	21840
цутгуулж	10	noun	21841
чимэглэн	10	noun	21842
минжүүр	10	noun	21843
зуйван	10	noun	21844
нүүсээр	10	noun	21845
бост	10	noun	21846
олзлогдон	10	noun	21847
буруулан	10	noun	21848
цугларан	10	noun	21849
цээрлэх	10	verb	21850
центральной	10	noun	21851
государства	10	noun	21852
цинхай	10	noun	21853
номтон	10	noun	21854
халх-ойрадын	10	noun	21855
жамъянжав	10	noun	21856
бюу	10	noun	21857
жэсс	10	noun	21858
седрик	10	noun	21859
урагшлуулах	10	verb	21860
оных	10	verb	21861
майнинг	10	noun	21862
тооллогоос	10	noun	21863
хэтрүүлж	10	noun	21864
аих	10	verb	21865
тусгаарлажээ	10	noun	21866
дакка	10	noun	21867
европынхон	10	noun	21868
хамаарчээ	10	noun	21869
энэтхэг-ари	10	noun	21870
нурав	10	noun	21871
азорын	10	noun	21872
фолклендийн	10	noun	21873
система	10	noun	21874
бнэу	10	noun	21875
бодо	10	noun	21876
хуврага	10	noun	21877
гашуудан	10	noun	21878
сикх	10	verb	21879
методист	10	noun	21880
чейни	10	noun	21881
цацагдан	10	noun	21882
намхайжамц	10	noun	21883
өмнийн	10	noun	21884
мефодий	10	noun	21885
тоочвол	10	noun	21886
зузаатгах	10	verb	21887
хашим	10	noun	21888
мосе	10	noun	21889
эмоци	10	noun	21890
гирей	10	noun	21891
хажжи	10	noun	21892
тодмөнх	10	verb	21893
бердибег	10	noun	21894
эдигугийн	10	noun	21895
чэкрэ	10	noun	21896
дервиш	10	noun	21897
күчүк	10	noun	21898
александрия	10	noun	21899
сүндэрлэх	10	verb	21900
шинэчилдэг	10	noun	21901
түүнийх	10	verb	21902
авъяастан	10	noun	21903
блез	10	noun	21904
алдсаар	10	noun	21905
агрономийн	10	noun	21906
нийцэхүйц	10	noun	21907
харьяалуулсан	10	noun	21908
тоноглож	10	noun	21909
самари	10	noun	21910
илчлэлт	10	noun	21911
иаков	10	noun	21912
бэхжин	10	noun	21913
занга	10	noun	21914
үний	10	noun	21915
бнхау-ыг	10	noun	21916
хиам	10	noun	21917
олзлох	10	verb	21918
шинжаан-уйгурын	10	noun	21919
амбицтай	10	noun	21920
комендант	10	noun	21921
яргалал	10	noun	21922
доха	10	noun	21923
хэлмэгдүүлэн	10	noun	21924
хамруулжээ	10	noun	21925
афина	10	noun	21926
тайлбарлагчид	10	noun	21927
амжихгүй	10	noun	21928
хорхойтон	10	noun	21929
баттөгс	10	noun	21930
золзаяа	10	noun	21931
баярцэцэг	10	noun	21932
капитрон	10	noun	21933
хэнз	10	noun	21934
вильгелм	10	noun	21935
үнэлүүлж	10	noun	21936
жоржтаун	10	noun	21937
аль-кайда	10	noun	21938
шүгэл	10	noun	21939
парадигм	10	noun	21940
өл	10	noun	21941
шинжих	10	verb	21942
хүргүүлэв	10	noun	21943
саламанка	10	noun	21944
ленни	10	noun	21945
зөвөлгөө	10	noun	21946
дурьдах	10	verb	21947
мохийн	10	noun	21948
гпа	10	noun	21949
өгүүлэв	10	noun	21950
эпистемологи	10	noun	21951
криминалистик	10	noun	21952
удирдлагаа	10	noun	21953
мара	10	noun	21954
бохирдож	10	noun	21955
эзлэгдэв	10	noun	21956
хёньдэ	10	noun	21957
хунам	10	noun	21958
саримс	10	noun	21959
засчээ	10	noun	21960
минас	10	noun	21961
тарлан	10	noun	21962
хангагдана	10	noun	21963
тайлбарлая	10	noun	21964
австрийг	10	noun	21965
молотов-риббентропын	10	noun	21966
иво	10	noun	21967
киназа	10	noun	21968
репликацийг	10	noun	21969
хавагнах	10	verb	21970
сувилгаа	10	noun	21971
тохироо	10	noun	21972
бербер	10	noun	21973
династийн	10	noun	21974
берлиоз	10	noun	21975
лайош	10	noun	21976
клавесин	10	noun	21977
набукко	10	noun	21978
хазайж	10	noun	21979
оргой	10	noun	21980
угсраа	10	noun	21981
шуудаг	10	noun	21982
зал	10	noun	21983
дойтын	10	noun	21984
хөлдөлтийн	10	noun	21985
цуварсан	10	noun	21986
чилэн	10	noun	21987
үелэн	10	noun	21988
чандмань-өлзийт	10	noun	21989
жинс	10	noun	21990
нугалан	10	noun	21991
өлийн	10	noun	21992
сунжирч	10	noun	21993
ширгэдэг	10	noun	21994
сийлмэл	10	noun	21995
бумандорж	10	noun	21996
төртогтох	10	verb	21997
тоочиж	10	noun	21998
феодор	10	noun	21999
эвэртэн	10	noun	22000
ботаник	10	noun	22001
кактус	10	noun	22002
алхими	10	noun	22003
индексжүүлсэн	10	noun	22004
зайсанов	10	noun	22005
метрик	10	noun	22006
гадагшилдаг	10	noun	22007
ванади	10	noun	22008
селени	10	noun	22009
янзлах	10	verb	22010
луначарскийн	10	noun	22011
зардас	10	noun	22012
тайлагдашгүй	10	noun	22013
арайхийн	10	noun	22014
импрессионист	10	noun	22015
экзистенциализм	10	noun	22016
шаштир	10	noun	22017
ололгүй	10	noun	22018
боловсруулаад	10	noun	22019
хлорит	10	noun	22020
чичирч	10	noun	22021
вүүд	10	noun	22022
магм	10	noun	22023
балх	10	verb	22024
сафавын	10	noun	22025
нүб-ээс	10	noun	22026
бамиан	10	noun	22027
бүрдүүлэв	10	noun	22028
уутат	10	noun	22029
динго	10	noun	22030
гайхагддаг	10	noun	22031
аэробик	10	noun	22032
драматик	10	noun	22033
брабант	10	noun	22034
нью-брансвик	10	noun	22035
чэ	10	noun	22036
завдаж	10	noun	22037
романыхаа	10	noun	22038
ойртсоор	10	noun	22039
барицентр	10	noun	22040
шөнөөс	10	noun	22041
өвөөгийнхөө	10	noun	22042
нахя	10	noun	22043
таталбар	10	noun	22044
ошанин	10	noun	22045
урлахуйн	10	noun	22046
нууцат	10	noun	22047
зууралдан	10	noun	22048
дагуулсаар	10	noun	22049
бутарчээ	10	noun	22050
үнэлэгдэн	10	noun	22051
мсүт	10	noun	22052
хуримлав	10	noun	22053
жалам	10	noun	22054
клавдия	10	noun	22055
манах	10	verb	22056
боолчлох	10	verb	22057
вертерийн	10	noun	22058
шаналан	10	noun	22059
хилэнцэт	10	noun	22060
бэлчих	10	verb	22061
хоноглох	10	verb	22062
мөхөс	10	noun	22063
бояр	10	noun	22064
эмхэлж	10	noun	22065
нүдэж	10	noun	22066
тагтан	10	noun	22067
цухуйсан	10	noun	22068
жинхэн	10	noun	22069
клопиралид	10	noun	22070
гэндэндарам	10	noun	22071
гутранги	10	noun	22072
өнчирсөн	10	noun	22073
хорлол	10	noun	22074
эрика	10	noun	22075
гэрлүүлэхээр	10	noun	22076
мантуа	10	noun	22077
тачаангуй	10	noun	22078
ада	10	noun	22079
алиса	10	noun	22080
гванак	10	noun	22081
баялун	10	noun	22082
ширин	10	noun	22083
төвтөмөр	10	noun	22084
түвэд	10	noun	22085
ацаг	10	noun	22086
нитрит	10	noun	22087
бокситын	10	noun	22088
лимнологи	10	noun	22089
жоконда	10	noun	22090
өлгөөтэй	10	noun	22091
үгүйсгэв	10	noun	22092
антигона	10	noun	22093
мэхлэлт	10	noun	22094
мэдрүүлж	10	noun	22095
плутарх	10	verb	22096
элэглэсэн	10	noun	22097
зурагчид	10	noun	22098
обручев	10	noun	22099
угшил	10	noun	22100
амгай	10	noun	22101
дуань	10	noun	22102
танилц	10	noun	22103
удаашрах	10	verb	22104
ажлынх	10	verb	22105
буффер	10	noun	22106
гиббс	10	noun	22107
тэрхэн	10	noun	22108
баригдав	10	noun	22109
ширван	10	noun	22110
сэргэв	10	noun	22111
нэгтгэгдэж	10	noun	22112
армениар	10	noun	22113
өргөөшөө	10	noun	22114
катманду	10	noun	22115
төвөд-бирм	10	noun	22116
момо	10	noun	22117
үргэлжилбэл	10	noun	22118
колката	10	noun	22119
давагдашгүй	10	noun	22120
дэмжигдэж	10	noun	22121
миеэгомбо	10	noun	22122
шри-ланка	10	noun	22123
огцруулан	10	noun	22124
лаптевын	10	noun	22125
суриков	10	noun	22126
тутрага	10	noun	22127
кимберли	10	noun	22128
клейр	10	noun	22129
зарагджээ	10	noun	22130
папа	10	noun	22131
гвен	10	noun	22132
ортиз	10	noun	22133
гуревич	10	noun	22134
цагалбар	10	noun	22135
хоа	10	noun	22136
тю	10	noun	22137
юэ	10	noun	22138
автжээ	10	noun	22139
дык	10	noun	22140
гори	10	noun	22141
орхигдож	10	noun	22142
шавкат	10	noun	22143
газрынхан	10	noun	22144
каримов	10	noun	22145
булшин	10	noun	22146
нерчинск	10	noun	22147
төгсөлгүй	10	noun	22148
чогчин	10	noun	22149
нисгэсэн	10	noun	22150
сайрам	10	noun	22151
омбо	10	noun	22152
авхуулаад	10	noun	22153
даблин	10	noun	22154
констракшн	10	noun	22155
магваны	10	noun	22156
оролцуулалгүйгээр	10	noun	22157
самбалхүндэв	10	noun	22158
эрдэнэхуяг	10	noun	22159
маналжав	10	noun	22160
мишиг	10	noun	22161
жавзандулам	10	noun	22162
гэрээсэлсэн	10	noun	22163
трансцендент	10	noun	22164
уулбаян	10	noun	22165
очирсүх	10	verb	22166
пиньинь	10	noun	22167
юмдүүжин	10	noun	22168
саа-д	10	noun	22169
тусламжид	10	noun	22170
бужгар	10	noun	22171
эргэл	10	noun	22172
ириди	10	noun	22173
рени	10	noun	22174
цези	10	noun	22175
твен	10	noun	22176
лодойхүү	10	noun	22177
адх	10	verb	22178
ширгэх	10	verb	22179
малталт	10	noun	22180
нанжидын	10	noun	22181
ман-д	10	noun	22182
онцлов	10	noun	22183
өргөжилт	10	noun	22184
булганин	10	noun	22185
скорцени	10	noun	22186
давав	10	noun	22187
марлен	10	noun	22188
билет	10	noun	22189
консоль	10	noun	22190
шүршигч	10	noun	22191
кпа	10	noun	22192
омбо-эрдэнэ	10	noun	22193
бабу	10	noun	22194
угшилтай	10	noun	22195
насанжаргал	10	noun	22196
үүрлэх	10	verb	22197
нуруугүйтэн	10	noun	22198
идээшин	10	noun	22199
цэдэвсүрэн	10	noun	22200
суль	10	noun	22201
микронез	10	noun	22202
эвангелийн	10	noun	22203
тооцогдон	10	noun	22204
гурванбаян	10	noun	22205
эдирне	10	noun	22206
плаза	10	noun	22207
хөлсөлсөн	10	noun	22208
залгав	10	noun	22209
гваделуп	10	noun	22210
сент-китс	10	noun	22211
реюньон	10	noun	22212
гвиней-биссау	10	noun	22213
буцалдаг	10	noun	22214
алхимич	10	noun	22215
дарлинг	10	noun	22216
говь-сүмбэр	10	noun	22217
энергээр	10	noun	22218
дэмчиг	10	noun	22219
уухайлан	10	noun	22220
хашин	10	noun	22221
цөхүр	10	noun	22222
ойгон	10	noun	22223
товцог	10	noun	22224
лангуу	10	noun	22225
банзан	10	noun	22226
бясаа	10	noun	22227
хавчигдаж	10	noun	22228
түлхэгдэн	10	noun	22229
шүүрэн	10	noun	22230
өвчилдөг	10	noun	22231
мөнхлөн	10	noun	22232
карпов	10	noun	22233
хойшлогдсон	10	noun	22234
найтаах	10	verb	22235
агааржуулах	10	verb	22236
тоолон	10	noun	22237
байгуулъя	10	noun	22238
харгиа	10	noun	22239
пунсалдулам	10	noun	22240
маллагааны	10	noun	22241
инвариант	10	noun	22242
чанаржуулагч	10	noun	22243
аустенитын	10	noun	22244
австралазийн	10	noun	22245
аба	10	noun	22246
сэлтикс	10	noun	22247
севентисиксерс	10	noun	22248
хөөрдөг	10	noun	22249
фи	10	noun	22250
дансранбилэгийн	10	noun	22251
батбаясгалан	10	noun	22252
нямбаатар	10	noun	22253
бундестаг	10	noun	22254
элбэ	10	noun	22255
заале	10	noun	22256
янзлан	10	noun	22257
кельвин	10	noun	22258
үржихүй	10	noun	22259
өшиглөх	10	verb	22260
липпи	10	noun	22261
пипетик	10	noun	22262
белоруссын	10	noun	22263
яалт	10	noun	22264
сэтлэх	10	verb	22265
өөрсдийг	10	noun	22266
чемодан	10	noun	22267
холбогдов	10	noun	22268
баттерей	10	noun	22269
ромб	10	noun	22270
советский	10	noun	22271
солигдов	10	noun	22272
боогдуулж	10	noun	22273
ойшоож	10	noun	22274
компаниар	10	noun	22275
өвчүү	10	noun	22276
цуварч	10	noun	22277
сөгдөн	10	noun	22278
зөрүүлж	10	noun	22279
чацуу	10	noun	22280
зөрүүлэн	10	noun	22281
эхэлбэл	10	noun	22282
нигүүлсэл	10	noun	22283
тараз	10	noun	22284
феодализм	10	noun	22285
тодотгожээ	10	noun	22286
трудов	10	noun	22287
антант	10	noun	22288
эволюц	10	noun	22289
лексингтон	10	noun	22290
ёр	10	noun	22291
макдоналд	10	noun	22292
сметана	10	noun	22293
бүрээчин	10	noun	22294
советского	10	noun	22295
ярилцлагууд	10	noun	22296
чуцкаев	10	noun	22297
сэрэмжтэй	10	noun	22298
дорхи	10	noun	22299
цэрэндоржид	10	noun	22300
цэ	10	noun	22301
эрхлүүлэх	10	verb	22302
мышкин	10	noun	22303
ямархан	10	noun	22304
гертруда	10	noun	22305
бичилцэж	10	noun	22306
удирдуулах	10	verb	22307
орнуудынхаа	10	noun	22308
нацизм	10	noun	22309
сириус	10	noun	22310
ойлгов	10	noun	22311
ингушет	10	noun	22312
болл	10	noun	22313
жалан-аажав	10	noun	22314
гален	10	noun	22315
томмазо	10	noun	22316
жамбалсүрэн	10	noun	22317
санжсүрэн	10	noun	22318
хүрэлхүү	10	noun	22319
би-би	10	noun	22320
эйзенхауэрын	10	noun	22321
мяо	10	noun	22322
гб	10	noun	22323
хардуу	10	noun	22324
латекс	10	noun	22325
амарбаярын	10	noun	22326
сүндэрлэсэн	10	noun	22327
чимэдцэеэ	10	noun	22328
синай	10	noun	22329
эмэгтэйчүүдийнх	10	verb	22330
нур	10	noun	22331
бололцож	10	noun	22332
муудалцсан	10	noun	22333
хуагчин	10	noun	22334
коломна	10	noun	22335
бохемийг	10	noun	22336
иса	10	noun	22337
стрептококкийн	10	noun	22338
богданов	10	noun	22339
сүлдүсийн	10	noun	22340
өнгөрөн	10	noun	22341
үхүүлсэн	10	noun	22342
суматрын	10	noun	22343
альборзын	10	noun	22344
авиценна	10	noun	22345
сиенкевич	10	noun	22346
константи	10	noun	22347
норв	10	noun	22348
сириэс	10	noun	22349
донец	10	noun	22350
хулганаа	10	noun	22351
удирдлагийн	10	noun	22352
эдвардс	10	noun	22353
анимейшн	10	noun	22354
дюнан	10	noun	22355
ориент	10	noun	22356
манхаттан	10	noun	22357
хомсдож	10	noun	22358
мсдн-ын	10	noun	22359
санчо	10	noun	22360
орлуулалт	10	noun	22361
плэй-оффын	10	noun	22362
хоншүү	10	noun	22363
зориулагдана	10	noun	22364
сов	10	noun	22365
ашдод	10	noun	22366
тел	10	noun	22367
венето	10	noun	22368
угаал	10	noun	22369
төлөвлөв	10	noun	22370
бушхүүгийн	10	noun	22371
апу	10	noun	22372
скаймедиа	10	noun	22373
римини	10	noun	22374
аашт-ээс	10	noun	22375
коузи	10	noun	22376
валлес	10	noun	22377
интернациональ	10	noun	22378
самбын	10	noun	22379
навигац	10	noun	22380
индикатор	10	noun	22381
волтер	10	noun	22382
цементэн	10	noun	22383
марихуан	10	noun	22384
жаггер	10	noun	22385
кубертэн	10	noun	22386
допинг	10	noun	22387
хандмаа	10	noun	22388
музейнүүдийн	10	noun	22389
степановна	10	noun	22390
баренц	10	noun	22391
острава	10	noun	22392
родези	10	noun	22393
анкориж	10	noun	22394
шееле	10	noun	22395
году	10	noun	22396
